paradigm,subject,fold,permute_k,split,calib_size,seed,n_val,baseline_auc,status,accepted,adapted_auc,deployed_auc,delta_auc,internal_val_auc,best_epoch
als,1,version_31,0,stratified,24,42,6,0.554239744351962,ungateable,,,0.554239744351962,0.0,,
als,1,version_31,0,stratified,24,43,6,0.5568498976086669,ungateable,,,0.5568498976086669,0.0,,
als,1,version_31,0,stratified,24,44,6,0.5545782963403356,ungateable,,,0.5545782963403356,0.0,,
als,1,version_31,0,stratified,24,45,6,0.5572412967366891,ungateable,,,0.5572412967366891,0.0,,
als,1,version_31,0,stratified,24,46,6,0.5563965682388691,ungateable,,,0.5563965682388691,0.0,,
als,1,version_31,0,stratified,48,42,12,0.5543724314210298,ok,1,0.5526395803401383,0.5526395803401383,-0.0017328510808914954,0.65,7
als,1,version_31,0,stratified,48,43,12,0.5581801931237261,ok,0,0.558179775468609,0.5581801931237261,0.0,0.45,0
als,1,version_31,0,stratified,48,44,12,0.5542588292291757,ok,1,0.5470722376290554,0.5470722376290554,-0.007186591600120251,0.55,18
als,1,version_31,0,stratified,48,45,12,0.558731497878312,ok,1,0.5540345484312874,0.5540345484312874,-0.00469694944702459,0.45,14
als,1,version_31,0,stratified,48,46,12,0.5541786394466905,ok,0,0.554142721106619,0.5541786394466905,0.0,0.75,0
als,1,version_31,0,stratified,96,42,24,0.5538973530317021,ok,1,0.5538486200882322,0.5538486200882322,-4.8732943469853574e-05,0.6375,0
als,1,version_31,0,stratified,96,43,24,0.5583290585137308,ok,1,0.5576991638452857,0.5576991638452857,-0.0006298946684450968,0.65,4
als,1,version_31,0,stratified,96,44,24,0.553604527888923,ok,0,0.5536327416983003,0.553604527888923,0.0,0.625,0
als,1,version_31,0,stratified,96,45,24,0.5579297903628467,ok,1,0.5384113915392771,0.5384113915392771,-0.01951839882356965,0.8625,17
als,1,version_31,0,stratified,96,46,24,0.5541358879655278,ok,0,0.5541632468109846,0.5541358879655278,0.0,0.425,0
als,1,version_31,0,stratified,240,42,60,0.5553994490358126,ok,0,0.555295684113866,0.5553994490358126,0.0,0.602,0
als,1,version_31,0,stratified,240,43,60,0.55427318640955,ok,1,0.5542463269054179,0.5542463269054179,-2.6859504132170642e-05,0.6799999999999999,0
als,1,version_31,0,stratified,240,44,60,0.5516184573002756,ok,1,0.5394563820018365,0.5394563820018365,-0.012162075298439046,0.698,27
als,1,version_31,0,stratified,240,45,60,0.5579325068870524,ok,0,0.557860422405877,0.5579325068870524,0.0,0.41000000000000003,0
als,1,version_31,0,stratified,240,46,60,0.5513292011019284,ok,0,0.5515610651974288,0.5513292011019284,0.0,0.654,0
als,1,version_31,0,stratified,480,42,120,0.5540665972944849,ok,1,0.551889958376691,0.551889958376691,-0.0021766389177939605,0.6565,1
als,1,version_31,0,stratified,480,43,120,0.5524843912591051,ok,0,0.552474505723205,0.5524843912591051,0.0,0.583,0
als,1,version_31,0,stratified,480,44,120,0.5498288241415192,ok,1,0.5440712799167533,0.5440712799167533,-0.005757544224765931,0.5905,2
als,1,version_31,0,stratified,480,45,120,0.5584474505723205,ok,1,0.556641779396462,0.556641779396462,-0.0018056711758585031,0.5595,1
als,1,version_31,0,stratified,480,46,120,0.5506394380853278,ok,0,0.5510598335067638,0.5506394380853278,0.0,0.662,0
als,1,version_31,0,temporal_array,24,42,6,0.5559696624388956,ungateable,,,0.5559696624388956,0.0,,
als,1,version_31,0,temporal_array,24,43,6,0.5559696624388956,ungateable,,,0.5559696624388956,0.0,,
als,1,version_31,0,temporal_array,24,44,6,0.5559696624388956,ungateable,,,0.5559696624388956,0.0,,
als,1,version_31,0,temporal_array,24,45,6,0.5559696624388956,ungateable,,,0.5559696624388956,0.0,,
als,1,version_31,0,temporal_array,24,46,6,0.5559696624388956,ungateable,,,0.5559696624388956,0.0,,
als,1,version_31,0,temporal_array,48,42,12,0.5551008219452704,ok,0,0.5550488238831902,0.5551008219452704,0.0,0.4,0
als,1,version_31,0,temporal_array,48,43,12,0.5551008219452704,ok,0,0.5551488522837381,0.5551008219452704,0.0,0.8500000000000001,0
als,1,version_31,0,temporal_array,48,44,12,0.5551008219452704,ok,0,0.5550665742256674,0.5551008219452704,0.0,0.8500000000000001,0
als,1,version_31,0,temporal_array,48,45,12,0.5551008219452704,ok,0,0.5551064602893514,0.5551008219452704,0.0,0.4,0
als,1,version_31,0,temporal_array,48,46,12,0.5551008219452704,ok,0,0.5550962277389823,0.5551008219452704,0.0,0.75,0
als,1,version_31,0,temporal_array,96,42,24,0.5583230737662871,ok,0,0.5583724479326972,0.5583230737662871,0.0,0.21250000000000002,0
als,1,version_31,0,temporal_array,96,43,24,0.5583230737662871,ok,1,0.5582807530522211,0.5582807530522211,-4.232071406595761e-05,0.375,0
als,1,version_31,0,temporal_array,96,44,24,0.5583230737662871,ok,0,0.5583747990834786,0.5583230737662871,0.0,0.45000000000000007,0
als,1,version_31,0,temporal_array,96,45,24,0.5583230737662871,ok,0,0.5583519287986047,0.5583230737662871,0.0,0.5625,0
als,1,version_31,0,temporal_array,96,46,24,0.5583230737662871,ok,1,0.5510808881365206,0.5510808881365206,-0.007242185629766529,0.11250000000000002,28
als,1,version_31,0,temporal_array,240,42,60,0.5604527089072544,ok,0,0.5603399908172635,0.5604527089072544,0.0,0.548,0
als,1,version_31,0,temporal_array,240,43,60,0.5604527089072544,ok,1,0.5459892102846648,0.5459892102846648,-0.014463498622589555,0.576,12
als,1,version_31,0,temporal_array,240,44,60,0.5604527089072544,ok,1,0.5461003213957759,0.5461003213957759,-0.014352387511478493,0.67,11
als,1,version_31,0,temporal_array,240,45,60,0.5604527089072544,ok,1,0.4951175390266299,0.4951175390266299,-0.06533516988062449,0.548,33
als,1,version_31,0,temporal_array,240,46,60,0.5604527089072544,ok,0,0.5603151974288338,0.5604527089072544,0.0,0.524,0
als,1,version_31,0,temporal_array,480,42,120,0.5584588969823101,ok,1,0.525216441207076,0.525216441207076,-0.0332424557752341,0.5,46
als,1,version_31,0,temporal_array,480,43,120,0.5584588969823101,ok,0,0.5454880332986473,0.5584588969823101,0.0,0.5575,6
als,1,version_31,0,temporal_array,480,44,120,0.5584588969823101,ok,1,0.5369771071800207,0.5369771071800207,-0.02148178980228943,0.34550000000000003,13
als,1,version_31,0,temporal_array,480,45,120,0.5584588969823101,ok,0,0.5579409469302808,0.5584588969823101,0.0,0.673,0
als,1,version_31,0,temporal_array,480,46,120,0.5584588969823101,ok,1,0.551068418314256,0.551068418314256,-0.00739047866805409,0.6045,5
als,1,version_32,0,stratified,24,42,6,0.5680245904346678,ungateable,,,0.5680245904346678,0.0,,
als,1,version_32,0,stratified,24,43,6,0.5705414354604307,ungateable,,,0.5705414354604307,0.0,,
als,1,version_32,0,stratified,24,44,6,0.5681930406922976,ungateable,,,0.5681930406922976,0.0,,
als,1,version_32,0,stratified,24,45,6,0.5709782500990883,ungateable,,,0.5709782500990883,0.0,,
als,1,version_32,0,stratified,24,46,6,0.5697466640243096,ungateable,,,0.5697466640243096,0.0,,
als,1,version_32,0,stratified,48,42,12,0.5680878078118213,ok,1,0.5609659527548532,0.5609659527548532,-0.007121855056968163,0.7,38
als,1,version_32,0,stratified,48,43,12,0.5709959403922616,ok,1,0.5710567092118013,0.5710567092118013,6.076881953964719e-05,0.5,1
als,1,version_32,0,stratified,48,44,12,0.5668903905910655,ok,1,0.5672483210264292,0.5672483210264292,0.00035793043536369584,0.7,15
als,1,version_32,0,stratified,48,45,12,0.5720588726653079,ok,1,0.571781340839988,0.571781340839988,-0.00027753182531986553,0.4,5
als,1,version_32,0,stratified,48,46,12,0.5673514818403554,ok,0,0.567406194660697,0.5673514818403554,0.0,0.7999999999999999,0
als,1,version_32,0,stratified,96,42,24,0.5670967135186895,ok,1,0.5478078725077801,0.5478078725077801,-0.01928884101090944,0.8125,31
als,1,version_32,0,stratified,96,43,24,0.5714634417427584,ok,1,0.5723746195410554,0.5723746195410554,0.0009111777982969693,0.8625,5
als,1,version_32,0,stratified,96,44,24,0.565742878150542,ok,1,0.562799451113163,0.562799451113163,-0.0029434270373790428,0.8,30
als,1,version_32,0,stratified,96,45,24,0.5714501898019904,ok,1,0.5514619883040935,0.5514619883040935,-0.019988201497896818,0.8125,20
als,1,version_32,0,stratified,96,46,24,0.5667466057932355,ok,0,0.5671518586915633,0.5667466057932355,0.0,0.4125,1
als,1,version_32,0,stratified,240,42,60,0.5682272727272727,ok,1,0.5391632231404959,0.5391632231404959,-0.029064049586776775,0.65,39
als,1,version_32,0,stratified,240,43,60,0.5664462809917354,ok,1,0.5519051882460974,0.5519051882460974,-0.014541092745638085,0.756,15
als,1,version_32,0,stratified,240,44,60,0.5652878787878788,ok,1,0.5614600550964187,0.5614600550964187,-0.003827823691460064,0.7120000000000001,40
als,1,version_32,0,stratified,240,45,60,0.571441230486685,ok,1,0.5462295684113866,0.5462295684113866,-0.025211662075298458,0.476,21
als,1,version_32,0,stratified,240,46,60,0.5634871441689623,ok,0,0.5638631772268136,0.5634871441689623,0.0,0.63,0
als,1,version_32,0,stratified,480,42,120,0.5658225806451613,ok,0,0.5654438085327783,0.5658225806451613,0.0,0.6305,0
als,1,version_32,0,stratified,480,43,120,0.5629417273673257,ok,1,0.5588740894901145,0.5588740894901145,-0.004067637877211205,0.6395,7
als,1,version_32,0,stratified,480,44,120,0.5641378772112383,ok,1,0.5635725806451614,0.5635725806451614,-0.000565296566076956,0.6074999999999999,1
als,1,version_32,0,stratified,480,45,120,0.5705962539021853,ok,1,0.5633852757544224,0.5633852757544224,-0.0072109781477628365,0.6139999999999999,4
als,1,version_32,0,stratified,480,46,120,0.56229604578564,ok,1,0.5533834547346514,0.5533834547346514,-0.008912591050988516,0.733,72
als,1,version_32,0,temporal_array,24,42,6,0.5687305951909103,ungateable,,,0.5687305951909103,0.0,,
als,1,version_32,0,temporal_array,24,43,6,0.5687305951909103,ungateable,,,0.5687305951909103,0.0,,
als,1,version_32,0,temporal_array,24,44,6,0.5687305951909103,ungateable,,,0.5687305951909103,0.0,,
als,1,version_32,0,temporal_array,24,45,6,0.5687305951909103,ungateable,,,0.5687305951909103,0.0,,
als,1,version_32,0,temporal_array,24,46,6,0.5687305951909103,ungateable,,,0.5687305951909103,0.0,,
als,1,version_32,0,temporal_array,48,42,12,0.567069564636306,ok,0,0.5672011259981957,0.567069564636306,0.0,0.9,0
als,1,version_32,0,temporal_array,48,43,12,0.567069564636306,ok,0,0.5671885963446824,0.567069564636306,0.0,0.9,0
als,1,version_32,0,temporal_array,48,44,12,0.567069564636306,ok,0,0.5672155350997361,0.567069564636306,0.0,0.8500000000000001,0
als,1,version_32,0,temporal_array,48,45,12,0.567069564636306,ok,1,0.5674341775535434,0.5674341775535434,0.00036461291723743905,0.7,3
als,1,version_32,0,temporal_array,48,46,12,0.567069564636306,ok,0,0.5672902953656989,0.567069564636306,0.0,0.8500000000000001,0
als,1,version_32,0,temporal_array,96,42,24,0.5696017578058206,ok,0,0.5698293919496598,0.5696017578058206,0.0,0.28750000000000003,0
als,1,version_32,0,temporal_array,96,43,24,0.5696017578058206,ok,0,0.5702335761430868,0.5696017578058206,0.0,0.4125,2
als,1,version_32,0,temporal_array,96,44,24,0.5696017578058206,ok,0,0.569782368934031,0.5696017578058206,0.0,0.575,0
als,1,version_32,0,temporal_array,96,45,24,0.5696017578058206,ok,0,0.5697898498683356,0.5696017578058206,0.0,0.6124999999999999,0
als,1,version_32,0,temporal_array,96,46,24,0.5696017578058206,ok,1,0.5700743391128895,0.5700743391128895,0.0004725813070689533,0.23750000000000002,2
als,1,version_32,0,temporal_array,240,42,60,0.5708269054178146,ok,1,0.5712401285583104,0.5712401285583104,0.0004132231404958553,0.682,0
als,1,version_32,0,temporal_array,240,43,60,0.5708269054178146,ok,0,0.5711244260789715,0.5708269054178146,0.0,0.572,0
als,1,version_32,0,temporal_array,240,44,60,0.5708269054178146,ok,1,0.5711494490358127,0.5711494490358127,0.0003225436179981056,0.62,0
als,1,version_32,0,temporal_array,240,45,60,0.5708269054178146,ok,1,0.5358964646464647,0.5358964646464647,-0.03493044077134988,0.66,35
als,1,version_32,0,temporal_array,240,46,60,0.5708269054178146,ok,1,0.5560808080808081,0.5560808080808081,-0.014746097337006492,0.624,22
als,1,version_32,0,temporal_array,480,42,120,0.5702049947970863,ok,1,0.5418012486992716,0.5418012486992716,-0.02840374609781471,0.605,45
als,1,version_32,0,temporal_array,480,43,120,0.5702049947970863,ok,0,0.5704417273673257,0.5702049947970863,0.0,0.5725,0
als,1,version_32,0,temporal_array,480,44,120,0.5702049947970863,ok,1,0.5486932882414152,0.5486932882414152,-0.02151170655567114,0.48,31
als,1,version_32,0,temporal_array,480,45,120,0.5702049947970863,ok,1,0.5642252861602497,0.5642252861602497,-0.0059797086368366115,0.695,6
als,1,version_32,0,temporal_array,480,46,120,0.5702049947970863,ok,1,0.5605265348595214,0.5605265348595214,-0.009678459937564887,0.6015,9
als,1,version_33,0,stratified,24,42,6,0.6211266762452108,ungateable,,,0.6211266762452108,0.0,,
als,1,version_33,0,stratified,24,43,6,0.6234639235698243,ungateable,,,0.6234639235698243,0.0,,
als,1,version_33,0,stratified,24,44,6,0.6217781823886908,ungateable,,,0.6217781823886908,0.0,,
als,1,version_33,0,stratified,24,45,6,0.6236559073193289,ungateable,,,0.6236559073193289,0.0,,
als,1,version_33,0,stratified,24,46,6,0.6225737795613687,ungateable,,,0.6225737795613687,0.0,,
als,1,version_33,0,stratified,48,42,12,0.622193566440576,ok,1,0.6157859016338668,0.6157859016338668,-0.006407664806709179,0.8,3
als,1,version_33,0,stratified,48,43,12,0.6244785575862876,ok,0,0.6243964883557754,0.6244785575862876,0.0,0.6000000000000001,0
als,1,version_33,0,stratified,48,44,12,0.6223384927662134,ok,1,0.615713020815931,0.615713020815931,-0.006625471950282402,0.7,6
als,1,version_33,0,stratified,48,45,12,0.6250870810919176,ok,0,0.6245228290287013,0.6250870810919176,0.0,0.45,0
als,1,version_33,0,stratified,48,46,12,0.6214292575762638,ok,0,0.6207449296668782,0.6214292575762638,0.0,0.8500000000000001,0
als,1,version_33,0,stratified,96,42,24,0.62233315379091,ok,1,0.6053082572415445,0.6053082572415445,-0.017024896549365565,0.7999999999999999,47
als,1,version_33,0,stratified,96,43,24,0.6251053743032043,ok,0,0.6248072056359222,0.6251053743032043,0.0,0.8125,0
als,1,version_33,0,stratified,96,44,24,0.622565276495332,ok,0,0.6205541876132827,0.622565276495332,0.0,0.6875,1
als,1,version_33,0,stratified,96,45,24,0.6244560292055675,ok,0,0.6237466228925139,0.6244560292055675,0.0,0.5875,0
als,1,version_33,0,stratified,96,46,24,0.6223746195410553,ok,0,0.62159681611436,0.6223746195410553,0.0,0.45,0
als,1,version_33,0,stratified,240,42,60,0.6219552341597796,ok,1,0.6215723140495867,0.6215723140495867,-0.00038292011019291916,0.726,40
als,1,version_33,0,stratified,240,43,60,0.6224703856749312,ok,1,0.6157777777777776,0.6157777777777776,-0.006692607897153535,0.746,22
als,1,version_33,0,stratified,240,44,60,0.6197605601469238,ok,1,0.5964407713498623,0.5964407713498623,-0.023319788797061536,0.6900000000000001,9
als,1,version_33,0,stratified,240,45,60,0.6234308999081726,ok,0,0.6219219467401286,0.6234308999081726,0.0,0.538,0
als,1,version_33,0,stratified,240,46,60,0.6208119834710744,ok,1,0.6156799816345271,0.6156799816345271,-0.005132001836547273,0.6839999999999999,3
als,1,version_33,0,stratified,480,42,120,0.6204674817898023,ok,1,0.6163038501560874,0.6163038501560874,-0.004163631633714915,0.703,0
als,1,version_33,0,stratified,480,43,120,0.6216735171696149,ok,1,0.6176389177939646,0.6176389177939646,-0.004034599375650316,0.6244999999999999,6
als,1,version_33,0,stratified,480,44,120,0.6200910509885535,ok,0,0.6164794484911551,0.6200910509885535,0.0,0.6355,0
als,1,version_33,0,stratified,480,45,120,0.622208376690947,ok,1,0.6195746618106139,0.6195746618106139,-0.002633714880333038,0.6809999999999999,0
als,1,version_33,0,stratified,480,46,120,0.6202728928199792,ok,1,0.6073540582726327,0.6073540582726327,-0.012918834547346547,0.6735,11
als,1,version_33,0,temporal_array,24,42,6,0.6218434155766944,ungateable,,,0.6218434155766944,0.0,,
als,1,version_33,0,temporal_array,24,43,6,0.6218434155766944,ungateable,,,0.6218434155766944,0.0,,
als,1,version_33,0,temporal_array,24,44,6,0.6218434155766944,ungateable,,,0.6218434155766944,0.0,,
als,1,version_33,0,temporal_array,24,45,6,0.6218434155766944,ungateable,,,0.6218434155766944,0.0,,
als,1,version_33,0,temporal_array,24,46,6,0.6218434155766944,ungateable,,,0.6218434155766944,0.0,,
als,1,version_33,0,temporal_array,48,42,12,0.6216105198970898,ok,1,0.6196462878813191,0.6196462878813191,-0.0019642320157706727,0.9,11
als,1,version_33,0,temporal_array,48,43,12,0.6216105198970898,ok,1,0.6215175916335327,0.6215175916335327,-9.29282635571127e-05,0.55,0
als,1,version_33,0,temporal_array,48,44,12,0.6216105198970898,ok,1,0.6173178606034282,0.6173178606034282,-0.004292659293661627,0.5,6
als,1,version_33,0,temporal_array,48,45,12,0.6216105198970898,ok,1,0.6190989508503457,0.6190989508503457,-0.0025115690467441,0.55,3
als,1,version_33,0,temporal_array,48,46,12,0.6216105198970898,ok,0,0.6215923518994955,0.6216105198970898,0.0,0.7999999999999999,0
als,1,version_33,0,temporal_array,96,42,24,0.622976086659143,ok,0,0.6222098252453746,0.622976086659143,0.0,0.4125,0
als,1,version_33,0,temporal_array,96,43,24,0.622976086659143,ok,0,0.6222213672583017,0.622976086659143,0.0,0.4625,0
als,1,version_33,0,temporal_array,96,44,24,0.622976086659143,ok,0,0.6220319927499061,0.622976086659143,0.0,0.6375000000000001,0
als,1,version_33,0,temporal_array,96,45,24,0.622976086659143,ok,0,0.6225052152799152,0.622976086659143,0.0,0.625,2
als,1,version_33,0,temporal_array,96,46,24,0.622976086659143,ok,1,0.6154720683287166,0.6154720683287166,-0.007504018330426354,0.2625,10
als,1,version_33,0,temporal_array,240,42,60,0.6244354912764004,ok,0,0.6234527089072543,0.6244354912764004,0.0,0.63,0
als,1,version_33,0,temporal_array,240,43,60,0.6244354912764004,ok,0,0.6227098255280074,0.6244354912764004,0.0,0.518,0
als,1,version_33,0,temporal_array,240,44,60,0.6244354912764004,ok,1,0.6226891643709824,0.6226891643709824,-0.001746326905417983,0.7840000000000001,42
als,1,version_33,0,temporal_array,240,45,60,0.6244354912764004,ok,1,0.6227249770431588,0.6227249770431588,-0.0017105142332416445,0.6100000000000001,0
als,1,version_33,0,temporal_array,240,46,60,0.6244354912764004,ok,0,0.6186485307621671,0.6244354912764004,0.0,0.604,15
als,1,version_33,0,temporal_array,480,42,120,0.6226625910509885,ok,1,0.6267099375650365,0.6267099375650365,0.0040473465140479226,0.5175000000000001,32
als,1,version_33,0,temporal_array,480,43,120,0.6226625910509885,ok,0,0.618407388137357,0.6226625910509885,0.0,0.6445000000000001,0
als,1,version_33,0,temporal_array,480,44,120,0.6226625910509885,ok,0,0.6184700832466181,0.6226625910509885,0.0,0.5095,0
als,1,version_33,0,temporal_array,480,45,120,0.6226625910509885,ok,0,0.6194235171696151,0.6226625910509885,0.0,0.6765,0
als,1,version_33,0,temporal_array,480,46,120,0.6226625910509885,ok,1,0.6231357960457857,0.6231357960457857,0.0004732049947971939,0.5615,6
als,1,version_34,0,stratified,24,42,6,0.5548796901836437,ungateable,,,0.5548796901836437,0.0,,
als,1,version_34,0,stratified,24,43,6,0.5574464922711058,ungateable,,,0.5574464922711058,0.0,,
als,1,version_34,0,stratified,24,44,6,0.554846247853085,ungateable,,,0.554846247853085,0.0,,
als,1,version_34,0,stratified,24,45,6,0.5581083201215484,ungateable,,,0.5581083201215484,0.0,,
als,1,version_34,0,stratified,24,46,6,0.5575806744616197,ungateable,,,0.5575806744616197,0.0,,
als,1,version_34,0,stratified,48,42,12,0.5546079889070801,ok,0,0.5544405092051188,0.5546079889070801,0.0,0.6,0
als,1,version_34,0,stratified,48,43,12,0.5577291255972469,ok,1,0.5565732650606435,0.5565732650606435,-0.0011558605366033259,0.7,21
als,1,version_34,0,stratified,48,44,12,0.5540504193257375,ok,0,0.5541184971098265,0.5540504193257375,0.0,0.5,0
als,1,version_34,0,stratified,48,45,12,0.5593600688295632,ok,0,0.5596779043736844,0.5593600688295632,0.0,0.2,0
als,1,version_34,0,stratified,48,46,12,0.555617043670019,ok,0,0.5557392077917738,0.555617043670019,0.0,0.75,0
als,1,version_34,0,stratified,96,42,24,0.5544205909510619,ok,0,0.554363522109367,0.5544205909510619,0.0,0.7,0
als,1,version_34,0,stratified,96,43,24,0.5577468280838549,ok,1,0.5580150730139188,0.5580150730139188,0.00026824493006394334,0.7250000000000001,0
als,1,version_34,0,stratified,96,44,24,0.5534095961150439,ok,1,0.5538101467118087,0.5538101467118087,0.00040055059676480376,0.7125,1
als,1,version_34,0,stratified,96,45,24,0.5585077459731199,ok,1,0.4846202677746999,0.4846202677746999,-0.07388747819842001,0.9249999999999999,62
als,1,version_34,0,stratified,96,46,24,0.5542884990253412,ok,0,0.5542628501077255,0.5542884990253412,0.0,0.5625,0
als,1,version_34,0,stratified,240,42,60,0.5546896235078054,ok,0,0.5551297061524334,0.5546896235078054,0.0,0.604,0
als,1,version_34,0,stratified,240,43,60,0.5535730027548209,ok,1,0.5513820018365473,0.5513820018365473,-0.0021910009182736223,0.7040000000000001,7
als,1,version_34,0,stratified,240,44,60,0.5525743801652893,ok,1,0.5406221303948576,0.5406221303948576,-0.011952249770431633,0.66,43
als,1,version_34,0,stratified,240,45,60,0.5584908172635445,ok,0,0.5589531680440771,0.5584908172635445,0.0,0.4159999999999999,0
als,1,version_34,0,stratified,240,46,60,0.5515619834710744,ok,0,0.5517943067033976,0.5515619834710744,0.0,0.678,0
als,1,version_34,0,stratified,480,42,120,0.5536264308012486,ok,1,0.554251300728408,0.554251300728408,0.0006248699271593772,0.5794999999999999,0
als,1,version_34,0,stratified,480,43,120,0.5509354838709677,ok,0,0.5514698231009365,0.5509354838709677,0.0,0.5920000000000001,1
als,1,version_34,0,stratified,480,44,120,0.549422216441207,ok,1,0.5482817377731529,0.5482817377731529,-0.0011404786680541124,0.5654999999999999,3
als,1,version_34,0,stratified,480,45,120,0.5597544224765869,ok,0,0.5611157648283038,0.5597544224765869,0.0,0.5685,0
als,1,version_34,0,stratified,480,46,120,0.5499708636836629,ok,1,0.5451040582726326,0.5451040582726326,-0.0048668054110302394,0.6890000000000001,10
als,1,version_34,0,temporal_array,24,42,6,0.5564019355264896,ungateable,,,0.5564019355264896,0.0,,
als,1,version_34,0,temporal_array,24,43,6,0.5564019355264896,ungateable,,,0.5564019355264896,0.0,,
als,1,version_34,0,temporal_array,24,44,6,0.5564019355264896,ungateable,,,0.5564019355264896,0.0,,
als,1,version_34,0,temporal_array,24,45,6,0.5564019355264896,ungateable,,,0.5564019355264896,0.0,,
als,1,version_34,0,temporal_array,24,46,6,0.5564019355264896,ungateable,,,0.5564019355264896,0.0,,
als,1,version_34,0,temporal_array,48,42,12,0.5556289468408566,ok,0,0.555749022687026,0.5556289468408566,0.0,0.30000000000000004,0
als,1,version_34,0,temporal_array,48,43,12,0.5556289468408566,ok,0,0.5556984864178556,0.5556289468408566,0.0,0.85,0
als,1,version_34,0,temporal_array,48,44,12,0.5556289468408566,ok,0,0.5558104179892412,0.5556289468408566,0.0,0.7999999999999999,0
als,1,version_34,0,temporal_array,48,45,12,0.5556289468408566,ok,1,0.5559971098265896,0.5559971098265896,0.0003681629857329449,0.6,21
als,1,version_34,0,temporal_array,48,46,12,0.5556289468408566,ok,1,0.5556372999431989,0.5556372999431989,8.353102342262275e-06,0.75,3
als,1,version_34,0,temporal_array,96,42,24,0.5587759909031839,ok,0,0.5588864949899114,0.5587759909031839,0.0,0.2625,0
als,1,version_34,0,temporal_array,96,43,24,0.5587759909031839,ok,1,0.5599289097500086,0.5599289097500086,0.0011529188468247797,0.47500000000000003,7
als,1,version_34,0,temporal_array,96,44,24,0.5587759909031839,ok,1,0.5589467699463082,0.5589467699463082,0.00017077904312434722,0.55,9
als,1,version_34,0,temporal_array,96,45,24,0.5587759909031839,ok,1,0.5584513183543655,0.5584513183543655,-0.00032467254881840546,0.625,14
als,1,version_34,0,temporal_array,96,46,24,0.5587759909031839,ok,1,0.5565201685988851,0.5565201685988851,-0.0022558223042987713,0.1375,18
als,1,version_34,0,temporal_array,240,42,60,0.5611184573002754,ok,0,0.5615459136822774,0.5611184573002754,0.0,0.488,1
als,1,version_34,0,temporal_array,240,43,60,0.5611184573002754,ok,0,0.5612897153351699,0.5611184573002754,0.0,0.548,0
als,1,version_34,0,temporal_array,240,44,60,0.5611184573002754,ok,1,0.5616244260789716,0.5616244260789716,0.0005059687786961309,0.604,1
als,1,version_34,0,temporal_array,240,45,60,0.5611184573002754,ok,1,0.5082252066115702,0.5082252066115702,-0.05289325068870521,0.534,41
als,1,version_34,0,temporal_array,240,46,60,0.5611184573002754,ok,1,0.5546508264462809,0.5546508264462809,-0.006467630853994488,0.714,15
als,1,version_34,0,temporal_array,480,42,120,0.5595332986472424,ok,1,0.5447486992715921,0.5447486992715921,-0.014784599375650354,0.4895,35
als,1,version_34,0,temporal_array,480,43,120,0.5595332986472424,ok,1,0.5508119146722165,0.5508119146722165,-0.008721383975025976,0.5255000000000001,25
als,1,version_34,0,temporal_array,480,44,120,0.5595332986472424,ok,1,0.5563766909469302,0.5563766909469302,-0.0031566077003122306,0.34349999999999997,4
als,1,version_34,0,temporal_array,480,45,120,0.5595332986472424,ok,0,0.5597976066597294,0.5595332986472424,0.0,0.644,0
als,1,version_34,0,temporal_array,480,46,120,0.5595332986472424,ok,1,0.5515822060353798,0.5515822060353798,-0.007951092611862665,0.625,9
als,1,version_35,0,stratified,24,42,6,0.544026621746598,ungateable,,,0.544026621746598,0.0,,
als,1,version_35,0,stratified,24,43,6,0.5452482989826926,ungateable,,,0.5452482989826926,0.0,,
als,1,version_35,0,stratified,24,44,6,0.5430807405205443,ungateable,,,0.5430807405205443,0.0,,
als,1,version_35,0,stratified,24,45,6,0.5466553540758357,ungateable,,,0.5466553540758357,0.0,,
als,1,version_35,0,stratified,24,46,6,0.5450715913594927,ungateable,,,0.5450715913594927,0.0,,
als,1,version_35,0,stratified,48,42,12,0.5445287179658526,ok,0,0.5446527615356342,0.5445287179658526,0.0,0.6,0
als,1,version_35,0,stratified,48,43,12,0.5455227371445756,ok,0,0.54550185438872,0.5455227371445756,0.0,0.5,0
als,1,version_35,0,stratified,48,44,12,0.5419810217514786,ok,0,0.5421334658692238,0.5419810217514786,0.0,0.5,0
als,1,version_35,0,stratified,48,45,12,0.5479764609575997,ok,1,0.5462016355374386,0.5462016355374386,-0.0017748254201610525,0.35,10
als,1,version_35,0,stratified,48,46,12,0.5428301146045641,ok,0,0.5428819038390859,0.5428301146045641,0.0,0.9,0
als,1,version_35,0,stratified,96,42,24,0.542920471256113,ok,0,0.5439312523511508,0.542920471256113,0.0,0.675,7
als,1,version_35,0,stratified,96,43,24,0.5445547347901919,ok,0,0.544933056325023,0.5445547347901919,0.0,0.6499999999999999,0
als,1,version_35,0,stratified,96,44,24,0.5415687732977669,ok,1,0.5418152166478575,0.5418152166478575,0.00024644335009060825,0.6499999999999999,5
als,1,version_35,0,stratified,96,45,24,0.5467579768133785,ok,1,0.4941169932628843,0.4941169932628843,-0.05264098355049418,0.675,31
als,1,version_35,0,stratified,96,46,24,0.5423446530556411,ok,1,0.5424173249888855,0.5424173249888855,7.267193324445032e-05,0.7,4
als,1,version_35,0,stratified,240,42,60,0.54532782369146,ok,0,0.545770202020202,0.54532782369146,0.0,0.5660000000000001,0
als,1,version_35,0,stratified,240,43,60,0.5407920110192838,ok,0,0.5414182736455464,0.5407920110192838,0.0,0.7080000000000001,0
als,1,version_35,0,stratified,240,44,60,0.5424577594123048,ok,1,0.5392318640955005,0.5392318640955005,-0.0032258953168042837,0.5760000000000001,21
als,1,version_35,0,stratified,240,45,60,0.5475592286501377,ok,1,0.5000052800734619,0.5000052800734619,-0.04755394857667583,0.464,48
als,1,version_35,0,stratified,240,46,60,0.5375991735537189,ok,1,0.5205955004591368,0.5205955004591368,-0.01700367309458206,0.7500000000000001,37
als,1,version_35,0,stratified,480,42,120,0.5463204994797086,ok,0,0.5473511966701352,0.5463204994797086,0.0,0.59,0
als,1,version_35,0,stratified,480,43,120,0.5367986472424557,ok,0,0.5371230489073882,0.5367986472424557,0.0,0.5735,0
als,1,version_35,0,stratified,480,44,120,0.5440785639958376,ok,1,0.5445593132154006,0.5445593132154006,0.00048074921956298144,0.5285,0
als,1,version_35,0,stratified,480,45,120,0.5492679500520291,ok,1,0.5184162330905306,0.5184162330905306,-0.030851716961498465,0.5675,17
als,1,version_35,0,stratified,480,46,120,0.5365650364203954,ok,0,0.5380130072840791,0.5365650364203954,0.0,0.653,0
als,1,version_35,0,temporal_array,24,42,6,0.544254112168054,ungateable,,,0.544254112168054,0.0,,
als,1,version_35,0,temporal_array,24,43,6,0.544254112168054,ungateable,,,0.544254112168054,0.0,,
als,1,version_35,0,temporal_array,24,44,6,0.544254112168054,ungateable,,,0.544254112168054,0.0,,
als,1,version_35,0,temporal_array,24,45,6,0.544254112168054,ungateable,,,0.544254112168054,0.0,,
als,1,version_35,0,temporal_array,24,46,6,0.544254112168054,ungateable,,,0.544254112168054,0.0,,
als,1,version_35,0,temporal_array,48,42,12,0.5433797487386816,ok,0,0.5435647699555615,0.5433797487386816,0.0,0.6,0
als,1,version_35,0,temporal_array,48,43,12,0.5433797487386816,ok,0,0.5434121170102577,0.5433797487386816,0.0,0.8500000000000001,0
als,1,version_35,0,temporal_array,48,44,12,0.5433797487386816,ok,0,0.5435783437468676,0.5433797487386816,0.0,0.9,0
als,1,version_35,0,temporal_array,48,45,12,0.5433797487386816,ok,0,0.5434695445888602,0.5433797487386816,0.0,0.5,0
als,1,version_35,0,temporal_array,48,46,12,0.5433797487386816,ok,1,0.5431525443549734,0.5431525443549734,-0.0002272043837081572,0.8500000000000001,14
als,1,version_35,0,temporal_array,96,42,24,0.5470178858452173,ok,1,0.547576818508259,0.547576818508259,0.0005589326630417446,0.30000000000000004,51
als,1,version_35,0,temporal_array,96,43,24,0.5470178858452173,ok,1,0.5437668855374302,0.5437668855374302,-0.003251000307787022,0.41250000000000003,31
als,1,version_35,0,temporal_array,96,44,24,0.5470178858452173,ok,1,0.5360320269484627,0.5360320269484627,-0.010985858896754519,0.575,29
als,1,version_35,0,temporal_array,96,45,24,0.5470178858452173,ok,1,0.5232879347491536,0.5232879347491536,-0.023729951096063684,0.675,42
als,1,version_35,0,temporal_array,96,46,24,0.5470178858452173,ok,1,0.5474107417666975,0.5474107417666975,0.0003928559214801952,0.1625,1
als,1,version_35,0,temporal_array,240,42,60,0.5479967860422406,ok,1,0.5479924242424242,0.5479924242424242,-4.361799816332557e-06,0.592,1
als,1,version_35,0,temporal_array,240,43,60,0.5479967860422406,ok,1,0.5432029384756658,0.5432029384756658,-0.004793847566574749,0.574,6
als,1,version_35,0,temporal_array,240,44,60,0.5479967860422406,ok,1,0.5438333333333333,0.5438333333333333,-0.004163452708907278,0.67,5
als,1,version_35,0,temporal_array,240,45,60,0.5479967860422406,ok,1,0.5352897153351699,0.5352897153351699,-0.012707070707070667,0.586,11
als,1,version_35,0,temporal_array,240,46,60,0.5479967860422406,ok,1,0.5365631313131314,0.5365631313131314,-0.011433654729109177,0.698,11
als,1,version_35,0,temporal_array,480,42,120,0.547827783558793,ok,1,0.5322460978147763,0.5322460978147763,-0.015581685744016749,0.54,20
als,1,version_35,0,temporal_array,480,43,120,0.547827783558793,ok,1,0.5378329864724246,0.5378329864724246,-0.009994797086368412,0.49800000000000005,8
als,1,version_35,0,temporal_array,480,44,120,0.547827783558793,ok,1,0.5356628511966701,0.5356628511966701,-0.012164932362122904,0.5475,82
als,1,version_35,0,temporal_array,480,45,120,0.547827783558793,ok,0,0.5472075962539021,0.547827783558793,0.0,0.6425000000000001,0
als,1,version_35,0,temporal_array,480,46,120,0.547827783558793,ok,1,0.5296303329864724,0.5296303329864724,-0.018197450572320584,0.6505,17
als,1,version_36,0,stratified,24,42,6,0.5568399887699829,ungateable,,,0.5568399887699829,0.0,,
als,1,version_36,0,stratified,24,43,6,0.5586623893513014,ungateable,,,0.5586623893513014,0.0,,
als,1,version_36,0,stratified,24,44,6,0.555281823886907,ungateable,,,0.555281823886907,0.0,,
als,1,version_36,0,stratified,24,45,6,0.558948507068305,ungateable,,,0.558948507068305,0.0,,
als,1,version_36,0,stratified,24,46,6,0.5583201215484211,ungateable,,,0.5583201215484211,0.0,,
als,1,version_36,0,stratified,48,42,12,0.5576226235423836,ok,0,0.5573517741989374,0.5576226235423836,0.0,0.55,0
als,1,version_36,0,stratified,48,43,12,0.5596357212068561,ok,0,0.5595801730762806,0.5596357212068561,0.0,0.6000000000000001,0
als,1,version_36,0,stratified,48,44,12,0.5543189715660396,ok,0,0.5542312639914464,0.5543189715660396,0.0,0.65,0
als,1,version_36,0,stratified,48,45,12,0.5596127501754151,ok,0,0.5595095893614889,0.5596127501754151,0.0,0.35000000000000003,0
als,1,version_36,0,stratified,48,46,12,0.5563416752982057,ok,0,0.556128880016038,0.5563416752982057,0.0,0.8,0
als,1,version_36,0,stratified,96,42,24,0.5578212099449403,ok,0,0.5577765380800931,0.5578212099449403,0.0,0.625,0
als,1,version_36,0,stratified,96,43,24,0.559535412605588,ok,1,0.5402153654115797,0.5402153654115797,-0.019320047194008372,0.7000000000000001,19
als,1,version_36,0,stratified,96,44,24,0.554016620498615,ok,1,0.5526418385144147,0.5526418385144147,-0.0013747819842002684,0.7000000000000001,4
als,1,version_36,0,stratified,96,45,24,0.5592374576792859,ok,1,0.522604604835676,0.522604604835676,-0.03663285284360995,0.7625,21
als,1,version_36,0,stratified,96,46,24,0.5556487466228925,ok,0,0.5550348825279574,0.5556487466228925,0.0,0.3875,0
als,1,version_36,0,stratified,240,42,60,0.559449494949495,ok,0,0.5587389807162534,0.559449494949495,0.0,0.5680000000000001,0
als,1,version_36,0,stratified,240,43,60,0.5551590909090909,ok,0,0.5537219926538108,0.5551590909090909,0.0,0.702,0
als,1,version_36,0,stratified,240,44,60,0.5535436179981634,ok,1,0.5421315426997245,0.5421315426997245,-0.011412075298438906,0.656,41
als,1,version_36,0,stratified,240,45,60,0.5594586776859505,ok,1,0.536114554637282,0.536114554637282,-0.023344123048668508,0.46799999999999997,23
als,1,version_36,0,stratified,240,46,60,0.5528640955004591,ok,0,0.5511299357208448,0.5528640955004591,0.0,0.736,1
als,1,version_36,0,stratified,480,42,120,0.5608270031217482,ok,0,0.5584617585848075,0.5608270031217482,0.0,0.5635,0
als,1,version_36,0,stratified,480,43,120,0.5527016129032258,ok,0,0.5510106659729448,0.5527016129032258,0.0,0.6055,0
als,1,version_36,0,stratified,480,44,120,0.5532148803329865,ok,1,0.5464549947970864,0.5464549947970864,-0.006759885535900123,0.5640000000000001,3
als,1,version_36,0,stratified,480,45,120,0.5619843912591052,ok,1,0.5445379812695109,0.5445379812695109,-0.017446409989594236,0.6239999999999999,4
als,1,version_36,0,stratified,480,46,120,0.5505353798126952,ok,0,0.5497013527575443,0.5505353798126952,0.0,0.6515,0
als,1,version_36,0,temporal_array,24,42,6,0.5562144933280486,ungateable,,,0.5562144933280486,0.0,,
als,1,version_36,0,temporal_array,24,43,6,0.5562144933280486,ungateable,,,0.5562144933280486,0.0,,
als,1,version_36,0,temporal_array,24,44,6,0.5562144933280486,ungateable,,,0.5562144933280486,0.0,,
als,1,version_36,0,temporal_array,24,45,6,0.5562144933280486,ungateable,,,0.5562144933280486,0.0,,
als,1,version_36,0,temporal_array,24,46,6,0.5562144933280486,ungateable,,,0.5562144933280486,0.0,,
als,1,version_36,0,temporal_array,48,42,12,0.555700157038324,ok,0,0.5555280831300745,0.555700157038324,0.0,0.65,0
als,1,version_36,0,temporal_array,48,43,12,0.555700157038324,ok,0,0.5557362842059541,0.555700157038324,0.0,0.7999999999999999,0
als,1,version_36,0,temporal_array,48,44,12,0.555700157038324,ok,0,0.555503441478165,0.555700157038324,0.0,0.7,0
als,1,version_36,0,temporal_array,48,45,12,0.555700157038324,ok,1,0.5516745881920545,0.5516745881920545,-0.004025568846269478,0.65,12
als,1,version_36,0,temporal_array,48,46,12,0.555700157038324,ok,0,0.5556761418690902,0.555700157038324,0.0,0.9,0
als,1,version_36,0,temporal_array,96,42,24,0.5586774563113437,ok,0,0.5586560822133306,0.5586774563113437,0.0,0.21250000000000002,0
als,1,version_36,0,temporal_array,96,43,24,0.5586774563113437,ok,0,0.5586274409219931,0.5586774563113437,0.0,0.55,0
als,1,version_36,0,temporal_array,96,44,24,0.5586774563113437,ok,0,0.5585391658971992,0.5586774563113437,0.0,0.5625,0
als,1,version_36,0,temporal_array,96,45,24,0.5586774563113437,ok,1,0.5586009370404569,0.5586009370404569,-7.65192708868101e-05,0.65,5
als,1,version_36,0,temporal_array,96,46,24,0.5586774563113437,ok,0,0.5584496084265244,0.5586774563113437,0.0,0.1625,0
als,1,version_36,0,temporal_array,240,42,60,0.5607736455463729,ok,1,0.5603659320477502,0.5603659320477502,-0.0004077134986226749,0.498,1
als,1,version_36,0,temporal_array,240,43,60,0.5607736455463729,ok,1,0.5068638659320477,0.5068638659320477,-0.05390977961432519,0.53,26
als,1,version_36,0,temporal_array,240,44,60,0.5607736455463729,ok,1,0.5392405876951332,0.5392405876951332,-0.021533057851239712,0.61,10
als,1,version_36,0,temporal_array,240,45,60,0.5607736455463729,ok,1,0.487205463728191,0.487205463728191,-0.07356818181818187,0.576,34
als,1,version_36,0,temporal_array,240,46,60,0.5607736455463729,ok,0,0.5601377410468319,0.5607736455463729,0.0,0.6,0
als,1,version_36,0,temporal_array,480,42,120,0.5608106139438085,ok,1,0.5509193548387096,0.5509193548387096,-0.009891259105098915,0.4825,3
als,1,version_36,0,temporal_array,480,43,120,0.5608106139438085,ok,1,0.5264979188345473,0.5264979188345473,-0.03431269510926116,0.5425,72
als,1,version_36,0,temporal_array,480,44,120,0.5608106139438085,ok,1,0.5255616545265349,0.5255616545265349,-0.03524895941727357,0.401,56
als,1,version_36,0,temporal_array,480,45,120,0.5608106139438085,ok,0,0.5600577523413112,0.5608106139438085,0.0,0.6195,0
als,1,version_36,0,temporal_array,480,46,120,0.5608106139438085,ok,1,0.5171579084287201,0.5171579084287201,-0.043652705515088375,0.602,57
als,1,version_37,0,stratified,24,42,6,0.5634415461091293,ungateable,,,0.5634415461091293,0.0,,
als,1,version_37,0,stratified,24,43,6,0.5657143859822962,ungateable,,,0.5657143859822962,0.0,,
als,1,version_37,0,stratified,24,44,6,0.5634650796010041,ungateable,,,0.5634650796010041,0.0,,
als,1,version_37,0,stratified,24,45,6,0.5664249322896023,ungateable,,,0.5664249322896023,0.0,,
als,1,version_37,0,stratified,24,46,6,0.5651483435724667,ungateable,,,0.5651483435724667,0.0,,
als,1,version_37,0,stratified,48,42,12,0.5642710665241071,ok,0,0.5641150723378663,0.5642710665241071,0.0,0.55,0
als,1,version_37,0,stratified,48,43,12,0.566447884994487,ok,1,0.5628896722242641,0.5628896722242641,-0.003558212770222835,0.65,11
als,1,version_37,0,stratified,48,44,12,0.5617964599552273,ok,0,0.5617803802332186,0.5617964599552273,0.0,0.75,0
als,1,version_37,0,stratified,48,45,12,0.5674494219653179,ok,1,0.5519458551906178,0.5519458551906178,-0.015503566774700106,0.5,28
als,1,version_37,0,stratified,48,46,12,0.5632198285943399,ok,0,0.5630283337231448,0.5632198285943399,0.0,0.75,0
als,1,version_37,0,stratified,96,42,24,0.5636565524434869,ok,0,0.5636764303546391,0.5636565524434869,0.0,0.6375,0
als,1,version_37,0,stratified,96,43,24,0.5662086197462467,ok,1,0.5637044304230361,0.5637044304230361,-0.002504189323210615,0.6625000000000001,8
als,1,version_37,0,stratified,96,44,24,0.5617166393078212,ok,0,0.5617805478608804,0.5617166393078212,0.0,0.625,0
als,1,version_37,0,stratified,96,45,24,0.5678492955097294,ok,1,0.5039430936014501,0.5039430936014501,-0.06390620190827934,0.875,40
als,1,version_37,0,stratified,96,46,24,0.5629131613145925,ok,1,0.5601471392907219,0.5601471392907219,-0.0027660220238705513,0.5,8
als,1,version_37,0,stratified,240,42,60,0.5653748852157944,ok,0,0.5653241505968778,0.5653748852157944,0.0,0.534,0
als,1,version_37,0,stratified,240,43,60,0.5635466023875114,ok,1,0.563418044077135,0.563418044077135,-0.0001285583103763921,0.734,0
als,1,version_37,0,stratified,240,44,60,0.5603156565656565,ok,1,0.5483861340679522,0.5483861340679522,-0.011929522497704292,0.744,39
als,1,version_37,0,stratified,240,45,60,0.5700971074380166,ok,0,0.5699242424242423,0.5700971074380166,0.0,0.356,0
als,1,version_37,0,stratified,240,46,60,0.5608638659320477,ok,1,0.5468622589531681,0.5468622589531681,-0.014001606978879644,0.682,18
als,1,version_37,0,stratified,480,42,120,0.5652068158168574,ok,0,0.5650429240374609,0.5652068158168574,0.0,0.608,0
als,1,version_37,0,stratified,480,43,120,0.5607408949011445,ok,0,0.5602505202913631,0.5607408949011445,0.0,0.6375,0
als,1,version_37,0,stratified,480,44,120,0.5604404266389178,ok,0,0.5602911030176898,0.5604404266389178,0.0,0.6034999999999999,0
als,1,version_37,0,stratified,480,45,120,0.5709107700312175,ok,0,0.5708296045785639,0.5709107700312175,0.0,0.5840000000000001,0
als,1,version_37,0,stratified,480,46,120,0.5597718522372529,ok,1,0.5597765348595213,0.5597765348595213,4.682622268381564e-06,0.637,0
als,1,version_37,0,temporal_array,24,42,6,0.5647874966970537,ungateable,,,0.5647874966970537,0.0,,
als,1,version_37,0,temporal_array,24,43,6,0.5647874966970537,ungateable,,,0.5647874966970537,0.0,,
als,1,version_37,0,temporal_array,24,44,6,0.5647874966970537,ungateable,,,0.5647874966970537,0.0,,
als,1,version_37,0,temporal_array,24,45,6,0.5647874966970537,ungateable,,,0.5647874966970537,0.0,,
als,1,version_37,0,temporal_array,24,46,6,0.5647874966970537,ungateable,,,0.5647874966970537,0.0,,
als,1,version_37,0,temporal_array,48,42,12,0.5634629038724983,ok,0,0.5634581008386514,0.5634629038724983,0.0,0.7,0
als,1,version_37,0,temporal_array,48,43,12,0.5634629038724983,ok,0,0.563488798489759,0.5634629038724983,0.0,0.9500000000000001,0
als,1,version_37,0,temporal_array,48,44,12,0.5634629038724983,ok,0,0.5634599802866785,0.5634629038724983,0.0,0.9,0
als,1,version_37,0,temporal_array,48,45,12,0.5634629038724983,ok,0,0.563456430218183,0.5634629038724983,0.0,0.6000000000000001,0
als,1,version_37,0,temporal_array,48,46,12,0.5634629038724983,ok,0,0.5635984329580006,0.5634629038724983,0.0,0.9,0
als,1,version_37,0,temporal_array,96,42,24,0.5666339642967066,ok,1,0.5606019800964399,0.5606019800964399,-0.006031984200266738,0.35,26
als,1,version_37,0,temporal_array,96,43,24,0.5666339642967066,ok,1,0.5666653842207858,0.5666653842207858,3.141992407917904e-05,0.5625,1
als,1,version_37,0,temporal_array,96,44,24,0.5666339642967066,ok,1,0.5643488594781301,0.5643488594781301,-0.0022851048185765777,0.5125,9
als,1,version_37,0,temporal_array,96,45,24,0.5666339642967066,ok,1,0.5665294449574227,0.5665294449574227,-0.00010451933928390389,0.6749999999999999,8
als,1,version_37,0,temporal_array,96,46,24,0.5666339642967066,ok,1,0.5603724222837796,0.5603724222837796,-0.006261542012927057,0.2625,33
als,1,version_37,0,temporal_array,240,42,60,0.5673308080808082,ok,0,0.5659005968778696,0.5673308080808082,0.0,0.648,2
als,1,version_37,0,temporal_array,240,43,60,0.5673308080808082,ok,0,0.566961432506887,0.5673308080808082,0.0,0.59,0
als,1,version_37,0,temporal_array,240,44,60,0.5673308080808082,ok,1,0.5566939853076216,0.5566939853076216,-0.01063682277318656,0.63,9
als,1,version_37,0,temporal_array,240,45,60,0.5673308080808082,ok,1,0.510820018365473,0.510820018365473,-0.056510789715335186,0.6279999999999999,34
als,1,version_37,0,temporal_array,240,46,60,0.5673308080808082,ok,1,0.5116932966023875,0.5116932966023875,-0.055637511478420665,0.7220000000000001,44
als,1,version_37,0,temporal_array,480,42,120,0.5658394901144641,ok,1,0.5523168574401665,0.5523168574401665,-0.013522632674297652,0.5015000000000001,8
als,1,version_37,0,temporal_array,480,43,120,0.5658394901144641,ok,1,0.564735691987513,0.564735691987513,-0.00110379812695105,0.542,0
als,1,version_37,0,temporal_array,480,44,120,0.5658394901144641,ok,1,0.5475057232049947,0.5475057232049947,-0.018333766909469418,0.4245,64
als,1,version_37,0,temporal_array,480,45,120,0.5658394901144641,ok,0,0.5646935483870968,0.5658394901144641,0.0,0.6489999999999999,0
als,1,version_37,0,temporal_array,480,46,120,0.5658394901144641,ok,1,0.5390699791883455,0.5390699791883455,-0.026769510926118567,0.6639999999999999,58
als,1,version_38,0,stratified,24,42,6,0.5578195187607347,ungateable,,,0.5578195187607347,0.0,,
als,1,version_38,0,stratified,24,43,6,0.5582885371251156,ungateable,,,0.5582885371251156,0.0,,
als,1,version_38,0,stratified,24,44,6,0.556648624322896,ungateable,,,0.556648624322896,0.0,,
als,1,version_38,0,stratified,24,45,6,0.5588719200026423,ungateable,,,0.5588719200026423,0.0,,
als,1,version_38,0,stratified,24,46,6,0.5581621994318933,ungateable,,,0.5581621994318933,0.0,,
als,1,version_38,0,stratified,48,42,12,0.5586139279628454,ok,0,0.5584806959804871,0.5586139279628454,0.0,0.45,0
als,1,version_38,0,stratified,48,43,12,0.5581749724347623,ok,0,0.5578836579905777,0.5581749724347623,0.0,0.6000000000000001,0
als,1,version_38,0,stratified,48,44,12,0.5554664790003007,ok,1,0.5567497243476227,0.5567497243476227,0.0012832453473220484,0.75,7
als,1,version_38,0,stratified,48,45,12,0.5594183317184003,ok,1,0.5594793093654984,0.5594793093654984,6.097764709811493e-05,0.45,4
als,1,version_38,0,stratified,48,46,12,0.5565085285174914,ok,1,0.5265127468341742,0.5265127468341742,-0.02999578168331729,1.0,26
als,1,version_38,0,stratified,96,42,24,0.5578073167812319,ok,1,0.5515774084333641,0.5515774084333641,-0.006229908347867741,0.725,19
als,1,version_38,0,stratified,96,43,24,0.5581892719127253,ok,1,0.5545492630211005,0.5545492630211005,-0.0036400088916247464,0.7375,12
als,1,version_38,0,stratified,96,44,24,0.554571278342054,ok,1,0.5528852894907835,0.5528852894907835,-0.0016859888512704702,0.7875,13
als,1,version_38,0,stratified,96,45,24,0.5589820372080299,ok,1,0.5438510994836019,0.5438510994836019,-0.015130937724427973,0.5,14
als,1,version_38,0,stratified,96,46,24,0.5568805358913853,ok,1,0.5202686296638281,0.5202686296638281,-0.03661190622755717,0.7250000000000001,42
als,1,version_38,0,stratified,240,42,60,0.5581682736455463,ok,1,0.5579662534435261,0.5579662534435261,-0.00020202020202020332,0.606,1
als,1,version_38,0,stratified,240,43,60,0.5551308539944904,ok,1,0.5549623507805326,0.5549623507805326,-0.00016850321395778245,0.6880000000000001,0
als,1,version_38,0,stratified,240,44,60,0.5559738292011019,ok,1,0.5401411845730028,0.5401411845730028,-0.01583264462809919,0.6900000000000001,41
als,1,version_38,0,stratified,240,45,60,0.559660927456382,ok,1,0.5024956382001837,0.5024956382001837,-0.05716528925619824,0.48600000000000004,25
als,1,version_38,0,stratified,240,46,60,0.5521554178145087,ok,1,0.5086976584022038,0.5086976584022038,-0.0434577594123049,0.8200000000000001,21
als,1,version_38,0,stratified,480,42,120,0.5603842351716961,ok,0,0.5605452653485953,0.5603842351716961,0.0,0.562,0
als,1,version_38,0,stratified,480,43,120,0.5503283038501561,ok,0,0.5500486472424557,0.5503283038501561,0.0,0.6225,0
als,1,version_38,0,stratified,480,44,120,0.5552367325702393,ok,0,0.5552164412070759,0.5552367325702393,0.0,0.5625,0
als,1,version_38,0,stratified,480,45,120,0.5593254422476587,ok,1,0.5302505202913632,0.5302505202913632,-0.029074921956295463,0.671,4
als,1,version_38,0,stratified,480,46,120,0.5525535900104058,ok,0,0.5525221123829345,0.5525535900104058,0.0,0.611,0
als,1,version_38,0,temporal_array,24,42,6,0.557435964130004,ungateable,,,0.557435964130004,0.0,,
als,1,version_38,0,temporal_array,24,43,6,0.557435964130004,ungateable,,,0.557435964130004,0.0,,
als,1,version_38,0,temporal_array,24,44,6,0.557435964130004,ungateable,,,0.557435964130004,0.0,,
als,1,version_38,0,temporal_array,24,45,6,0.557435964130004,ungateable,,,0.557435964130004,0.0,,
als,1,version_38,0,temporal_array,24,46,6,0.557435964130004,ungateable,,,0.557435964130004,0.0,,
als,1,version_38,0,temporal_array,48,42,12,0.5565018460356177,ok,0,0.556567835544121,0.5565018460356177,0.0,0.75,0
als,1,version_38,0,temporal_array,48,43,12,0.5565018460356177,ok,0,0.5565469527882656,0.5565018460356177,0.0,0.9,0
als,1,version_38,0,temporal_array,48,44,12,0.5565018460356177,ok,1,0.5558267065388085,0.5558267065388085,-0.0006751394968091962,0.8500000000000001,4
als,1,version_38,0,temporal_array,48,45,12,0.5565018460356177,ok,1,0.5548070015703832,0.5548070015703832,-0.0016948444652344907,0.7,8
als,1,version_38,0,temporal_array,48,46,12,0.5565018460356177,ok,1,0.5562236877276221,0.5562236877276221,-0.0002781583079956018,0.7,3
als,1,version_38,0,temporal_array,96,42,24,0.5595753821688725,ok,0,0.5594473513217741,0.5595753821688725,0.0,0.20000000000000004,0
als,1,version_38,0,temporal_array,96,43,24,0.5595753821688725,ok,1,0.5604489415546664,0.5604489415546664,0.0008735593857939206,0.42500000000000004,9
als,1,version_38,0,temporal_array,96,44,24,0.5595753821688725,ok,0,0.5594826185834958,0.5595753821688725,0.0,0.5125,0
als,1,version_38,0,temporal_array,96,45,24,0.5595753821688725,ok,1,0.48992809753428407,0.48992809753428407,-0.06964728463458841,0.7625,56
als,1,version_38,0,temporal_array,96,46,24,0.5595753821688725,ok,1,0.5283976266201567,0.5283976266201567,-0.031177755548715824,0.525,41
als,1,version_38,0,temporal_array,240,42,60,0.5598987603305785,ok,0,0.5609214876033057,0.5598987603305785,0.0,0.546,0
als,1,version_38,0,temporal_array,240,43,60,0.5598987603305785,ok,0,0.5626565656565656,0.5598987603305785,0.0,0.52,4
als,1,version_38,0,temporal_array,240,44,60,0.5598987603305785,ok,1,0.5596829660238751,0.5596829660238751,-0.0002157943067033763,0.67,6
als,1,version_38,0,temporal_array,240,45,60,0.5598987603305785,ok,1,0.5066427915518824,0.5066427915518824,-0.053255968778696094,0.536,26
als,1,version_38,0,temporal_array,240,46,60,0.5598987603305785,ok,1,0.5625151515151514,0.5625151515151514,0.002616391184572908,0.748,6
als,1,version_38,0,temporal_array,480,42,120,0.5575590530697191,ok,1,0.5345486472424558,0.5345486472424558,-0.023010405827263325,0.6469999999999999,7
als,1,version_38,0,temporal_array,480,43,120,0.5575590530697191,ok,1,0.5297070759625391,0.5297070759625391,-0.027851977107180015,0.56,38
als,1,version_38,0,temporal_array,480,44,120,0.5575590530697191,ok,1,0.5351514047866806,0.5351514047866806,-0.02240764828303854,0.594,7
als,1,version_38,0,temporal_array,480,45,120,0.5575590530697191,ok,1,0.5606058792924037,0.5606058792924037,0.0030468262226845955,0.6675000000000001,2
als,1,version_38,0,temporal_array,480,46,120,0.5575590530697191,ok,1,0.5335010405827263,0.5335010405827263,-0.024058012486992797,0.655,18
als,1,version_39,0,stratified,24,42,6,0.552638021865504,ungateable,,,0.552638021865504,0.0,,
als,1,version_39,0,stratified,24,43,6,0.5540128732329237,ungateable,,,0.5540128732329237,0.0,,
als,1,version_39,0,stratified,24,44,6,0.552119872175981,ungateable,,,0.552119872175981,0.0,,
als,1,version_39,0,stratified,24,45,6,0.5546020362663496,ungateable,,,0.5546020362663496,0.0,,
als,1,version_39,0,stratified,24,46,6,0.5540496185097107,ungateable,,,0.5540496185097107,0.0,,
als,1,version_39,0,stratified,48,42,12,0.5535452654615924,ok,0,0.5533959537572255,0.5535452654615924,0.0,0.55,0
als,1,version_39,0,stratified,48,43,12,0.5548370727388152,ok,0,0.5548681880450399,0.5548370727388152,0.0,0.35,0
als,1,version_39,0,stratified,48,44,12,0.5512932690701327,ok,0,0.5511786227404858,0.5512932690701327,0.0,0.4,0
als,1,version_39,0,stratified,48,45,12,0.5549861756156237,ok,0,0.5549462895519396,0.5549861756156237,0.0,0.3,0
als,1,version_39,0,stratified,48,46,12,0.5520546543486251,ok,1,0.549062781917204,0.549062781917204,-0.002991872431421072,0.75,10
als,1,version_39,0,stratified,96,42,24,0.5532554888683697,ok,0,0.5531710611812182,0.5532554888683697,0.0,0.475,0
als,1,version_39,0,stratified,96,43,24,0.5552428525016244,ok,0,0.5551703943093602,0.5552428525016244,0.0,0.6125,0
als,1,version_39,0,stratified,96,44,24,0.550757284292603,ok,1,0.5434086556547314,0.5434086556547314,-0.007348628637871557,0.7625,17
als,1,version_39,0,stratified,96,45,24,0.5544703925994323,ok,1,0.5209438374200608,0.5209438374200608,-0.03352655517937153,0.725,41
als,1,version_39,0,stratified,96,46,24,0.5510407048322561,ok,1,0.5501731301939059,0.5501731301939059,-0.0008675746383501881,0.4375,4
als,1,version_39,0,stratified,240,42,60,0.5578459595959596,ok,1,0.4730567033976125,0.4730567033976125,-0.0847892561983471,0.6,41
als,1,version_39,0,stratified,240,43,60,0.5487279614325069,ok,0,0.5486501377410469,0.5487279614325069,0.0,0.7020000000000001,1
als,1,version_39,0,stratified,240,44,60,0.550634756657484,ok,1,0.5236572543617999,0.5236572543617999,-0.026977502295684075,0.742,29
als,1,version_39,0,stratified,240,45,60,0.5532160238751147,ok,1,0.5421910009182737,0.5421910009182737,-0.011025022956841046,0.512,14
als,1,version_39,0,stratified,240,46,60,0.5477555096418733,ok,1,0.5464651056014692,0.5464651056014692,-0.0012904040404040362,0.698,2
als,1,version_39,0,stratified,480,42,120,0.5549211758584808,ok,1,0.5546061394380852,0.5546061394380852,-0.00031503642039554247,0.511,0
als,1,version_39,0,stratified,480,43,120,0.5454227367325702,ok,1,0.545213319458897,0.545213319458897,-0.00020941727367329577,0.6134999999999999,0
als,1,version_39,0,stratified,480,44,120,0.5500642559833507,ok,1,0.5430450052029137,0.5430450052029137,-0.007019250780437081,0.5720000000000001,3
als,1,version_39,0,stratified,480,45,120,0.5558384495317378,ok,1,0.5377034339229968,0.5377034339229968,-0.01813501560874098,0.6245,11
als,1,version_39,0,stratified,480,46,120,0.5464248178980229,ok,1,0.5408413111342352,0.5408413111342352,-0.005583506763787716,0.706,12
als,1,version_39,0,temporal_array,24,42,6,0.5528551905799973,ungateable,,,0.5528551905799973,0.0,,
als,1,version_39,0,temporal_array,24,43,6,0.5528551905799973,ungateable,,,0.5528551905799973,0.0,,
als,1,version_39,0,temporal_array,24,44,6,0.5528551905799973,ungateable,,,0.5528551905799973,0.0,,
als,1,version_39,0,temporal_array,24,45,6,0.5528551905799973,ungateable,,,0.5528551905799973,0.0,,
als,1,version_39,0,temporal_array,24,46,6,0.5528551905799973,ungateable,,,0.5528551905799973,0.0,,
als,1,version_39,0,temporal_array,48,42,12,0.5520216595943733,ok,0,0.5519433492599151,0.5520216595943733,0.0,0.65,0
als,1,version_39,0,temporal_array,48,43,12,0.5520216595943733,ok,1,0.5503692071235257,0.5503692071235257,-0.0016524524708476651,0.8500000000000001,11
als,1,version_39,0,temporal_array,48,44,12,0.5520216595943733,ok,0,0.5519550436031943,0.5520216595943733,0.0,0.7999999999999999,0
als,1,version_39,0,temporal_array,48,45,12,0.5520216595943733,ok,1,0.5508737345049951,0.5508737345049951,-0.0011479250893782211,0.44999999999999996,7
als,1,version_39,0,temporal_array,48,46,12,0.5520216595943733,ok,0,0.5519930502188514,0.5520216595943733,0.0,0.9,0
als,1,version_39,0,temporal_array,96,42,24,0.555454883553914,ok,1,0.5303584863718751,0.5303584863718751,-0.025096397182038932,0.525,72
als,1,version_39,0,temporal_array,96,43,24,0.555454883553914,ok,1,0.5546330494853118,0.5546330494853118,-0.0008218340686022563,0.2875,4
als,1,version_39,0,temporal_array,96,44,24,0.555454883553914,ok,1,0.5500230840258541,0.5500230840258541,-0.005431799528059944,0.5375,18
als,1,version_39,0,temporal_array,96,45,24,0.555454883553914,ok,0,0.5554747614650661,0.555454883553914,0.0,0.4625,1
als,1,version_39,0,temporal_array,96,46,24,0.555454883553914,ok,0,0.5554416316131459,0.555454883553914,0.0,0.07500000000000001,0
als,1,version_39,0,temporal_array,240,42,60,0.5562224517906336,ok,1,0.5226806703397613,0.5226806703397613,-0.03354178145087228,0.616,40
als,1,version_39,0,temporal_array,240,43,60,0.5562224517906336,ok,1,0.5558902662993572,0.5558902662993572,-0.0003321854912763378,0.59,0
als,1,version_39,0,temporal_array,240,44,60,0.5562224517906336,ok,1,0.5516542699724518,0.5516542699724518,-0.004568181818181749,0.5940000000000001,5
als,1,version_39,0,temporal_array,240,45,60,0.5562224517906336,ok,1,0.5109476584022039,0.5109476584022039,-0.04527479338842966,0.614,36
als,1,version_39,0,temporal_array,240,46,60,0.5562224517906336,ok,1,0.5477929292929292,0.5477929292929292,-0.008429522497704345,0.652,10
als,1,version_39,0,temporal_array,480,42,120,0.5551313735691987,ok,1,0.5255379812695109,0.5255379812695109,-0.029593392299687826,0.5965,44
als,1,version_39,0,temporal_array,480,43,120,0.5551313735691987,ok,1,0.5388683662851197,0.5388683662851197,-0.016263007284079034,0.5505,62
als,1,version_39,0,temporal_array,480,44,120,0.5551313735691987,ok,1,0.5274568158168574,0.5274568158168574,-0.02767455775234129,0.5804999999999999,54
als,1,version_39,0,temporal_array,480,45,120,0.5551313735691987,ok,0,0.5546311134235171,0.5551313735691987,0.0,0.592,0
als,1,version_39,0,temporal_array,480,46,120,0.5551313735691987,ok,1,0.5175697190426639,0.5175697190426639,-0.037561654526534816,0.6605,39
als,1,version_40,0,stratified,24,42,6,0.5592313218390804,ungateable,,,0.5592313218390804,0.0,,
als,1,version_40,0,stratified,24,43,6,0.5613939258818866,ungateable,,,0.5613939258818866,0.0,,
als,1,version_40,0,stratified,24,44,6,0.5590756704980843,ungateable,,,0.5590756704980843,0.0,,
als,1,version_40,0,stratified,24,45,6,0.5615780651340996,ungateable,,,0.5615780651340996,0.0,,
als,1,version_40,0,stratified,24,46,6,0.5608386180472982,ungateable,,,0.5608386180472982,0.0,,
als,1,version_40,0,stratified,48,42,12,0.5590363861138027,ok,0,0.5588851949614086,0.5590363861138027,0.0,0.8,0
als,1,version_40,0,stratified,48,43,12,0.5621754819740051,ok,0,0.5620856861238264,0.5621754819740051,0.0,0.5,0
als,1,version_40,0,stratified,48,44,12,0.5577850913829396,ok,1,0.5540681696682147,0.5540681696682147,-0.00371692171472493,0.7,13
als,1,version_40,0,stratified,48,45,12,0.5630208159310368,ok,0,0.5628121972000402,0.5630208159310368,0.0,0.3,0
als,1,version_40,0,stratified,48,46,12,0.558138009956898,ok,0,0.557998513147783,0.558138009956898,0.0,0.8,0
als,1,version_40,0,stratified,96,42,24,0.5585167230942855,ok,1,0.5544776597927568,0.5544776597927568,-0.0040390633015287,0.7124999999999999,9
als,1,version_40,0,stratified,96,43,24,0.56292534455046,ok,0,0.5626955729968195,0.56292534455046,0.0,0.5249999999999999,0
als,1,version_40,0,stratified,96,44,24,0.5578361718135494,ok,0,0.5576036216271673,0.5578361718135494,0.0,0.7625,0
als,1,version_40,0,stratified,96,45,24,0.5618810061215417,ok,1,0.5334705550425772,0.5334705550425772,-0.02841045107896445,0.8625,20
als,1,version_40,0,stratified,96,46,24,0.5585795629424438,ok,1,0.5492937998016484,0.5492937998016484,-0.009285763140795433,0.46249999999999997,12
als,1,version_40,0,stratified,240,42,60,0.5606157024793388,ok,1,0.5136115702479339,0.5136115702479339,-0.04700413223140487,0.764,56
als,1,version_40,0,stratified,240,43,60,0.5577323232323232,ok,0,0.5561019283746557,0.5577323232323232,0.0,0.722,1
als,1,version_40,0,stratified,240,44,60,0.5564793388429752,ok,1,0.5421076675849403,0.5421076675849403,-0.014371671258034846,0.6980000000000001,43
als,1,version_40,0,stratified,240,45,60,0.5605179063360881,ok,1,0.5525344352617081,0.5525344352617081,-0.007983471074380022,0.506,4
als,1,version_40,0,stratified,240,46,60,0.5554090909090909,ok,1,0.546421028466483,0.546421028466483,-0.008988062442607858,0.6940000000000001,7
als,1,version_40,0,stratified,480,42,120,0.5608912591050988,ok,0,0.5599877731529657,0.5608912591050988,0.0,0.66,0
als,1,version_40,0,stratified,480,43,120,0.5563891779396462,ok,0,0.554724505723205,0.5563891779396462,0.0,0.6174999999999999,0
als,1,version_40,0,stratified,480,44,120,0.5560775234131113,ok,0,0.5544136316337149,0.5560775234131113,0.0,0.542,0
als,1,version_40,0,stratified,480,45,120,0.5616368366285119,ok,1,0.5541875650364204,0.5541875650364204,-0.007449271592091522,0.5905,2
als,1,version_40,0,stratified,480,46,120,0.5540681581685744,ok,0,0.5531386576482831,0.5540681581685744,0.0,0.661,0
als,1,version_40,0,temporal_array,24,42,6,0.560547958779231,ungateable,,,0.560547958779231,0.0,,
als,1,version_40,0,temporal_array,24,43,6,0.560547958779231,ungateable,,,0.560547958779231,0.0,,
als,1,version_40,0,temporal_array,24,44,6,0.560547958779231,ungateable,,,0.560547958779231,0.0,,
als,1,version_40,0,temporal_array,24,45,6,0.560547958779231,ungateable,,,0.560547958779231,0.0,,
als,1,version_40,0,temporal_array,24,46,6,0.560547958779231,ungateable,,,0.560547958779231,0.0,,
als,1,version_40,0,temporal_array,48,42,12,0.5594845300544622,ok,0,0.5592782084266097,0.5594845300544622,0.0,0.65,0
als,1,version_40,0,temporal_array,48,43,12,0.5594845300544622,ok,0,0.5594185405459587,0.5594845300544622,0.0,0.9,0
als,1,version_40,0,temporal_array,48,44,12,0.5594845300544622,ok,0,0.5592932440108256,0.5594845300544622,0.0,0.9,0
als,1,version_40,0,temporal_array,48,45,12,0.5594845300544622,ok,1,0.5549245714858498,0.5549245714858498,-0.0045599585686123545,0.5,14
als,1,version_40,0,temporal_array,48,46,12,0.5594845300544622,ok,0,0.5593157973871495,0.5594845300544622,0.0,0.65,0
als,1,version_40,0,temporal_array,96,42,24,0.5624298929585171,ok,0,0.5622197855750487,0.5624298929585171,0.0,0.25,0
als,1,version_40,0,temporal_array,96,43,24,0.5624298929585171,ok,1,0.5619258917273691,0.5619258917273691,-0.0005040012311480213,0.3125,1
als,1,version_40,0,temporal_array,96,44,24,0.5624298929585171,ok,0,0.5608101638110872,0.5624298929585171,0.0,0.5375,4
als,1,version_40,0,temporal_array,96,45,24,0.5624298929585171,ok,0,0.5622484268663862,0.5624298929585171,0.0,0.5125,0
als,1,version_40,0,temporal_array,96,46,24,0.5624298929585171,ok,0,0.5621900755788105,0.5624298929585171,0.0,0.07500000000000001,0
als,1,version_40,0,temporal_array,240,42,60,0.5623484848484848,ok,0,0.5617497704315886,0.5623484848484848,0.0,0.5700000000000001,0
als,1,version_40,0,temporal_array,240,43,60,0.5623484848484848,ok,1,0.5593645546372819,0.5593645546372819,-0.002983930211202912,0.662,2
als,1,version_40,0,temporal_array,240,44,60,0.5623484848484848,ok,1,0.5514049586776859,0.5514049586776859,-0.010943526170798856,0.644,6
als,1,version_40,0,temporal_array,240,45,60,0.5623484848484848,ok,1,0.5615532598714417,0.5615532598714417,-0.0007952249770430964,0.53,0
als,1,version_40,0,temporal_array,240,46,60,0.5623484848484848,ok,1,0.5448546831955923,0.5448546831955923,-0.017493801652892493,0.6399999999999999,10
als,1,version_40,0,temporal_array,480,42,120,0.5607554630593132,ok,1,0.5369388657648283,0.5369388657648283,-0.02381659729448493,0.532,20
als,1,version_40,0,temporal_array,480,43,120,0.5607554630593132,ok,0,0.5590429240374609,0.5607554630593132,0.0,0.54,0
als,1,version_40,0,temporal_array,480,44,120,0.5607554630593132,ok,1,0.5501644120707596,0.5501644120707596,-0.010591050988553619,0.418,3
als,1,version_40,0,temporal_array,480,45,120,0.5607554630593132,ok,0,0.5592676899063476,0.5607554630593132,0.0,0.6144999999999999,0
als,1,version_40,0,temporal_array,480,46,120,0.5607554630593132,ok,1,0.5441568678459937,0.5441568678459937,-0.016598595213319522,0.6485000000000001,10
als,2,version_31,0,stratified,24,42,6,0.5733776340996168,ungateable,,,0.5733776340996168,0.0,,
als,2,version_31,0,stratified,24,43,6,0.5716291369401506,ungateable,,,0.5716291369401506,0.0,,
als,2,version_31,0,stratified,24,44,6,0.5712084241643546,ungateable,,,0.5712084241643546,0.0,,
als,2,version_31,0,stratified,24,45,6,0.5745208663627956,ungateable,,,0.5745208663627956,0.0,,
als,2,version_31,0,stratified,24,46,6,0.5724280370590566,ungateable,,,0.5724280370590566,0.0,,
als,2,version_31,0,stratified,48,42,12,0.5724094941361222,ok,0,0.5725099401917872,0.5724094941361222,0.0,0.65,0
als,2,version_31,0,stratified,48,43,12,0.572522261017742,ok,0,0.5723215777339704,0.572522261017742,0.0,0.4,0
als,2,version_31,0,stratified,48,44,12,0.569320516889973,ok,1,0.5692952487553877,0.5692952487553877,-2.5268134585254565e-05,0.8,0
als,2,version_31,0,stratified,48,45,12,0.5740592318487087,ok,0,0.5738464365665408,0.5740592318487087,0.0,0.39999999999999997,0
als,2,version_31,0,stratified,48,46,12,0.5710725801062515,ok,1,0.5654553276086739,0.5654553276086739,-0.005617252497577607,0.55,17
als,2,version_31,0,stratified,96,42,24,0.5720971837488459,ok,1,0.5661327416983004,0.5661327416983004,-0.005964442050545471,0.7375,8
als,2,version_31,0,stratified,96,43,24,0.5730684227625594,ok,0,0.5726736431722581,0.5730684227625594,0.0,0.625,0
als,2,version_31,0,stratified,96,44,24,0.5677856006976506,ok,1,0.5658296569884751,0.5658296569884751,-0.0019559437091755116,0.55,4
als,2,version_31,0,stratified,96,45,24,0.5746501060155261,ok,0,0.5742036011080333,0.5746501060155261,0.0,0.43749999999999994,0
als,2,version_31,0,stratified,96,46,24,0.5708519287986047,ok,1,0.5670214766936835,0.5670214766936835,-0.003830452104921167,0.7250000000000001,6
als,2,version_31,0,stratified,240,42,60,0.5708725895316804,ok,1,0.5605865472910927,0.5605865472910927,-0.010286042240587712,0.58,15
als,2,version_31,0,stratified,240,43,60,0.5760911386593205,ok,1,0.5740996326905418,0.5740996326905418,-0.0019915059687787284,0.742,1
als,2,version_31,0,stratified,240,44,60,0.5667183195592287,ok,0,0.5658957759412305,0.5667183195592287,0.0,0.662,0
als,2,version_31,0,stratified,240,45,60,0.5738496326905418,ok,1,0.5732121212121212,0.5732121212121212,-0.000637511478420616,0.478,0
als,2,version_31,0,stratified,240,46,60,0.5722068411386593,ok,1,0.5573705234159779,0.5573705234159779,-0.014836317722681347,0.6,17
als,2,version_31,0,stratified,480,42,120,0.5733504162330906,ok,0,0.5712838189386056,0.5733504162330906,0.0,0.7295,0
als,2,version_31,0,stratified,480,43,120,0.5773889177939646,ok,0,0.5758017689906347,0.5773889177939646,0.0,0.494,0
als,2,version_31,0,stratified,480,44,120,0.5676870447450573,ok,1,0.5635288761706556,0.5635288761706556,-0.004158168574401655,0.7330000000000001,1
als,2,version_31,0,stratified,480,45,120,0.5644435483870968,ok,1,0.5562528616024974,0.5562528616024974,-0.008190686784599333,0.5954999999999999,4
als,2,version_31,0,stratified,480,46,120,0.5725517689906348,ok,1,0.5599261186264308,0.5599261186264308,-0.012625650364203933,0.552,3
als,2,version_31,0,temporal_array,24,42,6,0.5719730562161448,ungateable,,,0.5719730562161448,0.0,,
als,2,version_31,0,temporal_array,24,43,6,0.5719730562161448,ungateable,,,0.5719730562161448,0.0,,
als,2,version_31,0,temporal_array,24,44,6,0.5719730562161448,ungateable,,,0.5719730562161448,0.0,,
als,2,version_31,0,temporal_array,24,45,6,0.5719730562161448,ungateable,,,0.5719730562161448,0.0,,
als,2,version_31,0,temporal_array,24,46,6,0.5719730562161448,ungateable,,,0.5719730562161448,0.0,,
als,2,version_31,0,temporal_array,48,42,12,0.571928773096328,ok,1,0.5701426709880049,0.5701426709880049,-0.0017861021083230844,1.0,8
als,2,version_31,0,temporal_array,48,43,12,0.571928773096328,ok,1,0.5722338701593772,0.5722338701593772,0.00030509706304926443,0.14999999999999997,3
als,2,version_31,0,temporal_array,48,44,12,0.571928773096328,ok,1,0.5635483143439474,0.5635483143439474,-0.008380458752380582,0.8,27
als,2,version_31,0,temporal_array,48,45,12,0.571928773096328,ok,0,0.57190392261686,0.571928773096328,0.0,0.65,0
als,2,version_31,0,temporal_array,48,46,12,0.571928773096328,ok,0,0.5719540412309132,0.571928773096328,0.0,1.0,0
als,2,version_31,0,temporal_array,96,42,24,0.574844610307445,ok,1,0.5441071611777983,0.5441071611777983,-0.03073744912964671,0.425,26
als,2,version_31,0,temporal_array,96,43,24,0.574844610307445,ok,0,0.5730906518244929,0.574844610307445,0.0,0.475,3
als,2,version_31,0,temporal_array,96,44,24,0.574844610307445,ok,1,0.5439180004103827,0.5439180004103827,-0.030926609897062307,0.5375,26
als,2,version_31,0,temporal_array,96,45,24,0.574844610307445,ok,1,0.5383981395985089,0.5383981395985089,-0.03644647070893614,0.55,57
als,2,version_31,0,temporal_array,96,46,24,0.574844610307445,ok,1,0.5441409322526589,0.5441409322526589,-0.030703678054786132,0.44999999999999996,41
als,2,version_31,0,temporal_array,240,42,60,0.5768606519742884,ok,1,0.5404150596877869,0.5404150596877869,-0.03644559228650146,0.496,30
als,2,version_31,0,temporal_array,240,43,60,0.5768606519742884,ok,1,0.5571501377410468,0.5571501377410468,-0.01971051423324155,0.536,10
als,2,version_31,0,temporal_array,240,44,60,0.5768606519742884,ok,0,0.5758785583103765,0.5768606519742884,0.0,0.5840000000000001,0
als,2,version_31,0,temporal_array,240,45,60,0.5768606519742884,ok,1,0.5054439853076216,0.5054439853076216,-0.0714166666666668,0.602,63
als,2,version_31,0,temporal_array,240,46,60,0.5768606519742884,ok,1,0.5724993112947658,0.5724993112947658,-0.004361340679522541,0.7819999999999999,3
als,2,version_31,0,temporal_array,480,42,120,0.5813363683662851,ok,1,0.5073457336108221,0.5073457336108221,-0.07399063475546297,0.5255000000000001,19
als,2,version_31,0,temporal_array,480,43,120,0.5813363683662851,ok,1,0.5010114464099895,0.5010114464099895,-0.08032492195629559,0.6135,26
als,2,version_31,0,temporal_array,480,44,120,0.5813363683662851,ok,0,0.5790197710718001,0.5813363683662851,0.0,0.552,0
als,2,version_31,0,temporal_array,480,45,120,0.5813363683662851,ok,1,0.5460330385015608,0.5460330385015608,-0.03530332986472429,0.527,46
als,2,version_31,0,temporal_array,480,46,120,0.5813363683662851,ok,0,0.579576482830385,0.5813363683662851,0.0,0.5569999999999999,0
als,2,version_32,0,stratified,24,42,6,0.5788318304927995,ungateable,,,0.5788318304927995,0.0,,
als,2,version_32,0,stratified,24,43,6,0.5779094827586206,ungateable,,,0.5779094827586206,0.0,,
als,2,version_32,0,stratified,24,44,6,0.5773847271766417,ungateable,,,0.5773847271766417,0.0,,
als,2,version_32,0,stratified,24,45,6,0.5802582903950324,ungateable,,,0.5802582903950324,0.0,,
als,2,version_32,0,stratified,24,46,6,0.578774028933809,ungateable,,,0.578774028933809,0.0,,
als,2,version_32,0,stratified,48,42,12,0.5781700023388686,ok,0,0.578333723144776,0.5781700023388686,0.0,0.75,0
als,2,version_32,0,stratified,48,43,12,0.578791055498012,ok,0,0.578783537705904,0.578791055498012,0.0,0.45,0
als,2,version_32,0,stratified,48,44,12,0.5757760032075914,ok,0,0.5759416034615256,0.5757760032075914,0.0,0.7,0
als,2,version_32,0,stratified,48,45,12,0.5795804236693508,ok,1,0.5786799592368606,0.5786799592368606,-0.0009004644324902555,0.6,12
als,2,version_32,0,stratified,48,46,12,0.577468341742123,ok,0,0.5775297370443383,0.577468341742123,0.0,0.35,0
als,2,version_32,0,stratified,96,42,24,0.5782475804521049,ok,0,0.5783313669163161,0.5782475804521049,0.0,0.55,0
als,2,version_32,0,stratified,96,43,24,0.5794004992989297,ok,0,0.5795486217981601,0.5794004992989297,0.0,0.675,0
als,2,version_32,0,stratified,96,44,24,0.5735384391778667,ok,1,0.5735589583119591,0.5735589583119591,2.051913409240047e-05,0.625,6
als,2,version_32,0,stratified,96,45,24,0.5800960124482746,ok,0,0.5801280735952943,0.5800960124482746,0.0,0.575,2
als,2,version_32,0,stratified,96,46,24,0.5772361581341268,ok,1,0.5759173762867207,0.5759173762867207,-0.0013187818474060808,0.675,19
als,2,version_32,0,stratified,240,42,60,0.5770064279155188,ok,1,0.5698999081726355,0.5698999081726355,-0.007106519742883344,0.49,31
als,2,version_32,0,stratified,240,43,60,0.5800730027548209,ok,1,0.579763085399449,0.579763085399449,-0.00030991735537189147,0.846,2
als,2,version_32,0,stratified,240,44,60,0.5709954086317722,ok,1,0.5710316804407713,0.5710316804407713,3.627180899912208e-05,0.692,0
als,2,version_32,0,stratified,240,45,60,0.577168044077135,ok,1,0.5589387052341598,0.5589387052341598,-0.018229338842975173,0.624,26
als,2,version_32,0,stratified,240,46,60,0.5791698806244261,ok,1,0.5549320477502295,0.5549320477502295,-0.024237832874196563,0.558,69
als,2,version_32,0,stratified,480,42,120,0.5776103017689906,ok,0,0.5772039542143601,0.5776103017689906,0.0,0.6435,0
als,2,version_32,0,stratified,480,43,120,0.5813839750260146,ok,0,0.5816209677419355,0.5813839750260146,0.0,0.5269999999999999,0
als,2,version_32,0,stratified,480,44,120,0.5712065556711758,ok,1,0.5704146722164412,0.5704146722164412,-0.0007918834547346876,0.713,10
als,2,version_32,0,stratified,480,45,120,0.5680946930280958,ok,0,0.5678215400624349,0.5680946930280958,0.0,0.641,0
als,2,version_32,0,stratified,480,46,120,0.5789261186264307,ok,1,0.5503746097814777,0.5503746097814777,-0.028551508844953055,0.6435,74
als,2,version_32,0,temporal_array,24,42,6,0.5780044424626767,ungateable,,,0.5780044424626767,0.0,,
als,2,version_32,0,temporal_array,24,43,6,0.5780044424626767,ungateable,,,0.5780044424626767,0.0,,
als,2,version_32,0,temporal_array,24,44,6,0.5780044424626767,ungateable,,,0.5780044424626767,0.0,,
als,2,version_32,0,temporal_array,24,45,6,0.5780044424626767,ungateable,,,0.5780044424626767,0.0,,
als,2,version_32,0,temporal_array,24,46,6,0.5780044424626767,ungateable,,,0.5780044424626767,0.0,,
als,2,version_32,0,temporal_array,48,42,12,0.5773384510007016,ok,1,0.5765791539977948,0.5765791539977948,-0.000759297002906778,0.9,9
als,2,version_32,0,temporal_array,48,43,12,0.5773384510007016,ok,1,0.5750854104714491,0.5750854104714491,-0.002253040529252459,0.9,14
als,2,version_32,0,temporal_array,48,44,12,0.5773384510007016,ok,1,0.5750396772361255,0.5750396772361255,-0.002298773764576101,0.8500000000000001,20
als,2,version_32,0,temporal_array,48,45,12,0.5773384510007016,ok,0,0.5774328410571686,0.5773384510007016,0.0,0.9,0
als,2,version_32,0,temporal_array,48,46,12,0.5773384510007016,ok,1,0.5774165525076013,0.5774165525076013,7.810150689968598e-05,0.9,1
als,2,version_32,0,temporal_array,96,42,24,0.5795065148250744,ok,1,0.5798455080195616,0.5798455080195616,0.00033899319448715826,0.4,0
als,2,version_32,0,temporal_array,96,43,24,0.5795065148250744,ok,0,0.5797745460141582,0.5795065148250744,0.0,0.6625,0
als,2,version_32,0,temporal_array,96,44,24,0.5795065148250744,ok,1,0.5798378133442769,0.5798378133442769,0.0003312985192024387,0.5125,1
als,2,version_32,0,temporal_array,96,45,24,0.5795065148250744,ok,1,0.5798497828391642,0.5798497828391642,0.00034326801408979257,0.4,2
als,2,version_32,0,temporal_array,96,46,24,0.5795065148250744,ok,1,0.5744382887042168,0.5744382887042168,-0.005068226120857666,0.375,13
als,2,version_32,0,temporal_array,240,42,60,0.5801267217630854,ok,1,0.5740321395775941,0.5740321395775941,-0.006094582185491304,0.596,70
als,2,version_32,0,temporal_array,240,43,60,0.5801267217630854,ok,0,0.5805500459136823,0.5801267217630854,0.0,0.5499999999999999,0
als,2,version_32,0,temporal_array,240,44,60,0.5801267217630854,ok,1,0.5798939393939394,0.5798939393939394,-0.000232782369146034,0.72,3
als,2,version_32,0,temporal_array,240,45,60,0.5801267217630854,ok,1,0.57200826446281,0.57200826446281,-0.008118457300275495,0.642,59
als,2,version_32,0,temporal_array,240,46,60,0.5801267217630854,ok,1,0.5740725436179982,0.5740725436179982,-0.006054178145087241,0.784,15
als,2,version_32,0,temporal_array,480,42,120,0.5850993756503643,ok,0,0.5854864724245578,0.5850993756503643,0.0,0.5569999999999999,0
als,2,version_32,0,temporal_array,480,43,120,0.5850993756503643,ok,1,0.5826220083246618,0.5826220083246618,-0.002477367325702473,0.5485,11
als,2,version_32,0,temporal_array,480,44,120,0.5850993756503643,ok,0,0.585103277835588,0.5850993756503643,0.0,0.58,0
als,2,version_32,0,temporal_array,480,45,120,0.5850993756503643,ok,1,0.573516129032258,0.573516129032258,-0.01158324661810628,0.5509999999999999,32
als,2,version_32,0,temporal_array,480,46,120,0.5850993756503643,ok,1,0.5856357960457856,0.5856357960457856,0.0005364203954213442,0.6025,0
als,2,version_33,0,stratified,24,42,6,0.5928264136609857,ungateable,,,0.5928264136609857,0.0,,
als,2,version_33,0,stratified,24,43,6,0.5917368542740125,ungateable,,,0.5917368542740125,0.0,,
als,2,version_33,0,stratified,24,44,6,0.5906539007794953,ungateable,,,0.5906539007794953,0.0,,
als,2,version_33,0,stratified,24,45,6,0.5936880697582243,ungateable,,,0.5936880697582243,0.0,,
als,2,version_33,0,stratified,24,46,6,0.5921352721627693,ungateable,,,0.5921352721627693,0.0,,
als,2,version_33,0,stratified,48,42,12,0.5926843529686926,ok,0,0.5918304570817601,0.5926843529686926,0.0,0.65,0
als,2,version_33,0,stratified,48,43,12,0.5921614487620702,ok,1,0.5893982425072671,0.5893982425072671,-0.0027632062548030856,0.5,9
als,2,version_33,0,stratified,48,44,12,0.5904352801630526,ok,1,0.5846591098934144,0.5846591098934144,-0.00577617026963817,1.0,10
als,2,version_33,0,stratified,48,45,12,0.592130124628287,ok,0,0.5915203481573056,0.592130124628287,0.0,0.7,0
als,2,version_33,0,stratified,48,46,12,0.5905981656587256,ok,1,0.5839505579872364,0.5839505579872364,-0.006647607671489197,0.44999999999999996,9
als,2,version_33,0,stratified,96,42,24,0.5930658151226018,ok,1,0.591075031633665,0.591075031633665,-0.001990783488936776,0.5125,1
als,2,version_33,0,stratified,96,43,24,0.5918154303888377,ok,0,0.5905911220546493,0.5918154303888377,0.0,0.6875,0
als,2,version_33,0,stratified,96,44,24,0.589896891351185,ok,1,0.587644061420608,0.587644061420608,-0.0022528299305769606,0.7000000000000001,2
als,2,version_33,0,stratified,96,45,24,0.5921274922198284,ok,0,0.5914892616531583,0.5921274922198284,0.0,0.7,0
als,2,version_33,0,stratified,96,46,24,0.5897451352552922,ok,1,0.5806258763380185,0.5806258763380185,-0.00911925891727361,0.875,28
als,2,version_33,0,stratified,240,42,60,0.5933943985307621,ok,1,0.5865034435261708,0.5865034435261708,-0.006890955004591359,0.506,23
als,2,version_33,0,stratified,240,43,60,0.5956611570247934,ok,1,0.5806740128558311,0.5806740128558311,-0.014987144168962296,0.7120000000000001,7
als,2,version_33,0,stratified,240,44,60,0.5878787878787879,ok,1,0.5867878787878789,0.5867878787878789,-0.0010909090909090313,0.632,43
als,2,version_33,0,stratified,240,45,60,0.5884977043158861,ok,0,0.5861464646464647,0.5884977043158861,0.0,0.68,0
als,2,version_33,0,stratified,240,46,60,0.591884756657484,ok,1,0.5881756198347108,0.5881756198347108,-0.0037091368227731847,0.524,1
als,2,version_33,0,stratified,480,42,120,0.5924958376690947,ok,0,0.5886540062434964,0.5924958376690947,0.0,0.5525000000000001,0
als,2,version_33,0,stratified,480,43,120,0.5962455775234131,ok,0,0.5666919875130073,0.5962455775234131,0.0,0.4795,11
als,2,version_33,0,stratified,480,44,120,0.5889828303850155,ok,1,0.5829053069719042,0.5829053069719042,-0.0060775234131112965,0.6255,4
als,2,version_33,0,stratified,480,45,120,0.5826040582726327,ok,1,0.5810150884495318,0.5810150884495318,-0.001588969823100972,0.6154999999999999,39
als,2,version_33,0,stratified,480,46,120,0.5936181061394381,ok,1,0.5649336628511967,0.5649336628511967,-0.02868444328824138,0.6365000000000001,25
als,2,version_33,0,temporal_array,24,42,6,0.5918660820451843,ungateable,,,0.5918660820451843,0.0,,
als,2,version_33,0,temporal_array,24,43,6,0.5918660820451843,ungateable,,,0.5918660820451843,0.0,,
als,2,version_33,0,temporal_array,24,44,6,0.5918660820451843,ungateable,,,0.5918660820451843,0.0,,
als,2,version_33,0,temporal_array,24,45,6,0.5918660820451843,ungateable,,,0.5918660820451843,0.0,,
als,2,version_33,0,temporal_array,24,46,6,0.5918660820451843,ungateable,,,0.5918660820451843,0.0,,
als,2,version_33,0,temporal_array,48,42,12,0.5914485114771626,ok,1,0.5796004711149721,0.5796004711149721,-0.011848040362190448,1.0,7
als,2,version_33,0,temporal_array,48,43,12,0.5914485114771626,ok,1,0.5859717999264927,0.5859717999264927,-0.005476711550669866,0.6,4
als,2,version_33,0,temporal_array,48,44,12,0.5914485114771626,ok,1,0.546923552407364,0.546923552407364,-0.044524959069798586,0.9500000000000001,35
als,2,version_33,0,temporal_array,48,45,12,0.5914485114771626,ok,0,0.5910939222827358,0.5914485114771626,0.0,0.8,0
als,2,version_33,0,temporal_array,48,46,12,0.5914485114771626,ok,0,0.590508787463664,0.5914485114771626,0.0,1.0,0
als,2,version_33,0,temporal_array,96,42,24,0.5934330221264662,ok,0,0.5919791559796177,0.5934330221264662,0.0,0.5,0
als,2,version_33,0,temporal_array,96,43,24,0.5934330221264662,ok,1,0.5922619352963304,0.5922619352963304,-0.0011710868301357813,0.5625,0
als,2,version_33,0,temporal_array,96,44,24,0.5934330221264662,ok,1,0.5908954892103554,0.5908954892103554,-0.0025375329161108073,0.38750000000000007,1
als,2,version_33,0,temporal_array,96,45,24,0.5934330221264662,ok,0,0.5928691734208816,0.5934330221264662,0.0,0.3125,0
als,2,version_33,0,temporal_array,96,46,24,0.5934330221264662,ok,0,0.592449386135905,0.5934330221264662,0.0,0.2375,0
als,2,version_33,0,temporal_array,240,42,60,0.595317722681359,ok,1,0.5705238751147842,0.5705238751147842,-0.024793847566574767,0.48,17
als,2,version_33,0,temporal_array,240,43,60,0.595317722681359,ok,0,0.5920084940312214,0.595317722681359,0.0,0.644,0
als,2,version_33,0,temporal_array,240,44,60,0.595317722681359,ok,1,0.5760782828282829,0.5760782828282829,-0.01923943985307608,0.658,7
als,2,version_33,0,temporal_array,240,45,60,0.595317722681359,ok,1,0.5420817263544536,0.5420817263544536,-0.053235996326905344,0.506,73
als,2,version_33,0,temporal_array,240,46,60,0.595317722681359,ok,1,0.5644331955922864,0.5644331955922864,-0.030884527089072522,0.726,14
als,2,version_33,0,temporal_array,480,42,120,0.5980697190426639,ok,0,0.5949703433922997,0.5980697190426639,0.0,0.4965,0
als,2,version_33,0,temporal_array,480,43,120,0.5980697190426639,ok,0,0.5947055150884496,0.5980697190426639,0.0,0.5385,0
als,2,version_33,0,temporal_array,480,44,120,0.5980697190426639,ok,0,0.5952944849115505,0.5980697190426639,0.0,0.562,0
als,2,version_33,0,temporal_array,480,45,120,0.5980697190426639,ok,0,0.59365790842872,0.5980697190426639,0.0,0.43650000000000005,0
als,2,version_33,0,temporal_array,480,46,120,0.5980697190426639,ok,0,0.594987513007284,0.5980697190426639,0.0,0.544,0
als,2,version_34,0,stratified,24,42,6,0.583892150548289,ungateable,,,0.583892150548289,0.0,,
als,2,version_34,0,stratified,24,43,6,0.5828480066719514,ungateable,,,0.5828480066719514,0.0,,
als,2,version_34,0,stratified,24,44,6,0.5823133422512881,ungateable,,,0.5823133422512881,0.0,,
als,2,version_34,0,stratified,24,45,6,0.5856732643017573,ungateable,,,0.5856732643017573,0.0,,
als,2,version_34,0,stratified,24,46,6,0.5839904131985731,ungateable,,,0.5839904131985731,0.0,,
als,2,version_34,0,stratified,48,42,12,0.5833545641351198,ok,1,0.5830087456981523,0.5830087456981523,-0.00034581843696745995,0.8500000000000001,3
als,2,version_34,0,stratified,48,43,12,0.5836991296067359,ok,0,0.5833434962745163,0.5836991296067359,0.0,0.4,0
als,2,version_34,0,stratified,48,44,12,0.5802221507567911,ok,0,0.5800477797453975,0.5802221507567911,0.0,0.9500000000000001,0
als,2,version_34,0,stratified,48,45,12,0.5853714206956464,ok,1,0.5848501871094924,0.5848501871094924,-0.0005212335861539685,0.6,0
als,2,version_34,0,stratified,48,46,12,0.5826236676801764,ok,1,0.5723888202078252,0.5723888202078252,-0.01023484747235115,0.5,14
als,2,version_34,0,stratified,96,42,24,0.5827312249923052,ok,1,0.5684078006908109,0.5684078006908109,-0.014323424301494359,0.8,33
als,2,version_34,0,stratified,96,43,24,0.5832412109708971,ok,0,0.5825461253035122,0.5832412109708971,0.0,0.7,0
als,2,version_34,0,stratified,96,44,24,0.5774518227830785,ok,1,0.5760947813002291,0.5760947813002291,-0.0013570414828494304,0.7625,1
als,2,version_34,0,stratified,96,45,24,0.5867525477924832,ok,1,0.5327472555658151,0.5327472555658151,-0.054005292226668056,0.48750000000000004,30
als,2,version_34,0,stratified,96,46,24,0.5825636520638829,ok,1,0.5715286327416983,0.5715286327416983,-0.011035019322184647,0.8124999999999999,23
als,2,version_34,0,stratified,240,42,60,0.5822566574839302,ok,1,0.5734191919191919,0.5734191919191919,-0.0088374655647383,0.652,33
als,2,version_34,0,stratified,240,43,60,0.5845224977043159,ok,0,0.5830757575757576,0.5845224977043159,0.0,0.8320000000000001,0
als,2,version_34,0,stratified,240,44,60,0.5754414600550964,ok,0,0.57077318640955,0.5754414600550964,0.0,0.736,2
als,2,version_34,0,stratified,240,45,60,0.5839538567493112,ok,1,0.5706758494031221,0.5706758494031221,-0.013278007346189113,0.582,8
als,2,version_34,0,stratified,240,46,60,0.5850929752066116,ok,1,0.5798213957759413,0.5798213957759413,-0.005271579430670359,0.606,40
als,2,version_34,0,stratified,480,42,120,0.5829016649323622,ok,0,0.5801956295525494,0.5829016649323622,0.0,0.6529999999999999,0
als,2,version_34,0,stratified,480,43,120,0.5873160770031217,ok,0,0.5859510926118626,0.5873160770031217,0.0,0.498,0
als,2,version_34,0,stratified,480,44,120,0.575230749219563,ok,1,0.5674817898022892,0.5674817898022892,-0.007748959417273715,0.7245,2
als,2,version_34,0,stratified,480,45,120,0.5754958376690946,ok,0,0.5689516129032258,0.5754958376690946,0.0,0.6235,1
als,2,version_34,0,stratified,480,46,120,0.5841253902185224,ok,1,0.5748231009365244,0.5748231009365244,-0.009302289281997944,0.573,4
als,2,version_34,0,temporal_array,24,42,6,0.58337565233188,ungateable,,,0.58337565233188,0.0,,
als,2,version_34,0,temporal_array,24,43,6,0.58337565233188,ungateable,,,0.58337565233188,0.0,,
als,2,version_34,0,temporal_array,24,44,6,0.58337565233188,ungateable,,,0.58337565233188,0.0,,
als,2,version_34,0,temporal_array,24,45,6,0.58337565233188,ungateable,,,0.58337565233188,0.0,,
als,2,version_34,0,temporal_array,24,46,6,0.58337565233188,ungateable,,,0.58337565233188,0.0,,
als,2,version_34,0,temporal_array,48,42,12,0.583072229275953,ok,0,0.5832919158675531,0.583072229275953,0.0,0.75,0
als,2,version_34,0,temporal_array,48,43,12,0.583072229275953,ok,0,0.5830477964516021,0.583072229275953,0.0,0.55,0
als,2,version_34,0,temporal_array,48,44,12,0.583072229275953,ok,1,0.579970513548732,0.579970513548732,-0.003101715727221066,0.7,22
als,2,version_34,0,temporal_array,48,45,12,0.583072229275953,ok,0,0.5836062013431789,0.583072229275953,0.0,0.9,0
als,2,version_34,0,temporal_array,48,46,12,0.583072229275953,ok,1,0.5819309866684486,0.5819309866684486,-0.001141242607504478,0.9,15
als,2,version_34,0,temporal_array,96,42,24,0.586318653602818,ok,1,0.5738759361854929,0.5738759361854929,-0.012442717417325055,0.4,20
als,2,version_34,0,temporal_array,96,43,24,0.586318653602818,ok,1,0.567077904312438,0.567077904312438,-0.01924074929038,0.6875,24
als,2,version_34,0,temporal_array,96,44,24,0.586318653602818,ok,1,0.586385768270579,0.586385768270579,6.71146677609924e-05,0.3625,2
als,2,version_34,0,temporal_array,96,45,24,0.586318653602818,ok,1,0.5865898909066037,0.5865898909066037,0.00027123730378575406,0.23750000000000004,8
als,2,version_34,0,temporal_array,96,46,24,0.586318653602818,ok,1,0.5603309565336343,0.5603309565336343,-0.02598769706918369,0.475,47
als,2,version_34,0,temporal_array,240,42,60,0.5869405417814508,ok,1,0.5458025711662076,0.5458025711662076,-0.04113797061524327,0.636,34
als,2,version_34,0,temporal_array,240,43,60,0.5869405417814508,ok,1,0.5818911845730028,0.5818911845730028,-0.005049357208448013,0.682,5
als,2,version_34,0,temporal_array,240,44,60,0.5869405417814508,ok,0,0.5865149219467402,0.5869405417814508,0.0,0.7080000000000001,0
als,2,version_34,0,temporal_array,240,45,60,0.5869405417814508,ok,1,0.5633969237832873,0.5633969237832873,-0.023543617998163513,0.63,17
als,2,version_34,0,temporal_array,240,46,60,0.5869405417814508,ok,1,0.5815720844811754,0.5815720844811754,-0.005368457300275464,0.818,4
als,2,version_34,0,temporal_array,480,42,120,0.5929250780437045,ok,1,0.49124635796045785,0.49124635796045785,-0.10167872008324669,0.5655,61
als,2,version_34,0,temporal_array,480,43,120,0.5929250780437045,ok,1,0.5189094693028096,0.5189094693028096,-0.07401560874089497,0.594,53
als,2,version_34,0,temporal_array,480,44,120,0.5929250780437045,ok,0,0.5903324661810614,0.5929250780437045,0.0,0.5469999999999999,0
als,2,version_34,0,temporal_array,480,45,120,0.5929250780437045,ok,0,0.5907996878251821,0.5929250780437045,0.0,0.5,0
als,2,version_34,0,temporal_array,480,46,120,0.5929250780437045,ok,0,0.5908028095733611,0.5929250780437045,0.0,0.5425,0
als,2,version_35,0,stratified,24,42,6,0.567887311732065,ungateable,,,0.567887311732065,0.0,,
als,2,version_35,0,stratified,24,43,6,0.5663667178623332,ungateable,,,0.5663667178623332,0.0,,
als,2,version_35,0,stratified,24,44,6,0.5668766101862862,ungateable,,,0.5668766101862862,0.0,,
als,2,version_35,0,stratified,24,45,6,0.5688583779231074,ungateable,,,0.5688583779231074,0.0,,
als,2,version_35,0,stratified,24,46,6,0.5677993707887437,ungateable,,,0.5677993707887437,0.0,,
als,2,version_35,0,stratified,48,42,12,0.5669403003775602,ok,0,0.5664113401717398,0.5669403003775602,0.0,0.65,0
als,2,version_35,0,stratified,48,43,12,0.5669649420294697,ok,1,0.5596140031407665,0.5596140031407665,-0.007350938888703196,0.4,9
als,2,version_35,0,stratified,48,44,12,0.5651339419960573,ok,0,0.5643758979585018,0.5651339419960573,0.0,0.6,0
als,2,version_35,0,stratified,48,45,12,0.5677221507567911,ok,1,0.5327738146947777,0.5327738146947777,-0.03494833606201342,0.9,38
als,2,version_35,0,stratified,48,46,12,0.5668003859133282,ok,1,0.5647077249490462,0.5647077249490462,-0.002092660964281956,0.44999999999999996,1
als,2,version_35,0,stratified,96,42,24,0.567102484525153,ok,1,0.5551231575527513,0.5551231575527513,-0.011979326972401672,0.55,10
als,2,version_35,0,stratified,96,43,24,0.5675402260524606,ok,0,0.5657873362744092,0.5675402260524606,0.0,0.5625,0
als,2,version_35,0,stratified,96,44,24,0.563365437228549,ok,0,0.5616552956465237,0.563365437228549,0.0,0.525,0
als,2,version_35,0,stratified,96,45,24,0.5684139991792346,ok,0,0.5671296296296297,0.5684139991792346,0.0,0.5125,0
als,2,version_35,0,stratified,96,46,24,0.5668365907458706,ok,1,0.5428003488252795,0.5428003488252795,-0.02403624192059106,0.675,22
als,2,version_35,0,stratified,240,42,60,0.5653262167125803,ok,1,0.5627047750229568,0.5627047750229568,-0.002621441689623527,0.592,56
als,2,version_35,0,stratified,240,43,60,0.5700039026629936,ok,0,0.5669081726354454,0.5700039026629936,0.0,0.758,0
als,2,version_35,0,stratified,240,44,60,0.5620466023875115,ok,0,0.5586561065197428,0.5620466023875115,0.0,0.622,0
als,2,version_35,0,stratified,240,45,60,0.5667073002754821,ok,1,0.5597408172635445,0.5597408172635445,-0.006966483011937585,0.488,1
als,2,version_35,0,stratified,240,46,60,0.5686967401285583,ok,1,0.56163246097337,0.56163246097337,-0.007064279155188258,0.478,1
als,2,version_35,0,stratified,480,42,120,0.5647187825182102,ok,0,0.5584287200832466,0.5647187825182102,0.0,0.6775,0
als,2,version_35,0,stratified,480,43,120,0.5722801768990635,ok,1,0.5693623829344432,0.5693623829344432,-0.00291779396462033,0.5555000000000001,52
als,2,version_35,0,stratified,480,44,120,0.5638446930280957,ok,0,0.5528535379812696,0.5638446930280957,0.0,0.712,1
als,2,version_35,0,stratified,480,45,120,0.5602614464099896,ok,0,0.5537138397502601,0.5602614464099896,0.0,0.558,0
als,2,version_35,0,stratified,480,46,120,0.5707427159209157,ok,0,0.5654921956295526,0.5707427159209157,0.0,0.539,0
als,2,version_35,0,temporal_array,24,42,6,0.5678191884661118,ungateable,,,0.5678191884661118,0.0,,
als,2,version_35,0,temporal_array,24,43,6,0.5678191884661118,ungateable,,,0.5678191884661118,0.0,,
als,2,version_35,0,temporal_array,24,44,6,0.5678191884661118,ungateable,,,0.5678191884661118,0.0,,
als,2,version_35,0,temporal_array,24,45,6,0.5678191884661118,ungateable,,,0.5678191884661118,0.0,,
als,2,version_35,0,temporal_array,24,46,6,0.5678191884661118,ungateable,,,0.5678191884661118,0.0,,
als,2,version_35,0,temporal_array,48,42,12,0.5674769872030472,ok,0,0.5666500300711684,0.5674769872030472,0.0,0.75,0
als,2,version_35,0,temporal_array,48,43,12,0.5674769872030472,ok,0,0.567245188613051,0.5674769872030472,0.0,0.55,0
als,2,version_35,0,temporal_array,48,44,12,0.5674769872030472,ok,0,0.566372707073407,0.5674769872030472,0.0,0.6,0
als,2,version_35,0,temporal_array,48,45,12,0.5674769872030472,ok,0,0.5665437368438638,0.5674769872030472,0.0,0.85,0
als,2,version_35,0,temporal_array,48,46,12,0.5674769872030472,ok,1,0.5661858064085001,0.5661858064085001,-0.0012911807945470422,0.85,4
als,2,version_35,0,temporal_array,96,42,24,0.5720399011661709,ok,0,0.5714206935467323,0.5720399011661709,0.0,0.07500000000000004,0
als,2,version_35,0,temporal_array,96,43,24,0.5720399011661709,ok,0,0.5709239595089087,0.5720399011661709,0.0,0.35000000000000003,0
als,2,version_35,0,temporal_array,96,44,24,0.5720399011661709,ok,0,0.5709072877124586,0.5720399011661709,0.0,0.3125,0
als,2,version_35,0,temporal_array,96,45,24,0.5720399011661709,ok,0,0.570934219075955,0.5720399011661709,0.0,0.275,0
als,2,version_35,0,temporal_array,96,46,24,0.5720399011661709,ok,0,0.5710560514346295,0.5720399011661709,0.0,0.18750000000000003,0
als,2,version_35,0,temporal_array,240,42,60,0.5734575298438935,ok,1,0.44402226813590445,0.44402226813590445,-0.12943526170798908,0.536,24
als,2,version_35,0,temporal_array,240,43,60,0.5734575298438935,ok,0,0.5724791092745638,0.5734575298438935,0.0,0.6080000000000001,0
als,2,version_35,0,temporal_array,240,44,60,0.5734575298438935,ok,0,0.5712718089990816,0.5734575298438935,0.0,0.5960000000000001,0
als,2,version_35,0,temporal_array,240,45,60,0.5734575298438935,ok,0,0.5714660238751148,0.5734575298438935,0.0,0.512,0
als,2,version_35,0,temporal_array,240,46,60,0.5734575298438935,ok,0,0.5713838383838383,0.5734575298438935,0.0,0.712,0
als,2,version_35,0,temporal_array,480,42,120,0.5785710197710717,ok,0,0.5727986472424558,0.5785710197710717,0.0,0.48750000000000004,0
als,2,version_35,0,temporal_array,480,43,120,0.5785710197710717,ok,0,0.5735710197710718,0.5785710197710717,0.0,0.49450000000000005,0
als,2,version_35,0,temporal_array,480,44,120,0.5785710197710717,ok,1,0.5305140478668054,0.5305140478668054,-0.04805697190426628,0.5055,7
als,2,version_35,0,temporal_array,480,45,120,0.5785710197710717,ok,0,0.5745894901144641,0.5785710197710717,0.0,0.4205,0
als,2,version_35,0,temporal_array,480,46,120,0.5785710197710717,ok,1,0.5545626951092612,0.5545626951092612,-0.024008324661810576,0.5805000000000001,3
als,2,version_36,0,stratified,24,42,6,0.5761855512617254,ungateable,,,0.5761855512617254,0.0,,
als,2,version_36,0,stratified,24,43,6,0.5751100293962215,ungateable,,,0.5751100293962215,0.0,,
als,2,version_36,0,stratified,24,44,6,0.5743716144801163,ungateable,,,0.5743716144801163,0.0,,
als,2,version_36,0,stratified,24,45,6,0.5776673355132779,ungateable,,,0.5776673355132779,0.0,,
als,2,version_36,0,stratified,24,46,6,0.576330880895759,ungateable,,,0.576330880895759,0.0,,
als,2,version_36,0,stratified,48,42,12,0.5758125480303384,ok,1,0.5772371696348024,0.5772371696348024,0.0014246216044639937,0.9,1
als,2,version_36,0,stratified,48,43,12,0.5753857045006516,ok,0,0.5751219552941963,0.5753857045006516,0.0,0.55,0
als,2,version_36,0,stratified,48,44,12,0.5727822513281433,ok,0,0.5736242440442381,0.5727822513281433,0.0,0.8,0
als,2,version_36,0,stratified,48,45,12,0.5775859116575897,ok,0,0.5778377576932072,0.5775859116575897,0.0,0.30000000000000004,0
als,2,version_36,0,stratified,48,46,12,0.5748795064987137,ok,0,0.574693441144041,0.5748795064987137,0.0,0.4,0
als,2,version_36,0,stratified,96,42,24,0.5751810386101707,ok,1,0.574630228104374,0.574630228104374,-0.0005508105057966395,0.7374999999999999,32
als,2,version_36,0,stratified,96,43,24,0.574526991210971,ok,1,0.5746024417769571,0.5746024417769571,7.545056598612376e-05,0.8375,1
als,2,version_36,0,stratified,96,44,24,0.5710440819397422,ok,1,0.5742138606750795,0.5742138606750795,0.003169778735337303,0.6125,16
als,2,version_36,0,stratified,96,45,24,0.5775480062241374,ok,0,0.5773556393420198,0.5775480062241374,0.0,0.5,0
als,2,version_36,0,stratified,96,46,24,0.5756568260319415,ok,1,0.575008122157245,0.575008122157245,-0.0006487038746965101,0.6875,8
als,2,version_36,0,stratified,240,42,60,0.5749106978879706,ok,1,0.5734765840220385,0.5734765840220385,-0.001434113865932063,0.494,16
als,2,version_36,0,stratified,240,43,60,0.5775929752066116,ok,0,0.5779361799816345,0.5775929752066116,0.0,0.762,4
als,2,version_36,0,stratified,240,44,60,0.5696625344352617,ok,0,0.5707215335169881,0.5696625344352617,0.0,0.646,0
als,2,version_36,0,stratified,240,45,60,0.5757582644628099,ok,0,0.5768181818181819,0.5757582644628099,0.0,0.5339999999999999,0
als,2,version_36,0,stratified,240,46,60,0.5781140955004591,ok,1,0.5796354453627182,0.5796354453627182,0.0015213498622590471,0.45599999999999996,4
als,2,version_36,0,stratified,480,42,120,0.5748329864724245,ok,1,0.5746906867845993,0.5746906867845993,-0.00014229968782519808,0.727,1
als,2,version_36,0,stratified,480,43,120,0.5787130593132155,ok,0,0.58005098855359,0.5787130593132155,0.0,0.536,0
als,2,version_36,0,stratified,480,44,120,0.5688553590010406,ok,0,0.5698605619146722,0.5688553590010406,0.0,0.7195,0
als,2,version_36,0,stratified,480,45,120,0.5680340790842873,ok,0,0.5691175858480749,0.5680340790842873,0.0,0.5965,0
als,2,version_36,0,stratified,480,46,120,0.578488813735692,ok,0,0.5784568158168575,0.578488813735692,0.0,0.5449999999999999,0
als,2,version_36,0,temporal_array,24,42,6,0.5758383290395032,ungateable,,,0.5758383290395032,0.0,,
als,2,version_36,0,temporal_array,24,43,6,0.5758383290395032,ungateable,,,0.5758383290395032,0.0,,
als,2,version_36,0,temporal_array,24,44,6,0.5758383290395032,ungateable,,,0.5758383290395032,0.0,,
als,2,version_36,0,temporal_array,24,45,6,0.5758383290395032,ungateable,,,0.5758383290395032,0.0,,
als,2,version_36,0,temporal_array,24,46,6,0.5758383290395032,ungateable,,,0.5758383290395032,0.0,,
als,2,version_36,0,temporal_array,48,42,12,0.5754671472484881,ok,1,0.5770160212502924,0.5770160212502924,0.0015488740018042568,0.7999999999999999,3
als,2,version_36,0,temporal_array,48,43,12,0.5754671472484881,ok,1,0.5782760867386147,0.5782760867386147,0.0028089394901266163,0.55,11
als,2,version_36,0,temporal_array,48,44,12,0.5754671472484881,ok,1,0.5749701376591266,0.5749701376591266,-0.0004970095893614968,0.75,22
als,2,version_36,0,temporal_array,48,45,12,0.5754671472484881,ok,1,0.5768213939657189,0.5768213939657189,0.0013542467172307227,0.8500000000000001,15
als,2,version_36,0,temporal_array,48,46,12,0.5754671472484881,ok,1,0.5760740001336495,0.5760740001336495,0.0006068528851613797,0.85,0
als,2,version_36,0,temporal_array,96,42,24,0.5794960415170479,ok,1,0.5533978403611367,0.5533978403611367,-0.026098201155911216,0.32500000000000007,31
als,2,version_36,0,temporal_array,96,43,24,0.5794960415170479,ok,1,0.5810516483704387,0.5810516483704387,0.0015556068533907341,0.45,5
als,2,version_36,0,temporal_array,96,44,24,0.5794960415170479,ok,0,0.5805264867822578,0.5794960415170479,0.0,0.4625,0
als,2,version_36,0,temporal_array,96,45,24,0.5794960415170479,ok,0,0.5804456926917684,0.5794960415170479,0.0,0.3,0
als,2,version_36,0,temporal_array,96,46,24,0.5794960415170479,ok,1,0.5699465220067713,0.5699465220067713,-0.009549519510276605,0.46249999999999997,23
als,2,version_36,0,temporal_array,240,42,60,0.5785098714416895,ok,1,0.5789660238751148,0.5789660238751148,0.0004561524334252276,0.6020000000000001,5
als,2,version_36,0,temporal_array,240,43,60,0.5785098714416895,ok,0,0.5796099632690542,0.5785098714416895,0.0,0.632,0
als,2,version_36,0,temporal_array,240,44,60,0.5785098714416895,ok,1,0.5805429292929294,0.5805429292929294,0.002033057851239861,0.6880000000000001,2
als,2,version_36,0,temporal_array,240,45,60,0.5785098714416895,ok,1,0.5798590449954086,0.5798590449954086,0.0013491735537191074,0.588,2
als,2,version_36,0,temporal_array,240,46,60,0.5785098714416895,ok,1,0.579941230486685,0.579941230486685,0.0014313590449954727,0.802,2
als,2,version_36,0,temporal_array,480,42,120,0.58099505723205,ok,1,0.5774461498439126,0.5774461498439126,-0.003548907388137401,0.5675000000000001,3
als,2,version_36,0,temporal_array,480,43,120,0.58099505723205,ok,1,0.5718095733610822,0.5718095733610822,-0.009185483870967848,0.563,8
als,2,version_36,0,temporal_array,480,44,120,0.58099505723205,ok,1,0.5828777315296566,0.5828777315296566,0.0018826742976065791,0.583,0
als,2,version_36,0,temporal_array,480,45,120,0.58099505723205,ok,0,0.583363163371488,0.58099505723205,0.0,0.49700000000000005,0
als,2,version_36,0,temporal_array,480,46,120,0.58099505723205,ok,0,0.5833449531737773,0.58099505723205,0.0,0.6309999999999999,0
als,2,version_37,0,stratified,24,42,6,0.5866519685559519,ungateable,,,0.5866519685559519,0.0,,
als,2,version_37,0,stratified,24,43,6,0.5856305324349319,ungateable,,,0.5856305324349319,0.0,,
als,2,version_37,0,stratified,24,44,6,0.5860050039635355,ungateable,,,0.5860050039635355,0.0,,
als,2,version_37,0,stratified,24,45,6,0.5882270610384462,ungateable,,,0.5882270610384462,0.0,,
als,2,version_37,0,stratified,24,46,6,0.5864777381424231,ungateable,,,0.5864777381424231,0.0,,
als,2,version_37,0,stratified,48,42,12,0.5859070633833405,ok,1,0.5849512596478331,0.5849512596478331,-0.00095580373550741,0.85,4
als,2,version_37,0,stratified,48,43,12,0.5866141534966086,ok,0,0.5860975141167428,0.5866141534966086,0.0,0.35000000000000003,0
als,2,version_37,0,stratified,48,44,12,0.5844669885395436,ok,0,0.5843141267666812,0.5844669885395436,0.0,0.7,0
als,2,version_37,0,stratified,48,45,12,0.5877789936182298,ok,0,0.5871408165992851,0.5877789936182298,0.0,0.3,0
als,2,version_37,0,stratified,48,46,12,0.5856209696281198,ok,1,0.5837993668348425,0.5837993668348425,-0.001821602793277366,0.55,2
als,2,version_37,0,stratified,96,42,24,0.5858187134502923,ok,1,0.5702293013234842,0.5702293013234842,-0.0155894121268082,0.675,31
als,2,version_37,0,stratified,96,43,24,0.5870066858178584,ok,1,0.5827130570089942,0.5827130570089942,-0.004293628808864192,0.7125,4
als,2,version_37,0,stratified,96,44,24,0.5820624294654766,ok,0,0.5792701173010499,0.5820624294654766,0.0,0.6499999999999999,5
als,2,version_37,0,stratified,96,45,24,0.5877902602510174,ok,0,0.5869203344618857,0.5877902602510174,0.0,0.5374999999999999,0
als,2,version_37,0,stratified,96,46,24,0.5851471392907219,ok,1,0.5715309838924798,0.5715309838924798,-0.013616155398242125,0.8125,30
als,2,version_37,0,stratified,240,42,60,0.5863567493112948,ok,1,0.571842056932966,0.571842056932966,-0.014514692378328808,0.5920000000000001,34
als,2,version_37,0,stratified,240,43,60,0.589431129476584,ok,1,0.585307621671258,0.585307621671258,-0.004123507805325999,0.752,2
als,2,version_37,0,stratified,240,44,60,0.5799435261707989,ok,0,0.5786287878787879,0.5799435261707989,0.0,0.642,0
als,2,version_37,0,stratified,240,45,60,0.5854178145087237,ok,0,0.5838461891643709,0.5854178145087237,0.0,0.528,0
als,2,version_37,0,stratified,240,46,60,0.5872332415059688,ok,1,0.5716868686868687,0.5716868686868687,-0.015546372819100096,0.63,41
als,2,version_37,0,stratified,480,42,120,0.5883048907388138,ok,0,0.5850078043704474,0.5883048907388138,0.0,0.644,0
als,2,version_37,0,stratified,480,43,120,0.5910187304890739,ok,0,0.5891685744016649,0.5910187304890739,0.0,0.522,0
als,2,version_37,0,stratified,480,44,120,0.5794573361082206,ok,1,0.5743348074921957,0.5743348074921957,-0.005122528616024913,0.7460000000000001,11
als,2,version_37,0,stratified,480,45,120,0.5775390218522373,ok,1,0.5752559833506763,0.5752559833506763,-0.0022830385015609744,0.6415,0
als,2,version_37,0,stratified,480,46,120,0.5877023933402705,ok,1,0.5845639958376692,0.5845639958376692,-0.0031383975026013644,0.5860000000000001,0
als,2,version_37,0,temporal_array,24,42,6,0.5865553573787818,ungateable,,,0.5865553573787818,0.0,,
als,2,version_37,0,temporal_array,24,43,6,0.5865553573787818,ungateable,,,0.5865553573787818,0.0,,
als,2,version_37,0,temporal_array,24,44,6,0.5865553573787818,ungateable,,,0.5865553573787818,0.0,,
als,2,version_37,0,temporal_array,24,45,6,0.5865553573787818,ungateable,,,0.5865553573787818,0.0,,
als,2,version_37,0,temporal_array,24,46,6,0.5865553573787818,ungateable,,,0.5865553573787818,0.0,,
als,2,version_37,0,temporal_array,48,42,12,0.5859354639313041,ok,1,0.585666911691002,0.585666911691002,-0.000268552240302089,0.8,0
als,2,version_37,0,temporal_array,48,43,12,0.5859354639313041,ok,1,0.5841570884426476,0.5841570884426476,-0.0017783754886565584,0.65,23
als,2,version_37,0,temporal_array,48,44,12,0.5859354639313041,ok,1,0.583527264526045,0.583527264526045,-0.0024081994052591593,0.7,5
als,2,version_37,0,temporal_array,48,45,12,0.5859354639313041,ok,0,0.5860252597814829,0.5859354639313041,0.0,0.75,0
als,2,version_37,0,temporal_array,48,46,12,0.5859354639313041,ok,0,0.5858705185605935,0.5859354639313041,0.0,1.0,0
als,2,version_37,0,temporal_array,96,42,24,0.5893736534318252,ok,0,0.5896666923155843,0.5893736534318252,0.0,0.3125,0
als,2,version_37,0,temporal_array,96,43,24,0.5893736534318252,ok,1,0.5866715399610136,0.5866715399610136,-0.002702113470811618,0.5249999999999999,8
als,2,version_37,0,temporal_array,96,44,24,0.5893736534318252,ok,0,0.5895531958551349,0.5893736534318252,0.0,0.4375,0
als,2,version_37,0,temporal_array,96,45,24,0.5893736534318252,ok,0,0.5894600047877979,0.5893736534318252,0.0,0.3375,0
als,2,version_37,0,temporal_array,96,46,24,0.5893736534318252,ok,1,0.5859061335111657,0.5859061335111657,-0.003467519920659523,0.2625,8
als,2,version_37,0,temporal_array,240,42,60,0.5892176308539945,ok,1,0.5671271808999081,0.5671271808999081,-0.022090449954086377,0.614,28
als,2,version_37,0,temporal_array,240,43,60,0.5892176308539945,ok,0,0.5874951790633609,0.5892176308539945,0.0,0.662,2
als,2,version_37,0,temporal_array,240,44,60,0.5892176308539945,ok,0,0.5890668044077134,0.5892176308539945,0.0,0.614,0
als,2,version_37,0,temporal_array,240,45,60,0.5892176308539945,ok,1,0.5736866391184573,0.5736866391184573,-0.01553099173553718,0.604,17
als,2,version_37,0,temporal_array,240,46,60,0.5892176308539945,ok,1,0.5753200183654729,0.5753200183654729,-0.013897612488521616,0.764,11
als,2,version_37,0,temporal_array,480,42,120,0.5922731529656607,ok,1,0.5525228928199792,0.5525228928199792,-0.039750260145681504,0.595,13
als,2,version_37,0,temporal_array,480,43,120,0.5922731529656607,ok,1,0.573360041623309,0.573360041623309,-0.01891311134235174,0.5415000000000001,8
als,2,version_37,0,temporal_array,480,44,120,0.5922731529656607,ok,0,0.5889032258064516,0.5922731529656607,0.0,0.5815,0
als,2,version_37,0,temporal_array,480,45,120,0.5922731529656607,ok,0,0.5909750260145682,0.5922731529656607,0.0,0.47150000000000003,0
als,2,version_37,0,temporal_array,480,46,120,0.5922731529656607,ok,1,0.5882793964620188,0.5882793964620188,-0.003993756503641976,0.5674999999999999,1
als,2,version_38,0,stratified,24,42,6,0.5774450059453032,ungateable,,,0.5774450059453032,0.0,,
als,2,version_38,0,stratified,24,43,6,0.5765139879772757,ungateable,,,0.5765139879772757,0.0,,
als,2,version_38,0,stratified,24,44,6,0.5763310873298982,ungateable,,,0.5763310873298982,0.0,,
als,2,version_38,0,stratified,24,45,6,0.5790873959571938,ungateable,,,0.5790873959571938,0.0,,
als,2,version_38,0,stratified,24,46,6,0.5777005714096974,ungateable,,,0.5777005714096974,0.0,,
als,2,version_38,0,stratified,48,42,12,0.5767921581075212,ok,0,0.5766564201944603,0.5767921581075212,0.0,0.8500000000000001,0
als,2,version_38,0,stratified,48,43,12,0.5776688161983361,ok,0,0.5776354037889673,0.5776688161983361,0.0,0.3,0
als,2,version_38,0,stratified,48,44,12,0.5747093120384911,ok,0,0.5744597631060177,0.5747093120384911,0.0,0.75,0
als,2,version_38,0,stratified,48,45,12,0.578394700791874,ok,0,0.5781221808279594,0.578394700791874,0.0,0.39999999999999997,0
als,2,version_38,0,stratified,48,46,12,0.5770022386314277,ok,0,0.5770425423502288,0.5770022386314277,0.0,0.44999999999999996,0
als,2,version_38,0,stratified,96,42,24,0.5762136212851817,ok,1,0.569119771895626,0.569119771895626,-0.007093849389555706,0.47500000000000003,12
als,2,version_38,0,stratified,96,43,24,0.5774161280393967,ok,0,0.5768497144420506,0.5774161280393967,0.0,0.7250000000000001,0
als,2,version_38,0,stratified,96,44,24,0.5720768783557334,ok,0,0.5718368472350468,0.5720768783557334,0.0,0.7125,0
als,2,version_38,0,stratified,96,45,24,0.5795263927362265,ok,1,0.575657894736842,0.575657894736842,-0.0038684979993844903,0.425,4
als,2,version_38,0,stratified,96,46,24,0.5767659279778394,ok,1,0.5633299562258473,0.5633299562258473,-0.013435971751992182,0.7250000000000001,14
als,2,version_38,0,stratified,240,42,60,0.575449494949495,ok,0,0.5743911845730028,0.575449494949495,0.0,0.52,0
als,2,version_38,0,stratified,240,43,60,0.5809357208448117,ok,1,0.5796324609733701,0.5796324609733701,-0.0013032598714416421,0.792,1
als,2,version_38,0,stratified,240,44,60,0.5703365472910927,ok,0,0.5695904499540863,0.5703365472910927,0.0,0.66,0
als,2,version_38,0,stratified,240,45,60,0.5768546831955923,ok,1,0.5388255280073462,0.5388255280073462,-0.03802915518824612,0.604,9
als,2,version_38,0,stratified,240,46,60,0.5767497704315886,ok,1,0.5760461432506887,0.5760461432506887,-0.0007036271808998906,0.5680000000000001,0
als,2,version_38,0,stratified,480,42,120,0.5750879292403747,ok,0,0.5727122788761707,0.5750879292403747,0.0,0.7435,0
als,2,version_38,0,stratified,480,43,120,0.5811160249739855,ok,1,0.5454937565036421,0.5454937565036421,-0.03562226847034344,0.5345,25
als,2,version_38,0,stratified,480,44,120,0.5709438085327784,ok,0,0.5695265348595213,0.5709438085327784,0.0,0.6735,0
als,2,version_38,0,stratified,480,45,120,0.5692135796045785,ok,0,0.5673870967741936,0.5692135796045785,0.0,0.6285000000000001,0
als,2,version_38,0,stratified,480,46,120,0.5770085848074922,ok,1,0.5686155046826222,0.5686155046826222,-0.008393080124869945,0.569,2
als,2,version_38,0,temporal_array,24,42,6,0.5782211983088915,ungateable,,,0.5782211983088915,0.0,,
als,2,version_38,0,temporal_array,24,43,6,0.5782211983088915,ungateable,,,0.5782211983088915,0.0,,
als,2,version_38,0,temporal_array,24,44,6,0.5782211983088915,ungateable,,,0.5782211983088915,0.0,,
als,2,version_38,0,temporal_array,24,45,6,0.5782211983088915,ungateable,,,0.5782211983088915,0.0,,
als,2,version_38,0,temporal_array,24,46,6,0.5782211983088915,ungateable,,,0.5782211983088915,0.0,,
als,2,version_38,0,temporal_array,48,42,12,0.5775451902836714,ok,0,0.5772244311537305,0.5775451902836714,0.0,0.75,0
als,2,version_38,0,temporal_array,48,43,12,0.5775451902836714,ok,0,0.5775082278058071,0.5775451902836714,0.0,0.55,0
als,2,version_38,0,temporal_array,48,44,12,0.5775451902836714,ok,0,0.5771939423301814,0.5775451902836714,0.0,0.65,0
als,2,version_38,0,temporal_array,48,45,12,0.5775451902836714,ok,0,0.5772004159844967,0.5775451902836714,0.0,0.85,0
als,2,version_38,0,temporal_array,48,46,12,0.5775451902836714,ok,0,0.5773522336195663,0.5775451902836714,0.0,0.9,0
als,2,version_38,0,temporal_array,96,42,24,0.5820047194008413,ok,1,0.46032091070756814,0.46032091070756814,-0.12168380869327317,0.4875,23
als,2,version_38,0,temporal_array,96,43,24,0.5820047194008413,ok,0,0.5815338480216135,0.5820047194008413,0.0,0.4,0
als,2,version_38,0,temporal_array,96,44,24,0.5820047194008413,ok,0,0.5815323518347526,0.5820047194008413,0.0,0.25,0
als,2,version_38,0,temporal_array,96,45,24,0.5820047194008413,ok,1,0.5808928388222018,0.5808928388222018,-0.0011118805786395347,0.2875,1
als,2,version_38,0,temporal_array,96,46,24,0.5820047194008413,ok,1,0.4166579032864813,0.4166579032864813,-0.16534681611436003,0.75,50
als,2,version_38,0,temporal_array,240,42,60,0.5822190082644628,ok,1,0.4527102846648301,0.4527102846648301,-0.12950872359963272,0.674,13
als,2,version_38,0,temporal_array,240,43,60,0.5822190082644628,ok,1,0.5793080808080808,0.5793080808080808,-0.0029109274563819953,0.598,1
als,2,version_38,0,temporal_array,240,44,60,0.5822190082644628,ok,1,0.4763425160697887,0.4763425160697887,-0.1058764921946741,0.77,8
als,2,version_38,0,temporal_array,240,45,60,0.5822190082644628,ok,1,0.550485766758494,0.550485766758494,-0.03173324150596879,0.532,5
als,2,version_38,0,temporal_array,240,46,60,0.5822190082644628,ok,1,0.5712575757575757,0.5712575757575757,-0.010961432506887081,0.726,3
als,2,version_38,0,temporal_array,480,42,120,0.5856566077003121,ok,1,0.43249297606659726,0.43249297606659726,-0.15316363163371488,0.6200000000000001,6
als,2,version_38,0,temporal_array,480,43,120,0.5856566077003121,ok,1,0.5827408949011447,0.5827408949011447,-0.002915712799167469,0.524,0
als,2,version_38,0,temporal_array,480,44,120,0.5856566077003121,ok,1,0.5525634755463059,0.5525634755463059,-0.03309313215400622,0.6214999999999999,2
als,2,version_38,0,temporal_array,480,45,120,0.5856566077003121,ok,1,0.46304474505723203,0.46304474505723203,-0.1226118626430801,0.5885,6
als,2,version_38,0,temporal_array,480,46,120,0.5856566077003121,ok,1,0.5596308532778356,0.5596308532778356,-0.026025754422476566,0.5874999999999999,2
als,2,version_39,0,stratified,24,42,6,0.5840806249174264,ungateable,,,0.5840806249174264,0.0,,
als,2,version_39,0,stratified,24,43,6,0.5822718489892984,ungateable,,,0.5822718489892984,0.0,,
als,2,version_39,0,stratified,24,44,6,0.5819873827454088,ungateable,,,0.5819873827454088,0.0,,
als,2,version_39,0,stratified,24,45,6,0.5844670696261065,ungateable,,,0.5844670696261065,0.0,,
als,2,version_39,0,stratified,24,46,6,0.5835686682520809,ungateable,,,0.5835686682520809,0.0,,
als,2,version_39,0,stratified,48,42,12,0.5834069798523172,ok,0,0.5819042567409536,0.5834069798523172,0.0,0.7999999999999999,14
als,2,version_39,0,stratified,48,43,12,0.5827449964916971,ok,1,0.5714041982692372,0.5714041982692372,-0.011340798222459925,0.5,15
als,2,version_39,0,stratified,48,44,12,0.5803852450800226,ok,0,0.5803685388753383,0.5803852450800226,0.0,0.85,0
als,2,version_39,0,stratified,48,45,12,0.5841123993451167,ok,1,0.5712452804971766,0.5712452804971766,-0.012867118847940118,0.75,44
als,2,version_39,0,stratified,48,46,12,0.582646847539176,ok,0,0.5823553242674329,0.582646847539176,0.0,0.35,0
als,2,version_39,0,stratified,96,42,24,0.5829464621592968,ok,1,0.569535284361,0.569535284361,-0.013411177798296814,0.6,14
als,2,version_39,0,stratified,96,43,24,0.5830871037242229,ok,1,0.573182346704969,0.573182346704969,-0.009904757019253863,0.675,12
als,2,version_39,0,stratified,96,44,24,0.5783189699394685,ok,0,0.577936801066995,0.5783189699394685,0.0,0.5750000000000001,0
als,2,version_39,0,stratified,96,45,24,0.5848744058000752,ok,0,0.584605519647071,0.5848744058000752,0.0,0.5875,0
als,2,version_39,0,stratified,96,46,24,0.582884477275059,ok,1,0.5698612393556992,0.5698612393556992,-0.013023237919359776,0.675,23
als,2,version_39,0,stratified,240,42,60,0.58128145087236,ok,1,0.5779701561065198,0.5779701561065198,-0.0033112947658402447,0.508,8
als,2,version_39,0,stratified,240,43,60,0.5864880624426079,ok,1,0.5829476584022039,0.5829476584022039,-0.0035404040404040105,0.802,2
als,2,version_39,0,stratified,240,44,60,0.5765743801652893,ok,1,0.5719265381083563,0.5719265381083563,-0.004647842056933027,0.6940000000000001,5
als,2,version_39,0,stratified,240,45,60,0.5814168962350781,ok,1,0.5714439853076216,0.5714439853076216,-0.009972910927456446,0.648,10
als,2,version_39,0,stratified,240,46,60,0.5857125803489439,ok,1,0.5621544995408632,0.5621544995408632,-0.02355808080808075,0.516,35
als,2,version_39,0,stratified,480,42,120,0.5824464099895941,ok,0,0.5812177419354838,0.5824464099895941,0.0,0.6905,0
als,2,version_39,0,stratified,480,43,120,0.5868610822060354,ok,1,0.5718355879292404,0.5718355879292404,-0.015025494276795004,0.556,7
als,2,version_39,0,stratified,480,44,120,0.5778792924037461,ok,1,0.5695122268470343,0.5695122268470343,-0.00836706555671185,0.6985,4
als,2,version_39,0,stratified,480,45,120,0.5728678459937564,ok,0,0.5713891779396463,0.5728678459937564,0.0,0.671,0
als,2,version_39,0,stratified,480,46,120,0.5862081165452654,ok,1,0.585068418314256,0.585068418314256,-0.001139698231009345,0.509,0
als,2,version_39,0,temporal_array,24,42,6,0.5834534780023781,ungateable,,,0.5834534780023781,0.0,,
als,2,version_39,0,temporal_array,24,43,6,0.5834534780023781,ungateable,,,0.5834534780023781,0.0,,
als,2,version_39,0,temporal_array,24,44,6,0.5834534780023781,ungateable,,,0.5834534780023781,0.0,,
als,2,version_39,0,temporal_array,24,45,6,0.5834534780023781,ungateable,,,0.5834534780023781,0.0,,
als,2,version_39,0,temporal_array,24,46,6,0.5834534780023781,ungateable,,,0.5834534780023781,0.0,,
als,2,version_39,0,temporal_array,48,42,12,0.5825466103110695,ok,1,0.5827065722209228,0.5827065722209228,0.00015996190985334557,0.75,3
als,2,version_39,0,temporal_array,48,43,12,0.5825466103110695,ok,1,0.5826664773296801,0.5826664773296801,0.00011986701861066429,0.8,0
als,2,version_39,0,temporal_array,48,44,12,0.5825466103110695,ok,1,0.5783170169400916,0.5783170169400916,-0.0042295933709778355,0.9500000000000001,24
als,2,version_39,0,temporal_array,48,45,12,0.5825466103110695,ok,0,0.5825770991346186,0.5825466103110695,0.0,0.75,0
als,2,version_39,0,temporal_array,48,46,12,0.5825466103110695,ok,1,0.5785600922182499,0.5785600922182499,-0.00398651809281958,0.9500000000000001,25
als,2,version_39,0,temporal_array,96,42,24,0.5850535207414247,ok,1,0.5664452310112513,0.5664452310112513,-0.018608289730173366,0.35,27
als,2,version_39,0,temporal_array,96,43,24,0.5850535207414247,ok,1,0.5779479155979618,0.5779479155979618,-0.007105605143462923,0.525,15
als,2,version_39,0,temporal_array,96,44,24,0.5850535207414247,ok,1,0.5850956277145105,0.5850956277145105,4.210697308582034e-05,0.475,1
als,2,version_39,0,temporal_array,96,45,24,0.5850535207414247,ok,1,0.5851595362675694,0.5851595362675694,0.00010601552614475374,0.3125,5
als,2,version_39,0,temporal_array,96,46,24,0.5850535207414247,ok,1,0.5537697496665641,0.5537697496665641,-0.03128377107486058,0.45,62
als,2,version_39,0,temporal_array,240,42,60,0.5854545454545454,ok,1,0.5792284205693297,0.5792284205693297,-0.006226124885215789,0.454,10
als,2,version_39,0,temporal_array,240,43,60,0.5854545454545454,ok,1,0.5801634527089072,0.5801634527089072,-0.005291092745638215,0.632,7
als,2,version_39,0,temporal_array,240,44,60,0.5854545454545454,ok,0,0.5835564738292011,0.5854545454545454,0.0,0.706,1
als,2,version_39,0,temporal_array,240,45,60,0.5854545454545454,ok,1,0.5812291092745638,0.5812291092745638,-0.004225436179981612,0.512,5
als,2,version_39,0,temporal_array,240,46,60,0.5854545454545454,ok,1,0.5844242424242425,0.5844242424242425,-0.001030303030302937,0.792,0
als,2,version_39,0,temporal_array,480,42,120,0.5891644120707596,ok,0,0.5871984911550469,0.5891644120707596,0.0,0.563,0
als,2,version_39,0,temporal_array,480,43,120,0.5891644120707596,ok,1,0.5595793444328824,0.5595793444328824,-0.02958506763787727,0.6014999999999999,14
als,2,version_39,0,temporal_array,480,44,120,0.5891644120707596,ok,1,0.5841675338189387,0.5841675338189387,-0.004996878251820935,0.6104999999999999,1
als,2,version_39,0,temporal_array,480,45,120,0.5891644120707596,ok,0,0.5874867325702393,0.5891644120707596,0.0,0.5,0
als,2,version_39,0,temporal_array,480,46,120,0.5891644120707596,ok,0,0.5877138397502601,0.5891644120707596,0.0,0.5934999999999999,0
als,2,version_40,0,stratified,24,42,6,0.5655950670498084,ungateable,,,0.5655950670498084,0.0,,
als,2,version_40,0,stratified,24,43,6,0.5637805109657815,ungateable,,,0.5637805109657815,0.0,,
als,2,version_40,0,stratified,24,44,6,0.5638754706698376,ungateable,,,0.5638754706698376,0.0,,
als,2,version_40,0,stratified,24,45,6,0.566111978134496,ungateable,,,0.566111978134496,0.0,,
als,2,version_40,0,stratified,24,46,6,0.5646900597833268,ungateable,,,0.5646900597833268,0.0,,
als,2,version_40,0,stratified,48,42,12,0.5651610895786695,ok,0,0.564905902302115,0.5651610895786695,0.0,0.6000000000000001,0
als,2,version_40,0,stratified,48,43,12,0.5650591817300946,ok,0,0.5648507718266564,0.5650591817300946,0.0,0.19999999999999996,0
als,2,version_40,0,stratified,48,44,12,0.5621410254268435,ok,0,0.5618714290487488,0.5621410254268435,0.0,0.8,0
als,2,version_40,0,stratified,48,45,12,0.5657228357111831,ok,1,0.5491367068729326,0.5491367068729326,-0.016586128838250502,0.5,27
als,2,version_40,0,stratified,48,46,12,0.5633342660964282,ok,0,0.5629765444886231,0.5633342660964282,0.0,0.4,0
als,2,version_40,0,stratified,96,42,24,0.5647320970555043,ok,1,0.5633077271639138,0.5633077271639138,-0.00142436989159056,0.55,1
als,2,version_40,0,stratified,96,43,24,0.565639641257139,ok,1,0.5528987551725317,0.5528987551725317,-0.012740886084607217,0.6625,11
als,2,version_40,0,stratified,96,44,24,0.5605188348551692,ok,0,0.5598177644403406,0.5605188348551692,0.0,0.6000000000000001,0
als,2,version_40,0,stratified,96,45,24,0.5658127714510447,ok,0,0.5653181748230225,0.5658127714510447,0.0,0.5,0
als,2,version_40,0,stratified,96,46,24,0.5636073920180569,ok,1,0.5584788909408023,0.5584788909408023,-0.005128501077254599,0.6625,5
als,2,version_40,0,stratified,240,42,60,0.5644414600550963,ok,1,0.5436044536271809,0.5436044536271809,-0.020837006427915417,0.474,20
als,2,version_40,0,stratified,240,43,60,0.5684212580348944,ok,1,0.5578927915518824,0.5578927915518824,-0.010528466483011978,0.8200000000000001,4
als,2,version_40,0,stratified,240,44,60,0.5587998163452709,ok,1,0.5532454086317723,0.5532454086317723,-0.005554407713498577,0.604,2
als,2,version_40,0,stratified,240,45,60,0.5634749770431589,ok,0,0.5625704775022956,0.5634749770431589,0.0,0.548,0
als,2,version_40,0,stratified,240,46,60,0.5670750688705234,ok,1,0.5338438934802572,0.5338438934802572,-0.03323117539026621,0.578,51
als,2,version_40,0,stratified,480,42,120,0.5641584287200833,ok,0,0.5614568158168574,0.5641584287200833,0.0,0.7065,0
als,2,version_40,0,stratified,480,43,120,0.5692114984391259,ok,0,0.5661157648283038,0.5692114984391259,0.0,0.498,0
als,2,version_40,0,stratified,480,44,120,0.5579115504682622,ok,1,0.5455437044745057,0.5455437044745057,-0.01236784599375651,0.7015,4
als,2,version_40,0,stratified,480,45,120,0.5546173257023934,ok,0,0.5520119667013528,0.5546173257023934,0.0,0.701,0
als,2,version_40,0,stratified,480,46,120,0.5668426118626431,ok,1,0.53124505723205,0.53124505723205,-0.03559755463059311,0.57,64
als,2,version_40,0,temporal_array,24,42,6,0.5638738191967234,ungateable,,,0.5638738191967234,0.0,,
als,2,version_40,0,temporal_array,24,43,6,0.5638738191967234,ungateable,,,0.5638738191967234,0.0,,
als,2,version_40,0,temporal_array,24,44,6,0.5638738191967234,ungateable,,,0.5638738191967234,0.0,,
als,2,version_40,0,temporal_array,24,45,6,0.5638738191967234,ungateable,,,0.5638738191967234,0.0,,
als,2,version_40,0,temporal_array,24,46,6,0.5638738191967234,ungateable,,,0.5638738191967234,0.0,,
als,2,version_40,0,temporal_array,48,42,12,0.5631492448795483,ok,1,0.5515845835143172,0.5515845835143172,-0.011564661365231155,1.0,17
als,2,version_40,0,temporal_array,48,43,12,0.5631492448795483,ok,1,0.5628088559591032,0.5628088559591032,-0.0003403889204450783,0.9,3
als,2,version_40,0,temporal_array,48,44,12,0.5631492448795483,ok,1,0.5559173376992215,0.5559173376992215,-0.007231907180326846,1.0,16
als,2,version_40,0,temporal_array,48,45,12,0.5631492448795483,ok,0,0.5629341524942364,0.5631492448795483,0.0,0.9,0
als,2,version_40,0,temporal_array,48,46,12,0.5631492448795483,ok,1,0.5581730929867352,0.5581730929867352,-0.0049761518928130855,0.9,13
als,2,version_40,0,temporal_array,96,42,24,0.566106024075784,ok,1,0.5215271365548374,0.5215271365548374,-0.04457888752094663,0.375,36
als,2,version_40,0,temporal_array,96,43,24,0.566106024075784,ok,1,0.5559667932013269,0.5559667932013269,-0.010139230874457117,0.48750000000000004,13
als,2,version_40,0,temporal_array,96,44,24,0.566106024075784,ok,0,0.5658146951198659,0.566106024075784,0.0,0.5125,0
als,2,version_40,0,temporal_array,96,45,24,0.566106024075784,ok,1,0.5407721606648199,0.5407721606648199,-0.025333863410964108,0.375,46
als,2,version_40,0,temporal_array,96,46,24,0.566106024075784,ok,1,0.5377746571594678,0.5377746571594678,-0.028331366916316214,0.5375,43
als,2,version_40,0,temporal_array,240,42,60,0.5677201561065197,ok,1,0.489185261707989,0.489185261707989,-0.07853489439853073,0.584,47
als,2,version_40,0,temporal_array,240,43,60,0.5677201561065197,ok,0,0.5667304866850321,0.5677201561065197,0.0,0.622,0
als,2,version_40,0,temporal_array,240,44,60,0.5677201561065197,ok,1,0.5655174471992653,0.5655174471992653,-0.0022027089072543804,0.6399999999999999,1
als,2,version_40,0,temporal_array,240,45,60,0.5677201561065197,ok,1,0.5042913223140496,0.5042913223140496,-0.06342883379247011,0.6779999999999999,40
als,2,version_40,0,temporal_array,240,46,60,0.5677201561065197,ok,0,0.5655587695133151,0.5677201561065197,0.0,0.768,1
als,2,version_40,0,temporal_array,480,42,120,0.5704799687825183,ok,0,0.5682510405827264,0.5704799687825183,0.0,0.545,0
als,2,version_40,0,temporal_array,480,43,120,0.5704799687825183,ok,1,0.5297559833506764,0.5297559833506764,-0.04072398543184186,0.5549999999999999,12
als,2,version_40,0,temporal_array,480,44,120,0.5704799687825183,ok,1,0.5515296566077004,0.5515296566077004,-0.018950312174817907,0.6100000000000001,4
als,2,version_40,0,temporal_array,480,45,120,0.5704799687825183,ok,1,0.5213155567117587,0.5213155567117587,-0.04916441207075961,0.5289999999999999,32
als,2,version_40,0,temporal_array,480,46,120,0.5704799687825183,ok,0,0.5683975026014567,0.5704799687825183,0.0,0.5714999999999999,0
als,3,version_31,0,stratified,24,42,6,0.581948985995508,ungateable,,,0.581948985995508,0.0,,
als,3,version_31,0,stratified,24,43,6,0.5799164354604307,ungateable,,,0.5799164354604307,0.0,,
als,3,version_31,0,stratified,24,44,6,0.5808466276919012,ungateable,,,0.5808466276919012,0.0,,
als,3,version_31,0,stratified,24,45,6,0.580690150614348,ungateable,,,0.580690150614348,0.0,,
als,3,version_31,0,stratified,24,46,6,0.5822598758092218,ungateable,,,0.5822598758092218,0.0,,
als,3,version_31,0,stratified,48,42,12,0.5830937385144842,ok,1,0.5555673427110829,0.5555673427110829,-0.027526395803401327,0.65,19
als,3,version_31,0,stratified,48,43,12,0.5792893180527248,ok,0,0.5794185823114705,0.5792893180527248,0.0,0.55,0
als,3,version_31,0,stratified,48,44,12,0.5801275518727655,ok,1,0.5787338367469679,0.5787338367469679,-0.0013937151257976677,0.7,6
als,3,version_31,0,stratified,48,45,12,0.5799999582344882,ok,0,0.5799195596244445,0.5799999582344882,0.0,0.55,0
als,3,version_31,0,stratified,48,46,12,0.5823168999966588,ok,0,0.5822490310401284,0.5823168999966588,0.0,0.19999999999999996,0
als,3,version_31,0,stratified,96,42,24,0.5856118121815259,ok,1,0.5830065233747137,0.5830065233747137,-0.0026052888068122115,0.475,3
als,3,version_31,0,stratified,96,43,24,0.5798254163674292,ok,1,0.5621610068055128,0.5621610068055128,-0.017664409561916394,0.6375000000000001,19
als,3,version_31,0,stratified,96,44,24,0.5808483806983346,ok,1,0.5751568858794159,0.5751568858794159,-0.005691494818918619,0.6125,9
als,3,version_31,0,stratified,96,45,24,0.5787257190246572,ok,0,0.5786705738517834,0.5787257190246572,0.0,0.9375,0
als,3,version_31,0,stratified,96,46,24,0.5811121370678157,ok,1,0.5463228001778325,0.5463228001778325,-0.0347893368899832,0.6875,20
als,3,version_31,0,stratified,240,42,60,0.5812745638200183,ok,1,0.5591363636363637,0.5591363636363637,-0.022138200183654644,0.51,42
als,3,version_31,0,stratified,240,43,60,0.5791012396694215,ok,1,0.5788007346189165,0.5788007346189165,-0.00030050505050505105,0.6099999999999999,0
als,3,version_31,0,stratified,240,44,60,0.5845895316804408,ok,1,0.5797029384756658,0.5797029384756658,-0.004886593204775025,0.526,3
als,3,version_31,0,stratified,240,45,60,0.5804781910009182,ok,1,0.56477318640955,0.56477318640955,-0.015705004591368255,0.522,22
als,3,version_31,0,stratified,240,46,60,0.5821779155188245,ok,1,0.5669072543617998,0.5669072543617998,-0.01527066115702469,0.5800000000000001,10
als,3,version_31,0,stratified,480,42,120,0.583697710718002,ok,1,0.5653517169614984,0.5653517169614984,-0.018345993756503587,0.6255,4
als,3,version_31,0,stratified,480,43,120,0.5871168054110302,ok,1,0.5867554630593133,0.5867554630593133,-0.0003613423517169201,0.594,0
als,3,version_31,0,stratified,480,44,120,0.5888348074921956,ok,1,0.5297617065556712,0.5297617065556712,-0.0590731009365244,0.5860000000000001,23
als,3,version_31,0,stratified,480,45,120,0.5774534339229969,ok,1,0.5586188865764828,0.5586188865764828,-0.01883454734651402,0.6,24
als,3,version_31,0,stratified,480,46,120,0.5842109781477627,ok,0,0.581969562955255,0.5842109781477627,0.0,0.529,0
als,3,version_31,0,temporal_array,24,42,6,0.5806364777381424,ungateable,,,0.5806364777381424,0.0,,
als,3,version_31,0,temporal_array,24,43,6,0.5806364777381424,ungateable,,,0.5806364777381424,0.0,,
als,3,version_31,0,temporal_array,24,44,6,0.5806364777381424,ungateable,,,0.5806364777381424,0.0,,
als,3,version_31,0,temporal_array,24,45,6,0.5806364777381424,ungateable,,,0.5806364777381424,0.0,,
als,3,version_31,0,temporal_array,24,46,6,0.5806364777381424,ungateable,,,0.5806364777381424,0.0,,
als,3,version_31,0,temporal_array,48,42,12,0.5820679775468609,ok,0,0.5818779444685757,0.5820679775468609,0.0,0.5,0
als,3,version_31,0,temporal_array,48,43,12,0.5820679775468609,ok,0,0.5818524675064318,0.5820679775468609,0.0,0.5,0
als,3,version_31,0,temporal_array,48,44,12,0.5820679775468609,ok,0,0.5819297337030973,0.5820679775468609,0.0,0.35,0
als,3,version_31,0,temporal_array,48,45,12,0.5820679775468609,ok,1,0.5818608206087741,0.5818608206087741,-0.00020715693808681657,0.9,1
als,3,version_31,0,temporal_array,48,46,12,0.5820679775468609,ok,1,0.5778736760332788,0.5778736760332788,-0.004194301513582133,0.55,17
als,3,version_31,0,temporal_array,96,42,24,0.5832439896036387,ok,1,0.581767039430936,0.581767039430936,-0.0014769501727026624,0.7875,3
als,3,version_31,0,temporal_array,96,43,24,0.5832439896036387,ok,1,0.5660147566772682,0.5660147566772682,-0.017229232926370464,0.6875,32
als,3,version_31,0,temporal_array,96,44,24,0.5832439896036387,ok,1,0.5806487466228926,0.5806487466228926,-0.002595242980746093,0.2,4
als,3,version_31,0,temporal_array,96,45,24,0.5832439896036387,ok,1,0.5341833812113129,0.5341833812113129,-0.04906060839232573,0.7125,91
als,3,version_31,0,temporal_array,96,46,24,0.5832439896036387,ok,1,0.5806852963304949,0.5806852963304949,-0.0025586932731437306,0.5125000000000001,5
als,3,version_31,0,temporal_array,240,42,60,0.5819047291092746,ok,1,0.5630477502295683,0.5630477502295683,-0.018856978879706277,0.7360000000000001,20
als,3,version_31,0,temporal_array,240,43,60,0.5819047291092746,ok,1,0.575291551882461,0.575291551882461,-0.006613177226813649,0.674,4
als,3,version_31,0,temporal_array,240,44,60,0.5819047291092746,ok,0,0.5811772268135904,0.5819047291092746,0.0,0.5599999999999999,0
als,3,version_31,0,temporal_array,240,45,60,0.5819047291092746,ok,0,0.5799566115702479,0.5819047291092746,0.0,0.5760000000000001,1
als,3,version_31,0,temporal_array,240,46,60,0.5819047291092746,ok,1,0.5745842516069789,0.5745842516069789,-0.007320477502295697,0.616,4
als,3,version_31,0,temporal_array,480,42,120,0.5777239854318418,ok,1,0.5573881373569198,0.5573881373569198,-0.020335848074921947,0.6990000000000001,54
als,3,version_31,0,temporal_array,480,43,120,0.5777239854318418,ok,1,0.5581951092611863,0.5581951092611863,-0.019528876170655463,0.6920000000000001,22
als,3,version_31,0,temporal_array,480,44,120,0.5777239854318418,ok,1,0.5602872008324662,0.5602872008324662,-0.017436784599375588,0.5865,17
als,3,version_31,0,temporal_array,480,45,120,0.5777239854318418,ok,0,0.5752705515088449,0.5777239854318418,0.0,0.607,0
als,3,version_31,0,temporal_array,480,46,120,0.5777239854318418,ok,1,0.5595127471383975,0.5595127471383975,-0.018211238293444287,0.5645,13
als,3,version_32,0,stratified,24,42,6,0.5838277430968424,ungateable,,,0.5838277430968424,0.0,,
als,3,version_32,0,stratified,24,43,6,0.5820623183379574,ungateable,,,0.5820623183379574,0.0,,
als,3,version_32,0,stratified,24,44,6,0.5830635239133306,ungateable,,,0.5830635239133306,0.0,,
als,3,version_32,0,stratified,24,45,6,0.5826452883472056,ungateable,,,0.5826452883472056,0.0,,
als,3,version_32,0,stratified,24,46,6,0.5839107296208218,ungateable,,,0.5839107296208218,0.0,,
als,3,version_32,0,stratified,48,42,12,0.584379907447626,ok,0,0.583935731230579,0.584379907447626,0.0,0.65,0
als,3,version_32,0,stratified,48,43,12,0.5822473604196599,ok,0,0.5821859651174446,0.5822473604196599,0.0,0.4,0
als,3,version_32,0,stratified,48,44,12,0.5828028417254169,ok,0,0.5824175548798823,0.5828028417254169,0.0,0.55,0
als,3,version_32,0,stratified,48,45,12,0.5815452821677971,ok,0,0.5811315947742992,0.5815452821677971,0.0,0.7999999999999999,0
als,3,version_32,0,stratified,48,46,12,0.5842262103645294,ok,1,0.5824545173577467,0.5824545173577467,-0.0017716930067827041,0.3,3
als,3,version_32,0,stratified,96,42,24,0.5866640590267092,ok,0,0.5860339506172839,0.5866640590267092,0.0,0.4875,0
als,3,version_32,0,stratified,96,43,24,0.5821357426216613,ok,0,0.5816031000991758,0.5821357426216613,0.0,0.525,0
als,3,version_32,0,stratified,96,44,24,0.583854647583872,ok,1,0.5793346670770494,0.5793346670770494,-0.004519980506822563,0.5375,7
als,3,version_32,0,stratified,96,45,24,0.5804198300331727,ok,1,0.5786712150747239,0.5786712150747239,-0.001748614958448802,0.8625,3
als,3,version_32,0,stratified,96,46,24,0.5828936681372047,ok,1,0.5589566020313942,0.5589566020313942,-0.02393706610581048,0.6625000000000001,30
als,3,version_32,0,stratified,240,42,60,0.5827196969696969,ok,0,0.5800066574839302,0.5827196969696969,0.0,0.372,1
als,3,version_32,0,stratified,240,43,60,0.5829749770431589,ok,1,0.5627550505050505,0.5627550505050505,-0.020219926538108446,0.638,23
als,3,version_32,0,stratified,240,44,60,0.5884612029384757,ok,1,0.5872146464646465,0.5872146464646465,-0.0012465564738292079,0.46399999999999997,0
als,3,version_32,0,stratified,240,45,60,0.5829735996326906,ok,1,0.5602718089990817,0.5602718089990817,-0.022701790633608887,0.576,72
als,3,version_32,0,stratified,240,46,60,0.5839391643709825,ok,1,0.580017217630854,0.580017217630854,-0.003921946740128468,0.546,2
als,3,version_32,0,stratified,480,42,120,0.582963319458897,ok,1,0.5763381893860562,0.5763381893860562,-0.0066251300728408236,0.6405,2
als,3,version_32,0,stratified,480,43,120,0.5898696670135275,ok,0,0.588063475546306,0.5898696670135275,0.0,0.6145,0
als,3,version_32,0,stratified,480,44,120,0.59149505723205,ok,1,0.5083480749219563,0.5083480749219563,-0.08314698231009365,0.6085,30
als,3,version_32,0,stratified,480,45,120,0.5765127471383975,ok,1,0.5577715920915713,0.5577715920915713,-0.018741155046826163,0.6815,28
als,3,version_32,0,stratified,480,46,120,0.587447190426639,ok,0,0.5846238293444329,0.587447190426639,0.0,0.504,0
als,3,version_32,0,temporal_array,24,42,6,0.5821155783458845,ungateable,,,0.5821155783458845,0.0,,
als,3,version_32,0,temporal_array,24,43,6,0.5821155783458845,ungateable,,,0.5821155783458845,0.0,,
als,3,version_32,0,temporal_array,24,44,6,0.5821155783458845,ungateable,,,0.5821155783458845,0.0,,
als,3,version_32,0,temporal_array,24,45,6,0.5821155783458845,ungateable,,,0.5821155783458845,0.0,,
als,3,version_32,0,temporal_array,24,46,6,0.5821155783458845,ungateable,,,0.5821155783458845,0.0,,
als,3,version_32,0,temporal_array,48,42,12,0.5833595759965251,ok,0,0.5829216646062347,0.5833595759965251,0.0,0.7,0
als,3,version_32,0,temporal_array,48,43,12,0.5833595759965251,ok,0,0.5831678722977713,0.5833595759965251,0.0,0.6,0
als,3,version_32,0,temporal_array,48,44,12,0.5833595759965251,ok,0,0.5829049584015503,0.5833595759965251,0.0,0.45,0
als,3,version_32,0,temporal_array,48,45,12,0.5833595759965251,ok,1,0.576315613618898,0.576315613618898,-0.0070439623776270555,0.9,14
als,3,version_32,0,temporal_array,48,46,12,0.5833595759965251,ok,0,0.58314928664506,0.5833595759965251,0.0,0.39999999999999997,0
als,3,version_32,0,temporal_array,96,42,24,0.5849665281625116,ok,1,0.5794022092267707,0.5794022092267707,-0.005564318935740942,0.75,9
als,3,version_32,0,temporal_array,96,43,24,0.5849665281625116,ok,1,0.5774157005574364,0.5774157005574364,-0.007550827605075194,0.5875000000000001,15
als,3,version_32,0,temporal_array,96,44,24,0.5849665281625116,ok,1,0.5805606853390787,0.5805606853390787,-0.004405842823432926,0.2875,4
als,3,version_32,0,temporal_array,96,45,24,0.5849665281625116,ok,1,0.5741142573783387,0.5741142573783387,-0.010852270784172946,0.425,31
als,3,version_32,0,temporal_array,96,46,24,0.5849665281625116,ok,1,0.5801289285592148,0.5801289285592148,-0.004837599603296772,0.55,6
als,3,version_32,0,temporal_array,240,42,60,0.5838124426078972,ok,1,0.5553597337006428,0.5553597337006428,-0.028452708907254376,0.6799999999999999,34
als,3,version_32,0,temporal_array,240,43,60,0.5838124426078972,ok,1,0.5596629935720845,0.5596629935720845,-0.02414944903581273,0.672,19
als,3,version_32,0,temporal_array,240,44,60,0.5838124426078972,ok,1,0.568194214876033,0.568194214876033,-0.015618227731864165,0.628,15
als,3,version_32,0,temporal_array,240,45,60,0.5838124426078972,ok,1,0.569504132231405,0.569504132231405,-0.014308310376492273,0.5680000000000001,11
als,3,version_32,0,temporal_array,240,46,60,0.5838124426078972,ok,1,0.5765339761248852,0.5765339761248852,-0.007278466483012003,0.6639999999999999,4
als,3,version_32,0,temporal_array,480,42,120,0.5817229448491155,ok,1,0.556716441207076,0.556716441207076,-0.02500650364203949,0.6865,21
als,3,version_32,0,temporal_array,480,43,120,0.5817229448491155,ok,1,0.5599068678459937,0.5599068678459937,-0.021816077003121714,0.7050000000000001,9
als,3,version_32,0,temporal_array,480,44,120,0.5817229448491155,ok,1,0.5571909469302809,0.5571909469302809,-0.024531997918834536,0.661,47
als,3,version_32,0,temporal_array,480,45,120,0.5817229448491155,ok,1,0.5693207596253902,0.5693207596253902,-0.01240218522372527,0.597,11
als,3,version_32,0,temporal_array,480,46,120,0.5817229448491155,ok,1,0.5621092611862644,0.5621092611862644,-0.0196136836628511,0.579,12
als,3,version_33,0,stratified,24,42,6,0.6866523814242304,ungateable,,,0.6866523814242304,0.0,,
als,3,version_33,0,stratified,24,43,6,0.6859472024045448,ungateable,,,0.6859472024045448,0.0,,
als,3,version_33,0,stratified,24,44,6,0.6852465649359228,ungateable,,,0.6852465649359228,0.0,,
als,3,version_33,0,stratified,24,45,6,0.685025680406923,ungateable,,,0.685025680406923,0.0,,
als,3,version_33,0,stratified,24,46,6,0.6866453626634957,ungateable,,,0.6866453626634957,0.0,,
als,3,version_33,0,stratified,48,42,12,0.68720513548732,ok,0,0.6867755771993719,0.68720513548732,0.0,0.75,0
als,3,version_33,0,stratified,48,43,12,0.6860407130208159,ok,1,0.6850483644625615,0.6850483644625615,-0.0009923485582544744,0.9500000000000001,2
als,3,version_33,0,stratified,48,44,12,0.6847363760900799,ok,0,0.6840276153563434,0.6847363760900799,0.0,0.75,0
als,3,version_33,0,stratified,48,45,12,0.6846837515453238,ok,0,0.6840104914965417,0.6846837515453238,0.0,1.0,0
als,3,version_33,0,stratified,48,46,12,0.6870894450198803,ok,1,0.6439615423168163,0.6439615423168163,-0.04312790270306399,0.8,25
als,3,version_33,0,stratified,96,42,24,0.6887159724359632,ok,1,0.6674728976437194,0.6674728976437194,-0.021243074792243744,0.7124999999999999,24
als,3,version_33,0,stratified,96,43,24,0.6883365821962313,ok,0,0.6876868096166341,0.6883365821962313,0.0,0.825,0
als,3,version_33,0,stratified,96,44,24,0.6854720255805206,ok,1,0.6747648849218563,0.6747648849218563,-0.010707140658664294,0.8875,9
als,3,version_33,0,stratified,96,45,24,0.6835620361820731,ok,0,0.683090523579905,0.6835620361820731,0.0,0.9624999999999999,0
als,3,version_33,0,stratified,96,46,24,0.6855566670086523,ok,1,0.6413266047672788,0.6413266047672788,-0.04423006224137349,0.75,18
als,3,version_33,0,stratified,240,42,60,0.686768365472911,ok,1,0.6803344811753902,0.6803344811753902,-0.006433884297520787,0.622,2
als,3,version_33,0,stratified,240,43,60,0.6889182736455464,ok,0,0.6762180899908172,0.6889182736455464,0.0,0.6639999999999999,9
als,3,version_33,0,stratified,240,44,60,0.6886786042240587,ok,1,0.6869940312213039,0.6869940312213039,-0.001684573002754819,0.62,0
als,3,version_33,0,stratified,240,45,60,0.6831150137741047,ok,1,0.6720817263544536,0.6720817263544536,-0.011033287419651039,0.762,16
als,3,version_33,0,stratified,240,46,60,0.6862369146005509,ok,0,0.6842892561983471,0.6862369146005509,0.0,0.552,0
als,3,version_33,0,stratified,480,42,120,0.6880668574401665,ok,1,0.668334027055151,0.668334027055151,-0.0197328303850155,0.692,18
als,3,version_33,0,stratified,480,43,120,0.6910567117585847,ok,1,0.6832986472424558,0.6832986472424558,-0.007758064516128926,0.7100000000000001,1
als,3,version_33,0,stratified,480,44,120,0.6891173257023934,ok,1,0.6520395421436004,0.6520395421436004,-0.03707778355879299,0.7365,39
als,3,version_33,0,stratified,480,45,120,0.6812968262226847,ok,1,0.6823090530697191,0.6823090530697191,0.001012226847034392,0.714,44
als,3,version_33,0,stratified,480,46,120,0.6852606659729448,ok,1,0.6843803329864723,0.6843803329864723,-0.0008803329864724985,0.6365,23
als,3,version_33,0,temporal_array,24,42,6,0.686982676047034,ungateable,,,0.686982676047034,0.0,,
als,3,version_33,0,temporal_array,24,43,6,0.686982676047034,ungateable,,,0.686982676047034,0.0,,
als,3,version_33,0,temporal_array,24,44,6,0.686982676047034,ungateable,,,0.686982676047034,0.0,,
als,3,version_33,0,temporal_array,24,45,6,0.686982676047034,ungateable,,,0.686982676047034,0.0,,
als,3,version_33,0,temporal_array,24,46,6,0.686982676047034,ungateable,,,0.686982676047034,0.0,,
als,3,version_33,0,temporal_array,48,42,12,0.6877284573490594,ok,0,0.6870961275017541,0.6877284573490594,0.0,0.65,0
als,3,version_33,0,temporal_array,48,43,12,0.6877284573490594,ok,0,0.6867404941695345,0.6877284573490594,0.0,0.5,0
als,3,version_33,0,temporal_array,48,44,12,0.6877284573490594,ok,0,0.6869804370343146,0.6877284573490594,0.0,0.3,0
als,3,version_33,0,temporal_array,48,45,12,0.6877284573490594,ok,1,0.6832885746266163,0.6832885746266163,-0.0044398827224431114,0.7,4
als,3,version_33,0,temporal_array,48,46,12,0.6877284573490594,ok,1,0.6868094072638578,0.6868094072638578,-0.0009190500852016559,0.7,2
als,3,version_33,0,temporal_array,96,42,24,0.6896758831777299,ok,1,0.6741110512636366,0.6741110512636366,-0.015564831914093302,0.8374999999999999,20
als,3,version_33,0,temporal_array,96,43,24,0.6896758831777299,ok,1,0.6265859580725694,0.6265859580725694,-0.06308992510516043,0.8,32
als,3,version_33,0,temporal_array,96,44,24,0.6896758831777299,ok,1,0.6546651106323313,0.6546651106323313,-0.03501077254539853,0.6625,20
als,3,version_33,0,temporal_array,96,45,24,0.6896758831777299,ok,1,0.5960053948223385,0.5960053948223385,-0.09367048835539138,0.6125,81
als,3,version_33,0,temporal_array,96,46,24,0.6896758831777299,ok,0,0.6887512396976847,0.6896758831777299,0.0,0.42500000000000004,0
als,3,version_33,0,temporal_array,240,42,60,0.6888799357208448,ok,1,0.6763067033976126,0.6763067033976126,-0.012573232323232264,0.678,15
als,3,version_33,0,temporal_array,240,43,60,0.6888799357208448,ok,1,0.6769889807162535,0.6769889807162535,-0.011890955004591364,0.772,3
als,3,version_33,0,temporal_array,240,44,60,0.6888799357208448,ok,1,0.6802265840220385,0.6802265840220385,-0.008653351698806322,0.6960000000000001,2
als,3,version_33,0,temporal_array,240,45,60,0.6888799357208448,ok,1,0.6768530762167126,0.6768530762167126,-0.012026859504132181,0.608,4
als,3,version_33,0,temporal_array,240,46,60,0.6888799357208448,ok,0,0.6865984848484848,0.6888799357208448,0.0,0.622,0
als,3,version_33,0,temporal_array,480,42,120,0.6884737252861602,ok,1,0.6717440166493237,0.6717440166493237,-0.016729708636836538,0.7565,15
als,3,version_33,0,temporal_array,480,43,120,0.6884737252861602,ok,1,0.6818746097814776,0.6818746097814776,-0.006599115504682618,0.757,32
als,3,version_33,0,temporal_array,480,44,120,0.6884737252861602,ok,0,0.6812900624349636,0.6884737252861602,0.0,0.6365,0
als,3,version_33,0,temporal_array,480,45,120,0.6884737252861602,ok,1,0.674815296566077,0.674815296566077,-0.013658428720083271,0.6755,43
als,3,version_33,0,temporal_array,480,46,120,0.6884737252861602,ok,1,0.6843865764828304,0.6843865764828304,-0.004087148803329832,0.606,0
als,3,version_34,0,stratified,24,42,6,0.5790103960232528,ungateable,,,0.5790103960232528,0.0,,
als,3,version_34,0,stratified,24,43,6,0.5781817693882944,ungateable,,,0.5781817693882944,0.0,,
als,3,version_34,0,stratified,24,44,6,0.5781718605496102,ungateable,,,0.5781718605496102,0.0,,
als,3,version_34,0,stratified,24,45,6,0.5782304878451578,ungateable,,,0.5782304878451578,0.0,,
als,3,version_34,0,stratified,24,46,6,0.5800950009908838,ungateable,,,0.5800950009908838,0.0,,
als,3,version_34,0,stratified,48,42,12,0.5799824167195697,ok,0,0.5801486434561796,0.5799824167195697,0.0,0.9,0
als,3,version_34,0,stratified,48,43,12,0.5771315028901735,ok,0,0.5773935814761603,0.5771315028901735,0.0,0.6000000000000001,0
als,3,version_34,0,stratified,48,44,12,0.5777032727454977,ok,1,0.5779488539543587,0.5779488539543587,0.0002455812088609788,0.7,7
als,3,version_34,0,stratified,48,45,12,0.577666936750309,ok,0,0.5778776437568913,0.577666936750309,0.0,0.45,0
als,3,version_34,0,stratified,48,46,12,0.5813920027398175,ok,0,0.5816198336062013,0.5813920027398175,0.0,0.09999999999999998,0
als,3,version_34,0,stratified,96,42,24,0.5814966570910708,ok,1,0.5450089343729695,0.5450089343729695,-0.0364877227181013,0.5625,22
als,3,version_34,0,stratified,96,43,24,0.5768948137888581,ok,1,0.5775792124072364,0.5775792124072364,0.0006843986183783235,0.6875,4
als,3,version_34,0,stratified,96,44,24,0.5788561010225368,ok,1,0.5767246759686742,0.5767246759686742,-0.0021314250538626567,0.75,11
als,3,version_34,0,stratified,96,45,24,0.5764451027666633,ok,1,0.5760214681440443,0.5760214681440443,-0.00042363462261896245,0.875,12
als,3,version_34,0,stratified,96,46,24,0.5802437074655449,ok,0,0.5801904859614924,0.5802437074655449,0.0,0.3125,0
als,3,version_34,0,stratified,240,42,60,0.5771655188246098,ok,1,0.5729646464646464,0.5729646464646464,-0.004200872359963359,0.398,9
als,3,version_34,0,stratified,240,43,60,0.5762082185491276,ok,0,0.5781675849403122,0.5762082185491276,0.0,0.614,3
als,3,version_34,0,stratified,240,44,60,0.5816085858585859,ok,1,0.5752061524334251,0.5752061524334251,-0.006402433425160781,0.624,7
als,3,version_34,0,stratified,240,45,60,0.5785227272727272,ok,0,0.5792277318640955,0.5785227272727272,0.0,0.476,0
als,3,version_34,0,stratified,240,46,60,0.5809387052341597,ok,1,0.5751503673094582,0.5751503673094582,-0.005788337924701459,0.5760000000000001,10
als,3,version_34,0,stratified,480,42,120,0.5797302289281998,ok,1,0.5628048907388137,0.5628048907388137,-0.01692533818938613,0.643,5
als,3,version_34,0,stratified,480,43,120,0.584928459937565,ok,0,0.5867341311134235,0.584928459937565,0.0,0.5725000000000001,0
als,3,version_34,0,stratified,480,44,120,0.5843977627471384,ok,1,0.5689510926118626,0.5689510926118626,-0.015446670135275786,0.5885,11
als,3,version_34,0,stratified,480,45,120,0.5725569719042664,ok,0,0.5734295005202914,0.5725569719042664,0.0,0.5945,0
als,3,version_34,0,stratified,480,46,120,0.5834034859521332,ok,1,0.5580431841831426,0.5580431841831426,-0.025360301768990623,0.623,63
als,3,version_34,0,temporal_array,24,42,6,0.57824369963007,ungateable,,,0.57824369963007,0.0,,
als,3,version_34,0,temporal_array,24,43,6,0.57824369963007,ungateable,,,0.57824369963007,0.0,,
als,3,version_34,0,temporal_array,24,44,6,0.57824369963007,ungateable,,,0.57824369963007,0.0,,
als,3,version_34,0,temporal_array,24,45,6,0.57824369963007,ungateable,,,0.57824369963007,0.0,,
als,3,version_34,0,temporal_array,24,46,6,0.57824369963007,ungateable,,,0.57824369963007,0.0,,
als,3,version_34,0,temporal_array,48,42,12,0.5788342828026329,ok,0,0.5789785826455947,0.5788342828026329,0.0,0.7,0
als,3,version_34,0,temporal_array,48,43,12,0.5788342828026329,ok,1,0.5790418573958368,0.5790418573958368,0.00020757459320386307,0.65,6
als,3,version_34,0,temporal_array,48,44,12,0.5788342828026329,ok,0,0.5789817150589729,0.5788342828026329,0.0,0.65,0
als,3,version_34,0,temporal_array,48,45,12,0.5788342828026329,ok,1,0.5792632146079053,0.5792632146079053,0.00042893180527237007,0.9,1
als,3,version_34,0,temporal_array,48,46,12,0.5788342828026329,ok,1,0.579267182331518,0.579267182331518,0.00043289952888503347,0.45,7
als,3,version_34,0,temporal_array,96,42,24,0.5806502428097534,ok,1,0.579410972606956,0.579410972606956,-0.00123927020279746,0.75,12
als,3,version_34,0,temporal_array,96,43,24,0.5806502428097534,ok,1,0.57509810710988,0.57509810710988,-0.005552135699873451,0.675,27
als,3,version_34,0,temporal_array,96,44,24,0.5806502428097534,ok,1,0.5776076399575938,0.5776076399575938,-0.003042602852159626,0.2875,15
als,3,version_34,0,temporal_array,96,45,24,0.5806502428097534,ok,1,0.5750042748196026,0.5750042748196026,-0.005645967990150824,0.4625,34
als,3,version_34,0,temporal_array,96,46,24,0.5806502428097534,ok,1,0.5808849304059369,0.5808849304059369,0.00023468759618350266,0.4375,7
als,3,version_34,0,temporal_array,240,42,60,0.5823353994490358,ok,1,0.5465787419651056,0.5465787419651056,-0.0357566574839302,0.672,35
als,3,version_34,0,temporal_array,240,43,60,0.5823353994490358,ok,0,0.5826409550045913,0.5823353994490358,0.0,0.504,0
als,3,version_34,0,temporal_array,240,44,60,0.5823353994490358,ok,1,0.5828195592286501,0.5828195592286501,0.0004841597796143571,0.5780000000000001,1
als,3,version_34,0,temporal_array,240,45,60,0.5823353994490358,ok,0,0.5829120752984389,0.5823353994490358,0.0,0.5,1
als,3,version_34,0,temporal_array,240,46,60,0.5823353994490358,ok,1,0.5826843434343434,0.5826843434343434,0.00034894398530760373,0.5740000000000001,0
als,3,version_34,0,temporal_array,480,42,120,0.580230749219563,ok,1,0.5546056191467221,0.5546056191467221,-0.02562513007284084,0.691,54
als,3,version_34,0,temporal_array,480,43,120,0.580230749219563,ok,1,0.5521415192507805,0.5521415192507805,-0.028089229968782492,0.6495000000000001,25
als,3,version_34,0,temporal_array,480,44,120,0.580230749219563,ok,1,0.5597885015608741,0.5597885015608741,-0.02044224765868885,0.5994999999999999,34
als,3,version_34,0,temporal_array,480,45,120,0.580230749219563,ok,1,0.5549047866805411,0.5549047866805411,-0.025325962539021862,0.6005,44
als,3,version_34,0,temporal_array,480,46,120,0.580230749219563,ok,1,0.5666984911550468,0.5666984911550468,-0.01353225806451619,0.5015000000000001,6
als,3,version_35,0,stratified,24,42,6,0.5881104257497688,ungateable,,,0.5881104257497688,0.0,,
als,3,version_35,0,stratified,24,43,6,0.5859387386048355,ungateable,,,0.5859387386048355,0.0,,
als,3,version_35,0,stratified,24,44,6,0.5863920679746334,ungateable,,,0.5863920679746334,0.0,,
als,3,version_35,0,stratified,24,45,6,0.5861736606553045,ungateable,,,0.5861736606553045,0.0,,
als,3,version_35,0,stratified,24,46,6,0.5884345273483949,ungateable,,,0.5884345273483949,0.0,,
als,3,version_35,0,stratified,48,42,12,0.588435756289886,ok,0,0.5870042433759898,0.588435756289886,0.0,0.35,11
als,3,version_35,0,stratified,48,43,12,0.5855338885362024,ok,1,0.5844509088175348,0.5844509088175348,-0.0010829797186675538,0.6000000000000001,12
als,3,version_35,0,stratified,48,44,12,0.5860233803334559,ok,1,0.585562706739283,0.585562706739283,-0.0004606735941729001,0.65,2
als,3,version_35,0,stratified,48,45,12,0.5855437034314545,ok,0,0.585440124962411,0.5855437034314545,0.0,0.75,0
als,3,version_35,0,stratified,48,46,12,0.5886821728089813,ok,0,0.5885495673092986,0.5886821728089813,0.0,0.14999999999999997,0
als,3,version_35,0,stratified,96,42,24,0.5903515184159229,ok,1,0.4880531616565781,0.4880531616565781,-0.10229835675934484,0.8500000000000001,39
als,3,version_35,0,stratified,96,43,24,0.5849434441366574,ok,1,0.5763844003283062,0.5763844003283062,-0.008559043808351263,0.6875,42
als,3,version_35,0,stratified,96,44,24,0.5866414024828153,ok,0,0.5863827758968572,0.5866414024828153,0.0,0.6625,0
als,3,version_35,0,stratified,96,45,24,0.5841425566841079,ok,0,0.5840707397147842,0.5841425566841079,0.0,0.9,0
als,3,version_35,0,stratified,96,46,24,0.5880337112273862,ok,0,0.5878426267911494,0.5880337112273862,0.0,0.4125,0
als,3,version_35,0,stratified,240,42,60,0.5858987603305785,ok,1,0.5763223140495868,0.5763223140495868,-0.009576446280991746,0.518,16
als,3,version_35,0,stratified,240,43,60,0.5850330578512397,ok,1,0.5790082644628098,0.5790082644628098,-0.006024793388429872,0.6599999999999999,15
als,3,version_35,0,stratified,240,44,60,0.5908505509641873,ok,1,0.5880826446280992,0.5880826446280992,-0.002767906336088033,0.504,4
als,3,version_35,0,stratified,240,45,60,0.5848893480257116,ok,0,0.584633608815427,0.5848893480257116,0.0,0.556,0
als,3,version_35,0,stratified,240,46,60,0.588254132231405,ok,1,0.5842665289256198,0.5842665289256198,-0.003987603305785181,0.5519999999999999,11
als,3,version_35,0,stratified,480,42,120,0.5873051508844953,ok,1,0.5680140478668054,0.5680140478668054,-0.01929110301768988,0.696,16
als,3,version_35,0,stratified,480,43,120,0.5930150884495318,ok,1,0.588636836628512,0.588636836628512,-0.004378251821019807,0.6200000000000001,5
als,3,version_35,0,stratified,480,44,120,0.5967023933402705,ok,1,0.5561459417273673,0.5561459417273673,-0.04055645161290322,0.5685,16
als,3,version_35,0,stratified,480,45,120,0.5802424557752341,ok,1,0.5569453694068679,0.5569453694068679,-0.02329708636836625,0.6744999999999999,64
als,3,version_35,0,stratified,480,46,120,0.5906573881373569,ok,1,0.5713381893860562,0.5713381893860562,-0.019319198751300726,0.5535,14
als,3,version_35,0,temporal_array,24,42,6,0.586180679416039,ungateable,,,0.586180679416039,0.0,,
als,3,version_35,0,temporal_array,24,43,6,0.586180679416039,ungateable,,,0.586180679416039,0.0,,
als,3,version_35,0,temporal_array,24,44,6,0.586180679416039,ungateable,,,0.586180679416039,0.0,,
als,3,version_35,0,temporal_array,24,45,6,0.586180679416039,ungateable,,,0.586180679416039,0.0,,
als,3,version_35,0,temporal_array,24,46,6,0.586180679416039,ungateable,,,0.586180679416039,0.0,,
als,3,version_35,0,temporal_array,48,42,12,0.5869564218650807,ok,0,0.5868062748504795,0.5869564218650807,0.0,0.7,0
als,3,version_35,0,temporal_array,48,43,12,0.5869564218650807,ok,0,0.5869127769053426,0.5869564218650807,0.0,0.75,0
als,3,version_35,0,temporal_array,48,44,12,0.5869564218650807,ok,0,0.586819639814227,0.5869564218650807,0.0,0.55,0
als,3,version_35,0,temporal_array,48,45,12,0.5869564218650807,ok,0,0.5859901767516456,0.5869564218650807,0.0,0.8500000000000001,6
als,3,version_35,0,temporal_array,48,46,12,0.5869564218650807,ok,0,0.5868555581542985,0.5869564218650807,0.0,0.35,0
als,3,version_35,0,temporal_array,96,42,24,0.5880136195752539,ok,0,0.5877624739236004,0.5880136195752539,0.0,0.725,0
als,3,version_35,0,temporal_array,96,43,24,0.5880136195752539,ok,1,0.5864907150918232,0.5864907150918232,-0.0015229044834307315,0.7125,6
als,3,version_35,0,temporal_array,96,44,24,0.5880136195752539,ok,1,0.5844612444854826,0.5844612444854826,-0.0035523750897712425,0.5375000000000001,18
als,3,version_35,0,temporal_array,96,45,24,0.5880136195752539,ok,1,0.5847205122943812,0.5847205122943812,-0.0032931072808727313,0.38749999999999996,30
als,3,version_35,0,temporal_array,96,46,24,0.5880136195752539,ok,1,0.5864017988440888,0.5864017988440888,-0.001611820731165059,0.5249999999999999,6
als,3,version_35,0,temporal_array,240,42,60,0.5879129935720845,ok,1,0.5718911845730028,0.5718911845730028,-0.016021808999081677,0.6980000000000001,31
als,3,version_35,0,temporal_array,240,43,60,0.5879129935720845,ok,0,0.5876859504132231,0.5879129935720845,0.0,0.6020000000000001,0
als,3,version_35,0,temporal_array,240,44,60,0.5879129935720845,ok,1,0.5876836547291092,0.5876836547291092,-0.00022933884297526852,0.54,0
als,3,version_35,0,temporal_array,240,45,60,0.5879129935720845,ok,0,0.5876694214876034,0.5879129935720845,0.0,0.5780000000000001,0
als,3,version_35,0,temporal_array,240,46,60,0.5879129935720845,ok,0,0.5866462350780532,0.5879129935720845,0.0,0.664,3
als,3,version_35,0,temporal_array,480,42,120,0.5849464099895941,ok,1,0.5842065556711759,0.5842065556711759,-0.000739854318418276,0.6900000000000001,0
als,3,version_35,0,temporal_array,480,43,120,0.5849464099895941,ok,1,0.5841282518210198,0.5841282518210198,-0.0008181581685743344,0.6865,0
als,3,version_35,0,temporal_array,480,44,120,0.5849464099895941,ok,1,0.5797708116545265,0.5797708116545265,-0.005175598335067644,0.621,40
als,3,version_35,0,temporal_array,480,45,120,0.5849464099895941,ok,0,0.582088969823101,0.5849464099895941,0.0,0.5705,17
als,3,version_35,0,temporal_array,480,46,120,0.5849464099895941,ok,1,0.5772492195629553,0.5772492195629553,-0.007697190426638856,0.5245,26
als,3,version_36,0,stratified,24,42,6,0.5826116395825076,ungateable,,,0.5826116395825076,0.0,,
als,3,version_36,0,stratified,24,43,6,0.5799763013608139,ungateable,,,0.5799763013608139,0.0,,
als,3,version_36,0,stratified,24,44,6,0.5802318668252081,ungateable,,,0.5802318668252081,0.0,,
als,3,version_36,0,stratified,24,45,6,0.5808775928127891,ungateable,,,0.5808775928127891,0.0,,
als,3,version_36,0,stratified,24,46,6,0.5822268463469414,ungateable,,,0.5822268463469414,0.0,,
als,3,version_36,0,stratified,48,42,12,0.5827500083531023,ok,0,0.5825616458952856,0.5827500083531023,0.0,0.39999999999999997,0
als,3,version_36,0,stratified,48,43,12,0.5794555447893348,ok,0,0.5794156587256507,0.5794555447893348,0.0,0.75,0
als,3,version_36,0,stratified,48,44,12,0.5801755822112332,ok,1,0.5779699455377727,0.5779699455377727,-0.0022056366734605204,0.7,13
als,3,version_36,0,stratified,48,45,12,0.5802382304787999,ok,0,0.5801250459420629,0.5802382304787999,0.0,0.6,0
als,3,version_36,0,stratified,48,46,12,0.5828569280630826,ok,0,0.5828650723378663,0.5828569280630826,0.0,0.19999999999999996,0
als,3,version_36,0,stratified,96,42,24,0.5852010020177149,ok,0,0.5849522075168427,0.5852010020177149,0.0,0.5375,0
als,3,version_36,0,stratified,96,43,24,0.579010208269211,ok,0,0.5789980250333436,0.579010208269211,0.0,0.7250000000000001,0
als,3,version_36,0,stratified,96,44,24,0.5809398618378304,ok,0,0.580639769501727,0.5809398618378304,0.0,0.6125,3
als,3,version_36,0,stratified,96,45,24,0.5789088950446291,ok,0,0.5788595208782189,0.5789088950446291,0.0,0.9625,0
als,3,version_36,0,stratified,96,46,24,0.5819034061762594,ok,1,0.5814511302623029,0.5814511302623029,-0.00045227591395646805,0.5125,1
als,3,version_36,0,stratified,240,42,60,0.5811919191919193,ok,1,0.5640619834710744,0.5640619834710744,-0.01712993572084487,0.44999999999999996,28
als,3,version_36,0,stratified,240,43,60,0.5784701561065198,ok,0,0.5782426538108356,0.5784701561065198,0.0,0.67,0
als,3,version_36,0,stratified,240,44,60,0.5846593204775022,ok,0,0.584601469237833,0.5846593204775022,0.0,0.488,0
als,3,version_36,0,stratified,240,45,60,0.5791836547291093,ok,1,0.5747727272727272,0.5747727272727272,-0.004410927456382052,0.58,9
als,3,version_36,0,stratified,240,46,60,0.5819944903581267,ok,1,0.5758425160697888,0.5758425160697888,-0.006151974288337914,0.5660000000000001,8
als,3,version_36,0,stratified,480,42,120,0.5844724245577524,ok,1,0.5495182101977107,0.5495182101977107,-0.03495421436004165,0.658,22
als,3,version_36,0,stratified,480,43,120,0.5865660770031218,ok,0,0.5871134235171697,0.5865660770031218,0.0,0.57,0
als,3,version_36,0,stratified,480,44,120,0.5875010405827263,ok,1,0.5643238813735691,0.5643238813735691,-0.023177159209157194,0.6065,42
als,3,version_36,0,stratified,480,45,120,0.5751394380853277,ok,0,0.5745130072840792,0.5751394380853277,0.0,0.628,0
als,3,version_36,0,stratified,480,46,120,0.5833033298647243,ok,1,0.5711014568158168,0.5711014568158168,-0.012201873048907519,0.544,34
als,3,version_36,0,temporal_array,24,42,6,0.5804672017439556,ungateable,,,0.5804672017439556,0.0,,
als,3,version_36,0,temporal_array,24,43,6,0.5804672017439556,ungateable,,,0.5804672017439556,0.0,,
als,3,version_36,0,temporal_array,24,44,6,0.5804672017439556,ungateable,,,0.5804672017439556,0.0,,
als,3,version_36,0,temporal_array,24,45,6,0.5804672017439556,ungateable,,,0.5804672017439556,0.0,,
als,3,version_36,0,temporal_array,24,46,6,0.5804672017439556,ungateable,,,0.5804672017439556,0.0,,
als,3,version_36,0,temporal_array,48,42,12,0.5810305222359584,ok,0,0.5810046276186976,0.5810305222359584,0.0,0.85,0
als,3,version_36,0,temporal_array,48,43,12,0.5810305222359584,ok,1,0.5785260533262053,0.5785260533262053,-0.002504468909753088,0.75,17
als,3,version_36,0,temporal_array,48,44,12,0.5810305222359584,ok,1,0.5810326105115441,0.5810326105115441,2.088275585676591e-06,0.45,0
als,3,version_36,0,temporal_array,48,45,12,0.5810305222359584,ok,1,0.5800822362925591,0.5800822362925591,-0.0009482859433993518,0.75,10
als,3,version_36,0,temporal_array,48,46,12,0.5810305222359584,ok,1,0.5606850796885964,0.5606850796885964,-0.020345442547362036,0.65,36
als,3,version_36,0,temporal_array,96,42,24,0.5815780924045005,ok,0,0.5815949779419308,0.5815780924045005,0.0,0.55,0
als,3,version_36,0,temporal_array,96,43,24,0.5815780924045005,ok,1,0.5736408211073493,0.5736408211073493,-0.007937271297151272,0.65,19
als,3,version_36,0,temporal_array,96,44,24,0.5815780924045005,ok,1,0.5522408604356897,0.5522408604356897,-0.029337231968810884,0.6000000000000001,60
als,3,version_36,0,temporal_array,96,45,24,0.5815780924045005,ok,1,0.5599626808248692,0.5599626808248692,-0.021615411579631316,0.6124999999999999,43
als,3,version_36,0,temporal_array,96,46,24,0.5815780924045005,ok,1,0.5810467323278957,0.5810467323278957,-0.0005313600766048143,0.36250000000000004,6
als,3,version_36,0,temporal_array,240,42,60,0.5832929292929292,ok,1,0.5519708448117538,0.5519708448117538,-0.03132208448117535,0.608,20
als,3,version_36,0,temporal_array,240,43,60,0.5832929292929292,ok,0,0.5832284205693297,0.5832929292929292,0.0,0.544,0
als,3,version_36,0,temporal_array,240,44,60,0.5832929292929292,ok,0,0.5832633149678603,0.5832929292929292,0.0,0.506,0
als,3,version_36,0,temporal_array,240,45,60,0.5832929292929292,ok,1,0.5733220844811754,0.5733220844811754,-0.00997084481175381,0.5860000000000001,9
als,3,version_36,0,temporal_array,240,46,60,0.5832929292929292,ok,1,0.581733930211203,0.581733930211203,-0.0015589990817261867,0.618,3
als,3,version_36,0,temporal_array,480,42,120,0.5815978147762747,ok,1,0.5643925598335068,0.5643925598335068,-0.017205254942767922,0.6445,34
als,3,version_36,0,temporal_array,480,43,120,0.5815978147762747,ok,0,0.5813699271592091,0.5815978147762747,0.0,0.6084999999999999,0
als,3,version_36,0,temporal_array,480,44,120,0.5815978147762747,ok,1,0.5647096774193548,0.5647096774193548,-0.016888137356919852,0.6415,24
als,3,version_36,0,temporal_array,480,45,120,0.5815978147762747,ok,1,0.5623033298647243,0.5623033298647243,-0.01929448491155039,0.5695,35
als,3,version_36,0,temporal_array,480,46,120,0.5815978147762747,ok,1,0.5564690426638919,0.5564690426638919,-0.025128772112382847,0.487,23
als,3,version_37,0,stratified,24,42,6,0.5853295514599023,ungateable,,,0.5853295514599023,0.0,,
als,3,version_37,0,stratified,24,43,6,0.583907633108733,ungateable,,,0.583907633108733,0.0,,
als,3,version_37,0,stratified,24,44,6,0.5841066356189721,ungateable,,,0.5841066356189721,0.0,,
als,3,version_37,0,stratified,24,45,6,0.5843287587528074,ungateable,,,0.5843287587528074,0.0,,
als,3,version_37,0,stratified,24,46,6,0.586008719778042,ungateable,,,0.586008719778042,0.0,,
als,3,version_37,0,stratified,48,42,12,0.5851749139630459,ok,0,0.5849021851715727,0.5851749139630459,0.0,0.75,0
als,3,version_37,0,stratified,48,43,12,0.5835172408032344,ok,0,0.5834675398442982,0.5835172408032344,0.0,0.5,0
als,3,version_37,0,stratified,48,44,12,0.583746533462528,ok,0,0.5834053092318487,0.583746533462528,0.0,0.6,0
als,3,version_37,0,stratified,48,45,12,0.5833906913027499,ok,0,0.583107521133349,0.5833906913027499,0.0,0.8,0
als,3,version_37,0,stratified,48,46,12,0.5868659995322263,ok,0,0.5867292174813725,0.5868659995322263,0.0,0.25,0
als,3,version_37,0,stratified,96,42,24,0.5872943811771143,ok,1,0.5657475804521049,0.5657475804521049,-0.021546800725009363,0.6,12
als,3,version_37,0,stratified,96,43,24,0.583249119387162,ok,1,0.5737231113846996,0.5737231113846996,-0.009526008002462394,0.675,16
als,3,version_37,0,stratified,96,44,24,0.5851526965562054,ok,0,0.5846690007181697,0.5851526965562054,0.0,0.6375,0
als,3,version_37,0,stratified,96,45,24,0.5821222769399131,ok,0,0.5818358640265381,0.5821222769399131,0.0,0.8375,0
als,3,version_37,0,stratified,96,46,24,0.5855374303204405,ok,1,0.5544774460517766,0.5544774460517766,-0.031059984268663854,0.475,25
als,3,version_37,0,stratified,240,42,60,0.5829857667584941,ok,1,0.5762777777777777,0.5762777777777777,-0.0067079889807164506,0.514,4
als,3,version_37,0,stratified,240,43,60,0.5833195592286502,ok,1,0.5777392102846648,0.5777392102846648,-0.005580348943985403,0.6659999999999999,6
als,3,version_37,0,stratified,240,44,60,0.5892938475665749,ok,1,0.5789802571166207,0.5789802571166207,-0.010313590449954169,0.55,6
als,3,version_37,0,stratified,240,45,60,0.5825821854912764,ok,0,0.5818287419651056,0.5825821854912764,0.0,0.5900000000000001,0
als,3,version_37,0,stratified,240,46,60,0.5853402203856749,ok,1,0.5772222222222222,0.5772222222222222,-0.008117998163452711,0.562,9
als,3,version_37,0,stratified,480,42,120,0.5832715920915713,ok,1,0.5722143600416233,0.5722143600416233,-0.011057232049948018,0.6779999999999999,2
als,3,version_37,0,stratified,480,43,120,0.5895296566077004,ok,1,0.5882762747138398,0.5882762747138398,-0.0012533818938605945,0.623,0
als,3,version_37,0,stratified,480,44,120,0.5930317377731529,ok,1,0.5028061914672216,0.5028061914672216,-0.09022554630593127,0.6094999999999999,41
als,3,version_37,0,stratified,480,45,120,0.5776534859521332,ok,0,0.5758691467221644,0.5776534859521332,0.0,0.6144999999999999,0
als,3,version_37,0,stratified,480,46,120,0.5877138397502601,ok,1,0.5746248699271592,0.5746248699271592,-0.013088969823100927,0.5715,30
als,3,version_37,0,temporal_array,24,42,6,0.5843031609195402,ungateable,,,0.5843031609195402,0.0,,
als,3,version_37,0,temporal_array,24,43,6,0.5843031609195402,ungateable,,,0.5843031609195402,0.0,,
als,3,version_37,0,temporal_array,24,44,6,0.5843031609195402,ungateable,,,0.5843031609195402,0.0,,
als,3,version_37,0,temporal_array,24,45,6,0.5843031609195402,ungateable,,,0.5843031609195402,0.0,,
als,3,version_37,0,temporal_array,24,46,6,0.5843031609195402,ungateable,,,0.5843031609195402,0.0,,
als,3,version_37,0,temporal_array,48,42,12,0.5852613685722878,ok,0,0.5849159677904374,0.5852613685722878,0.0,0.5,0
als,3,version_37,0,temporal_array,48,43,12,0.5852613685722878,ok,0,0.5851552841725416,0.5852613685722878,0.0,0.7,0
als,3,version_37,0,temporal_array,48,44,12,0.5852613685722878,ok,0,0.584876708209429,0.5852613685722878,0.0,0.4,0
als,3,version_37,0,temporal_array,48,45,12,0.5852613685722878,ok,1,0.5828874168866316,0.5828874168866316,-0.0023739516856562393,0.8500000000000001,7
als,3,version_37,0,temporal_array,48,46,12,0.5852613685722878,ok,1,0.5838160730395269,0.5838160730395269,-0.0014452955327609596,0.45,7
als,3,version_37,0,temporal_array,96,42,24,0.5860940118327007,ok,1,0.5853672925002564,0.5853672925002564,-0.0007267193324442811,0.725,1
als,3,version_37,0,temporal_array,96,43,24,0.5860940118327007,ok,1,0.58409681611436,0.58409681611436,-0.001997195718340672,0.525,3
als,3,version_37,0,temporal_array,96,44,24,0.5860940118327007,ok,0,0.5856596901610752,0.5860940118327007,0.0,0.31249999999999994,0
als,3,version_37,0,temporal_array,96,45,24,0.5860940118327007,ok,1,0.5781997024725557,0.5781997024725557,-0.007894309360145013,0.42500000000000004,31
als,3,version_37,0,temporal_array,96,46,24,0.5860940118327007,ok,1,0.5833482952019424,0.5833482952019424,-0.002745716630758288,0.5125,4
als,3,version_37,0,temporal_array,240,42,60,0.5871198347107438,ok,1,0.5721028466483011,0.5721028466483011,-0.015016988062442671,0.6759999999999999,17
als,3,version_37,0,temporal_array,240,43,60,0.5871198347107438,ok,1,0.5839986225895317,0.5839986225895317,-0.0031212121212120802,0.61,3
als,3,version_37,0,temporal_array,240,44,60,0.5871198347107438,ok,0,0.5861696510560147,0.5871198347107438,0.0,0.546,0
als,3,version_37,0,temporal_array,240,45,60,0.5871198347107438,ok,0,0.5864173553719008,0.5871198347107438,0.0,0.512,0
als,3,version_37,0,temporal_array,240,46,60,0.5871198347107438,ok,1,0.584366391184573,0.584366391184573,-0.0027534435261707957,0.5720000000000001,2
als,3,version_37,0,temporal_array,480,42,120,0.5843465140478667,ok,1,0.5754901144640999,0.5754901144640999,-0.008856399583766827,0.6595,25
als,3,version_37,0,temporal_array,480,43,120,0.5843465140478667,ok,1,0.5703413111342351,0.5703413111342351,-0.01400520291363161,0.658,15
als,3,version_37,0,temporal_array,480,44,120,0.5843465140478667,ok,1,0.5757143600416234,0.5757143600416234,-0.008632154006243398,0.5745,34
als,3,version_37,0,temporal_array,480,45,120,0.5843465140478667,ok,0,0.5822232049947972,0.5843465140478667,0.0,0.5650000000000001,0
als,3,version_37,0,temporal_array,480,46,120,0.5843465140478667,ok,1,0.572932882414152,0.572932882414152,-0.011413631633714783,0.529,25
als,3,version_38,0,stratified,24,42,6,0.5914724121416304,ungateable,,,0.5914724121416304,0.0,,
als,3,version_38,0,stratified,24,43,6,0.5893440761659401,ungateable,,,0.5893440761659401,0.0,,
als,3,version_38,0,stratified,24,44,6,0.5899844348659004,ungateable,,,0.5899844348659004,0.0,,
als,3,version_38,0,stratified,24,45,6,0.5900690728629938,ungateable,,,0.5900690728629938,0.0,,
als,3,version_38,0,stratified,24,46,6,0.5919715698903422,ungateable,,,0.5919715698903422,0.0,,
als,3,version_38,0,stratified,48,42,12,0.5914604146480003,ok,0,0.5913127735641017,0.5914604146480003,0.0,0.45,0
als,3,version_38,0,stratified,48,43,12,0.5885727471682982,ok,0,0.5883992114671389,0.5885727471682982,0.0,0.5,0
als,3,version_38,0,stratified,48,44,12,0.5898967138895386,ok,0,0.5897751762504595,0.5898967138895386,0.0,0.65,0
als,3,version_38,0,stratified,48,45,12,0.5894017925757626,ok,0,0.58930677603662,0.5894017925757626,0.0,0.8,0
als,3,version_38,0,stratified,48,46,12,0.592922207557887,ok,1,0.5230050703331217,0.5230050703331217,-0.06991713722476534,0.9,42
als,3,version_38,0,stratified,96,42,24,0.5934058770219897,ok,1,0.49568563831606305,0.49568563831606305,-0.09772023870592661,0.775,38
als,3,version_38,0,stratified,96,43,24,0.5881213450292399,ok,0,0.5878905047706986,0.5881213450292399,0.0,0.675,0
als,3,version_38,0,stratified,96,44,24,0.5911188485345918,ok,0,0.5910147566772682,0.5911188485345918,0.0,0.6375,0
als,3,version_38,0,stratified,96,45,24,0.587411724975206,ok,1,0.5821256967955952,0.5821256967955952,-0.005286028179610769,0.9750000000000001,9
als,3,version_38,0,stratified,96,46,24,0.5917104835675935,ok,1,0.5221952908587257,0.5221952908587257,-0.06951519270886775,0.7374999999999999,40
als,3,version_38,0,stratified,240,42,60,0.5898174931129477,ok,1,0.5561085858585858,0.5561085858585858,-0.03370890725436193,0.448,14
als,3,version_38,0,stratified,240,43,60,0.5889951790633609,ok,0,0.5885525711662075,0.5889951790633609,0.0,0.632,0
als,3,version_38,0,stratified,240,44,60,0.5952247474747475,ok,0,0.5949988521579431,0.5952247474747475,0.0,0.49,0
als,3,version_38,0,stratified,240,45,60,0.5895323691460055,ok,1,0.5693500918273646,0.5693500918273646,-0.020182277318640862,0.628,6
als,3,version_38,0,stratified,240,46,60,0.5932059228650137,ok,1,0.5644178145087235,0.5644178145087235,-0.0287881083562902,0.612,7
als,3,version_38,0,stratified,480,42,120,0.5913982830385016,ok,1,0.5858811134235171,0.5858811134235171,-0.005517169614984496,0.627,1
als,3,version_38,0,stratified,480,43,120,0.5969118106139437,ok,0,0.5968522372528615,0.5969118106139437,0.0,0.5780000000000001,0
als,3,version_38,0,stratified,480,44,120,0.5981834027055151,ok,1,0.5144321019771071,0.5144321019771071,-0.08375130072840797,0.6375,32
als,3,version_38,0,stratified,480,45,120,0.5842859001040582,ok,0,0.5815507284079084,0.5842859001040582,0.0,0.6589999999999999,0
als,3,version_38,0,stratified,480,46,120,0.5953759105098856,ok,1,0.5397640478668053,0.5397640478668053,-0.05561186264308027,0.5225,33
als,3,version_38,0,temporal_array,24,42,6,0.5895583548024838,ungateable,,,0.5895583548024838,0.0,,
als,3,version_38,0,temporal_array,24,43,6,0.5895583548024838,ungateable,,,0.5895583548024838,0.0,,
als,3,version_38,0,temporal_array,24,44,6,0.5895583548024838,ungateable,,,0.5895583548024838,0.0,,
als,3,version_38,0,temporal_array,24,45,6,0.5895583548024838,ungateable,,,0.5895583548024838,0.0,,
als,3,version_38,0,temporal_array,24,46,6,0.5895583548024838,ungateable,,,0.5895583548024838,0.0,,
als,3,version_38,0,temporal_array,48,42,12,0.5908827976210365,ok,0,0.5908890624477932,0.5908827976210365,0.0,0.8,0
als,3,version_38,0,temporal_array,48,43,12,0.5908827976210365,ok,1,0.5849821661264993,0.5849821661264993,-0.005900631494537123,0.9,14
als,3,version_38,0,temporal_array,48,44,12,0.5908827976210365,ok,1,0.5908220288014969,0.5908220288014969,-6.076881953953617e-05,0.4,0
als,3,version_38,0,temporal_array,48,45,12,0.5908827976210365,ok,1,0.5809152494236359,0.5809152494236359,-0.009967548197400533,0.9,18
als,3,version_38,0,temporal_array,48,46,12,0.5908827976210365,ok,0,0.590804069631461,0.5908827976210365,0.0,0.3,0
als,3,version_38,0,temporal_array,96,42,24,0.5913928644711193,ok,1,0.5912513679422728,0.5912513679422728,-0.00014149652884642983,0.7625,0
als,3,version_38,0,temporal_array,96,43,24,0.5913928644711193,ok,1,0.5441789781471221,0.5441789781471221,-0.047213886323997145,0.7625,25
als,3,version_38,0,temporal_array,96,44,24,0.5913928644711193,ok,1,0.540701839882357,0.540701839882357,-0.05069102458876229,0.625,52
als,3,version_38,0,temporal_array,96,45,24,0.5913928644711193,ok,1,0.541022878834513,0.541022878834513,-0.05036998563660622,0.7375,44
als,3,version_38,0,temporal_array,96,46,24,0.5913928644711193,ok,1,0.5560091139153928,0.5560091139153928,-0.03538375055572651,0.65,16
als,3,version_38,0,temporal_array,240,42,60,0.5923758034894399,ok,1,0.5426641414141414,0.5426641414141414,-0.049711662075298424,0.632,17
als,3,version_38,0,temporal_array,240,43,60,0.5923758034894399,ok,1,0.5901095041322314,0.5901095041322314,-0.0022662993572084567,0.6579999999999999,2
als,3,version_38,0,temporal_array,240,44,60,0.5923758034894399,ok,1,0.5705922865013774,0.5705922865013774,-0.021783516988062468,0.5700000000000001,6
als,3,version_38,0,temporal_array,240,45,60,0.5923758034894399,ok,1,0.5726200642791552,0.5726200642791552,-0.019755739210284617,0.624,6
als,3,version_38,0,temporal_array,240,46,60,0.5923758034894399,ok,1,0.5790045913682278,0.5790045913682278,-0.013371212121212062,0.654,5
als,3,version_38,0,temporal_array,480,42,120,0.5904425078043704,ok,1,0.5486308532778356,0.5486308532778356,-0.04181165452653479,0.707,5
als,3,version_38,0,temporal_array,480,43,120,0.5904425078043704,ok,1,0.5849495317377731,0.5849495317377731,-0.005492976066597266,0.6825,1
als,3,version_38,0,temporal_array,480,44,120,0.5904425078043704,ok,1,0.5521373569198751,0.5521373569198751,-0.038305150884495265,0.622,28
als,3,version_38,0,temporal_array,480,45,120,0.5904425078043704,ok,1,0.5612944849115504,0.5612944849115504,-0.029148022892819925,0.63,33
als,3,version_38,0,temporal_array,480,46,120,0.5904425078043704,ok,1,0.5439425078043705,0.5439425078043705,-0.046499999999999875,0.5315,26
als,3,version_39,0,stratified,24,42,6,0.5840094051393843,ungateable,,,0.5840094051393843,0.0,,
als,3,version_39,0,stratified,24,43,6,0.5824590847536002,ungateable,,,0.5824590847536002,0.0,,
als,3,version_39,0,stratified,24,44,6,0.5829611325802615,ungateable,,,0.5829611325802615,0.0,,
als,3,version_39,0,stratified,24,45,6,0.5826172133042674,ungateable,,,0.5826172133042674,0.0,,
als,3,version_39,0,stratified,24,46,6,0.5842071690447879,ungateable,,,0.5842071690447879,0.0,,
als,3,version_39,0,stratified,48,42,12,0.5849191002038157,ok,1,0.5573695245414148,0.5573695245414148,-0.027549575662400905,0.7999999999999999,24
als,3,version_39,0,stratified,48,43,12,0.5822891259313709,ok,0,0.5824021016405493,0.5822891259313709,0.0,0.45,0
als,3,version_39,0,stratified,48,44,12,0.5829080908149287,ok,0,0.5828105683450834,0.5829080908149287,0.0,0.35,0
als,3,version_39,0,stratified,48,45,12,0.5816492782919577,ok,0,0.5816438487754352,0.5816492782919577,0.0,0.55,0
als,3,version_39,0,stratified,48,46,12,0.5848326455945738,ok,0,0.584712360920846,0.5848326455945738,0.0,0.19999999999999996,0
als,3,version_39,0,stratified,96,42,24,0.5871278769535926,ok,1,0.517290576587668,0.517290576587668,-0.06983730036592461,0.525,38
als,3,version_39,0,stratified,96,43,24,0.5825106443008105,ok,0,0.5823009643993023,0.5825106443008105,0.0,0.5,0
als,3,version_39,0,stratified,96,44,24,0.5840782206490887,ok,1,0.5777824800793406,0.5777824800793406,-0.006295740569748021,0.625,23
als,3,version_39,0,stratified,96,45,24,0.5812589771211655,ok,0,0.5810950377894053,0.5812589771211655,0.0,0.9125,0
als,3,version_39,0,stratified,96,46,24,0.5835725094900994,ok,1,0.5765331640504772,0.5765331640504772,-0.007039345439622258,0.5125,10
als,3,version_39,0,stratified,240,42,60,0.5833790174471992,ok,1,0.5769044995408632,0.5769044995408632,-0.006474517906336019,0.494,52
als,3,version_39,0,stratified,240,43,60,0.582152662993572,ok,1,0.5800321395775941,0.5800321395775941,-0.002120523415977904,0.628,14
als,3,version_39,0,stratified,240,44,60,0.5862031680440771,ok,1,0.5748673094582185,0.5748673094582185,-0.011335858585858616,0.6060000000000001,14
als,3,version_39,0,stratified,240,45,60,0.5828280532598715,ok,1,0.579588383838384,0.579588383838384,-0.0032396694214875676,0.588,9
als,3,version_39,0,stratified,240,46,60,0.5852623966942149,ok,1,0.5830755280073462,0.5830755280073462,-0.0021868686868686815,0.532,4
als,3,version_39,0,stratified,480,42,120,0.5842994276795005,ok,1,0.5797822580645161,0.5797822580645161,-0.004517169614984384,0.621,2
als,3,version_39,0,stratified,480,43,120,0.5884622788761706,ok,1,0.5769235171696149,0.5769235171696149,-0.011538761706555767,0.645,19
als,3,version_39,0,stratified,480,44,120,0.5888228407908428,ok,1,0.5305874089490115,0.5305874089490115,-0.05823543184183133,0.6385000000000001,31
als,3,version_39,0,stratified,480,45,120,0.5738093132154006,ok,1,0.56104110301769,0.56104110301769,-0.012768210197710683,0.6930000000000001,24
als,3,version_39,0,stratified,480,46,120,0.5856724765868887,ok,0,0.5846181061394381,0.5856724765868887,0.0,0.48700000000000004,0
als,3,version_39,0,temporal_array,24,42,6,0.5823331599286563,ungateable,,,0.5823331599286563,0.0,,
als,3,version_39,0,temporal_array,24,43,6,0.5823331599286563,ungateable,,,0.5823331599286563,0.0,,
als,3,version_39,0,temporal_array,24,44,6,0.5823331599286563,ungateable,,,0.5823331599286563,0.0,,
als,3,version_39,0,temporal_array,24,45,6,0.5823331599286563,ungateable,,,0.5823331599286563,0.0,,
als,3,version_39,0,temporal_array,24,46,6,0.5823331599286563,ungateable,,,0.5823331599286563,0.0,,
als,3,version_39,0,temporal_array,48,42,12,0.5832280146346354,ok,0,0.5829471415683785,0.5832280146346354,0.0,0.9,0
als,3,version_39,0,temporal_array,48,43,12,0.5832280146346354,ok,1,0.5758969143639948,0.5758969143639948,-0.007331100270640545,0.7,23
als,3,version_39,0,temporal_array,48,44,12,0.5832280146346354,ok,1,0.5794271442413712,0.5794271442413712,-0.003800870393264155,0.55,15
als,3,version_39,0,temporal_array,48,45,12,0.5832280146346354,ok,1,0.5790696314611247,0.5790696314611247,-0.0041583831735106935,0.9,13
als,3,version_39,0,temporal_array,48,46,12,0.5832280146346354,ok,0,0.5832357412543019,0.5832280146346354,0.0,0.44999999999999996,0
als,3,version_39,0,temporal_array,96,42,24,0.5834711962655176,ok,1,0.579942760165521,0.579942760165521,-0.0035284360999965347,0.675,12
als,3,version_39,0,temporal_array,96,43,24,0.5834711962655176,ok,1,0.5792391248589309,0.5792391248589309,-0.004232071406586657,0.575,14
als,3,version_39,0,temporal_array,96,44,24,0.5834711962655176,ok,1,0.5774902961595021,0.5774902961595021,-0.005980900106015485,0.45,14
als,3,version_39,0,temporal_array,96,45,24,0.5834711962655176,ok,1,0.5790986970349851,0.5790986970349851,-0.004372499230532512,0.38749999999999996,16
als,3,version_39,0,temporal_array,96,46,24,0.5834711962655176,ok,1,0.583298279812592,0.583298279812592,-0.00017291645292560887,0.4625,0
als,3,version_39,0,temporal_array,240,42,60,0.5835833333333333,ok,1,0.5782258953168044,0.5782258953168044,-0.0053574380165289925,0.648,13
als,3,version_39,0,temporal_array,240,43,60,0.5835833333333333,ok,1,0.5781308539944903,0.5781308539944903,-0.005452479338843075,0.678,9
als,3,version_39,0,temporal_array,240,44,60,0.5835833333333333,ok,1,0.5818381542699724,0.5818381542699724,-0.0017451790633609132,0.5640000000000001,1
als,3,version_39,0,temporal_array,240,45,60,0.5835833333333333,ok,1,0.5816012396694215,0.5816012396694215,-0.001982093663911888,0.5720000000000001,2
als,3,version_39,0,temporal_array,240,46,60,0.5835833333333333,ok,0,0.5828792470156107,0.5835833333333333,0.0,0.65,0
als,3,version_39,0,temporal_array,480,42,120,0.5805215920915713,ok,1,0.5723324661810614,0.5723324661810614,-0.008189125910509909,0.633,8
als,3,version_39,0,temporal_array,480,43,120,0.5805215920915713,ok,1,0.573614984391259,0.573614984391259,-0.006906607700312262,0.6995,8
als,3,version_39,0,temporal_array,480,44,120,0.5805215920915713,ok,1,0.5738850156087408,0.5738850156087408,-0.006636576482830447,0.6245,9
als,3,version_39,0,temporal_array,480,45,120,0.5805215920915713,ok,0,0.5790738813735692,0.5805215920915713,0.0,0.577,0
als,3,version_39,0,temporal_array,480,46,120,0.5805215920915713,ok,1,0.567547866805411,0.567547866805411,-0.012973725286160254,0.5894999999999999,25
als,3,version_40,0,stratified,24,42,6,0.5950596181794161,ungateable,,,0.5950596181794161,0.0,,
als,3,version_40,0,stratified,24,43,6,0.5926521832474567,ungateable,,,0.5926521832474567,0.0,,
als,3,version_40,0,stratified,24,44,6,0.5940278603514334,ungateable,,,0.5940278603514334,0.0,,
als,3,version_40,0,stratified,24,45,6,0.5935237481833795,ungateable,,,0.5935237481833795,0.0,,
als,3,version_40,0,stratified,24,46,6,0.5950592053111377,ungateable,,,0.5950592053111377,0.0,,
als,3,version_40,0,stratified,48,42,12,0.5959579337766047,ok,0,0.595747853252698,0.5959579337766047,0.0,0.55,0
als,3,version_40,0,stratified,48,43,12,0.5922462327508436,ok,0,0.592000025059307,0.5922462327508436,0.0,0.44999999999999996,0
als,3,version_40,0,stratified,48,44,12,0.5936278358782452,ok,1,0.5878339152661299,0.5878339152661299,-0.005793920612115255,0.6,16
als,3,version_40,0,stratified,48,45,12,0.5933759898426275,ok,0,0.5931120318086137,0.5933759898426275,0.0,0.5,0
als,3,version_40,0,stratified,48,46,12,0.5958982090948578,ok,0,0.5955949914798356,0.5958982090948578,0.0,0.14999999999999997,0
als,3,version_40,0,stratified,96,42,24,0.5977108341028009,ok,1,0.5692334820970555,0.5692334820970555,-0.028477352005745415,0.5875,20
als,3,version_40,0,stratified,96,43,24,0.5919218733969426,ok,0,0.5915332922950652,0.5919218733969426,0.0,0.6375,0
als,3,version_40,0,stratified,96,44,24,0.5947184603809719,ok,0,0.5942736654013201,0.5947184603809719,0.0,0.55,0
als,3,version_40,0,stratified,96,45,24,0.592483584692726,ok,0,0.5921544235833247,0.592483584692726,0.0,0.8875,0
als,3,version_40,0,stratified,96,46,24,0.5952545227591396,ok,1,0.5618615556923497,0.5618615556923497,-0.03339296706678985,0.5874999999999999,20
als,3,version_40,0,stratified,240,42,60,0.5921244260789715,ok,1,0.5808902662993571,0.5808902662993571,-0.011234159779614394,0.51,17
als,3,version_40,0,stratified,240,43,60,0.5910840220385675,ok,1,0.5901239669421487,0.5901239669421487,-0.0009600550964187216,0.6980000000000001,0
als,3,version_40,0,stratified,240,44,60,0.5989260789715336,ok,1,0.5951655188246097,0.5951655188246097,-0.0037605601469239414,0.482,2
als,3,version_40,0,stratified,240,45,60,0.5928393021120294,ok,1,0.5800665748393021,0.5800665748393021,-0.012772727272727269,0.548,52
als,3,version_40,0,stratified,240,46,60,0.5957382920110194,ok,1,0.583751147842057,0.583751147842057,-0.011987144168962405,0.576,36
als,3,version_40,0,stratified,480,42,120,0.5918621227887617,ok,1,0.5829308012486992,0.5829308012486992,-0.008931321540062487,0.6864999999999999,2
als,3,version_40,0,stratified,480,43,120,0.595639958376691,ok,1,0.5717676899063475,0.5717676899063475,-0.023872268470343516,0.6805000000000001,5
als,3,version_40,0,stratified,480,44,120,0.6011311134235171,ok,1,0.528348855359001,0.528348855359001,-0.0727822580645161,0.6085,78
als,3,version_40,0,stratified,480,45,120,0.5879599375650364,ok,1,0.5739677419354838,0.5739677419354838,-0.013992195629552562,0.644,24
als,3,version_40,0,stratified,480,46,120,0.5987622268470344,ok,1,0.589630593132154,0.589630593132154,-0.00913163371488035,0.5545,2
als,3,version_40,0,temporal_array,24,42,6,0.5934713139120095,ungateable,,,0.5934713139120095,0.0,,
als,3,version_40,0,temporal_array,24,43,6,0.5934713139120095,ungateable,,,0.5934713139120095,0.0,,
als,3,version_40,0,temporal_array,24,44,6,0.5934713139120095,ungateable,,,0.5934713139120095,0.0,,
als,3,version_40,0,temporal_array,24,45,6,0.5934713139120095,ungateable,,,0.5934713139120095,0.0,,
als,3,version_40,0,temporal_array,24,46,6,0.5934713139120095,ungateable,,,0.5934713139120095,0.0,,
als,3,version_40,0,temporal_array,48,42,12,0.5947212569748405,ok,0,0.594444978114872,0.5947212569748405,0.0,0.7,0
als,3,version_40,0,temporal_array,48,43,12,0.5947212569748405,ok,1,0.5898480570683952,0.5898480570683952,-0.004873199906445302,0.7,15
als,3,version_40,0,temporal_array,48,44,12,0.5947212569748405,ok,0,0.5944232600487821,0.5947212569748405,0.0,0.45,0
als,3,version_40,0,temporal_array,48,45,12,0.5947212569748405,ok,0,0.5944930084533395,0.5947212569748405,0.0,0.75,0
als,3,version_40,0,temporal_array,48,46,12,0.5947212569748405,ok,1,0.5904415449898093,0.5904415449898093,-0.004279711985031187,0.3,12
als,3,version_40,0,temporal_array,96,42,24,0.5957461270134401,ok,1,0.5892922181183954,0.5892922181183954,-0.006453908895044713,0.6125,11
als,3,version_40,0,temporal_array,96,43,24,0.5957461270134401,ok,1,0.5908826647515475,0.5908826647515475,-0.004863462261892604,0.5125,8
als,3,version_40,0,temporal_array,96,44,24,0.5957461270134401,ok,1,0.5911350928490818,0.5911350928490818,-0.004611034164358263,0.25,7
als,3,version_40,0,temporal_array,96,45,24,0.5957461270134401,ok,1,0.5882880629937417,0.5882880629937417,-0.007458064019698396,0.22500000000000003,13
als,3,version_40,0,temporal_array,96,46,24,0.5957461270134401,ok,1,0.594852689716494,0.594852689716494,-0.0008934372969461313,0.44999999999999996,1
als,3,version_40,0,temporal_array,240,42,60,0.5957309458218549,ok,1,0.5696611570247934,0.5696611570247934,-0.026069788797061566,0.6299999999999999,21
als,3,version_40,0,temporal_array,240,43,60,0.5957309458218549,ok,1,0.5763282828282827,0.5763282828282827,-0.019402662993572184,0.652,10
als,3,version_40,0,temporal_array,240,44,60,0.5957309458218549,ok,0,0.5950436179981634,0.5957309458218549,0.0,0.546,0
als,3,version_40,0,temporal_array,240,45,60,0.5957309458218549,ok,1,0.5824740587695133,0.5824740587695133,-0.013256887052341626,0.558,9
als,3,version_40,0,temporal_array,240,46,60,0.5957309458218549,ok,0,0.5948466483011937,0.5957309458218549,0.0,0.61,0
als,3,version_40,0,temporal_array,480,42,120,0.5917778355879293,ok,1,0.5710998959417274,0.5710998959417274,-0.020677939646201904,0.651,34
als,3,version_40,0,temporal_array,480,43,120,0.5917778355879293,ok,1,0.5710452653485952,0.5710452653485952,-0.02073257023933406,0.728,9
als,3,version_40,0,temporal_array,480,44,120,0.5917778355879293,ok,0,0.5696123829344433,0.5917778355879293,0.0,0.629,29
als,3,version_40,0,temporal_array,480,45,120,0.5917778355879293,ok,1,0.5765535900104058,0.5765535900104058,-0.015224245577523443,0.5674999999999999,44
als,3,version_40,0,temporal_array,480,46,120,0.5917778355879293,ok,1,0.5691165452653486,0.5691165452653486,-0.022661290322580685,0.5820000000000001,29
als,4,version_31,0,stratified,24,42,6,0.5736910011230018,ungateable,,,0.5736910011230018,0.0,,
als,4,version_31,0,stratified,24,43,6,0.5735498001717532,ungateable,,,0.5735498001717532,0.0,,
als,4,version_31,0,stratified,24,44,6,0.5740477193156295,ungateable,,,0.5740477193156295,0.0,,
als,4,version_31,0,stratified,24,45,6,0.571577115537059,ungateable,,,0.571577115537059,0.0,,
als,4,version_31,0,stratified,24,46,6,0.5726621333729687,ungateable,,,0.5726621333729687,0.0,,
als,4,version_31,0,stratified,48,42,12,0.5735141919208794,ok,1,0.5540930201476828,0.5540930201476828,-0.019421171773196577,0.7,44
als,4,version_31,0,stratified,48,43,12,0.5733905660062146,ok,1,0.5743555581542985,0.5743555581542985,0.0009649921480838763,0.5,8
als,4,version_31,0,stratified,48,44,12,0.5747947225099401,ok,0,0.5750334124093688,0.5747947225099401,0.0,0.4,0
als,4,version_31,0,stratified,48,45,12,0.5708437051020749,ok,0,0.5710431354204952,0.5708437051020749,0.0,0.65,0
als,4,version_31,0,stratified,48,46,12,0.5743073189882723,ok,0,0.5743229810551639,0.5743073189882723,0.0,0.8,0
als,4,version_31,0,stratified,96,42,24,0.5705962945863685,ok,0,0.5710338223726958,0.5705962945863685,0.0,0.575,0
als,4,version_31,0,stratified,96,43,24,0.5731688810232208,ok,1,0.5744887315755275,0.5744887315755275,0.0013198505523066562,0.6625,6
als,4,version_31,0,stratified,96,44,24,0.573633767655005,ok,1,0.5756615283335044,0.5756615283335044,0.002027760678499413,0.8125,5
als,4,version_31,0,stratified,96,45,24,0.5704992561813891,ok,0,0.5707940049929894,0.5704992561813891,0.0,0.5,0
als,4,version_31,0,stratified,96,46,24,0.5735796911870319,ok,0,0.5738549895694401,0.5735796911870319,0.0,0.5375000000000001,0
als,4,version_31,0,stratified,240,42,60,0.5699203397612489,ok,1,0.5706515151515151,0.5706515151515151,0.0007311753902662366,0.75,0
als,4,version_31,0,stratified,240,43,60,0.5754547750229568,ok,1,0.5735849403122131,0.5735849403122131,-0.0018698347107437563,0.692,11
als,4,version_31,0,stratified,240,44,60,0.5692024793388429,ok,1,0.5715199724517905,0.5715199724517905,0.0023174931129475995,0.626,6
als,4,version_31,0,stratified,240,45,60,0.5748730486685032,ok,1,0.5683595041322314,0.5683595041322314,-0.0065135445362718425,0.488,12
als,4,version_31,0,stratified,240,46,60,0.574142561983471,ok,1,0.5575773645546374,0.5575773645546374,-0.016565197428833667,0.606,30
als,4,version_31,0,stratified,480,42,120,0.5699940166493236,ok,1,0.5664063475546306,0.5664063475546306,-0.0035876690946929912,0.6985,13
als,4,version_31,0,stratified,480,43,120,0.5708374089490115,ok,1,0.571891779396462,0.571891779396462,0.0010543704474504922,0.6235,1
als,4,version_31,0,stratified,480,44,120,0.5672845993756503,ok,1,0.5605806451612904,0.5605806451612904,-0.006703954214359986,0.625,31
als,4,version_31,0,stratified,480,45,120,0.5689534339229969,ok,0,0.5713837148803329,0.5689534339229969,0.0,0.48300000000000004,0
als,4,version_31,0,stratified,480,46,120,0.5740288761706556,ok,1,0.5665083246618106,0.5665083246618106,-0.007520551508845008,0.6765,11
als,4,version_31,0,temporal_array,24,42,6,0.5734730066719514,ungateable,,,0.5734730066719514,0.0,,
als,4,version_31,0,temporal_array,24,43,6,0.5734730066719514,ungateable,,,0.5734730066719514,0.0,,
als,4,version_31,0,temporal_array,24,44,6,0.5734730066719514,ungateable,,,0.5734730066719514,0.0,,
als,4,version_31,0,temporal_array,24,45,6,0.5734730066719514,ungateable,,,0.5734730066719514,0.0,,
als,4,version_31,0,temporal_array,24,46,6,0.5734730066719514,ungateable,,,0.5734730066719514,0.0,,
als,4,version_31,0,temporal_array,48,42,12,0.5749129189080824,ok,0,0.575234304520699,0.5749129189080824,0.0,0.5,0
als,4,version_31,0,temporal_array,48,43,12,0.5749129189080824,ok,0,0.5750781015068998,0.5749129189080824,0.0,0.39999999999999997,0
als,4,version_31,0,temporal_array,48,44,12,0.5749129189080824,ok,0,0.5752622874135453,0.5749129189080824,0.0,0.44999999999999996,0
als,4,version_31,0,temporal_array,48,45,12,0.5749129189080824,ok,1,0.575933459186742,0.575933459186742,0.0010205402786596096,0.35,15
als,4,version_31,0,temporal_array,48,46,12,0.5749129189080824,ok,0,0.5751388703264393,0.5749129189080824,0.0,0.19999999999999996,0
als,4,version_31,0,temporal_array,96,42,24,0.5766537139632707,ok,1,0.5779688622140146,0.5779688622140146,0.0013151482507438583,0.6875,2
als,4,version_31,0,temporal_array,96,43,24,0.5766537139632707,ok,1,0.57807573270408,0.57807573270408,0.0014220187408092722,0.4375,3
als,4,version_31,0,temporal_array,96,44,24,0.5766537139632707,ok,1,0.5783839471974282,0.5783839471974282,0.0017302332341575521,0.575,9
als,4,version_31,0,temporal_array,96,45,24,0.5766537139632707,ok,1,0.529610606682398,0.529610606682398,-0.04704310728087269,0.6875,54
als,4,version_31,0,temporal_array,96,46,24,0.5766537139632707,ok,1,0.5479446667350637,0.5479446667350637,-0.028709047228206996,0.6875,41
als,4,version_31,0,temporal_array,240,42,60,0.5838477961432507,ok,1,0.46836134067952256,0.46836134067952256,-0.1154864554637281,0.65,48
als,4,version_31,0,temporal_array,240,43,60,0.5838477961432507,ok,1,0.48326836547291097,0.48326836547291097,-0.1005794306703397,0.626,35
als,4,version_31,0,temporal_array,240,44,60,0.5838477961432507,ok,1,0.48739049586776856,0.48739049586776856,-0.0964573002754821,0.5840000000000001,84
als,4,version_31,0,temporal_array,240,45,60,0.5838477961432507,ok,1,0.4486400367309458,0.4486400367309458,-0.13520775941230484,0.648,83
als,4,version_31,0,temporal_array,240,46,60,0.5838477961432507,ok,1,0.45282438016528925,0.45282438016528925,-0.1310234159779614,0.67,66
als,4,version_31,0,temporal_array,480,42,120,0.5881220083246618,ok,0,0.5746573881373569,0.5881220083246618,0.0,0.583,6
als,4,version_31,0,temporal_array,480,43,120,0.5881220083246618,ok,1,0.46528537981269513,0.46528537981269513,-0.12283662851196664,0.5569999999999999,22
als,4,version_31,0,temporal_array,480,44,120,0.5881220083246618,ok,1,0.5213420915712799,0.5213420915712799,-0.06677991675338191,0.5485,13
als,4,version_31,0,temporal_array,480,45,120,0.5881220083246618,ok,1,0.5033873569198751,0.5033873569198751,-0.08473465140478664,0.3865,34
als,4,version_31,0,temporal_array,480,46,120,0.5881220083246618,ok,1,0.5305832466181061,0.5305832466181061,-0.0575387617065557,0.5755,13
als,4,version_32,0,stratified,24,42,6,0.570686558660325,ungateable,,,0.570686558660325,0.0,,
als,4,version_32,0,stratified,24,43,6,0.5708195022460034,ungateable,,,0.5708195022460034,0.0,,
als,4,version_32,0,stratified,24,44,6,0.5713954534945171,ungateable,,,0.5713954534945171,0.0,,
als,4,version_32,0,stratified,24,45,6,0.5689178309552121,ungateable,,,0.5689178309552121,0.0,,
als,4,version_32,0,stratified,24,46,6,0.5703620441934206,ungateable,,,0.5703620441934206,0.0,,
als,4,version_32,0,stratified,48,42,12,0.5708261635871562,ok,0,0.5700800227204383,0.5708261635871562,0.0,0.55,0
als,4,version_32,0,stratified,48,43,12,0.5713749624110394,ok,0,0.5710982658959538,0.5713749624110394,0.0,0.45,0
als,4,version_32,0,stratified,48,44,12,0.5723201159410605,ok,0,0.5716608473387016,0.5723201159410605,0.0,0.4,0
als,4,version_32,0,stratified,48,45,12,0.56828890875071,ok,0,0.5676473904908282,0.56828890875071,0.0,0.65,0
als,4,version_32,0,stratified,48,46,12,0.5723088392528985,ok,1,0.5679403755554813,0.5679403755554813,-0.00436846369741728,0.7,8
als,4,version_32,0,stratified,96,42,24,0.568097235046681,ok,1,0.5672217519920659,0.5672217519920659,-0.0008754830546150449,0.6000000000000001,0
als,4,version_32,0,stratified,96,43,24,0.5713537926199515,ok,1,0.5684236175233405,0.5684236175233405,-0.0029301750966109763,0.65,2
als,4,version_32,0,stratified,96,44,24,0.5714388615300434,ok,1,0.567542577203242,0.567542577203242,-0.003896284326801447,0.8125,5
als,4,version_32,0,stratified,96,45,24,0.5682472812147327,ok,1,0.5408595807256934,0.5408595807256934,-0.02738770048903927,0.725,42
als,4,version_32,0,stratified,96,46,24,0.572164725898567,ok,1,0.5665640709962039,0.5665640709962039,-0.005600654902363167,0.5625,5
als,4,version_32,0,stratified,240,42,60,0.5675713957759412,ok,1,0.5566620752984389,0.5566620752984389,-0.01090932047750226,0.7040000000000001,39
als,4,version_32,0,stratified,240,43,60,0.5747637741046832,ok,0,0.5728611111111112,0.5747637741046832,0.0,0.574,0
als,4,version_32,0,stratified,240,44,60,0.5662830578512397,ok,0,0.5648907254361799,0.5662830578512397,0.0,0.698,0
als,4,version_32,0,stratified,240,45,60,0.5712936179981634,ok,1,0.5606657483930211,0.5606657483930211,-0.010627869605142282,0.474,4
als,4,version_32,0,stratified,240,46,60,0.5724997704315886,ok,1,0.5571120293847567,0.5571120293847567,-0.015387741046831938,0.5980000000000001,29
als,4,version_32,0,stratified,480,42,120,0.5683238813735692,ok,1,0.551216441207076,0.551216441207076,-0.017107440166493126,0.6990000000000001,47
als,4,version_32,0,stratified,480,43,120,0.5715985952133195,ok,1,0.5645374609781477,0.5645374609781477,-0.00706113423517174,0.5865,1
als,4,version_32,0,stratified,480,44,120,0.5645065036420396,ok,1,0.5542211238293445,0.5542211238293445,-0.010285379812695061,0.599,3
als,4,version_32,0,stratified,480,45,120,0.5674391259105098,ok,1,0.549280437044745,0.549280437044745,-0.01815868886576477,0.559,52
als,4,version_32,0,stratified,480,46,120,0.5718139958376691,ok,1,0.5684778876170655,0.5684778876170655,-0.0033361082206035952,0.671,12
als,4,version_32,0,temporal_array,24,42,6,0.5712819147179284,ungateable,,,0.5712819147179284,0.0,,
als,4,version_32,0,temporal_array,24,43,6,0.5712819147179284,ungateable,,,0.5712819147179284,0.0,,
als,4,version_32,0,temporal_array,24,44,6,0.5712819147179284,ungateable,,,0.5712819147179284,0.0,,
als,4,version_32,0,temporal_array,24,45,6,0.5712819147179284,ungateable,,,0.5712819147179284,0.0,,
als,4,version_32,0,temporal_array,24,46,6,0.5712819147179284,ungateable,,,0.5712819147179284,0.0,,
als,4,version_32,0,temporal_array,48,42,12,0.5729616342009423,ok,1,0.5654987637408533,0.5654987637408533,-0.007462870460088977,0.55,26
als,4,version_32,0,temporal_array,48,43,12,0.5729616342009423,ok,0,0.5728691235925023,0.5729616342009423,0.0,0.3,0
als,4,version_32,0,temporal_array,48,44,12,0.5729616342009423,ok,0,0.5728808179357814,0.5729616342009423,0.0,0.5,0
als,4,version_32,0,temporal_array,48,45,12,0.5729616342009423,ok,0,0.5724591950950584,0.5729616342009423,0.0,0.4,0
als,4,version_32,0,temporal_array,48,46,12,0.5729616342009423,ok,0,0.5725001252965352,0.5729616342009423,0.0,0.14999999999999997,0
als,4,version_32,0,temporal_array,96,42,24,0.5744940751000308,ok,0,0.5740847611230806,0.5744940751000308,0.0,0.675,0
als,4,version_32,0,temporal_array,96,43,24,0.5744940751000308,ok,0,0.5735743476625287,0.5744940751000308,0.0,0.375,0
als,4,version_32,0,temporal_array,96,44,24,0.5744940751000308,ok,1,0.5591483276905715,0.5591483276905715,-0.015345747409459265,0.5125,27
als,4,version_32,0,temporal_array,96,45,24,0.5744940751000308,ok,1,0.5705409356725146,0.5705409356725146,-0.0039531394275161835,0.375,7
als,4,version_32,0,temporal_array,96,46,24,0.5744940751000308,ok,1,0.5496028692589172,0.5496028692589172,-0.024891205841113595,0.725,31
als,4,version_32,0,temporal_array,240,42,60,0.5808799357208447,ok,1,0.47688567493112943,0.47688567493112943,-0.1039942607897153,0.692,52
als,4,version_32,0,temporal_array,240,43,60,0.5808799357208447,ok,0,0.5796085858585859,0.5808799357208447,0.0,0.456,0
als,4,version_32,0,temporal_array,240,44,60,0.5808799357208447,ok,1,0.474831955922865,0.474831955922865,-0.10604797979797975,0.6960000000000001,63
als,4,version_32,0,temporal_array,240,45,60,0.5808799357208447,ok,1,0.46058310376492195,0.46058310376492195,-0.12029683195592278,0.638,51
als,4,version_32,0,temporal_array,240,46,60,0.5808799357208447,ok,1,0.4758498622589532,0.4758498622589532,-0.10503007346189153,0.682,39
als,4,version_32,0,temporal_array,480,42,120,0.5859274193548387,ok,1,0.5695072840790842,0.5695072840790842,-0.016420135275754477,0.579,6
als,4,version_32,0,temporal_array,480,43,120,0.5859274193548387,ok,1,0.4618766909469303,0.4618766909469303,-0.12405072840790843,0.5589999999999999,31
als,4,version_32,0,temporal_array,480,44,120,0.5859274193548387,ok,1,0.49953902185223725,0.49953902185223725,-0.08638839750260147,0.6205,13
als,4,version_32,0,temporal_array,480,45,120,0.5859274193548387,ok,1,0.48485457856399583,0.48485457856399583,-0.10107284079084289,0.505,27
als,4,version_32,0,temporal_array,480,46,120,0.5859274193548387,ok,1,0.5132382934443288,0.5132382934443288,-0.07268912591050991,0.613,11
als,4,version_33,0,stratified,24,42,6,0.647731908112036,ungateable,,,0.647731908112036,0.0,,
als,4,version_33,0,stratified,24,43,6,0.6473945947284978,ungateable,,,0.6473945947284978,0.0,,
als,4,version_33,0,stratified,24,44,6,0.6465556463865768,ungateable,,,0.6465556463865768,0.0,,
als,4,version_33,0,stratified,24,45,6,0.6452253847932355,ungateable,,,0.6452253847932355,0.0,,
als,4,version_33,0,stratified,24,46,6,0.6462385635486855,ungateable,,,0.6462385635486855,0.0,,
als,4,version_33,0,stratified,48,42,12,0.6480998780447058,ok,1,0.5970070834307861,0.5970070834307861,-0.05109279461391969,0.55,22
als,4,version_33,0,stratified,48,43,12,0.6473627167630058,ok,0,0.6473219953890875,0.6473627167630058,0.0,0.7,0
als,4,version_33,0,stratified,48,44,12,0.646962603160814,ok,0,0.6461170603762237,0.646962603160814,0.0,0.6,0
als,4,version_33,0,stratified,48,45,12,0.6456073123057903,ok,0,0.6437794446857563,0.6456073123057903,0.0,0.5,1
als,4,version_33,0,stratified,48,46,12,0.6477089528550904,ok,0,0.6475740502522637,0.6477089528550904,0.0,0.85,0
als,4,version_33,0,stratified,96,42,24,0.6469355955678671,ok,0,0.6393988748674806,0.6469355955678671,0.0,0.55,4
als,4,version_33,0,stratified,96,43,24,0.6477845747409459,ok,1,0.6417632775896858,0.6417632775896858,-0.006021297151260097,0.7250000000000001,22
als,4,version_33,0,stratified,96,44,24,0.6447823689340311,ok,1,0.6424699052699976,0.6424699052699976,-0.0023124636640334817,0.8374999999999999,1
als,4,version_33,0,stratified,96,45,24,0.6456232259498649,ok,1,0.6336086317157416,0.6336086317157416,-0.012014594234123321,0.525,11
als,4,version_33,0,stratified,96,46,24,0.6475315054204712,ok,0,0.6462578229198728,0.6475315054204712,0.0,0.6375,0
als,4,version_33,0,stratified,240,42,60,0.6476012396694215,ok,0,0.6442741046831956,0.6476012396694215,0.0,0.7140000000000001,0
als,4,version_33,0,stratified,240,43,60,0.6490599173553719,ok,1,0.6443526170798898,0.6443526170798898,-0.0047073002754821625,0.6,3
als,4,version_33,0,stratified,240,44,60,0.640622359963269,ok,1,0.637423324150597,0.637423324150597,-0.003199035812672002,0.744,0
als,4,version_33,0,stratified,240,45,60,0.6477587235996327,ok,1,0.6458604224058768,0.6458604224058768,-0.0018983011937558913,0.5660000000000001,0
als,4,version_33,0,stratified,240,46,60,0.6463996786042241,ok,1,0.6343475665748393,0.6343475665748393,-0.012052112029384832,0.616,17
als,4,version_33,0,stratified,480,42,120,0.6475928720083248,ok,1,0.6244802289281998,0.6244802289281998,-0.02311264308012506,0.7035,34
als,4,version_33,0,stratified,480,43,120,0.6452916233090531,ok,1,0.6356467221644121,0.6356467221644121,-0.009644901144641005,0.5880000000000001,5
als,4,version_33,0,stratified,480,44,120,0.6365944328824142,ok,1,0.6259817898022894,0.6259817898022894,-0.010612643080124884,0.7050000000000001,20
als,4,version_33,0,stratified,480,45,120,0.6472484391259106,ok,1,0.6414453694068678,0.6414453694068678,-0.005803069719042764,0.575,50
als,4,version_33,0,stratified,480,46,120,0.6457167013527576,ok,1,0.6424510926118626,0.6424510926118626,-0.0032656087408949874,0.7350000000000001,8
als,4,version_33,0,temporal_array,24,42,6,0.646444584819659,ungateable,,,0.646444584819659,0.0,,
als,4,version_33,0,temporal_array,24,43,6,0.646444584819659,ungateable,,,0.646444584819659,0.0,,
als,4,version_33,0,temporal_array,24,44,6,0.646444584819659,ungateable,,,0.646444584819659,0.0,,
als,4,version_33,0,temporal_array,24,45,6,0.646444584819659,ungateable,,,0.646444584819659,0.0,,
als,4,version_33,0,temporal_array,24,46,6,0.646444584819659,ungateable,,,0.646444584819659,0.0,,
als,4,version_33,0,temporal_array,48,42,12,0.6486006465301213,ok,1,0.6327416552507602,0.6327416552507602,-0.01585899127936108,0.45,9
als,4,version_33,0,temporal_array,48,43,12,0.6486006465301213,ok,0,0.6474297504093021,0.6486006465301213,0.0,0.35000000000000003,0
als,4,version_33,0,temporal_array,48,44,12,0.6486006465301213,ok,1,0.6401349861338501,0.6401349861338501,-0.008465660396271169,0.45,6
als,4,version_33,0,temporal_array,48,45,12,0.6486006465301213,ok,1,0.642661173109693,0.642661173109693,-0.005939473420428332,0.55,4
als,4,version_33,0,temporal_array,48,46,12,0.6486006465301213,ok,1,0.6357049183066591,0.6357049183066591,-0.012895728223462188,0.15000000000000002,14
als,4,version_33,0,temporal_array,96,42,24,0.6502169470948326,ok,0,0.6486269279436407,0.6502169470948326,0.0,0.575,0
als,4,version_33,0,temporal_array,96,43,24,0.6502169470948326,ok,1,0.6487359358435074,0.6487359358435074,-0.0014810112513251594,0.5625,0
als,4,version_33,0,temporal_array,96,44,24,0.6502169470948326,ok,1,0.6282334735474162,0.6282334735474162,-0.021983473547416366,0.5625,9
als,4,version_33,0,temporal_array,96,45,24,0.6502169470948326,ok,1,0.5548269125542902,0.5548269125542902,-0.0953900345405424,0.75,64
als,4,version_33,0,temporal_array,96,46,24,0.6502169470948326,ok,1,0.587187510687049,0.587187510687049,-0.06302943640778358,0.6125,21
als,4,version_33,0,temporal_array,240,42,60,0.6584680899908173,ok,1,0.5125672635445363,0.5125672635445363,-0.145900826446281,0.5700000000000001,18
als,4,version_33,0,temporal_array,240,43,60,0.6584680899908173,ok,1,0.45263865932047753,0.45263865932047753,-0.20582943067033976,0.5599999999999999,68
als,4,version_33,0,temporal_array,240,44,60,0.6584680899908173,ok,1,0.4706060606060606,0.4706060606060606,-0.1878620293847567,0.714,29
als,4,version_33,0,temporal_array,240,45,60,0.6584680899908173,ok,1,0.44483907254361804,0.44483907254361804,-0.21362901744719925,0.692,26
als,4,version_33,0,temporal_array,240,46,60,0.6584680899908173,ok,1,0.4405945821854913,0.4405945821854913,-0.217873507805326,0.58,65
als,4,version_33,0,temporal_array,480,42,120,0.6654893340270551,ok,0,0.6460075442247659,0.6654893340270551,0.0,0.629,3
als,4,version_33,0,temporal_array,480,43,120,0.6654893340270551,ok,1,0.6243272632674297,0.6243272632674297,-0.04116207075962541,0.6165,6
als,4,version_33,0,temporal_array,480,44,120,0.6654893340270551,ok,1,0.6359021852237252,0.6359021852237252,-0.02958714880332991,0.5964999999999999,5
als,4,version_33,0,temporal_array,480,45,120,0.6654893340270551,ok,1,0.6608077523413113,0.6608077523413113,-0.004681581685743841,0.41950000000000004,0
als,4,version_33,0,temporal_array,480,46,120,0.6654893340270551,ok,1,0.6520296566077004,0.6520296566077004,-0.01345967741935472,0.5740000000000001,4
als,4,version_34,0,stratified,24,42,6,0.5659076083366363,ungateable,,,0.5659076083366363,0.0,,
als,4,version_34,0,stratified,24,43,6,0.5661953775267539,ungateable,,,0.5661953775267539,0.0,,
als,4,version_34,0,stratified,24,44,6,0.5664914040824415,ungateable,,,0.5664914040824415,0.0,,
als,4,version_34,0,stratified,24,45,6,0.5638011543797067,ungateable,,,0.5638011543797067,0.0,,
als,4,version_34,0,stratified,24,46,6,0.5647618988637865,ungateable,,,0.5647618988637865,0.0,,
als,4,version_34,0,stratified,48,42,12,0.5664265845835144,ok,1,0.5657399595709847,0.5657399595709847,-0.0006866250125296958,0.65,6
als,4,version_34,0,stratified,48,43,12,0.5662870877743994,ok,1,0.5667350228875003,0.5667350228875003,0.00044793511310092793,0.65,23
als,4,version_34,0,stratified,48,44,12,0.5665543870493501,ok,0,0.5665917671823315,0.5665543870493501,0.0,0.5,0
als,4,version_34,0,stratified,48,45,12,0.56312585619299,ok,1,0.5635153195896956,0.5635153195896956,0.0003894633967055361,0.75,2
als,4,version_34,0,stratified,48,46,12,0.5663580891443082,ok,0,0.5663992281733435,0.5663580891443082,0.0,0.85,0
als,4,version_34,0,stratified,96,42,24,0.5638553315550083,ok,0,0.564131057419377,0.5638553315550083,0.0,0.5375,0
als,4,version_34,0,stratified,96,43,24,0.566798117369447,ok,0,0.5668624534044663,0.566798117369447,0.0,0.575,0
als,4,version_34,0,stratified,96,44,24,0.5654241903491672,ok,1,0.5684244724872611,0.5684244724872611,0.0030002821380938904,0.7374999999999999,27
als,4,version_34,0,stratified,96,45,24,0.5623433278615643,ok,1,0.5518120960295476,0.5518120960295476,-0.010531231832016652,0.6,52
als,4,version_34,0,stratified,96,46,24,0.5655812899695634,ok,1,0.5660203139427517,0.5660203139427517,0.00043902397318829056,0.65,2
als,4,version_34,0,stratified,240,42,60,0.5626131772268136,ok,1,0.563975665748393,0.563975665748393,0.0013624885215793858,0.7280000000000001,4
als,4,version_34,0,stratified,240,43,60,0.5694699265381084,ok,1,0.5607708907254362,0.5607708907254362,-0.008699035812672173,0.668,25
als,4,version_34,0,stratified,240,44,60,0.5595401744719927,ok,1,0.5593728191000918,0.5593728191000918,-0.0001673553719008236,0.686,32
als,4,version_34,0,stratified,240,45,60,0.5670429292929293,ok,1,0.5345224977043159,0.5345224977043159,-0.0325204315886134,0.516,24
als,4,version_34,0,stratified,240,46,60,0.5667277318640955,ok,1,0.5649898989898989,0.5649898989898989,-0.0017378328741965987,0.512,42
als,4,version_34,0,stratified,480,42,120,0.5616069198751301,ok,0,0.5618350676378773,0.5616069198751301,0.0,0.709,0
als,4,version_34,0,stratified,480,43,120,0.5674362643080125,ok,1,0.5693886576482831,0.5693886576482831,0.0019523933402705307,0.54,2
als,4,version_34,0,stratified,480,44,120,0.55765296566077,ok,1,0.5556129032258066,0.5556129032258066,-0.0020400624349634633,0.6855,78
als,4,version_34,0,stratified,480,45,120,0.5608795525494277,ok,1,0.5533038501560874,0.5533038501560874,-0.007575702393340267,0.5675,24
als,4,version_34,0,stratified,480,46,120,0.5661217481789802,ok,1,0.5658236212278875,0.5658236212278875,-0.00029812695109265874,0.6465,8
als,4,version_34,0,temporal_array,24,42,6,0.5656475013211785,ungateable,,,0.5656475013211785,0.0,,
als,4,version_34,0,temporal_array,24,43,6,0.5656475013211785,ungateable,,,0.5656475013211785,0.0,,
als,4,version_34,0,temporal_array,24,44,6,0.5656475013211785,ungateable,,,0.5656475013211785,0.0,,
als,4,version_34,0,temporal_array,24,45,6,0.5656475013211785,ungateable,,,0.5656475013211785,0.0,,
als,4,version_34,0,temporal_array,24,46,6,0.5656475013211785,ungateable,,,0.5656475013211785,0.0,,
als,4,version_34,0,temporal_array,48,42,12,0.5670138076781717,ok,0,0.5671307511109626,0.5670138076781717,0.0,0.5,0
als,4,version_34,0,temporal_array,48,43,12,0.5670138076781717,ok,1,0.5682815997861606,0.5682815997861606,0.0012677921079888854,0.4,13
als,4,version_34,0,temporal_array,48,44,12,0.5670138076781717,ok,0,0.5673529436332654,0.5670138076781717,0.0,0.5,0
als,4,version_34,0,temporal_array,48,45,12,0.5670138076781717,ok,1,0.5686002706405159,0.5686002706405159,0.001586462962344215,0.3,8
als,4,version_34,0,temporal_array,48,46,12,0.5670138076781717,ok,0,0.5671232333188546,0.5670138076781717,0.0,0.2,0
als,4,version_34,0,temporal_array,96,42,24,0.5680993724564823,ok,0,0.5682940904893813,0.5680993724564823,0.0,0.6,0
als,4,version_34,0,temporal_array,96,43,24,0.5680993724564823,ok,1,0.5694414520707226,0.5694414520707226,0.0013420796142402658,0.5,7
als,4,version_34,0,temporal_array,96,44,24,0.5680993724564823,ok,1,0.5701179422728361,0.5701179422728361,0.0020185698163537324,0.525,13
als,4,version_34,0,temporal_array,96,45,24,0.5680993724564823,ok,1,0.56315447488116,0.56315447488116,-0.004944897575322349,0.55,22
als,4,version_34,0,temporal_array,96,46,24,0.5680993724564823,ok,1,0.5596784053212954,0.5596784053212954,-0.008420967135186919,0.5875,30
als,4,version_34,0,temporal_array,240,42,60,0.5752325528007346,ok,1,0.48773645546372824,0.48773645546372824,-0.08749609733700636,0.666,21
als,4,version_34,0,temporal_array,240,43,60,0.5752325528007346,ok,1,0.470965564738292,0.470965564738292,-0.10426698806244261,0.592,45
als,4,version_34,0,temporal_array,240,44,60,0.5752325528007346,ok,1,0.48857828282828286,0.48857828282828286,-0.08665426997245174,0.5840000000000001,63
als,4,version_34,0,temporal_array,240,45,60,0.5752325528007346,ok,1,0.4537897153351699,0.4537897153351699,-0.12144283746556472,0.578,49
als,4,version_34,0,temporal_array,240,46,60,0.5752325528007346,ok,1,0.46594582185491273,0.46594582185491273,-0.10928673094582186,0.7020000000000001,33
als,4,version_34,0,temporal_array,480,42,120,0.579479448491155,ok,1,0.5693769510926118,0.5693769510926118,-0.010102497398543187,0.5815000000000001,5
als,4,version_34,0,temporal_array,480,43,120,0.579479448491155,ok,1,0.5121399583766909,0.5121399583766909,-0.06733949011446405,0.6025,11
als,4,version_34,0,temporal_array,480,44,120,0.579479448491155,ok,1,0.5107635275754422,0.5107635275754422,-0.06871592091571277,0.606,10
als,4,version_34,0,temporal_array,480,45,120,0.579479448491155,ok,1,0.491318418314256,0.491318418314256,-0.08816103017689897,0.49399999999999994,42
als,4,version_34,0,temporal_array,480,46,120,0.579479448491155,ok,1,0.43615660770031217,0.43615660770031217,-0.1433228407908428,0.536,36
als,4,version_35,0,stratified,24,42,6,0.5623631341656757,ungateable,,,0.5623631341656757,0.0,,
als,4,version_35,0,stratified,24,43,6,0.5627281097238737,ungateable,,,0.5627281097238737,0.0,,
als,4,version_35,0,stratified,24,44,6,0.5632586454617519,ungateable,,,0.5632586454617519,0.0,,
als,4,version_35,0,stratified,24,45,6,0.5609263525564804,ungateable,,,0.5609263525564804,0.0,,
als,4,version_35,0,stratified,24,46,6,0.5621129359889021,ungateable,,,0.5621129359889021,0.0,,
als,4,version_35,0,stratified,48,42,12,0.5628209679574994,ok,0,0.5626580824618264,0.5628209679574994,0.0,0.7,0
als,4,version_35,0,stratified,48,43,12,0.5631801513582144,ok,1,0.5609049751077549,0.5609049751077549,-0.0022751762504594764,0.45,9
als,4,version_35,0,stratified,48,44,12,0.5641336579905777,ok,0,0.5639373600855357,0.5641336579905777,0.0,0.19999999999999996,0
als,4,version_35,0,stratified,48,45,12,0.5600999448695245,ok,1,0.5575307394166193,0.5575307394166193,-0.0025692054529051767,0.8,13
als,4,version_35,0,stratified,48,46,12,0.5639615840823282,ok,0,0.5637533830064486,0.5639615840823282,0.0,0.75,0
als,4,version_35,0,stratified,96,42,24,0.5602067730241783,ok,0,0.5599879022605246,0.5602067730241783,0.0,0.625,0
als,4,version_35,0,stratified,96,43,24,0.5630131920932936,ok,1,0.5577669197359871,0.5577669197359871,-0.0052462723573064585,0.7250000000000001,15
als,4,version_35,0,stratified,96,44,24,0.5629717263431483,ok,1,0.5631106579802332,0.5631106579802332,0.00013893163708489364,0.7999999999999999,11
als,4,version_35,0,stratified,96,45,24,0.5595783745425943,ok,1,0.5468464655791525,0.5468464655791525,-0.012731908963441785,0.575,51
als,4,version_35,0,stratified,96,46,24,0.5629306880749633,ok,0,0.562617771280052,0.5629306880749633,0.0,0.5625,0
als,4,version_35,0,stratified,240,42,60,0.5589455922865014,ok,0,0.5582993572084481,0.5589455922865014,0.0,0.6920000000000001,0
als,4,version_35,0,stratified,240,43,60,0.5647706611570247,ok,1,0.5599063360881542,0.5599063360881542,-0.0048643250688704676,0.6379999999999999,12
als,4,version_35,0,stratified,240,44,60,0.5590562442607897,ok,0,0.5586299357208447,0.5590562442607897,0.0,0.646,0
als,4,version_35,0,stratified,240,45,60,0.5631278696051424,ok,0,0.5613613406795226,0.5631278696051424,0.0,0.45799999999999996,2
als,4,version_35,0,stratified,240,46,60,0.564017217630854,ok,1,0.5581182277318641,0.5581182277318641,-0.005898989898989848,0.516,29
als,4,version_35,0,stratified,480,42,120,0.5587713319458897,ok,1,0.5598309053069719,0.5598309053069719,0.0010595733610822,0.7015,13
als,4,version_35,0,stratified,480,43,120,0.5590574921956296,ok,1,0.5560057232049949,0.5560057232049949,-0.003051768990634751,0.6519999999999999,2
als,4,version_35,0,stratified,480,44,120,0.5556719562955255,ok,1,0.5584497918834548,0.5584497918834548,0.0027778355879293226,0.6255000000000001,43
als,4,version_35,0,stratified,480,45,120,0.5579503121748179,ok,1,0.5570093652445369,0.5570093652445369,-0.000940946930281017,0.536,0
als,4,version_35,0,stratified,480,46,120,0.5643759105098854,ok,1,0.5610062434963581,0.5610062434963581,-0.0033696670135273665,0.5555,7
als,4,version_35,0,temporal_array,24,42,6,0.563041889615537,ungateable,,,0.563041889615537,0.0,,
als,4,version_35,0,temporal_array,24,43,6,0.563041889615537,ungateable,,,0.563041889615537,0.0,,
als,4,version_35,0,temporal_array,24,44,6,0.563041889615537,ungateable,,,0.563041889615537,0.0,,
als,4,version_35,0,temporal_array,24,45,6,0.563041889615537,ungateable,,,0.563041889615537,0.0,,
als,4,version_35,0,temporal_array,24,46,6,0.563041889615537,ungateable,,,0.563041889615537,0.0,,
als,4,version_35,0,temporal_array,48,42,12,0.5648349009322062,ok,1,0.5652834625279829,0.5652834625279829,0.0004485615957766642,0.44999999999999996,9
als,4,version_35,0,temporal_array,48,43,12,0.5648349009322062,ok,0,0.5647831116976845,0.5648349009322062,0.0,0.35,0
als,4,version_35,0,temporal_array,48,44,12,0.5648349009322062,ok,0,0.5650117778743026,0.5648349009322062,0.0,0.4,0
als,4,version_35,0,temporal_array,48,45,12,0.5648349009322062,ok,0,0.5647803969394233,0.5648349009322062,0.0,0.09999999999999998,0
als,4,version_35,0,temporal_array,48,46,12,0.5648349009322062,ok,1,0.5610402953656988,0.5610402953656988,-0.0037946055665074585,0.14999999999999997,15
als,4,version_35,0,temporal_array,96,42,24,0.5665612923634622,ok,0,0.5664990937382443,0.5665612923634622,0.0,0.5875,0
als,4,version_35,0,temporal_array,96,43,24,0.5665612923634622,ok,0,0.5664849868335556,0.5665612923634622,0.0,0.45,0
als,4,version_35,0,temporal_array,96,44,24,0.5665612923634622,ok,1,0.5660934133579563,0.5660934133579563,-0.0004678790055059334,0.5625,4
als,4,version_35,0,temporal_array,96,45,24,0.5665612923634622,ok,0,0.5663843148319141,0.5665612923634622,0.0,0.4875,0
als,4,version_35,0,temporal_array,96,46,24,0.5665612923634622,ok,1,0.5663695667042851,0.5663695667042851,-0.00019172565917713325,0.48750000000000004,3
als,4,version_35,0,temporal_array,240,42,60,0.5736453168044078,ok,1,0.4693530762167126,0.4693530762167126,-0.1042922405876952,0.698,24
als,4,version_35,0,temporal_array,240,43,60,0.5736453168044078,ok,1,0.47031221303948567,0.47031221303948567,-0.10333310376492211,0.612,31
als,4,version_35,0,temporal_array,240,44,60,0.5736453168044078,ok,1,0.4856239669421487,0.4856239669421487,-0.08802134986225907,0.512,63
als,4,version_35,0,temporal_array,240,45,60,0.5736453168044078,ok,1,0.48202938475665746,0.48202938475665746,-0.09161593204775031,0.6619999999999999,14
als,4,version_35,0,temporal_array,240,46,60,0.5736453168044078,ok,1,0.4708466483011937,0.4708466483011937,-0.10279866850321406,0.6379999999999999,27
als,4,version_35,0,temporal_array,480,42,120,0.575619406867846,ok,0,0.5750359001040583,0.575619406867846,0.0,0.5914999999999999,0
als,4,version_35,0,temporal_array,480,43,120,0.575619406867846,ok,1,0.4648298647242456,0.4648298647242456,-0.11078954214360037,0.554,36
als,4,version_35,0,temporal_array,480,44,120,0.575619406867846,ok,1,0.4867591050988554,0.4867591050988554,-0.08886030176899057,0.5740000000000001,13
als,4,version_35,0,temporal_array,480,45,120,0.575619406867846,ok,1,0.5057996878251821,0.5057996878251821,-0.06981971904266382,0.4675,35
als,4,version_35,0,temporal_array,480,46,120,0.575619406867846,ok,1,0.5739196149843913,0.5739196149843913,-0.0016997918834547043,0.5635,2
als,4,version_36,0,stratified,24,42,6,0.5535550023120623,ungateable,,,0.5535550023120623,0.0,,
als,4,version_36,0,stratified,24,43,6,0.5541169160391068,ungateable,,,0.5541169160391068,0.0,,
als,4,version_36,0,stratified,24,44,6,0.5542354092350377,ungateable,,,0.5542354092350377,0.0,,
als,4,version_36,0,stratified,24,45,6,0.552167352028009,ungateable,,,0.552167352028009,0.0,,
als,4,version_36,0,stratified,24,46,6,0.5532044771436122,ungateable,,,0.5532044771436122,0.0,,
als,4,version_36,0,stratified,48,42,12,0.5532416301914531,ok,0,0.5534185071335493,0.5532416301914531,0.0,0.55,0
als,4,version_36,0,stratified,48,43,12,0.5542523555748605,ok,0,0.5543043536369407,0.5542523555748605,0.0,0.44999999999999996,0
als,4,version_36,0,stratified,48,44,12,0.5547138644792676,ok,0,0.554980328443984,0.5547138644792676,0.0,0.4,0
als,4,version_36,0,stratified,48,45,12,0.5512005496341341,ok,0,0.551449472083932,0.5512005496341341,0.0,0.8,0
als,4,version_36,0,stratified,48,46,12,0.5548011543987437,ok,0,0.5548867736977513,0.5548011543987437,0.0,0.9,0
als,4,version_36,0,stratified,96,42,24,0.550176763790568,ok,0,0.5506040320098491,0.550176763790568,0.0,0.5874999999999999,0
als,4,version_36,0,stratified,96,43,24,0.5539633989945625,ok,0,0.5543092319004138,0.5539633989945625,0.0,0.6875,0
als,4,version_36,0,stratified,96,44,24,0.5540078571184296,ok,1,0.5556575100030778,0.5556575100030778,0.001649652884648245,0.7875,3
als,4,version_36,0,stratified,96,45,24,0.5514651944187955,ok,1,0.5550019664170172,0.5550019664170172,0.003536771998221666,0.45,12
als,4,version_36,0,stratified,96,46,24,0.5538219024657159,ok,0,0.5541294757361239,0.5538219024657159,0.0,0.6,0
als,4,version_36,0,stratified,240,42,60,0.5493624885215794,ok,0,0.5503252984389349,0.5493624885215794,0.0,0.704,0
als,4,version_36,0,stratified,240,43,60,0.5566489898989899,ok,1,0.5194106978879706,0.5194106978879706,-0.03723829201101936,0.7280000000000001,38
als,4,version_36,0,stratified,240,44,60,0.5499313590449953,ok,0,0.5506772268135904,0.5499313590449953,0.0,0.612,0
als,4,version_36,0,stratified,240,45,60,0.5559873737373737,ok,1,0.536886593204775,0.536886593204775,-0.01910078053259867,0.482,12
als,4,version_36,0,stratified,240,46,60,0.5541053719008264,ok,1,0.55181290174472,0.55181290174472,-0.002292470156106452,0.6040000000000001,16
als,4,version_36,0,stratified,480,42,120,0.5489014047866805,ok,1,0.5500332986472425,0.5500332986472425,0.0011318938605620055,0.6965,13
als,4,version_36,0,stratified,480,43,120,0.5526443808532778,ok,0,0.5545166493236212,0.5526443808532778,0.0,0.5640000000000001,0
als,4,version_36,0,stratified,480,44,120,0.5460101456815817,ok,1,0.5529719042663892,0.5529719042663892,0.00696175858480752,0.6309999999999999,8
als,4,version_36,0,stratified,480,45,120,0.5493181581685744,ok,0,0.5517950052029137,0.5493181581685744,0.0,0.4895,0
als,4,version_36,0,stratified,480,46,120,0.5530137877211239,ok,1,0.5518511966701353,0.5518511966701353,-0.0011625910509885928,0.6285000000000001,11
als,4,version_36,0,temporal_array,24,42,6,0.5539959456335051,ungateable,,,0.5539959456335051,0.0,,
als,4,version_36,0,temporal_array,24,43,6,0.5539959456335051,ungateable,,,0.5539959456335051,0.0,,
als,4,version_36,0,temporal_array,24,44,6,0.5539959456335051,ungateable,,,0.5539959456335051,0.0,,
als,4,version_36,0,temporal_array,24,45,6,0.5539959456335051,ungateable,,,0.5539959456335051,0.0,,
als,4,version_36,0,temporal_array,24,46,6,0.5539959456335051,ungateable,,,0.5539959456335051,0.0,,
als,4,version_36,0,temporal_array,48,42,12,0.5558974990811587,ok,1,0.5055529336095426,0.5055529336095426,-0.05034456547161614,0.9500000000000001,61
als,4,version_36,0,temporal_array,48,43,12,0.5558974990811587,ok,0,0.5559599385211668,0.5558974990811587,0.0,0.25,0
als,4,version_36,0,temporal_array,48,44,12,0.5558974990811587,ok,0,0.5561965401450099,0.5558974990811587,0.0,0.3,0
als,4,version_36,0,temporal_array,48,45,12,0.5558974990811587,ok,1,0.5588801831000033,0.5588801831000033,0.0029826840188446058,0.15000000000000002,12
als,4,version_36,0,temporal_array,48,46,12,0.5558974990811587,ok,0,0.556148092151425,0.5558974990811587,0.0,0.15000000000000002,0
als,4,version_36,0,temporal_array,96,42,24,0.5574687510687049,ok,1,0.5586212424335694,0.5586212424335694,0.0011524913648645052,0.65,3
als,4,version_36,0,temporal_array,96,43,24,0.5574687510687049,ok,0,0.5578038969255498,0.5574687510687049,0.0,0.5249999999999999,0
als,4,version_36,0,temporal_array,96,44,24,0.5574687510687049,ok,0,0.5597722376115728,0.5574687510687049,0.0,0.5,10
als,4,version_36,0,temporal_array,96,45,24,0.5574687510687049,ok,0,0.557692965356862,0.5574687510687049,0.0,0.43749999999999994,0
als,4,version_36,0,temporal_array,96,46,24,0.5574687510687049,ok,0,0.5577989808830067,0.5574687510687049,0.0,0.5249999999999999,0
als,4,version_36,0,temporal_array,240,42,60,0.5641016988062443,ok,1,0.4751258034894399,0.4751258034894399,-0.08897589531680439,0.69,46
als,4,version_36,0,temporal_array,240,43,60,0.5641016988062443,ok,1,0.4740293847566575,0.4740293847566575,-0.09007231404958677,0.574,47
als,4,version_36,0,temporal_array,240,44,60,0.5641016988062443,ok,1,0.49220798898071627,0.49220798898071627,-0.07189370982552801,0.63,63
als,4,version_36,0,temporal_array,240,45,60,0.5641016988062443,ok,1,0.4643980716253444,0.4643980716253444,-0.09970362718089987,0.696,26
als,4,version_36,0,temporal_array,240,46,60,0.5641016988062443,ok,1,0.4631914600550965,0.4631914600550965,-0.1009102387511478,0.726,46
als,4,version_36,0,temporal_array,480,42,120,0.5674721644120707,ok,0,0.5689914151925078,0.5674721644120707,0.0,0.5645000000000001,0
als,4,version_36,0,temporal_array,480,43,120,0.5674721644120707,ok,1,0.4657255463059313,0.4657255463059313,-0.10174661810613939,0.5469999999999999,76
als,4,version_36,0,temporal_array,480,44,120,0.5674721644120707,ok,1,0.5187219042663892,0.5187219042663892,-0.04875026014568151,0.619,8
als,4,version_36,0,temporal_array,480,45,120,0.5674721644120707,ok,1,0.5031199271592092,0.5031199271592092,-0.06435223725286154,0.463,42
als,4,version_36,0,temporal_array,480,46,120,0.5674721644120707,ok,1,0.4804830905306972,0.4804830905306972,-0.0869890738813735,0.562,17
als,4,version_37,0,stratified,24,42,6,0.5583283789139912,ungateable,,,0.5583283789139912,0.0,,
als,4,version_37,0,stratified,24,43,6,0.5589431397806844,ungateable,,,0.5589431397806844,0.0,,
als,4,version_37,0,stratified,24,44,6,0.5597812623860484,ungateable,,,0.5597812623860484,0.0,,
als,4,version_37,0,stratified,24,45,6,0.5570732593473379,ungateable,,,0.5570732593473379,0.0,,
als,4,version_37,0,stratified,24,46,6,0.5586446360153257,ungateable,,,0.5586446360153257,0.0,,
als,4,version_37,0,stratified,48,42,12,0.5578598516489024,ok,1,0.5608882689030706,0.5608882689030706,0.0030284172541682475,0.65,29
als,4,version_37,0,stratified,48,43,12,0.5591370409970262,ok,1,0.5586538140265295,0.5586538140265295,-0.0004832269704967418,0.4,11
als,4,version_37,0,stratified,48,44,12,0.5605992515620302,ok,0,0.5608715626983861,0.5605992515620302,0.0,0.19999999999999996,0
als,4,version_37,0,stratified,48,45,12,0.5561483009789836,ok,1,0.5591372498245848,0.5591372498245848,0.0029889488456011915,0.7,8
als,4,version_37,0,stratified,48,46,12,0.5603628587657455,ok,0,0.5605036085402119,0.5603628587657455,0.0,0.65,0
als,4,version_37,0,stratified,96,42,24,0.5545881638794843,ok,0,0.5551949745220752,0.5545881638794843,0.0,0.575,0
als,4,version_37,0,stratified,96,43,24,0.558908724051845,ok,1,0.56019309360145,0.56019309360145,0.00128436954960498,0.7250000000000001,11
als,4,version_37,0,stratified,96,44,24,0.5587326014842173,ok,1,0.5592169385451934,0.5592169385451934,0.0004843370609760589,0.8624999999999999,0
als,4,version_37,0,stratified,96,45,24,0.5558812968092747,ok,1,0.5545240415854451,0.5545240415854451,-0.0013572552238295676,0.575,48
als,4,version_37,0,stratified,96,46,24,0.5601257651927088,ok,0,0.560590651824493,0.5601257651927088,0.0,0.5375,0
als,4,version_37,0,stratified,240,42,60,0.551668044077135,ok,1,0.5542809917355371,0.5542809917355371,0.0026129476584021427,0.7260000000000001,47
als,4,version_37,0,stratified,240,43,60,0.560925160697888,ok,1,0.5554738292011019,0.5554738292011019,-0.005451331496786116,0.676,16
als,4,version_37,0,stratified,240,44,60,0.5547543617998163,ok,0,0.5556280991735537,0.5547543617998163,0.0,0.66,0
als,4,version_37,0,stratified,240,45,60,0.5598218549127639,ok,1,0.546710743801653,0.546710743801653,-0.013111111111110962,0.48200000000000004,17
als,4,version_37,0,stratified,240,46,60,0.5619986225895317,ok,1,0.5518613406795224,0.5518613406795224,-0.010137281910009288,0.518,41
als,4,version_37,0,stratified,480,42,120,0.5516014568158168,ok,1,0.5513777315296566,0.5513777315296566,-0.0002237252861602146,0.718,6
als,4,version_37,0,stratified,480,43,120,0.555751821019771,ok,1,0.5581774193548387,0.5581774193548387,0.0024255983350676136,0.6180000000000001,1
als,4,version_37,0,stratified,480,44,120,0.5521149843912592,ok,1,0.5564019250780436,0.5564019250780436,0.0042869406867844795,0.6065,22
als,4,version_37,0,stratified,480,45,120,0.5538704474505723,ok,0,0.5562913631633715,0.5538704474505723,0.0,0.522,0
als,4,version_37,0,stratified,480,46,120,0.5607637877211239,ok,1,0.5581074401664932,0.5581074401664932,-0.0026563475546307336,0.6245,12
als,4,version_37,0,temporal_array,24,42,6,0.5592292574976879,ungateable,,,0.5592292574976879,0.0,,
als,4,version_37,0,temporal_array,24,43,6,0.5592292574976879,ungateable,,,0.5592292574976879,0.0,,
als,4,version_37,0,temporal_array,24,44,6,0.5592292574976879,ungateable,,,0.5592292574976879,0.0,,
als,4,version_37,0,temporal_array,24,45,6,0.5592292574976879,ungateable,,,0.5592292574976879,0.0,,
als,4,version_37,0,temporal_array,24,46,6,0.5592292574976879,ungateable,,,0.5592292574976879,0.0,,
als,4,version_37,0,temporal_array,48,42,12,0.5604209128270239,ok,0,0.5608644625613953,0.5604209128270239,0.0,0.4,0
als,4,version_37,0,temporal_array,48,43,12,0.5604209128270239,ok,0,0.5606209696281199,0.5604209128270239,0.0,0.45,0
als,4,version_37,0,temporal_array,48,44,12,0.5604209128270239,ok,0,0.5608999632463496,0.5604209128270239,0.0,0.6,0
als,4,version_37,0,temporal_array,48,45,12,0.5604209128270239,ok,1,0.5622943048548231,0.5622943048548231,0.0018733920277992366,0.39999999999999997,5
als,4,version_37,0,temporal_array,48,46,12,0.5604209128270239,ok,1,0.5629339436666778,0.5629339436666778,0.002513030839653929,0.25,12
als,4,version_37,0,temporal_array,96,42,24,0.5615202113470812,ok,1,0.5633853151397011,0.5633853151397011,0.0018651037926199487,0.7125,3
als,4,version_37,0,temporal_array,96,43,24,0.5615202113470812,ok,0,0.5620643958824938,0.5615202113470812,0.0,0.5375,0
als,4,version_37,0,temporal_array,96,44,24,0.5615202113470812,ok,1,0.5630018638213468,0.5630018638213468,0.0014816524742655712,0.6000000000000001,2
als,4,version_37,0,temporal_array,96,45,24,0.5615202113470812,ok,1,0.5634825672856605,0.5634825672856605,0.0019623559385792966,0.6625000000000001,7
als,4,version_37,0,temporal_array,96,46,24,0.5615202113470812,ok,1,0.5637245220751684,0.5637245220751684,0.0022043107280872443,0.55,4
als,4,version_37,0,temporal_array,240,42,60,0.5674146005509642,ok,1,0.47863360881542694,0.47863360881542694,-0.08878099173553722,0.648,40
als,4,version_37,0,temporal_array,240,43,60,0.5674146005509642,ok,1,0.5032438016528926,0.5032438016528926,-0.06417079889807153,0.64,17
als,4,version_37,0,temporal_array,240,44,60,0.5674146005509642,ok,1,0.48185032139577594,0.48185032139577594,-0.08556427915518822,0.6220000000000001,62
als,4,version_37,0,temporal_array,240,45,60,0.5674146005509642,ok,1,0.512876492194674,0.512876492194674,-0.05453810835629014,0.6679999999999999,14
als,4,version_37,0,temporal_array,240,46,60,0.5674146005509642,ok,1,0.49202479338842975,0.49202479338842975,-0.0753898071625344,0.678,22
als,4,version_37,0,temporal_array,480,42,120,0.5717809573361082,ok,0,0.5734828303850156,0.5717809573361082,0.0,0.594,0
als,4,version_37,0,temporal_array,480,43,120,0.5717809573361082,ok,1,0.46681503642039546,0.46681503642039546,-0.10496592091571277,0.5715,74
als,4,version_37,0,temporal_array,480,44,120,0.5717809573361082,ok,1,0.5005132674297607,0.5005132674297607,-0.07126768990634758,0.5734999999999999,10
als,4,version_37,0,temporal_array,480,45,120,0.5717809573361082,ok,1,0.49165582726326745,0.49165582726326745,-0.08012513007284078,0.48100000000000004,20
als,4,version_37,0,temporal_array,480,46,120,0.5717809573361082,ok,1,0.5657903225806451,0.5657903225806451,-0.005990634755463131,0.5445,6
als,4,version_38,0,stratified,24,42,6,0.5559894801162637,ungateable,,,0.5559894801162637,0.0,,
als,4,version_38,0,stratified,24,43,6,0.5565835975690316,ungateable,,,0.5565835975690316,0.0,,
als,4,version_38,0,stratified,24,44,6,0.5571104174924032,ungateable,,,0.5571104174924032,0.0,,
als,4,version_38,0,stratified,24,45,6,0.5542261196987713,ungateable,,,0.5542261196987713,0.0,,
als,4,version_38,0,stratified,24,46,6,0.5555225260932752,ungateable,,,0.5555225260932752,0.0,,
als,4,version_38,0,stratified,48,42,12,0.5554332754184904,ok,0,0.5555782017441278,0.5554332754184904,0.0,0.6000000000000001,0
als,4,version_38,0,stratified,48,43,12,0.5569794346620335,ok,0,0.5570226619666544,0.5569794346620335,0.0,0.39999999999999997,0
als,4,version_38,0,stratified,48,44,12,0.5578832403354606,ok,0,0.5580085368705937,0.5578832403354606,0.0,0.19999999999999996,0
als,4,version_38,0,stratified,48,45,12,0.5534243543051889,ok,0,0.5535922516622673,0.5534243543051889,0.0,0.8,0
als,4,version_38,0,stratified,48,46,12,0.557699472083932,ok,0,0.5577341374586521,0.557699472083932,0.0,0.8,0
als,4,version_38,0,stratified,96,42,24,0.5521775931055709,ok,0,0.5523325553161657,0.5521775931055709,0.0,0.7125000000000001,0
als,4,version_38,0,stratified,96,43,24,0.5564408706952566,ok,1,0.5565580007523683,0.5565580007523683,0.00011713005711166957,0.75,7
als,4,version_38,0,stratified,96,44,24,0.5564442905509387,ok,1,0.5559958619746247,0.5559958619746247,-0.00044842857631399724,0.825,6
als,4,version_38,0,stratified,96,45,24,0.5533506036045279,ok,0,0.5535442529325263,0.5533506036045279,0.0,0.48750000000000004,0
als,4,version_38,0,stratified,96,46,24,0.5577211791662392,ok,1,0.5575465527854725,0.5575465527854725,-0.000174626380766707,0.5874999999999999,8
als,4,version_38,0,stratified,240,42,60,0.549143709825528,ok,1,0.5379781910009183,0.5379781910009183,-0.0111655188246097,0.746,50
als,4,version_38,0,stratified,240,43,60,0.5584761248852157,ok,0,0.5588399908172635,0.5584761248852157,0.0,0.582,0
als,4,version_38,0,stratified,240,44,60,0.5528434343434343,ok,0,0.5529350321395776,0.5528434343434343,0.0,0.66,0
als,4,version_38,0,stratified,240,45,60,0.5574926538108356,ok,1,0.5536331496786042,0.5536331496786042,-0.0038595041322313506,0.52,10
als,4,version_38,0,stratified,240,46,60,0.5597341597796143,ok,1,0.5427555096418732,0.5427555096418732,-0.016978650137741025,0.594,62
als,4,version_38,0,stratified,480,42,120,0.5473949011446411,ok,0,0.5425395421436003,0.5473949011446411,0.0,0.7005,2
als,4,version_38,0,stratified,480,43,120,0.5534698231009365,ok,0,0.5541703954214361,0.5534698231009365,0.0,0.5529999999999999,0
als,4,version_38,0,stratified,480,44,120,0.5499047866805411,ok,1,0.5445437044745056,0.5445437044745056,-0.0053610822060354835,0.5885,18
als,4,version_38,0,stratified,480,45,120,0.5520057232049947,ok,0,0.5531979708636837,0.5520057232049947,0.0,0.55,0
als,4,version_38,0,stratified,480,46,120,0.5611914672216441,ok,1,0.5509019250780437,0.5509019250780437,-0.01028954214360045,0.5910000000000001,4
als,4,version_38,0,temporal_array,24,42,6,0.5567256242568371,ungateable,,,0.5567256242568371,0.0,,
als,4,version_38,0,temporal_array,24,43,6,0.5567256242568371,ungateable,,,0.5567256242568371,0.0,,
als,4,version_38,0,temporal_array,24,44,6,0.5567256242568371,ungateable,,,0.5567256242568371,0.0,,
als,4,version_38,0,temporal_array,24,45,6,0.5567256242568371,ungateable,,,0.5567256242568371,0.0,,
als,4,version_38,0,temporal_array,24,46,6,0.5567256242568371,ungateable,,,0.5567256242568371,0.0,,
als,4,version_38,0,temporal_array,48,42,12,0.5580210665241071,ok,1,0.558472760533262,0.558472760533262,0.00045169400915490154,0.5,3
als,4,version_38,0,temporal_array,48,43,12,0.5580210665241071,ok,0,0.5580795382405025,0.5580210665241071,0.0,0.25,0
als,4,version_38,0,temporal_array,48,44,12,0.5580210665241071,ok,0,0.558170378228474,0.5580210665241071,0.0,0.45,0
als,4,version_38,0,temporal_array,48,45,12,0.5580210665241071,ok,0,0.5581799842961677,0.5580210665241071,0.0,0.45,0
als,4,version_38,0,temporal_array,48,46,12,0.5580210665241071,ok,1,0.5583451668949848,0.5583451668949848,0.00032410037087771126,0.35000000000000003,4
als,4,version_38,0,temporal_array,96,42,24,0.5593875038473376,ok,0,0.5595174583632571,0.5593875038473376,0.0,0.6,0
als,4,version_38,0,temporal_array,96,43,24,0.5593875038473376,ok,1,0.5419941178482268,0.5419941178482268,-0.017393385999110778,0.5625,23
als,4,version_38,0,temporal_array,96,44,24,0.5593875038473376,ok,0,0.5595187408091378,0.5593875038473376,0.0,0.45,0
als,4,version_38,0,temporal_array,96,45,24,0.5593875038473376,ok,0,0.5595099774289525,0.5593875038473376,0.0,0.55,0
als,4,version_38,0,temporal_array,96,46,24,0.5593875038473376,ok,1,0.550534993673267,0.550534993673267,-0.008852510174070627,0.55,16
als,4,version_38,0,temporal_array,240,42,60,0.5656565656565656,ok,1,0.49173278236914597,0.49173278236914597,-0.07392378328741966,0.65,52
als,4,version_38,0,temporal_array,240,43,60,0.5656565656565656,ok,1,0.5002917814508724,0.5002917814508724,-0.06536478420569325,0.638,33
als,4,version_38,0,temporal_array,240,44,60,0.5656565656565656,ok,1,0.4934157483930211,0.4934157483930211,-0.07224081726354453,0.676,66
als,4,version_38,0,temporal_array,240,45,60,0.5656565656565656,ok,1,0.4927378328741965,0.4927378328741965,-0.07291873278236916,0.79,28
als,4,version_38,0,temporal_array,240,46,60,0.5656565656565656,ok,1,0.4924040404040403,0.4924040404040403,-0.07325252525252535,0.6980000000000001,54
als,4,version_38,0,temporal_array,480,42,120,0.5689464099895941,ok,1,0.5592731529656607,0.5592731529656607,-0.009673257023933401,0.575,3
als,4,version_38,0,temporal_array,480,43,120,0.5689464099895941,ok,1,0.4730306971904266,0.4730306971904266,-0.0959157127991675,0.5495,46
als,4,version_38,0,temporal_array,480,44,120,0.5689464099895941,ok,1,0.4646977107180021,0.4646977107180021,-0.10424869927159203,0.563,38
als,4,version_38,0,temporal_array,480,45,120,0.5689464099895941,ok,1,0.4911207075962539,0.4911207075962539,-0.07782570239334019,0.508,93
als,4,version_38,0,temporal_array,480,46,120,0.5689464099895941,ok,0,0.5691394380853279,0.5689464099895941,0.0,0.501,0
als,4,version_39,0,stratified,24,42,6,0.5663925221297398,ungateable,,,0.5663925221297398,0.0,,
als,4,version_39,0,stratified,24,43,6,0.5670064572598758,ungateable,,,0.5670064572598758,0.0,,
als,4,version_39,0,stratified,24,44,6,0.5674201512749373,ungateable,,,0.5674201512749373,0.0,,
als,4,version_39,0,stratified,24,45,6,0.564831880036993,ungateable,,,0.564831880036993,0.0,,
als,4,version_39,0,stratified,24,46,6,0.5653686087990488,ungateable,,,0.5653686087990488,0.0,,
als,4,version_39,0,stratified,48,42,12,0.5669785158207759,ok,1,0.5662664138461024,0.5662664138461024,-0.0007121019746734181,0.65,1
als,4,version_39,0,stratified,48,43,12,0.5671865080690969,ok,1,0.5539777473353603,0.5539777473353603,-0.013208760733736558,0.5,31
als,4,version_39,0,stratified,48,44,12,0.5676939590363861,ok,0,0.567574718500451,0.5676939590363861,0.0,0.35,0
als,4,version_39,0,stratified,48,45,12,0.5639743225634,ok,0,0.563669643155468,0.5639743225634,0.0,0.65,0
als,4,version_39,0,stratified,48,46,12,0.5678631093588159,ok,0,0.5678322028801497,0.5678631093588159,0.0,0.9,0
als,4,version_39,0,stratified,96,42,24,0.5643091036558258,ok,1,0.5631861085462193,0.5631861085462193,-0.0011229951096064505,0.5499999999999999,3
als,4,version_39,0,stratified,96,43,24,0.5676148216545261,ok,1,0.5568595892753325,0.5568595892753325,-0.010755232379193624,0.625,24
als,4,version_39,0,stratified,96,44,24,0.5660053520741424,ok,1,0.5637969802674327,0.5637969802674327,-0.0022083718067096303,0.8125,11
als,4,version_39,0,stratified,96,45,24,0.5646493792961937,ok,1,0.5392347217947402,0.5392347217947402,-0.025414657501453553,0.6625,36
als,4,version_39,0,stratified,96,46,24,0.5671877671762251,ok,1,0.5658608631715742,0.5658608631715742,-0.001326904004650853,0.6375000000000001,2
als,4,version_39,0,stratified,240,42,60,0.5639058769513315,ok,1,0.5574678604224059,0.5574678604224059,-0.006438016528925616,0.656,9
als,4,version_39,0,stratified,240,43,60,0.5704775022956841,ok,1,0.5698234618916437,0.5698234618916437,-0.0006540404040403791,0.5640000000000001,0
als,4,version_39,0,stratified,240,44,60,0.5607851239669421,ok,1,0.5551386593204775,0.5551386593204775,-0.005646464646464677,0.7180000000000001,16
als,4,version_39,0,stratified,240,45,60,0.5696877869605143,ok,1,0.5638783287419651,0.5638783287419651,-0.005809458218549168,0.474,4
als,4,version_39,0,stratified,240,46,60,0.5675867768595042,ok,1,0.5349306703397613,0.5349306703397613,-0.03265610651974293,0.684,33
als,4,version_39,0,stratified,480,42,120,0.562916753381894,ok,1,0.5548891779396462,0.5548891779396462,-0.008027575442247747,0.703,4
als,4,version_39,0,stratified,480,43,120,0.5680665972944849,ok,1,0.5664354838709678,0.5664354838709678,-0.0016311134235171831,0.5415,0
als,4,version_39,0,stratified,480,44,120,0.5562445369406868,ok,1,0.5512107180020811,0.5512107180020811,-0.005033818938605661,0.6895,3
als,4,version_39,0,stratified,480,45,120,0.5646123829344433,ok,0,0.5636987513007283,0.5646123829344433,0.0,0.5209999999999999,0
als,4,version_39,0,stratified,480,46,120,0.5697003121748179,ok,1,0.5497825182101977,0.5497825182101977,-0.019917793964620123,0.6074999999999999,11
als,4,version_39,0,temporal_array,24,42,6,0.5667711223411283,ungateable,,,0.5667711223411283,0.0,,
als,4,version_39,0,temporal_array,24,43,6,0.5667711223411283,ungateable,,,0.5667711223411283,0.0,,
als,4,version_39,0,temporal_array,24,44,6,0.5667711223411283,ungateable,,,0.5667711223411283,0.0,,
als,4,version_39,0,temporal_array,24,45,6,0.5667711223411283,ungateable,,,0.5667711223411283,0.0,,
als,4,version_39,0,temporal_array,24,46,6,0.5667711223411283,ungateable,,,0.5667711223411283,0.0,,
als,4,version_39,0,temporal_array,48,42,12,0.5680782017441277,ok,1,0.5646454943365966,0.5646454943365966,-0.0034327074075310993,0.55,19
als,4,version_39,0,temporal_array,48,43,12,0.5680782017441277,ok,0,0.5679082161114638,0.5680782017441277,0.0,0.55,0
als,4,version_39,0,temporal_array,48,44,12,0.5680782017441277,ok,0,0.5683500952253667,0.5680782017441277,0.0,0.55,0
als,4,version_39,0,temporal_array,48,45,12,0.5680782017441277,ok,1,0.5601970496842528,0.5601970496842528,-0.00788115205987494,0.25,20
als,4,version_39,0,temporal_array,48,46,12,0.5680782017441277,ok,0,0.5680214006482007,0.5680782017441277,0.0,0.09999999999999998,0
als,4,version_39,0,temporal_array,96,42,24,0.5695594370917547,ok,0,0.5693508258951473,0.5695594370917547,0.0,0.5875,0
als,4,version_39,0,temporal_array,96,43,24,0.5695594370917547,ok,1,0.5663199787968948,0.5663199787968948,-0.0032394582948599426,0.42499999999999993,6
als,4,version_39,0,temporal_array,96,44,24,0.5695594370917547,ok,1,0.5690780924045006,0.5690780924045006,-0.00048134468725413715,0.5,1
als,4,version_39,0,temporal_array,96,45,24,0.5695594370917547,ok,1,0.5241708987380733,0.5241708987380733,-0.045388538353681396,0.5375000000000001,37
als,4,version_39,0,temporal_array,96,46,24,0.5695594370917547,ok,1,0.4855474761465066,0.4855474761465066,-0.0840119609452481,0.7375,79
als,4,version_39,0,temporal_array,240,42,60,0.5760837924701561,ok,1,0.47780142332415065,0.47780142332415065,-0.09828236914600541,0.6260000000000001,47
als,4,version_39,0,temporal_array,240,43,60,0.5760837924701561,ok,1,0.4833861340679523,0.4833861340679523,-0.09269765840220379,0.604,37
als,4,version_39,0,temporal_array,240,44,60,0.5760837924701561,ok,1,0.4845036730945822,0.4845036730945822,-0.09158011937557387,0.728,49
als,4,version_39,0,temporal_array,240,45,60,0.5760837924701561,ok,1,0.4800064279155188,0.4800064279155188,-0.09607736455463728,0.654,23
als,4,version_39,0,temporal_array,240,46,60,0.5760837924701561,ok,1,0.49827180899908174,0.49827180899908174,-0.07781198347107432,0.7120000000000001,21
als,4,version_39,0,temporal_array,480,42,120,0.5769456295525494,ok,0,0.5529791883454735,0.5769456295525494,0.0,0.5735,6
als,4,version_39,0,temporal_array,480,43,120,0.5769456295525494,ok,1,0.49300780437044744,0.49300780437044744,-0.08393782518210191,0.5695,73
als,4,version_39,0,temporal_array,480,44,120,0.5769456295525494,ok,1,0.5040387617065557,0.5040387617065557,-0.07290686784599365,0.6595,58
als,4,version_39,0,temporal_array,480,45,120,0.5769456295525494,ok,1,0.5453543184183143,0.5453543184183143,-0.03159131113423508,0.41150000000000003,19
als,4,version_39,0,temporal_array,480,46,120,0.5769456295525494,ok,1,0.5272598855359001,0.5272598855359001,-0.04968574401664927,0.5854999999999999,12
als,4,version_40,0,stratified,24,42,6,0.5663619698771304,ungateable,,,0.5663619698771304,0.0,,
als,4,version_40,0,stratified,24,43,6,0.5666319857312723,ungateable,,,0.5666319857312723,0.0,,
als,4,version_40,0,stratified,24,44,6,0.5662872407187212,ungateable,,,0.5662872407187212,0.0,,
als,4,version_40,0,stratified,24,45,6,0.5641560146650813,ungateable,,,0.5641560146650813,0.0,,
als,4,version_40,0,stratified,24,46,6,0.5651654776060245,ungateable,,,0.5651654776060245,0.0,,
als,4,version_40,0,stratified,48,42,12,0.566552089946206,ok,1,0.5239122172474857,0.5239122172474857,-0.04263987269872027,0.9500000000000001,47
als,4,version_40,0,stratified,48,43,12,0.5662359250225534,ok,1,0.5639989642153096,0.5639989642153096,-0.002236960807243782,0.5,14
als,4,version_40,0,stratified,48,44,12,0.566827742323499,ok,0,0.5672875806074376,0.566827742323499,0.0,0.6,0
als,4,version_40,0,stratified,48,45,12,0.56327475024224,ok,0,0.5632659794847807,0.56327475024224,0.0,0.85,0
als,4,version_40,0,stratified,48,46,12,0.56714557786762,ok,0,0.5670052457482709,0.56714557786762,0.0,0.8,0
als,4,version_40,0,stratified,96,42,24,0.5639256523374714,ok,0,0.564262080640197,0.5639256523374714,0.0,0.5375,1
als,4,version_40,0,stratified,96,43,24,0.5665072158954891,ok,1,0.5534756420779043,0.5534756420779043,-0.013031573817584796,0.8375,18
als,4,version_40,0,stratified,96,44,24,0.5650148763722171,ok,1,0.564445470401149,0.564445470401149,-0.0005694059710681376,0.8625,13
als,4,version_40,0,stratified,96,45,24,0.5634062617557539,ok,1,0.5632459560206559,0.5632459560206559,-0.00016030573509806523,0.5,1
als,4,version_40,0,stratified,96,46,24,0.566596987107144,ok,0,0.5666764987517526,0.566596987107144,0.0,0.5375,0
als,4,version_40,0,stratified,240,42,60,0.5622674471992654,ok,1,0.5623048668503214,0.5623048668503214,3.7419651056080916e-05,0.6539999999999999,0
als,4,version_40,0,stratified,240,43,60,0.5694889807162534,ok,1,0.5633760330578512,0.5633760330578512,-0.006112947658402201,0.5760000000000001,8
als,4,version_40,0,stratified,240,44,60,0.5605399449035813,ok,1,0.560877640036731,0.560877640036731,0.0003376951331497402,0.6619999999999999,14
als,4,version_40,0,stratified,240,45,60,0.5680482093663912,ok,0,0.5685463728191001,0.5680482093663912,0.0,0.392,0
als,4,version_40,0,stratified,240,46,60,0.5673259871441689,ok,1,0.5511391184573002,0.5511391184573002,-0.016186868686868694,0.628,43
als,4,version_40,0,stratified,480,42,120,0.5610470863683663,ok,1,0.5548449531737774,0.5548449531737774,-0.006202133194588955,0.6935,5
als,4,version_40,0,stratified,480,43,120,0.5652034339229969,ok,1,0.5611303329864724,0.5611303329864724,-0.004073100936524465,0.5605,2
als,4,version_40,0,stratified,480,44,120,0.5575457856399584,ok,1,0.5545338189386056,0.5545338189386056,-0.0030119667013527307,0.659,3
als,4,version_40,0,stratified,480,45,120,0.562832726326743,ok,0,0.5639349635796046,0.562832726326743,0.0,0.4685,0
als,4,version_40,0,stratified,480,46,120,0.568552289281998,ok,1,0.5613730489073882,0.5613730489073882,-0.007179240374609819,0.6055,7
als,4,version_40,0,temporal_array,24,42,6,0.5664210100409566,ungateable,,,0.5664210100409566,0.0,,
als,4,version_40,0,temporal_array,24,43,6,0.5664210100409566,ungateable,,,0.5664210100409566,0.0,,
als,4,version_40,0,temporal_array,24,44,6,0.5664210100409566,ungateable,,,0.5664210100409566,0.0,,
als,4,version_40,0,temporal_array,24,45,6,0.5664210100409566,ungateable,,,0.5664210100409566,0.0,,
als,4,version_40,0,temporal_array,24,46,6,0.5664210100409566,ungateable,,,0.5664210100409566,0.0,,
als,4,version_40,0,temporal_array,48,42,12,0.5680694309866684,ok,1,0.559247510775502,0.559247510775502,-0.008821920211166345,0.7,41
als,4,version_40,0,temporal_array,48,43,12,0.5680694309866684,ok,0,0.5684273614220322,0.5680694309866684,0.0,0.35000000000000003,0
als,4,version_40,0,temporal_array,48,44,12,0.5680694309866684,ok,0,0.5683941578402218,0.5680694309866684,0.0,0.39999999999999997,0
als,4,version_40,0,temporal_array,48,45,12,0.5680694309866684,ok,0,0.5684248554913295,0.5680694309866684,0.0,0.25,0
als,4,version_40,0,temporal_array,48,46,12,0.5680694309866684,ok,1,0.5685969293995791,0.5685969293995791,0.0005274984129106652,0.19999999999999996,8
als,4,version_40,0,temporal_array,96,42,24,0.5700095755959098,ok,0,0.5703395916692315,0.5700095755959098,0.0,0.625,0
als,4,version_40,0,temporal_array,96,43,24,0.5700095755959098,ok,1,0.5707893026914265,0.5707893026914265,0.000779727095516658,0.32499999999999996,1
als,4,version_40,0,temporal_array,96,44,24,0.5700095755959098,ok,1,0.5708038370780754,0.5708038370780754,0.000794261482165548,0.5375000000000001,2
als,4,version_40,0,temporal_array,96,45,24,0.5700095755959098,ok,1,0.48341605109264385,0.48341605109264385,-0.08659352450326596,0.7749999999999999,58
als,4,version_40,0,temporal_array,96,46,24,0.5700095755959098,ok,1,0.5667713997469307,0.5667713997469307,-0.003238175848979119,0.5375,14
als,4,version_40,0,temporal_array,240,42,60,0.576376492194674,ok,1,0.4814772727272727,0.4814772727272727,-0.09489921946740132,0.6260000000000001,25
als,4,version_40,0,temporal_array,240,43,60,0.576376492194674,ok,1,0.46877272727272723,0.46877272727272723,-0.10760376492194679,0.612,47
als,4,version_40,0,temporal_array,240,44,60,0.576376492194674,ok,1,0.48013498622589534,0.48013498622589534,-0.09624150596877867,0.692,59
als,4,version_40,0,temporal_array,240,45,60,0.576376492194674,ok,1,0.4663050964187328,0.4663050964187328,-0.11007139577594122,0.608,29
als,4,version_40,0,temporal_array,240,46,60,0.576376492194674,ok,1,0.46596280991735534,0.46596280991735534,-0.11041368227731868,0.6599999999999999,59
als,4,version_40,0,temporal_array,480,42,120,0.5792081165452653,ok,0,0.5794120707596254,0.5792081165452653,0.0,0.5375,0
als,4,version_40,0,temporal_array,480,43,120,0.5792081165452653,ok,1,0.48148699271592094,0.48148699271592094,-0.09772112382934434,0.5495000000000001,15
als,4,version_40,0,temporal_array,480,44,120,0.5792081165452653,ok,1,0.4901178459937565,0.4901178459937565,-0.08909027055150875,0.5720000000000001,11
als,4,version_40,0,temporal_array,480,45,120,0.5792081165452653,ok,1,0.5005676378772113,0.5005676378772113,-0.07864047866805401,0.4770000000000001,42
als,4,version_40,0,temporal_array,480,46,120,0.5792081165452653,ok,1,0.4941711758584808,0.4941711758584808,-0.08503694068678447,0.614,11
als,5,version_31,0,stratified,24,42,6,0.5057116197648301,ungateable,,,0.5057116197648301,0.0,,
als,5,version_31,0,stratified,24,43,6,0.5033875842251289,ungateable,,,0.5033875842251289,0.0,,
als,5,version_31,0,stratified,24,44,6,0.5049688697318008,ungateable,,,0.5049688697318008,0.0,,
als,5,version_31,0,stratified,24,45,6,0.5035618146386577,ungateable,,,0.5035618146386577,0.0,,
als,5,version_31,0,stratified,24,46,6,0.505033690051526,ungateable,,,0.505033690051526,0.0,,
als,5,version_31,0,stratified,48,42,12,0.5061754485615958,ok,1,0.5032677336362724,0.5032677336362724,-0.002907714925323379,0.55,6
als,5,version_31,0,stratified,48,43,12,0.5020611280029402,ok,0,0.5018238998964215,0.5020611280029402,0.0,0.7999999999999999,0
als,5,version_31,0,stratified,48,44,12,0.506002539343112,ok,1,0.5034147482374954,0.5034147482374954,-0.002587791105616577,0.2,17
als,5,version_31,0,stratified,48,45,12,0.5026587924755254,ok,1,0.48072208393197235,0.48072208393197235,-0.021936708543553007,0.6000000000000001,33
als,5,version_31,0,stratified,48,46,12,0.5063141100604764,ok,0,0.5056886715226036,0.5063141100604764,0.0,0.6,0
als,5,version_31,0,stratified,96,42,24,0.5068726274751205,ok,0,0.5067208713792278,0.5068726274751205,0.0,0.39999999999999997,0
als,5,version_31,0,stratified,96,43,24,0.5019694093909237,ok,1,0.4869025939605348,0.4869025939605348,-0.015066815430388902,0.6625,46
als,5,version_31,0,stratified,96,44,24,0.5065126876645806,ok,0,0.5062339694264902,0.5065126876645806,0.0,0.3875,0
als,5,version_31,0,stratified,96,45,24,0.5058616326391026,ok,1,0.47501325194076816,0.47501325194076816,-0.0308483806983344,0.575,72
als,5,version_31,0,stratified,96,46,24,0.5074685373277248,ok,0,0.5070190400465101,0.5074685373277248,0.0,0.65,0
als,5,version_31,0,stratified,240,42,60,0.5055955004591368,ok,1,0.5119742883379247,0.5119742883379247,0.006378787878787873,0.5840000000000001,29
als,5,version_31,0,stratified,240,43,60,0.5023425160697887,ok,1,0.4786271808999082,0.4786271808999082,-0.023715335169880558,0.6779999999999999,11
als,5,version_31,0,stratified,240,44,60,0.5061023875114784,ok,1,0.506789256198347,0.506789256198347,0.0006868686868686247,0.588,7
als,5,version_31,0,stratified,240,45,60,0.504595041322314,ok,1,0.5026005509641873,0.5026005509641873,-0.0019944903581267104,0.456,2
als,5,version_31,0,stratified,240,46,60,0.5079338842975206,ok,0,0.5076682736455463,0.5079338842975206,0.0,0.5680000000000001,1
als,5,version_31,0,stratified,480,42,120,0.505633714880333,ok,1,0.5076233090530696,0.5076233090530696,0.0019895941727365862,0.608,31
als,5,version_31,0,stratified,480,43,120,0.501531737773153,ok,0,0.49966857440166496,0.501531737773153,0.0,0.5070000000000001,0
als,5,version_31,0,stratified,480,44,120,0.5030723204994797,ok,0,0.5043350676378772,0.5030723204994797,0.0,0.5885,0
als,5,version_31,0,stratified,480,45,120,0.5067872008324662,ok,0,0.5033449531737773,0.5067872008324662,0.0,0.5615,1
als,5,version_31,0,stratified,480,46,120,0.5057039542143601,ok,1,0.507267429760666,0.507267429760666,0.0015634755463058703,0.609,60
als,5,version_31,0,temporal_array,24,42,6,0.5032430803276523,ungateable,,,0.5032430803276523,0.0,,
als,5,version_31,0,temporal_array,24,43,6,0.5032430803276523,ungateable,,,0.5032430803276523,0.0,,
als,5,version_31,0,temporal_array,24,44,6,0.5032430803276523,ungateable,,,0.5032430803276523,0.0,,
als,5,version_31,0,temporal_array,24,45,6,0.5032430803276523,ungateable,,,0.5032430803276523,0.0,,
als,5,version_31,0,temporal_array,24,46,6,0.5032430803276523,ungateable,,,0.5032430803276523,0.0,,
als,5,version_31,0,temporal_array,48,42,12,0.5026161916535802,ok,0,0.502432214574493,0.5026161916535802,0.0,0.75,0
als,5,version_31,0,temporal_array,48,43,12,0.5026161916535802,ok,1,0.49440822446456617,0.49440822446456617,-0.00820796718901401,0.5,15
als,5,version_31,0,temporal_array,48,44,12,0.5026161916535802,ok,1,0.49734246048982594,0.49734246048982594,-0.005273731163754236,0.5,8
als,5,version_31,0,temporal_array,48,45,12,0.5026161916535802,ok,0,0.5024173878178355,0.5026161916535802,0.0,0.5,0
als,5,version_31,0,temporal_array,48,46,12,0.5026161916535802,ok,1,0.493350930535601,0.493350930535601,-0.009265261117979207,0.9,11
als,5,version_31,0,temporal_array,96,42,24,0.5027363120276325,ok,1,0.494447009336206,0.494447009336206,-0.00828930269142647,0.47500000000000003,16
als,5,version_31,0,temporal_array,96,43,24,0.5027363120276325,ok,1,0.4856056136931021,0.4856056136931021,-0.017130698334530348,0.7375,25
als,5,version_31,0,temporal_array,96,44,24,0.5027363120276325,ok,0,0.5022955781266031,0.5027363120276325,0.0,0.75,0
als,5,version_31,0,temporal_array,96,45,24,0.5027363120276325,ok,0,0.5021275777162204,0.5027363120276325,0.0,0.7125,0
als,5,version_31,0,temporal_array,96,46,24,0.5027363120276325,ok,0,0.5024725556581512,0.5027363120276325,0.0,0.6000000000000001,0
als,5,version_31,0,temporal_array,240,42,60,0.5044155188246097,ok,0,0.5040268595041322,0.5044155188246097,0.0,0.424,0
als,5,version_31,0,temporal_array,240,43,60,0.5044155188246097,ok,1,0.5002151056014692,0.5002151056014692,-0.0042004132231404645,0.45,6
als,5,version_31,0,temporal_array,240,44,60,0.5044155188246097,ok,0,0.5027770890725436,0.5044155188246097,0.0,0.484,3
als,5,version_31,0,temporal_array,240,45,60,0.5044155188246097,ok,1,0.4751561065197429,0.4751561065197429,-0.029259412304866783,0.564,18
als,5,version_31,0,temporal_array,240,46,60,0.5044155188246097,ok,0,0.5040087235996327,0.5044155188246097,0.0,0.42399999999999993,0
als,5,version_31,0,temporal_array,480,42,120,0.5071077003121748,ok,0,0.5068808532778356,0.5071077003121748,0.0,0.5895,0
als,5,version_31,0,temporal_array,480,43,120,0.5071077003121748,ok,0,0.5072034339229968,0.5071077003121748,0.0,0.5815,0
als,5,version_31,0,temporal_array,480,44,120,0.5071077003121748,ok,1,0.4992903225806452,0.4992903225806452,-0.007817377731529573,0.487,46
als,5,version_31,0,temporal_array,480,45,120,0.5071077003121748,ok,1,0.5066454214360042,0.5066454214360042,-0.0004622788761705632,0.4965,0
als,5,version_31,0,temporal_array,480,46,120,0.5071077003121748,ok,0,0.5073787721123829,0.5071077003121748,0.0,0.526,0
als,5,version_32,0,stratified,24,42,6,0.5153079171621087,ungateable,,,0.5153079171621087,0.0,,
als,5,version_32,0,stratified,24,43,6,0.512874884396882,ungateable,,,0.512874884396882,0.0,,
als,5,version_32,0,stratified,24,44,6,0.5145288347205708,ungateable,,,0.5145288347205708,0.0,,
als,5,version_32,0,stratified,24,45,6,0.513516481701678,ungateable,,,0.513516481701678,0.0,,
als,5,version_32,0,stratified,24,46,6,0.5146580624917426,ungateable,,,0.5146580624917426,0.0,,
als,5,version_32,0,stratified,48,42,12,0.5154924989140967,ok,0,0.5153268986601625,0.5154924989140967,0.0,0.5,0
als,5,version_32,0,stratified,48,43,12,0.5114878128236827,ok,0,0.5117160613451835,0.5114878128236827,0.0,0.9500000000000001,0
als,5,version_32,0,stratified,48,44,12,0.5154757927094122,ok,1,0.5181920127635404,0.5181920127635404,0.0027162200541281933,0.25,4
als,5,version_32,0,stratified,48,45,12,0.5118054395402453,ok,0,0.5123045374051922,0.5118054395402453,0.0,0.75,0
als,5,version_32,0,stratified,48,46,12,0.5157088442647599,ok,0,0.5153559256908016,0.5157088442647599,0.0,0.75,0
als,5,version_32,0,stratified,96,42,24,0.5178743032044048,ok,0,0.5186570226736432,0.5178743032044048,0.0,0.35,0
als,5,version_32,0,stratified,96,43,24,0.5114648524332273,ok,1,0.5162233678738758,0.5162233678738758,0.004758515440648536,0.5125,19
als,5,version_32,0,stratified,96,44,24,0.5165798878287335,ok,1,0.5408482524537465,0.5408482524537465,0.024268364625012917,0.525,39
als,5,version_32,0,stratified,96,45,24,0.5135866591429842,ok,1,0.502036951540645,0.502036951540645,-0.011549707602339199,0.4125,14
als,5,version_32,0,stratified,96,46,24,0.5169774460517765,ok,0,0.5174179662118259,0.5169774460517765,0.0,0.6125,0
als,5,version_32,0,stratified,240,42,60,0.5170220385674931,ok,1,0.5291354453627181,0.5291354453627181,0.01211340679522499,0.562,52
als,5,version_32,0,stratified,240,43,60,0.5103432047750229,ok,1,0.5127089072543618,0.5127089072543618,0.0023657024793388715,0.668,18
als,5,version_32,0,stratified,240,44,60,0.5169954086317723,ok,1,0.5411900826446281,0.5411900826446281,0.0241946740128558,0.5700000000000001,43
als,5,version_32,0,stratified,240,45,60,0.5132589531680442,ok,0,0.5169490358126722,0.5132589531680442,0.0,0.472,3
als,5,version_32,0,stratified,240,46,60,0.5192906336088154,ok,1,0.5421331496786043,0.5421331496786043,0.02284251606978882,0.5880000000000001,18
als,5,version_32,0,stratified,480,42,120,0.5169443288241415,ok,1,0.518644901144641,0.518644901144641,0.0017005723204994716,0.607,35
als,5,version_32,0,stratified,480,43,120,0.5079287200832466,ok,1,0.5116344953173777,0.5116344953173777,0.00370577523413107,0.585,1
als,5,version_32,0,stratified,480,44,120,0.51160197710718,ok,0,0.5174053069719042,0.51160197710718,0.0,0.578,0
als,5,version_32,0,stratified,480,45,120,0.5155681581685744,ok,0,0.519175338189386,0.5155681581685744,0.0,0.509,0
als,5,version_32,0,stratified,480,46,120,0.5190182101977108,ok,1,0.5396022372528616,0.5396022372528616,0.020584027055150833,0.5355,33
als,5,version_32,0,temporal_array,24,42,6,0.5136874091689787,ungateable,,,0.5136874091689787,0.0,,
als,5,version_32,0,temporal_array,24,43,6,0.5136874091689787,ungateable,,,0.5136874091689787,0.0,,
als,5,version_32,0,temporal_array,24,44,6,0.5136874091689787,ungateable,,,0.5136874091689787,0.0,,
als,5,version_32,0,temporal_array,24,45,6,0.5136874091689787,ungateable,,,0.5136874091689787,0.0,,
als,5,version_32,0,temporal_array,24,46,6,0.5136874091689787,ungateable,,,0.5136874091689787,0.0,,
als,5,version_32,0,temporal_array,48,42,12,0.5132939623776271,ok,0,0.5136130508870994,0.5132939623776271,0.0,0.65,0
als,5,version_32,0,temporal_array,48,43,12,0.5132939623776271,ok,1,0.5090800310735407,0.5090800310735407,-0.004213931304086427,0.5,12
als,5,version_32,0,temporal_array,48,44,12,0.5132939623776271,ok,0,0.5133121303752214,0.5132939623776271,0.0,0.5,0
als,5,version_32,0,temporal_array,48,45,12,0.5132939623776271,ok,0,0.5137826188646464,0.5132939623776271,0.0,0.5,0
als,5,version_32,0,temporal_array,48,46,12,0.5132939623776271,ok,1,0.4900489491797253,0.4900489491797253,-0.023245013197901843,0.9,22
als,5,version_32,0,temporal_array,96,42,24,0.5145899593037173,ok,1,0.5124989312950994,0.5124989312950994,-0.0020910280086179345,0.33749999999999997,13
als,5,version_32,0,temporal_array,96,43,24,0.5145899593037173,ok,0,0.5153406176259362,0.5145899593037173,0.0,0.5,0
als,5,version_32,0,temporal_array,96,44,24,0.5145899593037173,ok,0,0.515072158954892,0.5145899593037173,0.0,0.7374999999999999,0
als,5,version_32,0,temporal_array,96,45,24,0.5145899593037173,ok,0,0.5147857460415171,0.5145899593037173,0.0,0.6499999999999999,0
als,5,version_32,0,temporal_array,96,46,24,0.5145899593037173,ok,1,0.504492835402346,0.504492835402346,-0.010097123901371297,0.6125,19
als,5,version_32,0,temporal_array,240,42,60,0.5164527089072544,ok,1,0.5286248852157944,0.5286248852157944,0.012172176308540061,0.53,97
als,5,version_32,0,temporal_array,240,43,60,0.5164527089072544,ok,1,0.542862258953168,0.542862258953168,0.02640955004591361,0.444,92
als,5,version_32,0,temporal_array,240,44,60,0.5164527089072544,ok,1,0.5205909090909091,0.5205909090909091,0.004138200183654739,0.552,22
als,5,version_32,0,temporal_array,240,45,60,0.5164527089072544,ok,1,0.521732782369146,0.521732782369146,0.005280073461891632,0.444,4
als,5,version_32,0,temporal_array,240,46,60,0.5164527089072544,ok,1,0.5351391184573003,0.5351391184573003,0.018686409550045968,0.474,17
als,5,version_32,0,temporal_array,480,42,120,0.523176638917794,ok,0,0.5323915192507805,0.523176638917794,0.0,0.553,1
als,5,version_32,0,temporal_array,480,43,120,0.523176638917794,ok,1,0.5439849115504682,0.5439849115504682,0.020808272632674263,0.5225000000000001,8
als,5,version_32,0,temporal_array,480,44,120,0.523176638917794,ok,1,0.5230918314255983,0.5230918314255983,-8.480749219563766e-05,0.6024999999999999,58
als,5,version_32,0,temporal_array,480,45,120,0.523176638917794,ok,1,0.5389336628511967,0.5389336628511967,0.015757023933402725,0.6265000000000001,14
als,5,version_32,0,temporal_array,480,46,120,0.523176638917794,ok,1,0.5475075442247659,0.5475075442247659,0.024330905306971906,0.5555,14
als,5,version_33,0,stratified,24,42,6,0.5665378517637734,ungateable,,,0.5665378517637734,0.0,,
als,5,version_33,0,stratified,24,43,6,0.5662595785440613,ungateable,,,0.5662595785440613,0.0,,
als,5,version_33,0,stratified,24,44,6,0.5661613158937773,ungateable,,,0.5661613158937773,0.0,,
als,5,version_33,0,stratified,24,45,6,0.5663784846082706,ungateable,,,0.5663784846082706,0.0,,
als,5,version_33,0,stratified,24,46,6,0.5649854670365966,ungateable,,,0.5649854670365966,0.0,,
als,5,version_33,0,stratified,48,42,12,0.5665750609776471,ok,1,0.5646271175114437,0.5646271175114437,-0.0019479434662034167,0.8,2
als,5,version_33,0,stratified,48,43,12,0.5656290721373918,ok,0,0.565485816432223,0.5656290721373918,0.0,0.6,0
als,5,version_33,0,stratified,48,44,12,0.566359133282101,ok,1,0.5639254569146982,0.5639254569146982,-0.0024336763674027706,0.35,2
als,5,version_33,0,stratified,48,45,12,0.5653709612750175,ok,1,0.5408341407998931,0.5408341407998931,-0.0245368204751244,0.6000000000000001,25
als,5,version_33,0,stratified,48,46,12,0.5653555080356845,ok,0,0.5648252948645127,0.5653555080356845,0.0,0.75,0
als,5,version_33,0,stratified,96,42,24,0.5675280428165931,ok,0,0.5656684962894566,0.5675280428165931,0.0,0.5374999999999999,0
als,5,version_33,0,stratified,96,43,24,0.5652367395095927,ok,0,0.5634045518279128,0.5652367395095927,0.0,0.5625,0
als,5,version_33,0,stratified,96,44,24,0.5668419342703738,ok,1,0.5738400277008311,0.5738400277008311,0.0069980934304573195,0.7375,39
als,5,version_33,0,stratified,96,45,24,0.5669855682090216,ok,1,0.5488894018672412,0.5488894018672412,-0.01809616634178035,0.55,8
als,5,version_33,0,stratified,96,46,24,0.5652692281385725,ok,0,0.5635635751171301,0.5652692281385725,0.0,0.7875,0
als,5,version_33,0,stratified,240,42,60,0.5675716253443526,ok,1,0.580242194674013,0.580242194674013,0.012670569329660375,0.698,67
als,5,version_33,0,stratified,240,43,60,0.5660886134067953,ok,0,0.5632171717171717,0.5660886134067953,0.0,0.74,0
als,5,version_33,0,stratified,240,44,60,0.566263085399449,ok,0,0.5635509641873279,0.566263085399449,0.0,0.644,0
als,5,version_33,0,stratified,240,45,60,0.5655982552800735,ok,1,0.5625693296602388,0.5625693296602388,-0.003028925619834699,0.612,0
als,5,version_33,0,stratified,240,46,60,0.5637502295684114,ok,0,0.5567231404958677,0.5637502295684114,0.0,0.7520000000000001,1
als,5,version_33,0,stratified,480,42,120,0.5670811654526534,ok,1,0.5375122268470344,0.5375122268470344,-0.029568938605619044,0.5905,62
als,5,version_33,0,stratified,480,43,120,0.5640645161290323,ok,1,0.5620975546305932,0.5620975546305932,-0.0019669614984391126,0.59,8
als,5,version_33,0,stratified,480,44,120,0.5621997918834547,ok,0,0.5575098855359002,0.5621997918834547,0.0,0.5565,0
als,5,version_33,0,stratified,480,45,120,0.5715587929240374,ok,1,0.5534365244536941,0.5534365244536941,-0.018122268470343372,0.5155000000000001,13
als,5,version_33,0,stratified,480,46,120,0.5627023933402706,ok,1,0.5513173777315297,0.5513173777315297,-0.011385015608740945,0.5680000000000001,2
als,5,version_33,0,temporal_array,24,42,6,0.5662463667591492,ungateable,,,0.5662463667591492,0.0,,
als,5,version_33,0,temporal_array,24,43,6,0.5662463667591492,ungateable,,,0.5662463667591492,0.0,,
als,5,version_33,0,temporal_array,24,44,6,0.5662463667591492,ungateable,,,0.5662463667591492,0.0,,
als,5,version_33,0,temporal_array,24,45,6,0.5662463667591492,ungateable,,,0.5662463667591492,0.0,,
als,5,version_33,0,temporal_array,24,46,6,0.5662463667591492,ungateable,,,0.5662463667591492,0.0,,
als,5,version_33,0,temporal_array,48,42,12,0.5668398543218952,ok,1,0.5661290053125732,0.5661290053125732,-0.0007108490093220565,0.55,0
als,5,version_33,0,temporal_array,48,43,12,0.5668398543218952,ok,1,0.5612240636172275,0.5612240636172275,-0.005615790704667667,0.55,5
als,5,version_33,0,temporal_array,48,44,12,0.5668398543218952,ok,1,0.5283307995589561,0.5283307995589561,-0.03850905476293909,0.85,43
als,5,version_33,0,temporal_array,48,45,12,0.5668398543218952,ok,0,0.5658554412108657,0.5668398543218952,0.0,0.5,0
als,5,version_33,0,temporal_array,48,46,12,0.5668398543218952,ok,1,0.5329747068061078,0.5329747068061078,-0.0338651475157874,0.75,19
als,5,version_33,0,temporal_array,96,42,24,0.5674463937621832,ok,1,0.5511636058958311,0.5511636058958311,-0.016282787866352066,0.5875,18
als,5,version_33,0,temporal_array,96,43,24,0.5674463937621832,ok,1,0.5657965271365549,0.5657965271365549,-0.0016498666256282712,0.5875,0
als,5,version_33,0,temporal_array,96,44,24,0.5674463937621832,ok,0,0.5659647412879176,0.5674463937621832,0.0,0.8125,0
als,5,version_33,0,temporal_array,96,45,24,0.5674463937621832,ok,1,0.5412306350672001,0.5412306350672001,-0.02621575869498305,0.7,26
als,5,version_33,0,temporal_array,96,46,24,0.5674463937621832,ok,1,0.5489650661742075,0.5489650661742075,-0.018481327587975716,0.7,22
als,5,version_33,0,temporal_array,240,42,60,0.5654439853076216,ok,1,0.5501884756657484,0.5501884756657484,-0.015255509641873277,0.6520000000000001,37
als,5,version_33,0,temporal_array,240,43,60,0.5654439853076216,ok,1,0.5617881083562902,0.5617881083562902,-0.003655876951331405,0.5399999999999999,17
als,5,version_33,0,temporal_array,240,44,60,0.5654439853076216,ok,1,0.5461326905417814,0.5461326905417814,-0.01931129476584026,0.6619999999999999,49
als,5,version_33,0,temporal_array,240,45,60,0.5654439853076216,ok,1,0.559074839302112,0.559074839302112,-0.0063691460055096405,0.566,1
als,5,version_33,0,temporal_array,240,46,60,0.5654439853076216,ok,1,0.5465755280073462,0.5465755280073462,-0.01886845730027542,0.67,14
als,5,version_33,0,temporal_array,480,42,120,0.5683329864724245,ok,1,0.5522557232049947,0.5522557232049947,-0.016077263267429753,0.6975,13
als,5,version_33,0,temporal_array,480,43,120,0.5683329864724245,ok,1,0.5614973985431841,0.5614973985431841,-0.006835587929240328,0.651,20
als,5,version_33,0,temporal_array,480,44,120,0.5683329864724245,ok,1,0.5544401664932364,0.5544401664932364,-0.01389281997918812,0.6285,2
als,5,version_33,0,temporal_array,480,45,120,0.5683329864724245,ok,1,0.5392130593132154,0.5392130593132154,-0.02911992715920908,0.5765,33
als,5,version_33,0,temporal_array,480,46,120,0.5683329864724245,ok,1,0.5530106659729448,0.5530106659729448,-0.01532232049947968,0.6555,29
als,5,version_34,0,stratified,24,42,6,0.4991841722816752,ungateable,,,0.4991841722816752,0.0,,
als,5,version_34,0,stratified,24,43,6,0.4976474765490818,ungateable,,,0.4976474765490818,0.0,,
als,5,version_34,0,stratified,24,44,6,0.49887782401902503,ungateable,,,0.49887782401902503,0.0,,
als,5,version_34,0,stratified,24,45,6,0.4972255251684503,ungateable,,,0.4972255251684503,0.0,,
als,5,version_34,0,stratified,24,46,6,0.4992072929052715,ungateable,,,0.4992072929052715,0.0,,
als,5,version_34,0,stratified,48,42,12,0.49936140532593803,ok,0,0.49920436700190457,0.49936140532593803,0.0,0.65,0
als,5,version_34,0,stratified,48,43,12,0.49596127501754156,ok,0,0.49562193023488926,0.49596127501754156,0.0,0.9500000000000001,0
als,5,version_34,0,stratified,48,44,12,0.49954893247352067,ok,0,0.49896839186073705,0.49954893247352067,0.0,0.19999999999999996,0
als,5,version_34,0,stratified,48,45,12,0.4958426609642821,ok,1,0.48165282836045303,0.48165282836045303,-0.014189832603829056,0.8500000000000001,24
als,5,version_34,0,stratified,48,46,12,0.5011214039894417,ok,0,0.5004268435296869,0.5011214039894417,0.0,0.65,0
als,5,version_34,0,stratified,96,42,24,0.5002381074518655,ok,1,0.5007393300502718,0.5007393300502718,0.0005012225984063479,0.375,0
als,5,version_34,0,stratified,96,43,24,0.49592438699086894,ok,1,0.4916576895455012,0.4916576895455012,-0.004266697445367729,0.42499999999999993,8
als,5,version_34,0,stratified,96,44,24,0.49938656338702503,ok,0,0.49982580110119357,0.49938656338702503,0.0,0.525,0
als,5,version_34,0,stratified,96,45,24,0.4976146506617421,ok,1,0.4956443863068978,0.4956443863068978,-0.00197026435484432,0.3625,1
als,5,version_34,0,stratified,96,46,24,0.5024101432919531,ok,1,0.499610563934202,0.499610563934202,-0.002799579357751103,0.5125,3
als,5,version_34,0,stratified,240,42,60,0.499742883379247,ok,1,0.5324258494031222,0.5324258494031222,0.032682966023875215,0.5920000000000001,49
als,5,version_34,0,stratified,240,43,60,0.495212580348944,ok,1,0.4829201101928374,0.4829201101928374,-0.012292470156106572,0.662,6
als,5,version_34,0,stratified,240,44,60,0.49835032139577595,ok,1,0.5101664370982553,0.5101664370982553,0.011816115702479313,0.614,10
als,5,version_34,0,stratified,240,45,60,0.4964178145087235,ok,0,0.4943546831955923,0.4964178145087235,0.0,0.504,0
als,5,version_34,0,stratified,240,46,60,0.505607438016529,ok,0,0.5048151974288339,0.505607438016529,0.0,0.562,0
als,5,version_34,0,stratified,480,42,120,0.49938657648283036,ok,1,0.5325057232049948,0.5325057232049948,0.03311914672216443,0.6065,51
als,5,version_34,0,stratified,480,43,120,0.4949495317377732,ok,0,0.49196201873048906,0.4949495317377732,0.0,0.538,0
als,5,version_34,0,stratified,480,44,120,0.4933033298647243,ok,0,0.4935816857440166,0.4933033298647243,0.0,0.6255,0
als,5,version_34,0,stratified,480,45,120,0.4999734651404787,ok,1,0.4596886056191467,0.4596886056191467,-0.040284859521331984,0.55,28
als,5,version_34,0,stratified,480,46,120,0.5023543184183142,ok,1,0.5325983350676379,0.5325983350676379,0.030244016649323635,0.6835,60
als,5,version_34,0,temporal_array,24,42,6,0.4978031278900779,ungateable,,,0.4978031278900779,0.0,,
als,5,version_34,0,temporal_array,24,43,6,0.4978031278900779,ungateable,,,0.4978031278900779,0.0,,
als,5,version_34,0,temporal_array,24,44,6,0.4978031278900779,ungateable,,,0.4978031278900779,0.0,,
als,5,version_34,0,temporal_array,24,45,6,0.4978031278900779,ungateable,,,0.4978031278900779,0.0,,
als,5,version_34,0,temporal_array,24,46,6,0.4978031278900779,ungateable,,,0.4978031278900779,0.0,,
als,5,version_34,0,temporal_array,48,42,12,0.4977041498212436,ok,1,0.4943896388118547,0.4943896388118547,-0.0033145110093888985,0.6,3
als,5,version_34,0,temporal_array,48,43,12,0.4977041498212436,ok,1,0.4958096662100304,0.4958096662100304,-0.0018944836112131935,0.45,2
als,5,version_34,0,temporal_array,48,44,12,0.4977041498212436,ok,0,0.49693608206087736,0.4977041498212436,0.0,0.45,0
als,5,version_34,0,temporal_array,48,45,12,0.4977041498212436,ok,0,0.4970365281165425,0.4977041498212436,0.0,0.5,0
als,5,version_34,0,temporal_array,48,46,12,0.4977041498212436,ok,1,0.48147950148685215,0.48147950148685215,-0.016224648334391467,0.85,17
als,5,version_34,0,temporal_array,96,42,24,0.49894198214835334,ok,1,0.4469330306761055,0.4469330306761055,-0.05200895147224782,0.6499999999999999,81
als,5,version_34,0,temporal_array,96,43,24,0.49894198214835334,ok,1,0.4398015628740467,0.4398015628740467,-0.05914041927430663,0.8375,50
als,5,version_34,0,temporal_array,96,44,24,0.49894198214835334,ok,0,0.49792393385999106,0.49894198214835334,0.0,0.6875,0
als,5,version_34,0,temporal_array,96,45,24,0.49894198214835334,ok,1,0.49776234567901234,0.49776234567901234,-0.0011796364693409944,0.5,0
als,5,version_34,0,temporal_array,96,46,24,0.49894198214835334,ok,0,0.49780787250778025,0.49894198214835334,0.0,0.4375,0
als,5,version_34,0,temporal_array,240,42,60,0.5002653810835629,ok,1,0.4807587235996327,0.4807587235996327,-0.019506657483930212,0.43199999999999994,8
als,5,version_34,0,temporal_array,240,43,60,0.5002653810835629,ok,0,0.4987415059687787,0.5002653810835629,0.0,0.44399999999999995,0
als,5,version_34,0,temporal_array,240,44,60,0.5002653810835629,ok,1,0.4944724517906336,0.4944724517906336,-0.005792929292929294,0.522,3
als,5,version_34,0,temporal_array,240,45,60,0.5002653810835629,ok,1,0.4639979338842975,0.4639979338842975,-0.03626744719926539,0.516,14
als,5,version_34,0,temporal_array,240,46,60,0.5002653810835629,ok,1,0.47618893480257124,0.47618893480257124,-0.024076446280991648,0.606,53
als,5,version_34,0,temporal_array,480,42,120,0.5012232049947971,ok,0,0.49998491155046826,0.5012232049947971,0.0,0.556,0
als,5,version_34,0,temporal_array,480,43,120,0.5012232049947971,ok,1,0.49969250780437047,0.49969250780437047,-0.0015306971904266442,0.623,3
als,5,version_34,0,temporal_array,480,44,120,0.5012232049947971,ok,0,0.4995338189386056,0.5012232049947971,0.0,0.3515,0
als,5,version_34,0,temporal_array,480,45,120,0.5012232049947971,ok,0,0.4981514047866806,0.5012232049947971,0.0,0.5375,0
als,5,version_34,0,temporal_array,480,46,120,0.5012232049947971,ok,0,0.4989386056191467,0.5012232049947971,0.0,0.5449999999999999,0
als,5,version_35,0,stratified,24,42,6,0.5017158805654645,ungateable,,,0.5017158805654645,0.0,,
als,5,version_35,0,stratified,24,43,6,0.49975062755978333,ungateable,,,0.49975062755978333,0.0,,
als,5,version_35,0,stratified,24,44,6,0.5012357147575638,ungateable,,,0.5012357147575638,0.0,,
als,5,version_35,0,stratified,24,45,6,0.5000978497820056,ungateable,,,0.5000978497820056,0.0,,
als,5,version_35,0,stratified,24,46,6,0.5009690018496499,ungateable,,,0.5009690018496499,0.0,,
als,5,version_35,0,stratified,48,42,12,0.5013661498880684,ok,0,0.5007256757659795,0.5013661498880684,0.0,0.5,0
als,5,version_35,0,stratified,48,43,12,0.49878378829897424,ok,0,0.49862716763005777,0.49878378829897424,0.0,0.75,0
als,5,version_35,0,stratified,48,44,12,0.5024879715326273,ok,1,0.5000451067526479,0.5000451067526479,-0.002442864779979348,0.09999999999999998,4
als,5,version_35,0,stratified,48,45,12,0.4988635604263424,ok,0,0.4981913445153531,0.4988635604263424,0.0,0.44999999999999996,0
als,5,version_35,0,stratified,48,46,12,0.5024340940225199,ok,0,0.5018132496909353,0.5024340940225199,0.0,0.65,0
als,5,version_35,0,stratified,96,42,24,0.5032150918231251,ok,1,0.514983670189118,0.514983670189118,0.011768578365992877,0.46249999999999997,18
als,5,version_35,0,stratified,96,43,24,0.4992305324715297,ok,0,0.4983768509968879,0.4992305324715297,0.0,0.225,0
als,5,version_35,0,stratified,96,44,24,0.5027435792209568,ok,1,0.5519818063677713,0.5519818063677713,0.04923822714681447,0.6499999999999999,71
als,5,version_35,0,stratified,96,45,24,0.5001705653021442,ok,1,0.49372029000376183,0.49372029000376183,-0.00645027529838238,0.4375,9
als,5,version_35,0,stratified,96,46,24,0.5043680106699497,ok,1,0.46197205977907735,0.46197205977907735,-0.04239595089087239,0.75,30
als,5,version_35,0,stratified,240,42,60,0.5027800734618916,ok,1,0.5508282828282829,0.5508282828282829,0.048048209366391315,0.636,24
als,5,version_35,0,stratified,240,43,60,0.49664967860422404,ok,0,0.4949634986225895,0.49664967860422404,0.0,0.622,0
als,5,version_35,0,stratified,240,44,60,0.5024843893480258,ok,1,0.5482288797061525,0.5482288797061525,0.04574449035812678,0.5660000000000001,29
als,5,version_35,0,stratified,240,45,60,0.5004012855831037,ok,1,0.49390082644628097,0.49390082644628097,-0.006500459136822734,0.45199999999999996,3
als,5,version_35,0,stratified,240,46,60,0.5077203856749312,ok,1,0.5476046831955923,0.5476046831955923,0.03988429752066114,0.5,16
als,5,version_35,0,stratified,480,42,120,0.5025119667013527,ok,1,0.549573361082206,0.549573361082206,0.04706139438085333,0.5700000000000001,26
als,5,version_35,0,stratified,480,43,120,0.49692195629552544,ok,1,0.5530093652445369,0.5530093652445369,0.056087408949011486,0.538,38
als,5,version_35,0,stratified,480,44,120,0.4977799167533819,ok,0,0.49825598335067633,0.4977799167533819,0.0,0.575,0
als,5,version_35,0,stratified,480,45,120,0.5033678459937565,ok,0,0.49958272632674294,0.5033678459937565,0.0,0.47750000000000004,0
als,5,version_35,0,stratified,480,46,120,0.5054791883454735,ok,1,0.5447804370447451,0.5447804370447451,0.03930124869927165,0.781,64
als,5,version_35,0,temporal_array,24,42,6,0.499021915048223,ungateable,,,0.499021915048223,0.0,,
als,5,version_35,0,temporal_array,24,43,6,0.499021915048223,ungateable,,,0.499021915048223,0.0,,
als,5,version_35,0,temporal_array,24,44,6,0.499021915048223,ungateable,,,0.499021915048223,0.0,,
als,5,version_35,0,temporal_array,24,45,6,0.499021915048223,ungateable,,,0.499021915048223,0.0,,
als,5,version_35,0,temporal_array,24,46,6,0.499021915048223,ungateable,,,0.499021915048223,0.0,,
als,5,version_35,0,temporal_array,48,42,12,0.4984346286210698,ok,0,0.4977596979518193,0.4984346286210698,0.0,0.6000000000000001,0
als,5,version_35,0,temporal_array,48,43,12,0.4984346286210698,ok,0,0.4979908700591399,0.4984346286210698,0.0,0.4,0
als,5,version_35,0,temporal_array,48,44,12,0.4984346286210698,ok,0,0.49762813658992944,0.4984346286210698,0.0,0.4,0
als,5,version_35,0,temporal_array,48,45,12,0.4984346286210698,ok,0,0.4977525978148285,0.4984346286210698,0.0,0.5,0
als,5,version_35,0,temporal_array,48,46,12,0.4984346286210698,ok,1,0.4913257208727322,0.4913257208727322,-0.007108907748337612,0.85,7
als,5,version_35,0,temporal_array,96,42,24,0.4988013405834274,ok,1,0.45135917889265076,0.45135917889265076,-0.04744216169077664,0.525,74
als,5,version_35,0,temporal_array,96,43,24,0.4988013405834274,ok,1,0.46313951301255085,0.46313951301255085,-0.03566182757087655,0.75,33
als,5,version_35,0,temporal_array,96,44,24,0.4988013405834274,ok,1,0.46735918744228994,0.46735918744228994,-0.03144215314113746,0.85,23
als,5,version_35,0,temporal_array,96,45,24,0.4988013405834274,ok,1,0.48722876269621423,0.48722876269621423,-0.011572577887213165,0.8125,10
als,5,version_35,0,temporal_array,96,46,24,0.4988013405834274,ok,1,0.449995083957457,0.449995083957457,-0.04880625662597038,0.6875,37
als,5,version_35,0,temporal_array,240,42,60,0.4999600550964187,ok,1,0.4979972451790634,0.4979972451790634,-0.0019628099173553126,0.4,0
als,5,version_35,0,temporal_array,240,43,60,0.4999600550964187,ok,0,0.4980153810835629,0.4999600550964187,0.0,0.388,0
als,5,version_35,0,temporal_array,240,44,60,0.4999600550964187,ok,1,0.4710073461891644,0.4710073461891644,-0.02895270890725432,0.546,24
als,5,version_35,0,temporal_array,240,45,60,0.4999600550964187,ok,1,0.49352387511478424,0.49352387511478424,-0.006436179981634482,0.486,5
als,5,version_35,0,temporal_array,240,46,60,0.4999600550964187,ok,1,0.44411753902663,0.44411753902663,-0.05584251606978874,0.62,97
als,5,version_35,0,temporal_array,480,42,120,0.5030119667013527,ok,1,0.49572580645161285,0.49572580645161285,-0.007286160249739881,0.5775,1
als,5,version_35,0,temporal_array,480,43,120,0.5030119667013527,ok,1,0.5086196670135276,0.5086196670135276,0.005607700312174835,0.5854999999999999,14
als,5,version_35,0,temporal_array,480,44,120,0.5030119667013527,ok,1,0.5329932362122788,0.5329932362122788,0.029981269510926056,0.46199999999999997,43
als,5,version_35,0,temporal_array,480,45,120,0.5030119667013527,ok,0,0.4990809053069719,0.5030119667013527,0.0,0.5045,0
als,5,version_35,0,temporal_array,480,46,120,0.5030119667013527,ok,1,0.51079604578564,0.51079604578564,0.007784079084287243,0.5375000000000001,11
als,5,version_36,0,stratified,24,42,6,0.5092470108336636,ungateable,,,0.5092470108336636,0.0,,
als,5,version_36,0,stratified,24,43,6,0.5067119996036464,ungateable,,,0.5067119996036464,0.0,,
als,5,version_36,0,stratified,24,44,6,0.5089348824151143,ungateable,,,0.5089348824151143,0.0,,
als,5,version_36,0,stratified,24,45,6,0.507784631391201,ungateable,,,0.507784631391201,0.0,,
als,5,version_36,0,stratified,24,46,6,0.5084103332672745,ungateable,,,0.5084103332672745,0.0,,
als,5,version_36,0,stratified,48,42,12,0.5091529118914765,ok,0,0.5100705001837682,0.5091529118914765,0.0,0.6,0
als,5,version_36,0,stratified,48,43,12,0.5049508837582278,ok,0,0.5055581542985065,0.5049508837582278,0.0,0.8,0
als,5,version_36,0,stratified,48,44,12,0.5094277289585352,ok,1,0.5381147883323867,0.5381147883323867,0.02868705937385152,0.2,23
als,5,version_36,0,stratified,48,45,12,0.5061712720104247,ok,1,0.506892771225233,0.506892771225233,0.0007214992148083521,0.8,0
als,5,version_36,0,stratified,48,46,12,0.5097248905743592,ok,0,0.5097910889104214,0.5097248905743592,0.0,0.75,0
als,5,version_36,0,stratified,96,42,24,0.5105036592455798,ok,1,0.5131730703464313,0.5131730703464313,0.0026694111008515042,0.25,0
als,5,version_36,0,stratified,96,43,24,0.5054354331247222,ok,1,0.5230831708901884,0.5230831708901884,0.017647737765466243,0.5125,8
als,5,version_36,0,stratified,96,44,24,0.5099004821996512,ok,1,0.5122704421873397,0.5122704421873397,0.002369959987688519,0.3625,0
als,5,version_36,0,stratified,96,45,24,0.5076946752847029,ok,0,0.5081572107657057,0.5076946752847029,0.0,0.45000000000000007,0
als,5,version_36,0,stratified,96,46,24,0.5114575852399029,ok,1,0.5123033582982799,0.5123033582982799,0.000845773058376964,0.6125,3
als,5,version_36,0,stratified,240,42,60,0.5110798898071625,ok,1,0.5616388888888889,0.5616388888888889,0.05055899908172645,0.644,17
als,5,version_36,0,stratified,240,43,60,0.5045167584940313,ok,1,0.5162153351698806,0.5162153351698806,0.011698576675849282,0.5960000000000001,2
als,5,version_36,0,stratified,240,44,60,0.5081349862258953,ok,1,0.5403124426078971,0.5403124426078971,0.03217745638200187,0.6479999999999999,6
als,5,version_36,0,stratified,240,45,60,0.5080525711662075,ok,1,0.5239258494031221,0.5239258494031221,0.015873278236914645,0.5,7
als,5,version_36,0,stratified,240,46,60,0.5138523875114784,ok,1,0.5401299357208448,0.5401299357208448,0.02627754820936634,0.5960000000000001,4
als,5,version_36,0,stratified,480,42,120,0.5103441727367326,ok,1,0.5528189386056191,0.5528189386056191,0.042474765868886544,0.6205,35
als,5,version_36,0,stratified,480,43,120,0.5041849635796045,ok,0,0.5117911030176899,0.5041849635796045,0.0,0.5415,0
als,5,version_36,0,stratified,480,44,120,0.5039765868886577,ok,1,0.5135582726326744,0.5135582726326744,0.009581685744016744,0.683,0
als,5,version_36,0,stratified,480,45,120,0.5132198231009365,ok,1,0.44440478668054106,0.44440478668054106,-0.06881503642039544,0.552,29
als,5,version_36,0,stratified,480,46,120,0.5130200312174817,ok,1,0.5626303329864725,0.5626303329864725,0.04961030176899073,0.5975,27
als,5,version_36,0,temporal_array,24,42,6,0.5075728299643282,ungateable,,,0.5075728299643282,0.0,,
als,5,version_36,0,temporal_array,24,43,6,0.5075728299643282,ungateable,,,0.5075728299643282,0.0,,
als,5,version_36,0,temporal_array,24,44,6,0.5075728299643282,ungateable,,,0.5075728299643282,0.0,,
als,5,version_36,0,temporal_array,24,45,6,0.5075728299643282,ungateable,,,0.5075728299643282,0.0,,
als,5,version_36,0,temporal_array,24,46,6,0.5075728299643282,ungateable,,,0.5075728299643282,0.0,,
als,5,version_36,0,temporal_array,48,42,12,0.5075315747268535,ok,0,0.5073233736509739,0.5075315747268535,0.0,0.5,0
als,5,version_36,0,temporal_array,48,43,12,0.5075315747268535,ok,0,0.5072598900731731,0.5075315747268535,0.0,0.4,0
als,5,version_36,0,temporal_array,48,44,12,0.5075315747268535,ok,0,0.5079220822613518,0.5075315747268535,0.0,0.45,0
als,5,version_36,0,temporal_array,48,45,12,0.5075315747268535,ok,0,0.5077644174546427,0.5075315747268535,0.0,0.5,0
als,5,version_36,0,temporal_array,48,46,12,0.5075315747268535,ok,1,0.45589916970162725,0.45589916970162725,-0.05163240502522626,0.9500000000000001,35
als,5,version_36,0,temporal_array,96,42,24,0.5080101569713757,ok,1,0.5158739013713621,0.5158739013713621,0.007863744399986383,0.32499999999999996,8
als,5,version_36,0,temporal_array,96,43,24,0.5080101569713757,ok,1,0.4789223607263774,0.4789223607263774,-0.029087796244998354,0.6625,30
als,5,version_36,0,temporal_array,96,44,24,0.5080101569713757,ok,1,0.5127440921993092,0.5127440921993092,0.004733935227933417,0.725,5
als,5,version_36,0,temporal_array,96,45,24,0.5080101569713757,ok,1,0.5038142077904312,0.5038142077904312,-0.004195949180944569,0.7125,13
als,5,version_36,0,temporal_array,96,46,24,0.5080101569713757,ok,0,0.5089696402311823,0.5080101569713757,0.0,0.47500000000000003,0
als,5,version_36,0,temporal_array,240,42,60,0.5077222222222222,ok,1,0.5266014692378329,0.5266014692378329,0.018879247015610723,0.48800000000000004,6
als,5,version_36,0,temporal_array,240,43,60,0.5077222222222222,ok,0,0.5120346648301194,0.5077222222222222,0.0,0.44599999999999995,0
als,5,version_36,0,temporal_array,240,44,60,0.5077222222222222,ok,1,0.535856290174472,0.535856290174472,0.02813406795224982,0.6060000000000001,7
als,5,version_36,0,temporal_array,240,45,60,0.5077222222222222,ok,1,0.5329536271808999,0.5329536271808999,0.025231404958677706,0.536,9
als,5,version_36,0,temporal_array,240,46,60,0.5077222222222222,ok,0,0.5126480716253443,0.5077222222222222,0.0,0.518,0
als,5,version_36,0,temporal_array,480,42,120,0.5113173777315296,ok,0,0.5224687825182102,0.5113173777315296,0.0,0.565,0
als,5,version_36,0,temporal_array,480,43,120,0.5113173777315296,ok,1,0.5631690946930281,0.5631690946930281,0.051851716961498484,0.611,10
als,5,version_36,0,temporal_array,480,44,120,0.5113173777315296,ok,1,0.5514916753381894,0.5514916753381894,0.0401742976066598,0.477,4
als,5,version_36,0,temporal_array,480,45,120,0.5113173777315296,ok,1,0.532218262226847,0.532218262226847,0.02090088449531735,0.579,3
als,5,version_36,0,temporal_array,480,46,120,0.5113173777315296,ok,1,0.5518072320499481,0.5518072320499481,0.04048985431841845,0.588,5
als,5,version_37,0,stratified,24,42,6,0.49885057471264366,ungateable,,,0.49885057471264366,0.0,,
als,5,version_37,0,stratified,24,43,6,0.4970046406394504,ungateable,,,0.4970046406394504,0.0,,
als,5,version_37,0,stratified,24,44,6,0.49835595851499537,ungateable,,,0.49835595851499537,0.0,,
als,5,version_37,0,stratified,24,45,6,0.49728786827850446,ungateable,,,0.49728786827850446,0.0,,
als,5,version_37,0,stratified,24,46,6,0.49829113819527016,ungateable,,,0.49829113819527016,0.0,,
als,5,version_37,0,stratified,48,42,12,0.49952512613184535,ok,1,0.5027082846069031,0.5027082846069031,0.0031831584750577346,0.75,36
als,5,version_37,0,stratified,48,43,12,0.49573824718500453,ok,0,0.4956215125797721,0.49573824718500453,0.0,0.9,0
als,5,version_37,0,stratified,48,44,12,0.49900890440709683,ok,0,0.4985762137057703,0.49900890440709683,0.0,0.09999999999999998,0
als,5,version_37,0,stratified,48,45,12,0.49644909619432653,ok,0,0.4959307861939925,0.49644909619432653,0.0,0.5,0
als,5,version_37,0,stratified,48,46,12,0.4998220789201109,ok,0,0.49910287680844667,0.4998220789201109,0.0,0.6000000000000001,0
als,5,version_37,0,stratified,96,42,24,0.5014076980951404,ok,0,0.5012901405560686,0.5014076980951404,0.0,0.32499999999999996,0
als,5,version_37,0,stratified,96,43,24,0.4952989808830067,ok,1,0.49205439280462365,0.49205439280462365,-0.0032445880783830705,0.425,5
als,5,version_37,0,stratified,96,44,24,0.5000876338018536,ok,1,0.5338518689511302,0.5338518689511302,0.03376423514927662,0.6375,46
als,5,version_37,0,stratified,96,45,24,0.49860512636366744,ok,0,0.4947547963475941,0.49860512636366744,0.0,0.30000000000000004,3
als,5,version_37,0,stratified,96,46,24,0.5012935604117507,ok,1,0.48244908689853283,0.48244908689853283,-0.01884447351321783,0.65,13
als,5,version_37,0,stratified,240,42,60,0.5006877869605143,ok,1,0.5306349862258953,0.5306349862258953,0.02994719926538103,0.572,34
als,5,version_37,0,stratified,240,43,60,0.4939439853076217,ok,1,0.49133057851239664,0.49133057851239664,-0.0026134067952250373,0.612,1
als,5,version_37,0,stratified,240,44,60,0.5015739210284664,ok,0,0.5014662534435261,0.5015739210284664,0.0,0.552,0
als,5,version_37,0,stratified,240,45,60,0.49863085399449036,ok,0,0.4971806703397612,0.49863085399449036,0.0,0.42,0
als,5,version_37,0,stratified,240,46,60,0.504455463728191,ok,1,0.5111179981634527,0.5111179981634527,0.006662534435261769,0.498,7
als,5,version_37,0,stratified,480,42,120,0.5014334027055151,ok,1,0.5283340270551509,0.5283340270551509,0.026900624349635804,0.6000000000000001,23
als,5,version_37,0,stratified,480,43,120,0.4920515088449532,ok,1,0.4994050468262227,0.4994050468262227,0.007353537981269531,0.5745,7
als,5,version_37,0,stratified,480,44,120,0.49450988553590014,ok,0,0.495980749219563,0.49450988553590014,0.0,0.5615,0
als,5,version_37,0,stratified,480,45,120,0.5030442247658689,ok,0,0.5004279396462018,0.5030442247658689,0.0,0.4885,0
als,5,version_37,0,stratified,480,46,120,0.503493756503642,ok,1,0.5171256503642039,0.5171256503642039,0.01363189386056185,0.6554999999999999,54
als,5,version_37,0,temporal_array,24,42,6,0.4977816587395957,ungateable,,,0.4977816587395957,0.0,,
als,5,version_37,0,temporal_array,24,43,6,0.4977816587395957,ungateable,,,0.4977816587395957,0.0,,
als,5,version_37,0,temporal_array,24,44,6,0.4977816587395957,ungateable,,,0.4977816587395957,0.0,,
als,5,version_37,0,temporal_array,24,45,6,0.4977816587395957,ungateable,,,0.4977816587395957,0.0,,
als,5,version_37,0,temporal_array,24,46,6,0.4977816587395957,ungateable,,,0.4977816587395957,0.0,,
als,5,version_37,0,temporal_array,48,42,12,0.4975496174279127,ok,0,0.4966612649938187,0.4975496174279127,0.0,0.5,0
als,5,version_37,0,temporal_array,48,43,12,0.4975496174279127,ok,1,0.4912900113602192,0.4912900113602192,-0.006259606067693491,0.45,8
als,5,version_37,0,temporal_array,48,44,12,0.4975496174279127,ok,1,0.48501578736342676,0.48501578736342676,-0.01253383006448594,0.5,13
als,5,version_37,0,temporal_array,48,45,12,0.4975496174279127,ok,0,0.49704467239132616,0.4975496174279127,0.0,0.5,0
als,5,version_37,0,temporal_array,48,46,12,0.4975496174279127,ok,1,0.4704287647432256,0.4704287647432256,-0.027120852684687113,0.9500000000000001,25
als,5,version_37,0,temporal_array,96,42,24,0.49781898703874694,ok,1,0.4609546527136555,0.4609546527136555,-0.03686433432509145,0.6375,75
als,5,version_37,0,temporal_array,96,43,24,0.49781898703874694,ok,1,0.4651358537669711,0.4651358537669711,-0.032683133271775855,0.8,28
als,5,version_37,0,temporal_array,96,44,24,0.49781898703874694,ok,1,0.4958525700215451,0.4958525700215451,-0.001966417017201849,0.7124999999999999,1
als,5,version_37,0,temporal_array,96,45,24,0.49781898703874694,ok,1,0.4616931278000069,0.4616931278000069,-0.036125859238740066,0.6499999999999999,31
als,5,version_37,0,temporal_array,96,46,24,0.49781898703874694,ok,1,0.4718041448650867,0.4718041448650867,-0.026014842173660235,0.5874999999999999,19
als,5,version_37,0,temporal_array,240,42,60,0.4982984389348025,ok,1,0.49162534435261707,0.49162534435261707,-0.006673094582185457,0.384,4
als,5,version_37,0,temporal_array,240,43,60,0.4982984389348025,ok,1,0.4893803948576676,0.4893803948576676,-0.008918044077134923,0.43400000000000005,15
als,5,version_37,0,temporal_array,240,44,60,0.4982984389348025,ok,0,0.49701951331496785,0.4982984389348025,0.0,0.516,0
als,5,version_37,0,temporal_array,240,45,60,0.4982984389348025,ok,1,0.480606290174472,0.480606290174472,-0.01769214876033054,0.484,11
als,5,version_37,0,temporal_array,240,46,60,0.4982984389348025,ok,0,0.4933468778696051,0.4982984389348025,0.0,0.44799999999999995,3
als,5,version_37,0,temporal_array,480,42,120,0.5038714880332986,ok,0,0.5021103017689906,0.5038714880332986,0.0,0.539,0
als,5,version_37,0,temporal_array,480,43,120,0.5038714880332986,ok,1,0.49838501560874093,0.49838501560874093,-0.005486472424557687,0.587,5
als,5,version_37,0,temporal_array,480,44,120,0.5038714880332986,ok,1,0.5372086368366286,0.5372086368366286,0.03333714880332994,0.516,39
als,5,version_37,0,temporal_array,480,45,120,0.5038714880332986,ok,0,0.5007539021852238,0.5038714880332986,0.0,0.48350000000000004,0
als,5,version_37,0,temporal_array,480,46,120,0.5038714880332986,ok,1,0.5166644120707595,0.5166644120707595,0.012792924037460907,0.5325,12
als,5,version_38,0,stratified,24,42,6,0.5033446459241644,ungateable,,,0.5033446459241644,0.0,,
als,5,version_38,0,stratified,24,43,6,0.5012134198705245,ungateable,,,0.5012134198705245,0.0,,
als,5,version_38,0,stratified,24,44,6,0.5033756110450522,ungateable,,,0.5033756110450522,0.0,,
als,5,version_38,0,stratified,24,45,6,0.5025643248777909,ungateable,,,0.5025643248777909,0.0,,
als,5,version_38,0,stratified,24,46,6,0.5037418252080856,ungateable,,,0.5037418252080856,0.0,,
als,5,version_38,0,stratified,48,42,12,0.502978298640115,ok,1,0.5045509789835946,0.5045509789835946,0.001572680343479571,0.7,24
als,5,version_38,0,stratified,48,43,12,0.5006235590898459,ok,0,0.5006538390858365,0.5006235590898459,0.0,0.75,0
als,5,version_38,0,stratified,48,44,12,0.5045879414614588,ok,1,0.4905192288415917,0.4905192288415917,-0.014068712619867085,0.44999999999999996,42
als,5,version_38,0,stratified,48,45,12,0.5017950816933409,ok,1,0.5015810334458217,0.5015810334458217,-0.00021404824751913853,0.55,5
als,5,version_38,0,stratified,48,46,12,0.505673844765946,ok,1,0.4978213020815931,0.4978213020815931,-0.007852542684352926,0.65,22
als,5,version_38,0,stratified,96,42,24,0.5041820560172361,ok,1,0.5036477035669095,0.5036477035669095,-0.000534352450326625,0.29999999999999993,7
als,5,version_38,0,stratified,96,43,24,0.5006450702780343,ok,1,0.4851593225265894,0.4851593225265894,-0.0154857477514449,0.525,24
als,5,version_38,0,stratified,96,44,24,0.5048916760712697,ok,0,0.504832897301734,0.5048916760712697,0.0,0.32499999999999996,0
als,5,version_38,0,stratified,96,45,24,0.502532830614548,ok,1,0.4936689921685305,0.4936689921685305,-0.008863838446017513,0.5625,45
als,5,version_38,0,stratified,96,46,24,0.5077288738415239,ok,1,0.4770014705379433,0.4770014705379433,-0.03072740330358059,0.5875,25
als,5,version_38,0,stratified,240,42,60,0.5046992653810836,ok,1,0.5219880624426079,0.5219880624426079,0.017288797061524308,0.6320000000000001,22
als,5,version_38,0,stratified,240,43,60,0.49960009182736453,ok,0,0.4991280991735537,0.49960009182736453,0.0,0.648,1
als,5,version_38,0,stratified,240,44,60,0.5048833792470155,ok,1,0.5137082185491276,0.5137082185491276,0.008824839302112086,0.556,18
als,5,version_38,0,stratified,240,45,60,0.5024012855831038,ok,1,0.4891200642791551,0.4891200642791551,-0.01328122130394871,0.6299999999999999,26
als,5,version_38,0,stratified,240,46,60,0.512556473829201,ok,1,0.5110484389348026,0.5110484389348026,-0.0015080348943984356,0.442,5
als,5,version_38,0,stratified,480,42,120,0.503241935483871,ok,0,0.503639958376691,0.503241935483871,0.0,0.538,0
als,5,version_38,0,stratified,480,43,120,0.4975140478668054,ok,1,0.4950538501560874,0.4950538501560874,-0.0024601977107180373,0.597,2
als,5,version_38,0,stratified,480,44,120,0.49868886576482824,ok,0,0.4992658688865764,0.49868886576482824,0.0,0.5945,0
als,5,version_38,0,stratified,480,45,120,0.5044001040582726,ok,1,0.4916443808532779,0.4916443808532779,-0.01275572320499474,0.5085,3
als,5,version_38,0,stratified,480,46,120,0.5103558792924037,ok,1,0.5157065556711758,0.5157065556711758,0.005350676378772179,0.6295,62
als,5,version_38,0,temporal_array,24,42,6,0.5022022393975426,ungateable,,,0.5022022393975426,0.0,,
als,5,version_38,0,temporal_array,24,43,6,0.5022022393975426,ungateable,,,0.5022022393975426,0.0,,
als,5,version_38,0,temporal_array,24,44,6,0.5022022393975426,ungateable,,,0.5022022393975426,0.0,,
als,5,version_38,0,temporal_array,24,45,6,0.5022022393975426,ungateable,,,0.5022022393975426,0.0,,
als,5,version_38,0,temporal_array,24,46,6,0.5022022393975426,ungateable,,,0.5022022393975426,0.0,,
als,5,version_38,0,temporal_array,48,42,12,0.5020916168264894,ok,0,0.5017635487319991,0.5020916168264894,0.0,0.7,0
als,5,version_38,0,temporal_array,48,43,12,0.5020916168264894,ok,0,0.5018579387884661,0.5020916168264894,0.0,0.35,0
als,5,version_38,0,temporal_array,48,44,12,0.5020916168264894,ok,0,0.5017831785225032,0.5020916168264894,0.0,0.4,0
als,5,version_38,0,temporal_array,48,45,12,0.5020916168264894,ok,0,0.5019245547796451,0.5020916168264894,0.0,0.5,0
als,5,version_38,0,temporal_array,48,46,12,0.5020916168264894,ok,1,0.4872959754752916,0.4872959754752916,-0.014795641351197819,0.9500000000000001,26
als,5,version_38,0,temporal_array,96,42,24,0.502712800519818,ok,1,0.4729993844259772,0.4729993844259772,-0.029713416093840817,0.725,28
als,5,version_38,0,temporal_array,96,43,24,0.502712800519818,ok,1,0.4705176379056804,0.4705176379056804,-0.03219516261413763,0.8125,30
als,5,version_38,0,temporal_array,96,44,24,0.502712800519818,ok,1,0.50220879928867,0.50220879928867,-0.0005040012311480213,0.825,1
als,5,version_38,0,temporal_array,96,45,24,0.502712800519818,ok,1,0.4837210594712903,0.4837210594712903,-0.018991741048527744,0.7375,17
als,5,version_38,0,temporal_array,96,46,24,0.502712800519818,ok,1,0.4797176909134435,0.4797176909134435,-0.02299510960637452,0.6625,17
als,5,version_38,0,temporal_array,240,42,60,0.5027309458218548,ok,1,0.47867171717171714,0.47867171717171714,-0.02405922865013771,0.354,11
als,5,version_38,0,temporal_array,240,43,60,0.5027309458218548,ok,1,0.4954765840220386,0.4954765840220386,-0.007254361799816256,0.41400000000000003,6
als,5,version_38,0,temporal_array,240,44,60,0.5027309458218548,ok,1,0.4764212580348944,0.4764212580348944,-0.026309687786960467,0.5539999999999999,12
als,5,version_38,0,temporal_array,240,45,60,0.5027309458218548,ok,1,0.4745408631772269,0.4745408631772269,-0.028190082644627967,0.5660000000000001,23
als,5,version_38,0,temporal_array,240,46,60,0.5027309458218548,ok,0,0.5023092286501377,0.5027309458218548,0.0,0.42999999999999994,0
als,5,version_38,0,temporal_array,480,42,120,0.5056394380853277,ok,0,0.5052492195629552,0.5056394380853277,0.0,0.5305,0
als,5,version_38,0,temporal_array,480,43,120,0.5056394380853277,ok,0,0.5049131113423517,0.5056394380853277,0.0,0.541,0
als,5,version_38,0,temporal_array,480,44,120,0.5056394380853277,ok,1,0.499054110301769,0.499054110301769,-0.006585327783558748,0.5065,9
als,5,version_38,0,temporal_array,480,45,120,0.5056394380853277,ok,0,0.5047229448491155,0.5056394380853277,0.0,0.5195000000000001,0
als,5,version_38,0,temporal_array,480,46,120,0.5056394380853277,ok,0,0.5049151925078044,0.5056394380853277,0.0,0.51,0
als,5,version_39,0,stratified,24,42,6,0.5172655321046373,ungateable,,,0.5172655321046373,0.0,,
als,5,version_39,0,stratified,24,43,6,0.5142610896419606,ungateable,,,0.5142610896419606,0.0,,
als,5,version_39,0,stratified,24,44,6,0.5160492221561633,ungateable,,,0.5160492221561633,0.0,,
als,5,version_39,0,stratified,24,45,6,0.5151326545778834,ungateable,,,0.5151326545778834,0.0,,
als,5,version_39,0,stratified,24,46,6,0.5158634314308363,ungateable,,,0.5158634314308363,0.0,,
als,5,version_39,0,stratified,48,42,12,0.5169398827224431,ok,1,0.5136573223295132,0.5136573223295132,-0.0032825603929298452,0.44999999999999996,2
als,5,version_39,0,stratified,48,43,12,0.5121907263857797,ok,0,0.5118566022920913,0.5121907263857797,0.0,0.9500000000000001,0
als,5,version_39,0,stratified,48,44,12,0.5168918523839754,ok,0,0.5161406996558522,0.5168918523839754,0.0,0.04999999999999999,0
als,5,version_39,0,stratified,48,45,12,0.5143107437602326,ok,1,0.5060877409870026,0.5060877409870026,-0.00822300277322996,0.7999999999999999,8
als,5,version_39,0,stratified,48,46,12,0.5163656069364162,ok,1,0.5095617962511276,0.5095617962511276,-0.006803810685288569,0.9,6
als,5,version_39,0,stratified,96,42,24,0.518975710475018,ok,0,0.5185411750624124,0.518975710475018,0.0,0.33749999999999997,0
als,5,version_39,0,stratified,96,43,24,0.5114088522964331,ok,1,0.5083061882288568,0.5083061882288568,-0.0031026640675763106,0.6499999999999999,5
als,5,version_39,0,stratified,96,44,24,0.5161611692486577,ok,1,0.5399152730754763,0.5399152730754763,0.02375410382681853,0.55,30
als,5,version_39,0,stratified,96,45,24,0.5171435227933382,ok,0,0.5156481908963442,0.5171435227933382,0.0,0.30000000000000004,0
als,5,version_39,0,stratified,96,46,24,0.5169947590711672,ok,0,0.5143099586197462,0.5169947590711672,0.0,0.55,1
als,5,version_39,0,stratified,240,42,60,0.5186349862258953,ok,1,0.5316046831955923,0.5316046831955923,0.012969696969696964,0.578,20
als,5,version_39,0,stratified,240,43,60,0.5108069329660239,ok,0,0.5093535353535353,0.5108069329660239,0.0,0.642,0
als,5,version_39,0,stratified,240,44,60,0.5157775482093664,ok,1,0.5348833792470156,0.5348833792470156,0.01910583103764918,0.5680000000000001,10
als,5,version_39,0,stratified,240,45,60,0.5169814049586777,ok,0,0.514629476584022,0.5169814049586777,0.0,0.41400000000000003,0
als,5,version_39,0,stratified,240,46,60,0.5179010560146924,ok,1,0.5207376033057851,0.5207376033057851,0.002836547291092728,0.6340000000000001,9
als,5,version_39,0,stratified,480,42,120,0.516496878251821,ok,1,0.5539287200832466,0.5539287200832466,0.03743184183142556,0.586,52
als,5,version_39,0,stratified,480,43,120,0.5098870967741935,ok,1,0.5515150884495318,0.5515150884495318,0.04162799167533826,0.571,40
als,5,version_39,0,stratified,480,44,120,0.5128155567117586,ok,1,0.514419094693028,0.514419094693028,0.0016035379812694428,0.6015,0
als,5,version_39,0,stratified,480,45,120,0.5214321019771072,ok,0,0.517675338189386,0.5214321019771072,0.0,0.505,0
als,5,version_39,0,stratified,480,46,120,0.5146006763787722,ok,1,0.5454281997918835,0.5454281997918835,0.030827523413111346,0.501,36
als,5,version_39,0,temporal_array,24,42,6,0.5146384512485137,ungateable,,,0.5146384512485137,0.0,,
als,5,version_39,0,temporal_array,24,43,6,0.5146384512485137,ungateable,,,0.5146384512485137,0.0,,
als,5,version_39,0,temporal_array,24,44,6,0.5146384512485137,ungateable,,,0.5146384512485137,0.0,,
als,5,version_39,0,temporal_array,24,45,6,0.5146384512485137,ungateable,,,0.5146384512485137,0.0,,
als,5,version_39,0,temporal_array,24,46,6,0.5146384512485137,ungateable,,,0.5146384512485137,0.0,,
als,5,version_39,0,temporal_array,48,42,12,0.5147768468709278,ok,0,0.5136984613585486,0.5147768468709278,0.0,0.7,0
als,5,version_39,0,temporal_array,48,43,12,0.5147768468709278,ok,0,0.5135792208226135,0.5147768468709278,0.0,0.3,0
als,5,version_39,0,temporal_array,48,44,12,0.5147768468709278,ok,0,0.5137412710080524,0.5147768468709278,0.0,0.25,0
als,5,version_39,0,temporal_array,48,45,12,0.5147768468709278,ok,0,0.514113819372515,0.5147768468709278,0.0,0.5,0
als,5,version_39,0,temporal_array,48,46,12,0.5147768468709278,ok,0,0.513647089779144,0.5147768468709278,0.0,0.8,0
als,5,version_39,0,temporal_array,96,42,24,0.5149026623576486,ok,1,0.483779410758866,0.483779410758866,-0.031123251598782598,0.4625,21
als,5,version_39,0,temporal_array,96,43,24,0.5149026623576486,ok,0,0.5113526384186587,0.5149026623576486,0.0,0.55,2
als,5,version_39,0,temporal_array,96,44,24,0.5149026623576486,ok,0,0.513669804384255,0.5149026623576486,0.0,0.825,0
als,5,version_39,0,temporal_array,96,45,24,0.5149026623576486,ok,0,0.5133863838446018,0.5149026623576486,0.0,0.7749999999999999,0
als,5,version_39,0,temporal_array,96,46,24,0.5149026623576486,ok,1,0.46548083170890187,0.46548083170890187,-0.04942183064874672,0.7125,20
als,5,version_39,0,temporal_array,240,42,60,0.5137486225895317,ok,1,0.502047520661157,0.502047520661157,-0.011701101928374702,0.49,21
als,5,version_39,0,temporal_array,240,43,60,0.5137486225895317,ok,0,0.5126528925619835,0.5137486225895317,0.0,0.42000000000000004,0
als,5,version_39,0,temporal_array,240,44,60,0.5137486225895317,ok,0,0.5116014692378329,0.5137486225895317,0.0,0.632,0
als,5,version_39,0,temporal_array,240,45,60,0.5137486225895317,ok,1,0.5010573921028466,0.5010573921028466,-0.012691230486685079,0.55,5
als,5,version_39,0,temporal_array,240,46,60,0.5137486225895317,ok,0,0.5127134986225895,0.5137486225895317,0.0,0.46399999999999997,0
als,5,version_39,0,temporal_array,480,42,120,0.516682882414152,ok,0,0.515168574401665,0.516682882414152,0.0,0.5609999999999999,0
als,5,version_39,0,temporal_array,480,43,120,0.516682882414152,ok,1,0.5437905827263267,0.5437905827263267,0.0271077003121748,0.575,13
als,5,version_39,0,temporal_array,480,44,120,0.516682882414152,ok,1,0.5548400104058272,0.5548400104058272,0.038157127991675255,0.507,68
als,5,version_39,0,temporal_array,480,45,120,0.516682882414152,ok,1,0.5341971904266389,0.5341971904266389,0.01751430801248699,0.6244999999999999,14
als,5,version_39,0,temporal_array,480,46,120,0.516682882414152,ok,0,0.5143969823100937,0.516682882414152,0.0,0.5245,0
als,5,version_40,0,stratified,24,42,6,0.5130809056678558,ungateable,,,0.5130809056678558,0.0,,
als,5,version_40,0,stratified,24,43,6,0.5106602589509843,ungateable,,,0.5106602589509843,0.0,,
als,5,version_40,0,stratified,24,44,6,0.5122163594926675,ungateable,,,0.5122163594926675,0.0,,
als,5,version_40,0,stratified,24,45,6,0.5113509875809221,ungateable,,,0.5113509875809221,0.0,,
als,5,version_40,0,stratified,24,46,6,0.5126275762980579,ungateable,,,0.5126275762980579,0.0,,
als,5,version_40,0,stratified,48,42,12,0.5132730796217715,ok,0,0.5128464449196432,0.5132730796217715,0.0,0.7,0
als,5,version_40,0,stratified,48,43,12,0.5093776103444819,ok,0,0.5091378763072605,0.5093776103444819,0.0,0.7,0
als,5,version_40,0,stratified,48,44,12,0.5127814995489325,ok,0,0.512475567175649,0.5127814995489325,0.0,0.09999999999999998,0
als,5,version_40,0,stratified,48,45,12,0.5101841023756224,ok,1,0.48682590464098363,0.48682590464098363,-0.023358197734638764,0.7,24
als,5,version_40,0,stratified,48,46,12,0.5136815463263056,ok,0,0.5129201610478131,0.5136815463263056,0.0,0.6,0
als,5,version_40,0,stratified,96,42,24,0.5149657159467871,ok,0,0.5154327399883725,0.5149657159467871,0.0,0.37499999999999994,0
als,5,version_40,0,stratified,96,43,24,0.5094849697342773,ok,1,0.5074734533702678,0.5074734533702678,-0.0020115163640094247,0.5,24
als,5,version_40,0,stratified,96,44,24,0.5143522793338121,ok,0,0.5139703242023186,0.5143522793338121,0.0,0.35,0
als,5,version_40,0,stratified,96,45,24,0.5122866865018296,ok,1,0.4590455182791286,0.4590455182791286,-0.05324116822270103,0.575,63
als,5,version_40,0,stratified,96,46,24,0.5146604938271605,ok,1,0.5134400328306146,0.5134400328306146,-0.0012204609965459357,0.65,1
als,5,version_40,0,stratified,240,42,60,0.5142970615243343,ok,1,0.5170358126721764,0.5170358126721764,0.0027387511478420556,0.608,38
als,5,version_40,0,stratified,240,43,60,0.5071744719926539,ok,0,0.5063048668503214,0.5071744719926539,0.0,0.678,0
als,5,version_40,0,stratified,240,44,60,0.5145445362718091,ok,0,0.5147052341597796,0.5145445362718091,0.0,0.496,0
als,5,version_40,0,stratified,240,45,60,0.5122589531680442,ok,0,0.5115913682277319,0.5122589531680442,0.0,0.4,0
als,5,version_40,0,stratified,240,46,60,0.5162304866850321,ok,1,0.5155064279155188,0.5155064279155188,-0.0007240587695133138,0.526,1
als,5,version_40,0,stratified,480,42,120,0.5136508844953174,ok,1,0.515667273673257,0.515667273673257,0.0020163891779396703,0.6385000000000001,33
als,5,version_40,0,stratified,480,43,120,0.505229448491155,ok,1,0.5012408949011447,0.5012408949011447,-0.00398855359001038,0.544,1
als,5,version_40,0,stratified,480,44,120,0.5125369406867846,ok,0,0.5147942247658689,0.5125369406867846,0.0,0.5854999999999999,0
als,5,version_40,0,stratified,480,45,120,0.5149375650364204,ok,0,0.5130681581685744,0.5149375650364204,0.0,0.46849999999999997,0
als,5,version_40,0,stratified,480,46,120,0.5140312174817898,ok,1,0.5104677419354838,0.5104677419354838,-0.003563475546305983,0.5605,61
als,5,version_40,0,temporal_array,24,42,6,0.5113299312987185,ungateable,,,0.5113299312987185,0.0,,
als,5,version_40,0,temporal_array,24,43,6,0.5113299312987185,ungateable,,,0.5113299312987185,0.0,,
als,5,version_40,0,temporal_array,24,44,6,0.5113299312987185,ungateable,,,0.5113299312987185,0.0,,
als,5,version_40,0,temporal_array,24,45,6,0.5113299312987185,ungateable,,,0.5113299312987185,0.0,,
als,5,version_40,0,temporal_array,24,46,6,0.5113299312987185,ungateable,,,0.5113299312987185,0.0,,
als,5,version_40,0,temporal_array,48,42,12,0.5110377894349961,ok,0,0.5107339453372983,0.5110377894349961,0.0,0.5,0
als,5,version_40,0,temporal_array,48,43,12,0.5110377894349961,ok,0,0.5104094273113035,0.5110377894349961,0.0,0.35,0
als,5,version_40,0,temporal_array,48,44,12,0.5110377894349961,ok,1,0.4948574125430185,0.4948574125430185,-0.0161803768919776,0.55,25
als,5,version_40,0,temporal_array,48,45,12,0.5110377894349961,ok,0,0.5107661047813158,0.5110377894349961,0.0,0.5,0
als,5,version_40,0,temporal_array,48,46,12,0.5110377894349961,ok,1,0.49852985398777105,0.49852985398777105,-0.01250793544722506,0.7999999999999999,14
als,5,version_40,0,temporal_array,96,42,24,0.5110940118327006,ok,1,0.504721965733046,0.504721965733046,-0.0063720460996546935,0.425,7
als,5,version_40,0,temporal_array,96,43,24,0.5110940118327006,ok,1,0.5052520433637699,0.5052520433637699,-0.005841968468930703,0.575,7
als,5,version_40,0,temporal_array,96,44,24,0.5110940118327006,ok,0,0.5104904073048118,0.5110940118327006,0.0,0.7375,0
als,5,version_40,0,temporal_array,96,45,24,0.5110940118327006,ok,1,0.49934873123354195,0.49934873123354195,-0.011745280599158692,0.7625,10
als,5,version_40,0,temporal_array,96,46,24,0.5110940118327006,ok,1,0.5006653756711467,0.5006653756711467,-0.010428636161553984,0.6375,10
als,5,version_40,0,temporal_array,240,42,60,0.5121758494031221,ok,1,0.5095013774104683,0.5095013774104683,-0.002674471992653804,0.41200000000000003,5
als,5,version_40,0,temporal_array,240,43,60,0.5121758494031221,ok,1,0.5117580348943985,0.5117580348943985,-0.0004178145087235796,0.42,1
als,5,version_40,0,temporal_array,240,44,60,0.5121758494031221,ok,0,0.5112633149678605,0.5121758494031221,0.0,0.552,0
als,5,version_40,0,temporal_array,240,45,60,0.5121758494031221,ok,1,0.4683459595959596,0.4683459595959596,-0.043829889807162514,0.45799999999999996,22
als,5,version_40,0,temporal_array,240,46,60,0.5121758494031221,ok,0,0.5113331037649219,0.5121758494031221,0.0,0.504,0
als,5,version_40,0,temporal_array,480,42,120,0.5174719042663892,ok,0,0.5173735691987513,0.5174719042663892,0.0,0.5529999999999999,0
als,5,version_40,0,temporal_array,480,43,120,0.5174719042663892,ok,1,0.517113163371488,0.517113163371488,-0.0003587408949011772,0.5315,0
als,5,version_40,0,temporal_array,480,44,120,0.5174719042663892,ok,1,0.5268472944849116,0.5268472944849116,0.009375390218522406,0.4795,63
als,5,version_40,0,temporal_array,480,45,120,0.5174719042663892,ok,1,0.48698751300728405,0.48698751300728405,-0.03048439125910518,0.5269999999999999,12
als,5,version_40,0,temporal_array,480,46,120,0.5174719042663892,ok,0,0.5183569198751301,0.5174719042663892,0.0,0.5595,0
als,6,version_31,0,stratified,24,42,6,0.5520342020081913,ungateable,,,0.5520342020081913,0.0,,
als,6,version_31,0,stratified,24,43,6,0.5537798090897079,ungateable,,,0.5537798090897079,0.0,,
als,6,version_31,0,stratified,24,44,6,0.5535139219183511,ungateable,,,0.5535139219183511,0.0,,
als,6,version_31,0,stratified,24,45,6,0.5523789470207425,ungateable,,,0.5523789470207425,0.0,,
als,6,version_31,0,stratified,24,46,6,0.5557248315497424,ungateable,,,0.5557248315497424,0.0,,
als,6,version_31,0,stratified,48,42,12,0.5533663002439105,ok,1,0.5511155568178021,0.5511155568178021,-0.002250743426108426,0.8500000000000001,10
als,6,version_31,0,stratified,48,43,12,0.5544029202445788,ok,1,0.555626440910154,0.555626440910154,0.001223520665575184,0.8500000000000001,1
als,6,version_31,0,stratified,48,44,12,0.5543390190116608,ok,1,0.5542458819205452,0.5542458819205452,-9.313709111558044e-05,0.6000000000000001,0
als,6,version_31,0,stratified,48,45,12,0.5523839754084667,ok,0,0.5526266330315079,0.5523839754084667,0.0,0.5,0
als,6,version_31,0,stratified,48,46,12,0.5561391125664071,ok,1,0.5555247418891377,0.5555247418891377,-0.000614370677269438,0.4,1
als,6,version_31,0,stratified,96,42,24,0.5549399815327793,ok,0,0.5552794022092268,0.5549399815327793,0.0,0.5125,0
als,6,version_31,0,stratified,96,43,24,0.5538144215314114,ok,1,0.5546242861051264,0.5546242861051264,0.0008098645737150134,0.65,3
als,6,version_31,0,stratified,96,44,24,0.5527683731746521,ok,1,0.5573360179200438,0.5573360179200438,0.00456764474539173,0.5,21
als,6,version_31,0,stratified,96,45,24,0.550978506207038,ok,1,0.5207762644916385,0.5207762644916385,-0.030202241715399536,0.9,57
als,6,version_31,0,stratified,96,46,24,0.5559133579562942,ok,1,0.534039533531685,0.534039533531685,-0.021873824424609167,0.4625,15
als,6,version_31,0,stratified,240,42,60,0.5527075298438935,ok,1,0.5382885674931129,0.5382885674931129,-0.014418962350780551,0.668,20
als,6,version_31,0,stratified,240,43,60,0.5538861340679523,ok,1,0.555016069788797,0.555016069788797,0.0011299357208447436,0.8420000000000001,11
als,6,version_31,0,stratified,240,44,60,0.5532304866850322,ok,0,0.5537635445362719,0.5532304866850322,0.0,0.68,0
als,6,version_31,0,stratified,240,45,60,0.5535289256198347,ok,1,0.549692378328742,0.549692378328742,-0.003836547291092729,0.588,6
als,6,version_31,0,stratified,240,46,60,0.5567001836547292,ok,1,0.5330006887052341,0.5330006887052341,-0.02369949494949508,0.584,65
als,6,version_31,0,stratified,480,42,120,0.5482637877211238,ok,1,0.5585306971904266,0.5585306971904266,0.010266909469302754,0.6655,21
als,6,version_31,0,stratified,480,43,120,0.5593584807492196,ok,1,0.5390517689906348,0.5390517689906348,-0.020306711758584783,0.634,59
als,6,version_31,0,stratified,480,44,120,0.5508267429760666,ok,1,0.5547752341311134,0.5547752341311134,0.003948491155046807,0.6960000000000001,2
als,6,version_31,0,stratified,480,45,120,0.5585421436004163,ok,1,0.5278553590010406,0.5278553590010406,-0.030686784599375683,0.486,42
als,6,version_31,0,stratified,480,46,120,0.5596035379812695,ok,1,0.540716441207076,0.540716441207076,-0.018887096774193535,0.5395,21
als,6,version_31,0,temporal_array,24,42,6,0.5539565167129079,ungateable,,,0.5539565167129079,0.0,,
als,6,version_31,0,temporal_array,24,43,6,0.5539565167129079,ungateable,,,0.5539565167129079,0.0,,
als,6,version_31,0,temporal_array,24,44,6,0.5539565167129079,ungateable,,,0.5539565167129079,0.0,,
als,6,version_31,0,temporal_array,24,45,6,0.5539565167129079,ungateable,,,0.5539565167129079,0.0,,
als,6,version_31,0,temporal_array,24,46,6,0.5539565167129079,ungateable,,,0.5539565167129079,0.0,,
als,6,version_31,0,temporal_array,48,42,12,0.5545039927829195,ok,0,0.5544668214774967,0.5545039927829195,0.0,0.6,0
als,6,version_31,0,temporal_array,48,43,12,0.5545039927829195,ok,0,0.5546063182866117,0.5545039927829195,0.0,0.65,0
als,6,version_31,0,temporal_array,48,44,12,0.5545039927829195,ok,0,0.5541780129640148,0.5545039927829195,0.0,0.75,0
als,6,version_31,0,temporal_array,48,45,12,0.5545039927829195,ok,1,0.5506749306692506,0.5506749306692506,-0.0038290621136689573,0.7,15
als,6,version_31,0,temporal_array,48,46,12,0.5545039927829195,ok,1,0.5549446189314712,0.5549446189314712,0.0004406261485516705,0.35,0
als,6,version_31,0,temporal_array,96,42,24,0.556344687254198,ok,0,0.5566028863581957,0.556344687254198,0.0,0.32500000000000007,0
als,6,version_31,0,temporal_array,96,43,24,0.556344687254198,ok,0,0.5566990697992544,0.556344687254198,0.0,0.3875,0
als,6,version_31,0,temporal_array,96,44,24,0.556344687254198,ok,1,0.5562119541055367,0.5562119541055367,-0.00013273314866124597,0.5875,13
als,6,version_31,0,temporal_array,96,45,24,0.556344687254198,ok,0,0.556405389692555,0.556344687254198,0.0,0.33749999999999997,0
als,6,version_31,0,temporal_array,96,46,24,0.556344687254198,ok,1,0.5568330853937964,0.5568330853937964,0.0004883981395984449,0.3125,0
als,6,version_31,0,temporal_array,240,42,60,0.5576721763085399,ok,1,0.5592906336088155,0.5592906336088155,0.0016184573002755442,0.616,10
als,6,version_31,0,temporal_array,240,43,60,0.5576721763085399,ok,0,0.5581262626262626,0.5576721763085399,0.0,0.662,1
als,6,version_31,0,temporal_array,240,44,60,0.5576721763085399,ok,1,0.554396694214876,0.554396694214876,-0.003275482093663906,0.622,6
als,6,version_31,0,temporal_array,240,45,60,0.5576721763085399,ok,1,0.5596056014692379,0.5596056014692379,0.0019334251606979436,0.734,5
als,6,version_31,0,temporal_array,240,46,60,0.5576721763085399,ok,1,0.5536014692378328,0.5536014692378328,-0.004070707070707114,0.61,6
als,6,version_31,0,temporal_array,480,42,120,0.5547549427679501,ok,1,0.5627460978147762,0.5627460978147762,0.007991155046826126,0.5285,3
als,6,version_31,0,temporal_array,480,43,120,0.5547549427679501,ok,1,0.563929760665973,0.563929760665973,0.00917481789802288,0.5085,63
als,6,version_31,0,temporal_array,480,44,120,0.5547549427679501,ok,1,0.5575697190426638,0.5575697190426638,0.002814776274713715,0.635,10
als,6,version_31,0,temporal_array,480,45,120,0.5547549427679501,ok,1,0.559950832466181,0.559950832466181,0.005195889698230927,0.4745,3
als,6,version_31,0,temporal_array,480,46,120,0.5547549427679501,ok,0,0.5556155046826222,0.5547549427679501,0.0,0.6205,0
als,6,version_32,0,stratified,24,42,6,0.5559114480116263,ungateable,,,0.5559114480116263,0.0,,
als,6,version_32,0,stratified,24,43,6,0.5566508950984278,ungateable,,,0.5566508950984278,0.0,,
als,6,version_32,0,stratified,24,44,6,0.5571029858633901,ungateable,,,0.5571029858633901,0.0,,
als,6,version_32,0,stratified,24,45,6,0.5548289073853878,ungateable,,,0.5548289073853878,0.0,,
als,6,version_32,0,stratified,24,46,6,0.5581698374950456,ungateable,,,0.5581698374950456,0.0,,
als,6,version_32,0,stratified,48,42,12,0.5574092017775402,ok,1,0.5569552106652411,0.5569552106652411,-0.0004539911122990459,0.6,1
als,6,version_32,0,stratified,48,43,12,0.5576021584416452,ok,1,0.5583084132446791,0.5583084132446791,0.0007062548030338789,0.8500000000000001,6
als,6,version_32,0,stratified,48,44,12,0.5572429750409302,ok,1,0.5513106017574927,0.5513106017574927,-0.005932373283437542,0.65,34
als,6,version_32,0,stratified,48,45,12,0.5550611447091449,ok,0,0.5548232901199506,0.5550611447091449,0.0,0.75,0
als,6,version_32,0,stratified,48,46,12,0.5588129406261485,ok,1,0.5551787146246115,0.5551787146246115,-0.0036342260015369554,0.5,6
als,6,version_32,0,stratified,96,42,24,0.5588343421907596,ok,1,0.5479602698266134,0.5479602698266134,-0.01087407236414617,0.5375,18
als,6,version_32,0,stratified,96,43,24,0.5569004138025375,ok,1,0.5534777794877056,0.5534777794877056,-0.0034226343148319183,0.8,23
als,6,version_32,0,stratified,96,44,24,0.5555217844806949,ok,0,0.5551364094935194,0.5555217844806949,0.0,0.4125,0
als,6,version_32,0,stratified,96,45,24,0.553569901850142,ok,1,0.5234253701993776,0.5234253701993776,-0.03014453165076436,0.8625,52
als,6,version_32,0,stratified,96,46,24,0.5587172121336479,ok,1,0.5543821175746383,0.5543821175746383,-0.0043350945590096,0.5249999999999999,4
als,6,version_32,0,stratified,240,42,60,0.5581717171717172,ok,1,0.5311533516988063,0.5311533516988063,-0.02701836547291092,0.648,18
als,6,version_32,0,stratified,240,43,60,0.5570578512396693,ok,1,0.5472291092745638,0.5472291092745638,-0.009828741965105525,0.748,9
als,6,version_32,0,stratified,240,44,60,0.553093204775023,ok,0,0.5520840220385674,0.553093204775023,0.0,0.748,0
als,6,version_32,0,stratified,240,45,60,0.5539977043158861,ok,1,0.5423870523415978,0.5423870523415978,-0.011610651974288344,0.72,12
als,6,version_32,0,stratified,240,46,60,0.5592782369146005,ok,0,0.5445610651974289,0.5592782369146005,0.0,0.556,16
als,6,version_32,0,stratified,480,42,120,0.5570665972944849,ok,0,0.5573480749219563,0.5570665972944849,0.0,0.571,0
als,6,version_32,0,stratified,480,43,120,0.5629620187304891,ok,1,0.5180642559833506,0.5180642559833506,-0.044897762747138525,0.636,42
als,6,version_32,0,stratified,480,44,120,0.5522388137356921,ok,1,0.5503735691987512,0.5503735691987512,-0.0018652445369408133,0.678,3
als,6,version_32,0,stratified,480,45,120,0.5586342351716962,ok,1,0.5097780957336108,0.5097780957336108,-0.04885613943808542,0.5785,33
als,6,version_32,0,stratified,480,46,120,0.5602944849115504,ok,0,0.5591659729448492,0.5602944849115504,0.0,0.491,0
als,6,version_32,0,temporal_array,24,42,6,0.5564283590963139,ungateable,,,0.5564283590963139,0.0,,
als,6,version_32,0,temporal_array,24,43,6,0.5564283590963139,ungateable,,,0.5564283590963139,0.0,,
als,6,version_32,0,temporal_array,24,44,6,0.5564283590963139,ungateable,,,0.5564283590963139,0.0,,
als,6,version_32,0,temporal_array,24,45,6,0.5564283590963139,ungateable,,,0.5564283590963139,0.0,,
als,6,version_32,0,temporal_array,24,46,6,0.5564283590963139,ungateable,,,0.5564283590963139,0.0,,
als,6,version_32,0,temporal_array,48,42,12,0.5566595108423268,ok,1,0.5525848675197969,0.5525848675197969,-0.004074643322529936,0.55,6
als,6,version_32,0,temporal_array,48,43,12,0.5566595108423268,ok,1,0.556603127401517,0.556603127401517,-5.638344080982627e-05,0.85,2
als,6,version_32,0,temporal_array,48,44,12,0.5566595108423268,ok,1,0.5553614387383474,0.5553614387383474,-0.0012980721039793641,0.85,2
als,6,version_32,0,temporal_array,48,45,12,0.5566595108423268,ok,0,0.5564849310033747,0.5566595108423268,0.0,0.85,0
als,6,version_32,0,temporal_array,48,46,12,0.5566595108423268,ok,0,0.5565935213338233,0.5566595108423268,0.0,0.2,0
als,6,version_32,0,temporal_array,96,42,24,0.5575826750111146,ok,0,0.5573774836701891,0.5575826750111146,0.0,0.44999999999999996,0
als,6,version_32,0,temporal_array,96,43,24,0.5575826750111146,ok,1,0.5564188553743031,0.5564188553743031,-0.0011638196368114473,0.5,5
als,6,version_32,0,temporal_array,96,44,24,0.5575826750111146,ok,0,0.5572191016039123,0.5575826750111146,0.0,0.6,0
als,6,version_32,0,temporal_array,96,45,24,0.5575826750111146,ok,1,0.5563194658185424,0.5563194658185424,-0.0012632091925721678,0.47500000000000003,10
als,6,version_32,0,temporal_array,96,46,24,0.5575826750111146,ok,1,0.5576217896104785,0.5576217896104785,3.9114599363898606e-05,0.44999999999999996,3
als,6,version_32,0,temporal_array,240,42,60,0.5585045913682277,ok,1,0.5563269054178145,0.5563269054178145,-0.002177685950413233,0.588,3
als,6,version_32,0,temporal_array,240,43,60,0.5585045913682277,ok,1,0.5414591368227732,0.5414591368227732,-0.017045454545454475,0.6660000000000001,19
als,6,version_32,0,temporal_array,240,44,60,0.5585045913682277,ok,0,0.5575821854912764,0.5585045913682277,0.0,0.7120000000000001,0
als,6,version_32,0,temporal_array,240,45,60,0.5585045913682277,ok,1,0.52147681359045,0.52147681359045,-0.03702777777777777,0.694,25
als,6,version_32,0,temporal_array,240,46,60,0.5585045913682277,ok,1,0.5480899908172635,0.5480899908172635,-0.010414600550964215,0.676,14
als,6,version_32,0,temporal_array,480,42,120,0.5575525494276795,ok,1,0.556764308012487,0.556764308012487,-0.0007882414151925143,0.5185,0
als,6,version_32,0,temporal_array,480,43,120,0.5575525494276795,ok,1,0.5481638917793964,0.5481638917793964,-0.009388657648283116,0.5565,30
als,6,version_32,0,temporal_array,480,44,120,0.5575525494276795,ok,0,0.5571024973985431,0.5575525494276795,0.0,0.6405,0
als,6,version_32,0,temporal_array,480,45,120,0.5575525494276795,ok,0,0.5564547346514048,0.5575525494276795,0.0,0.45749999999999996,0
als,6,version_32,0,temporal_array,480,46,120,0.5575525494276795,ok,1,0.5549927159209157,0.5549927159209157,-0.002559833506763809,0.6135,4
als,6,version_33,0,stratified,24,42,6,0.6076896716871449,ungateable,,,0.6076896716871449,0.0,,
als,6,version_33,0,stratified,24,43,6,0.6078601862861672,ungateable,,,0.6078601862861672,0.0,,
als,6,version_33,0,stratified,24,44,6,0.607458052582904,ungateable,,,0.607458052582904,0.0,,
als,6,version_33,0,stratified,24,45,6,0.606631490289338,ungateable,,,0.606631490289338,0.0,,
als,6,version_33,0,stratified,24,46,6,0.609892323952966,ungateable,,,0.609892323952966,0.0,,
als,6,version_33,0,stratified,48,42,12,0.6089720672257677,ok,0,0.6078260215844165,0.6089720672257677,0.0,0.7,0
als,6,version_33,0,stratified,48,43,12,0.606913862808647,ok,0,0.6067889839286311,0.606913862808647,0.0,1.0,0
als,6,version_33,0,stratified,48,44,12,0.6084211801262989,ok,1,0.598166911691002,0.598166911691002,-0.010254268435296865,0.75,12
als,6,version_33,0,stratified,48,45,12,0.6088843596511744,ok,1,0.5917559056433559,0.5917559056433559,-0.017128454007818483,0.55,7
als,6,version_33,0,stratified,48,46,12,0.6103532526980521,ok,0,0.6094588442647599,0.6103532526980521,0.0,0.44999999999999996,0
als,6,version_33,0,stratified,96,42,24,0.6093511678807154,ok,0,0.6082435621216785,0.6093511678807154,0.0,0.525,0
als,6,version_33,0,stratified,96,43,24,0.6066400772887384,ok,1,0.6037026349988031,0.6037026349988031,-0.0029374422899353103,0.925,2
als,6,version_33,0,stratified,96,44,24,0.6076220033514586,ok,1,0.598610897370131,0.598610897370131,-0.009011105981327594,0.5,7
als,6,version_33,0,stratified,96,45,24,0.6079922027290448,ok,1,0.5844627406723436,0.5844627406723436,-0.023529462056701145,0.675,24
als,6,version_33,0,stratified,96,46,24,0.6118861359050649,ok,1,0.5138033924968366,0.5138033924968366,-0.09808274340822831,0.675,67
als,6,version_33,0,stratified,240,42,60,0.6078888888888889,ok,1,0.6034545454545455,0.6034545454545455,-0.004434343434343457,0.72,2
als,6,version_33,0,stratified,240,43,60,0.6092943067033976,ok,1,0.5653145087235997,0.5653145087235997,-0.0439797979797979,0.764,14
als,6,version_33,0,stratified,240,44,60,0.6048117539026631,ok,1,0.5908411386593204,0.5908411386593204,-0.013970615243342643,0.816,18
als,6,version_33,0,stratified,240,45,60,0.6058186409550046,ok,1,0.5789540863177227,0.5789540863177227,-0.02686455463728188,0.806,44
als,6,version_33,0,stratified,240,46,60,0.6118337924701561,ok,1,0.6069237832874196,0.6069237832874196,-0.004910009182736541,0.514,5
als,6,version_33,0,stratified,480,42,120,0.6047903225806451,ok,1,0.6019547346514048,0.6019547346514048,-0.002835587929240324,0.732,0
als,6,version_33,0,stratified,480,43,120,0.6130010405827263,ok,1,0.5718215400624349,0.5718215400624349,-0.0411795005202914,0.6719999999999999,16
als,6,version_33,0,stratified,480,44,120,0.6048303850156087,ok,1,0.603579604578564,0.603579604578564,-0.0012507804370447406,0.72,60
als,6,version_33,0,stratified,480,45,120,0.613047866805411,ok,0,0.6037164412070759,0.613047866805411,0.0,0.5395,0
als,6,version_33,0,stratified,480,46,120,0.6135317377731531,ok,1,0.6107887617065557,0.6107887617065557,-0.002742976066597347,0.5745,0
als,6,version_33,0,temporal_array,24,42,6,0.6072268463469415,ungateable,,,0.6072268463469415,0.0,,
als,6,version_33,0,temporal_array,24,43,6,0.6072268463469415,ungateable,,,0.6072268463469415,0.0,,
als,6,version_33,0,temporal_array,24,44,6,0.6072268463469415,ungateable,,,0.6072268463469415,0.0,,
als,6,version_33,0,temporal_array,24,45,6,0.6072268463469415,ungateable,,,0.6072268463469415,0.0,,
als,6,version_33,0,temporal_array,24,46,6,0.6072268463469415,ungateable,,,0.6072268463469415,0.0,,
als,6,version_33,0,temporal_array,48,42,12,0.6081125329947543,ok,1,0.6069366250125297,0.6069366250125297,-0.0011759079822246665,0.65,0
als,6,version_33,0,temporal_array,48,43,12,0.6081125329947543,ok,0,0.6079153997794781,0.6081125329947543,0.0,0.7,0
als,6,version_33,0,temporal_array,48,44,12,0.6081125329947543,ok,1,0.6070894867853922,0.6070894867853922,-0.0010230462093621107,0.85,0
als,6,version_33,0,temporal_array,48,45,12,0.6081125329947543,ok,0,0.6075215510040429,0.6081125329947543,0.0,0.9,0
als,6,version_33,0,temporal_array,48,46,12,0.6081125329947543,ok,0,0.6076714891910856,0.6081125329947543,0.0,0.35,0
als,6,version_33,0,temporal_array,96,42,24,0.609496084265244,ok,1,0.5966699155295646,0.5966699155295646,-0.012826168735679433,0.4625,5
als,6,version_33,0,temporal_array,96,43,24,0.609496084265244,ok,0,0.608240997229917,0.609496084265244,0.0,0.36250000000000004,0
als,6,version_33,0,temporal_array,96,44,24,0.609496084265244,ok,1,0.5967438699086899,0.5967438699086899,-0.012752214356554159,0.6875,5
als,6,version_33,0,temporal_array,96,45,24,0.609496084265244,ok,0,0.601520125850689,0.609496084265244,0.0,0.35,6
als,6,version_33,0,temporal_array,96,46,24,0.609496084265244,ok,1,0.5815757412537191,0.5815757412537191,-0.027920343011524906,0.7375,48
als,6,version_33,0,temporal_array,240,42,60,0.612356290174472,ok,1,0.5864873737373737,0.5864873737373737,-0.02586891643709832,0.678,6
als,6,version_33,0,temporal_array,240,43,60,0.612356290174472,ok,1,0.6077594123048669,0.6077594123048669,-0.004596877869605165,0.698,0
als,6,version_33,0,temporal_array,240,44,60,0.612356290174472,ok,1,0.5881505968778695,0.5881505968778695,-0.024205693296602493,0.772,5
als,6,version_33,0,temporal_array,240,45,60,0.612356290174472,ok,1,0.5820339761248852,0.5820339761248852,-0.03032231404958685,0.7460000000000001,8
als,6,version_33,0,temporal_array,240,46,60,0.612356290174472,ok,1,0.5911269513314967,0.5911269513314967,-0.021229338842975287,0.6679999999999999,4
als,6,version_33,0,temporal_array,480,42,120,0.6101347554630594,ok,1,0.5980707596253901,0.5980707596253901,-0.012063995837669261,0.5045,11
als,6,version_33,0,temporal_array,480,43,120,0.6101347554630594,ok,1,0.5862617065556712,0.5862617065556712,-0.023873048907388172,0.6645,47
als,6,version_33,0,temporal_array,480,44,120,0.6101347554630594,ok,1,0.6003017689906348,0.6003017689906348,-0.009832986472424587,0.6325,1
als,6,version_33,0,temporal_array,480,45,120,0.6101347554630594,ok,1,0.5982094172736733,0.5982094172736733,-0.011925338189386125,0.506,7
als,6,version_33,0,temporal_array,480,46,120,0.6101347554630594,ok,0,0.6020431841831425,0.6101347554630594,0.0,0.6675000000000001,0
als,6,version_34,0,stratified,24,42,6,0.5556649656493593,ungateable,,,0.5556649656493593,0.0,,
als,6,version_34,0,stratified,24,43,6,0.5562830294622804,ungateable,,,0.5562830294622804,0.0,,
als,6,version_34,0,stratified,24,44,6,0.5562644503897477,ungateable,,,0.5562644503897477,0.0,,
als,6,version_34,0,stratified,24,45,6,0.5553883439027613,ungateable,,,0.5553883439027613,0.0,,
als,6,version_34,0,stratified,24,46,6,0.5580133604174924,ungateable,,,0.5580133604174924,0.0,,
als,6,version_34,0,stratified,48,42,12,0.557355324267433,ok,1,0.5545267549868022,0.5545267549868022,-0.0028285692806307994,0.85,24
als,6,version_34,0,stratified,48,43,12,0.5574864679742056,ok,0,0.5572799375187945,0.5574864679742056,0.0,0.7,0
als,6,version_34,0,stratified,48,44,12,0.556456112800294,ok,0,0.5561098767082094,0.556456112800294,0.0,0.45,0
als,6,version_34,0,stratified,48,45,12,0.5553647799792842,ok,0,0.5551001954625948,0.5553647799792842,0.0,0.55,0
als,6,version_34,0,stratified,48,46,12,0.5596478332052525,ok,0,0.5592940793210599,0.5596478332052525,0.0,0.4,0
als,6,version_34,0,stratified,96,42,24,0.5587813344276872,ok,1,0.4829362025922506,0.4829362025922506,-0.07584513183543656,0.625,52
als,6,version_34,0,stratified,96,43,24,0.5563959850894292,ok,1,0.5388514842173661,0.5388514842173661,-0.017544500872063162,0.625,26
als,6,version_34,0,stratified,96,44,24,0.554720255805205,ok,1,0.5533858708662494,0.5533858708662494,-0.0013343849389556572,0.5,3
als,6,version_34,0,stratified,96,45,24,0.5540255976197804,ok,1,0.5483595379774974,0.5483595379774974,-0.005666059642283061,0.7625,21
als,6,version_34,0,stratified,96,46,24,0.5598367873875723,ok,1,0.5512999726411545,0.5512999726411545,-0.008536814746417765,0.4625,17
als,6,version_34,0,stratified,240,42,60,0.557257116620753,ok,1,0.5314648760330578,0.5314648760330578,-0.025792240587695137,0.696,43
als,6,version_34,0,stratified,240,43,60,0.5550202020202021,ok,1,0.5443976124885216,0.5443976124885216,-0.010622589531680493,0.798,34
als,6,version_34,0,stratified,240,44,60,0.5568096877869606,ok,0,0.5562410468319559,0.5568096877869606,0.0,0.658,0
als,6,version_34,0,stratified,240,45,60,0.5564214876033058,ok,1,0.5505707070707071,0.5505707070707071,-0.005850780532598687,0.5640000000000001,5
als,6,version_34,0,stratified,240,46,60,0.5591616161616162,ok,1,0.5550656565656565,0.5550656565656565,-0.004095959595959653,0.674,7
als,6,version_34,0,stratified,480,42,120,0.5523496357960458,ok,0,0.5511352757544224,0.5523496357960458,0.0,0.6355000000000001,0
als,6,version_34,0,stratified,480,43,120,0.5591719562955255,ok,1,0.5349068678459937,0.5349068678459937,-0.02426508844953179,0.6185,46
als,6,version_34,0,stratified,480,44,120,0.5542393340270552,ok,0,0.5532773152965661,0.5542393340270552,0.0,0.6575,0
als,6,version_34,0,stratified,480,45,120,0.5598636836628512,ok,1,0.5548865764828304,0.5548865764828304,-0.004977107180020868,0.5145,1
als,6,version_34,0,stratified,480,46,120,0.5616207075962539,ok,1,0.5487955254942767,0.5487955254942767,-0.01282518210197725,0.546,11
als,6,version_34,0,temporal_array,24,42,6,0.5568379244285904,ungateable,,,0.5568379244285904,0.0,,
als,6,version_34,0,temporal_array,24,43,6,0.5568379244285904,ungateable,,,0.5568379244285904,0.0,,
als,6,version_34,0,temporal_array,24,44,6,0.5568379244285904,ungateable,,,0.5568379244285904,0.0,,
als,6,version_34,0,temporal_array,24,45,6,0.5568379244285904,ungateable,,,0.5568379244285904,0.0,,
als,6,version_34,0,temporal_array,24,46,6,0.5568379244285904,ungateable,,,0.5568379244285904,0.0,,
als,6,version_34,0,temporal_array,48,42,12,0.5571707207056702,ok,0,0.5567447124862174,0.5571707207056702,0.0,0.6,0
als,6,version_34,0,temporal_array,48,43,12,0.5571707207056702,ok,0,0.5569925907982224,0.5571707207056702,0.0,0.85,0
als,6,version_34,0,temporal_array,48,44,12,0.5571707207056702,ok,0,0.5567158942831367,0.5571707207056702,0.0,0.9,0
als,6,version_34,0,temporal_array,48,45,12,0.5571707207056702,ok,0,0.5569468575628989,0.5571707207056702,0.0,0.55,0
als,6,version_34,0,temporal_array,48,46,12,0.5571707207056702,ok,0,0.5571377259514183,0.5571707207056702,0.0,0.25,0
als,6,version_34,0,temporal_array,96,42,24,0.558254249170685,ok,0,0.5580659433671898,0.558254249170685,0.0,0.3125,0
als,6,version_34,0,temporal_array,96,43,24,0.558254249170685,ok,0,0.5579975462535481,0.558254249170685,0.0,0.3875,0
als,6,version_34,0,temporal_array,96,44,24,0.558254249170685,ok,1,0.5579904928012038,0.5579904928012038,-0.00026375636948117176,0.525,0
als,6,version_34,0,temporal_array,96,45,24,0.558254249170685,ok,0,0.5578182175712185,0.558254249170685,0.0,0.3125,0
als,6,version_34,0,temporal_array,96,46,24,0.558254249170685,ok,1,0.5574445983379501,0.5574445983379501,-0.0008096508327348761,0.3375,3
als,6,version_34,0,temporal_array,240,42,60,0.5572176308539945,ok,1,0.5356629935720845,0.5356629935720845,-0.021554637281909983,0.646,21
als,6,version_34,0,temporal_array,240,43,60,0.5572176308539945,ok,1,0.5564949494949495,0.5564949494949495,-0.0007226813590449632,0.7080000000000001,0
als,6,version_34,0,temporal_array,240,44,60,0.5572176308539945,ok,0,0.5557245179063361,0.5572176308539945,0.0,0.6759999999999999,1
als,6,version_34,0,temporal_array,240,45,60,0.5572176308539945,ok,1,0.5487261248852158,0.5487261248852158,-0.008491505968778679,0.716,12
als,6,version_34,0,temporal_array,240,46,60,0.5572176308539945,ok,1,0.5379012855831038,0.5379012855831038,-0.019316345270890656,0.672,21
als,6,version_34,0,temporal_array,480,42,120,0.5557055150884495,ok,1,0.5515364203954214,0.5515364203954214,-0.004169094693028064,0.543,4
als,6,version_34,0,temporal_array,480,43,120,0.5557055150884495,ok,1,0.5490593132154007,0.5490593132154007,-0.006646201873048763,0.5229999999999999,29
als,6,version_34,0,temporal_array,480,44,120,0.5557055150884495,ok,1,0.5409430280957336,0.5409430280957336,-0.014762486992715873,0.6785,37
als,6,version_34,0,temporal_array,480,45,120,0.5557055150884495,ok,1,0.5511420395421436,0.5511420395421436,-0.004563475546305873,0.459,40
als,6,version_34,0,temporal_array,480,46,120,0.5557055150884495,ok,1,0.546628772112383,0.546628772112383,-0.009076742976066421,0.663,13
als,6,version_35,0,stratified,24,42,6,0.5495152926410358,ungateable,,,0.5495152926410358,0.0,,
als,6,version_35,0,stratified,24,43,6,0.5513302615933413,ungateable,,,0.5513302615933413,0.0,,
als,6,version_35,0,stratified,24,44,6,0.5502497853084951,ungateable,,,0.5502497853084951,0.0,,
als,6,version_35,0,stratified,24,45,6,0.5492316521337033,ungateable,,,0.5492316521337033,0.0,,
als,6,version_35,0,stratified,24,46,6,0.5526270808561237,ungateable,,,0.5526270808561237,0.0,,
als,6,version_35,0,stratified,48,42,12,0.5501946272845735,ok,1,0.5541610979317718,0.5541610979317718,0.00396647064719835,0.8500000000000001,15
als,6,version_35,0,stratified,48,43,12,0.5513164489291322,ok,0,0.5514066624344282,0.5513164489291322,0.0,0.9,0
als,6,version_35,0,stratified,48,44,12,0.5511410337799458,ok,1,0.551541982692372,0.551541982692372,0.0004009489124261467,0.5,0
als,6,version_35,0,stratified,48,45,12,0.549066540813258,ok,0,0.5492975040930203,0.549066540813258,0.0,0.55,0
als,6,version_35,0,stratified,48,46,12,0.5532681512913896,ok,0,0.5534803200908818,0.5532681512913896,0.0,0.2,0
als,6,version_35,0,stratified,96,42,24,0.5513093772442803,ok,1,0.5562063968400534,0.5562063968400534,0.0048970195957730445,0.6,20
als,6,version_35,0,stratified,96,43,24,0.5506792688348552,ok,1,0.5517011644608598,0.5517011644608598,0.001021895626004632,0.75,1
als,6,version_35,0,stratified,96,44,24,0.5502684586710441,ok,1,0.5519516688895729,0.5519516688895729,0.0016832102185287967,0.41250000000000003,7
als,6,version_35,0,stratified,96,45,24,0.5483294004992989,ok,1,0.5331841421292022,0.5331841421292022,-0.015145258370096726,0.725,47
als,6,version_35,0,stratified,96,46,24,0.553404893813481,ok,1,0.5538013833316233,0.5538013833316233,0.0003964895181423067,0.4625,0
als,6,version_35,0,stratified,240,42,60,0.5505325987144168,ok,1,0.5370222681359046,0.5370222681359046,-0.013510330578512253,0.772,29
als,6,version_35,0,stratified,240,43,60,0.5472130394857668,ok,1,0.5446577134986226,0.5446577134986226,-0.0025553259871442524,0.708,43
als,6,version_35,0,stratified,240,44,60,0.5504343434343434,ok,1,0.5509850780532599,0.5509850780532599,0.0005507346189165263,0.672,12
als,6,version_35,0,stratified,240,45,60,0.5512924701561065,ok,1,0.5535229568411386,0.5535229568411386,0.002230486685032118,0.5680000000000001,2
als,6,version_35,0,stratified,240,46,60,0.5535009182736456,ok,1,0.559556473829201,0.559556473829201,0.006055555555555481,0.5419999999999999,26
als,6,version_35,0,stratified,480,42,120,0.5456123829344433,ok,1,0.5482533818938605,0.5482533818938605,0.0026409989594172734,0.6615000000000002,8
als,6,version_35,0,stratified,480,43,120,0.5510910509885535,ok,1,0.5449440686784599,0.5449440686784599,-0.006146982310093585,0.6020000000000001,15
als,6,version_35,0,stratified,480,44,120,0.5495499479708637,ok,1,0.5486006763787721,0.5486006763787721,-0.0009492715920915717,0.722,15
als,6,version_35,0,stratified,480,45,120,0.5551581685744017,ok,0,0.5570837669094693,0.5551581685744017,0.0,0.44149999999999995,0
als,6,version_35,0,stratified,480,46,120,0.5556019771071801,ok,0,0.5573829344432881,0.5556019771071801,0.0,0.47000000000000003,0
als,6,version_35,0,temporal_array,24,42,6,0.5510879079138591,ungateable,,,0.5510879079138591,0.0,,
als,6,version_35,0,temporal_array,24,43,6,0.5510879079138591,ungateable,,,0.5510879079138591,0.0,,
als,6,version_35,0,temporal_array,24,44,6,0.5510879079138591,ungateable,,,0.5510879079138591,0.0,,
als,6,version_35,0,temporal_array,24,45,6,0.5510879079138591,ungateable,,,0.5510879079138591,0.0,,
als,6,version_35,0,temporal_array,24,46,6,0.5510879079138591,ungateable,,,0.5510879079138591,0.0,,
als,6,version_35,0,temporal_array,48,42,12,0.5515315413144442,ok,1,0.5520153947676166,0.5520153947676166,0.0004838534531724781,0.7,15
als,6,version_35,0,temporal_array,48,43,12,0.5515315413144442,ok,1,0.5525946824150489,0.5525946824150489,0.001063141100604792,0.8500000000000001,8
als,6,version_35,0,temporal_array,48,44,12,0.5515315413144442,ok,0,0.5518021818303318,0.5515315413144442,0.0,0.75,0
als,6,version_35,0,temporal_array,48,45,12,0.5515315413144442,ok,0,0.5519126516088074,0.5515315413144442,0.0,0.6000000000000001,0
als,6,version_35,0,temporal_array,48,46,12,0.5515315413144442,ok,1,0.553088141935915,0.553088141935915,0.0015566006214708938,0.4,10
als,6,version_35,0,temporal_array,96,42,24,0.5523652576861255,ok,0,0.5528566481994459,0.5523652576861255,0.0,0.33749999999999997,0
als,6,version_35,0,temporal_array,96,43,24,0.5523652576861255,ok,0,0.5530244348688486,0.5523652576861255,0.0,0.3625,0
als,6,version_35,0,temporal_array,96,44,24,0.5523652576861255,ok,0,0.5529068773297767,0.5523652576861255,0.0,0.5625,0
als,6,version_35,0,temporal_array,96,45,24,0.5523652576861255,ok,0,0.5526730446975138,0.5523652576861255,0.0,0.25,0
als,6,version_35,0,temporal_array,96,46,24,0.5523652576861255,ok,0,0.5532319773605554,0.5523652576861255,0.0,0.32499999999999996,0
als,6,version_35,0,temporal_array,240,42,60,0.5533048668503214,ok,1,0.5590996326905417,0.5590996326905417,0.005794765840220317,0.588,14
als,6,version_35,0,temporal_array,240,43,60,0.5533048668503214,ok,1,0.5583723599632691,0.5583723599632691,0.00506749311294763,0.624,15
als,6,version_35,0,temporal_array,240,44,60,0.5533048668503214,ok,1,0.5591198347107438,0.5591198347107438,0.005814967860422349,0.734,13
als,6,version_35,0,temporal_array,240,45,60,0.5533048668503214,ok,1,0.5587015610651974,0.5587015610651974,0.0053966942148759856,0.698,13
als,6,version_35,0,temporal_array,240,46,60,0.5533048668503214,ok,1,0.5578741965105601,0.5578741965105601,0.004569329660238708,0.5660000000000001,4
als,6,version_35,0,temporal_array,480,42,120,0.5514084287200832,ok,0,0.5528017689906348,0.5514084287200832,0.0,0.4875,0
als,6,version_35,0,temporal_array,480,43,120,0.5514084287200832,ok,1,0.5495465660770031,0.5495465660770031,-0.001861862643080081,0.6415,54
als,6,version_35,0,temporal_array,480,44,120,0.5514084287200832,ok,1,0.5543236212278876,0.5543236212278876,0.002915192507804365,0.615,14
als,6,version_35,0,temporal_array,480,45,120,0.5514084287200832,ok,1,0.5530408428720084,0.5530408428720084,0.0016324141519251656,0.5035000000000001,33
als,6,version_35,0,temporal_array,480,46,120,0.5514084287200832,ok,1,0.5523964620187305,0.5523964620187305,0.0009880332986472729,0.5675,0
als,6,version_36,0,stratified,24,42,6,0.5528915229885057,ungateable,,,0.5528915229885057,0.0,,
als,6,version_36,0,stratified,24,43,6,0.5539480529131986,ungateable,,,0.5539480529131986,0.0,,
als,6,version_36,0,stratified,24,44,6,0.5532397773814243,ungateable,,,0.5532397773814243,0.0,,
als,6,version_36,0,stratified,24,45,6,0.5524939308363059,ungateable,,,0.5524939308363059,0.0,,
als,6,version_36,0,stratified,24,46,6,0.5549857973312194,ungateable,,,0.5549857973312194,0.0,,
als,6,version_36,0,stratified,48,42,12,0.5547973955026897,ok,1,0.5537426075044272,0.5537426075044272,-0.0010547879982625297,0.6,6
als,6,version_36,0,stratified,48,43,12,0.5542849326739951,ok,0,0.5542231197166627,0.5542849326739951,0.0,0.8500000000000001,0
als,6,version_36,0,stratified,48,44,12,0.553186708543553,ok,0,0.5526686073707774,0.553186708543553,0.0,0.65,0
als,6,version_36,0,stratified,48,45,12,0.5528782702395669,ok,0,0.5523371980353503,0.5528782702395669,0.0,0.45,0
als,6,version_36,0,stratified,48,46,12,0.5556629857329012,ok,0,0.5555153446490027,0.5556629857329012,0.0,0.3,0
als,6,version_36,0,stratified,96,42,24,0.5560037703908894,ok,0,0.555458089668616,0.5560037703908894,0.0,0.475,0
als,6,version_36,0,stratified,96,43,24,0.5539625440306419,ok,0,0.5530797937827023,0.5539625440306419,0.0,0.6125,0
als,6,version_36,0,stratified,96,44,24,0.5514966143428748,ok,1,0.5471350159023289,0.5471350159023289,-0.004361598440545844,0.5125,5
als,6,version_36,0,stratified,96,45,24,0.5527262662015663,ok,1,0.5199860640880954,0.5199860640880954,-0.03274020211347084,0.6875,44
als,6,version_36,0,stratified,96,46,24,0.5547903628466878,ok,0,0.5540307274033035,0.5547903628466878,0.0,0.6,0
als,6,version_36,0,stratified,240,42,60,0.5555346648301194,ok,1,0.5479286042240588,0.5479286042240588,-0.007606060606060616,0.646,46
als,6,version_36,0,stratified,240,43,60,0.5519912764003673,ok,1,0.5284894398530762,0.5284894398530762,-0.0235018365472911,0.84,52
als,6,version_36,0,stratified,240,44,60,0.5495922865013774,ok,0,0.5490899908172635,0.5495922865013774,0.0,0.6960000000000001,0
als,6,version_36,0,stratified,240,45,60,0.5552059228650138,ok,1,0.5355651974288338,0.5355651974288338,-0.019640725436180007,0.634,6
als,6,version_36,0,stratified,240,46,60,0.5537607897153352,ok,1,0.5299866850321395,0.5299866850321395,-0.02377410468319563,0.6519999999999999,37
als,6,version_36,0,stratified,480,42,120,0.5512676899063476,ok,1,0.551633714880333,0.551633714880333,0.00036602497398541267,0.6194999999999999,78
als,6,version_36,0,stratified,480,43,120,0.5557008324661811,ok,1,0.5300299167533818,0.5300299167533818,-0.025670915712799225,0.6015,17
als,6,version_36,0,stratified,480,44,120,0.5468480749219562,ok,1,0.5455260145681582,0.5455260145681582,-0.0013220603537980047,0.7505,9
als,6,version_36,0,stratified,480,45,120,0.5592825182101977,ok,1,0.5394833506763786,0.5394833506763786,-0.01979916753381905,0.5345,4
als,6,version_36,0,stratified,480,46,120,0.555289802289282,ok,1,0.5432081165452654,0.5432081165452654,-0.01208168574401669,0.5725,22
als,6,version_36,0,temporal_array,24,42,6,0.5536772113224996,ungateable,,,0.5536772113224996,0.0,,
als,6,version_36,0,temporal_array,24,43,6,0.5536772113224996,ungateable,,,0.5536772113224996,0.0,,
als,6,version_36,0,temporal_array,24,44,6,0.5536772113224996,ungateable,,,0.5536772113224996,0.0,,
als,6,version_36,0,temporal_array,24,45,6,0.5536772113224996,ungateable,,,0.5536772113224996,0.0,,
als,6,version_36,0,temporal_array,24,46,6,0.5536772113224996,ungateable,,,0.5536772113224996,0.0,,
als,6,version_36,0,temporal_array,48,42,12,0.5542928681212201,ok,0,0.5537146246115807,0.5542928681212201,0.0,0.55,0
als,6,version_36,0,temporal_array,48,43,12,0.5542928681212201,ok,0,0.5538660245915333,0.5542928681212201,0.0,0.85,0
als,6,version_36,0,temporal_array,48,44,12,0.5542928681212201,ok,0,0.5538288532861104,0.5542928681212201,0.0,0.8500000000000001,0
als,6,version_36,0,temporal_array,48,45,12,0.5542928681212201,ok,0,0.5536899829596712,0.5542928681212201,0.0,0.65,0
als,6,version_36,0,temporal_array,48,46,12,0.5542928681212201,ok,0,0.5542705235724548,0.5542928681212201,0.0,0.2,0
als,6,version_36,0,temporal_array,96,42,24,0.5549812335419445,ok,1,0.5444074672548819,0.5444074672548819,-0.010573766287062636,0.575,25
als,6,version_36,0,temporal_array,96,43,24,0.5549812335419445,ok,1,0.5391885537430321,0.5391885537430321,-0.015792679798912412,0.5,18
als,6,version_36,0,temporal_array,96,44,24,0.5549812335419445,ok,1,0.5416431551588522,0.5416431551588522,-0.013338078383092311,0.6375,13
als,6,version_36,0,temporal_array,96,45,24,0.5549812335419445,ok,1,0.5347213672583017,0.5347213672583017,-0.020259866283642847,0.45,43
als,6,version_36,0,temporal_array,96,46,24,0.5549812335419445,ok,1,0.5449702472555659,0.5449702472555659,-0.010010986286378643,0.5375,26
als,6,version_36,0,temporal_array,240,42,60,0.5536953627180901,ok,1,0.5391969696969696,0.5391969696969696,-0.014498393021120437,0.606,11
als,6,version_36,0,temporal_array,240,43,60,0.5536953627180901,ok,1,0.5482901744719927,0.5482901744719927,-0.00540518824609737,0.7100000000000001,2
als,6,version_36,0,temporal_array,240,44,60,0.5536953627180901,ok,0,0.5524641873278238,0.5536953627180901,0.0,0.688,0
als,6,version_36,0,temporal_array,240,45,60,0.5536953627180901,ok,1,0.5403305785123967,0.5403305785123967,-0.013364784205693314,0.728,10
als,6,version_36,0,temporal_array,240,46,60,0.5536953627180901,ok,1,0.5515968778696052,0.5515968778696052,-0.0020984848484848495,0.636,0
als,6,version_36,0,temporal_array,480,42,120,0.5505569719042664,ok,1,0.543735691987513,0.543735691987513,-0.006821279916753409,0.5700000000000001,3
als,6,version_36,0,temporal_array,480,43,120,0.5505569719042664,ok,1,0.5475619146722165,0.5475619146722165,-0.002995057232049958,0.529,42
als,6,version_36,0,temporal_array,480,44,120,0.5505569719042664,ok,1,0.5495887096774194,0.5495887096774194,-0.0009682622268470942,0.7315,30
als,6,version_36,0,temporal_array,480,45,120,0.5505569719042664,ok,1,0.5491061394380853,0.5491061394380853,-0.0014508324661811622,0.514,33
als,6,version_36,0,temporal_array,480,46,120,0.5505569719042664,ok,1,0.5503834547346514,0.5503834547346514,-0.00017351716961500063,0.654,22
als,6,version_37,0,stratified,24,42,6,0.563296422909235,ungateable,,,0.563296422909235,0.0,,
als,6,version_37,0,stratified,24,43,6,0.5651105661249836,ungateable,,,0.5651105661249836,0.0,,
als,6,version_37,0,stratified,24,44,6,0.5646142984542212,ungateable,,,0.5646142984542212,0.0,,
als,6,version_37,0,stratified,24,45,6,0.5636044226449993,ungateable,,,0.5636044226449993,0.0,,
als,6,version_37,0,stratified,24,46,6,0.5667773153653058,ungateable,,,0.5667773153653058,0.0,,
als,6,version_37,0,stratified,48,42,12,0.5646104113067594,ok,1,0.5657817250826958,0.5657817250826958,0.0011713137759363779,0.7999999999999999,2
als,6,version_37,0,stratified,48,43,12,0.565391426375756,ok,0,0.5654551187811153,0.565391426375756,0.0,0.8500000000000001,0
als,6,version_37,0,stratified,48,44,12,0.5650631494537072,ok,1,0.5692875221357212,0.5692875221357212,0.004224372682014033,0.55,26
als,6,version_37,0,stratified,48,45,12,0.5636468809515853,ok,1,0.5622608924454543,0.5622608924454543,-0.0013859885061310306,0.6,9
als,6,version_37,0,stratified,48,46,12,0.5668490427344716,ok,0,0.5665078185037923,0.5668490427344716,0.0,0.25,0
als,6,version_37,0,stratified,96,42,24,0.565677473410622,ok,0,0.5660205276837318,0.565677473410622,0.0,0.5125000000000001,0
als,6,version_37,0,stratified,96,43,24,0.5653675489894326,ok,1,0.5667307889607058,0.5667307889607058,0.001363239971273189,0.6875,3
als,6,version_37,0,stratified,96,44,24,0.563884186587326,ok,1,0.5652987243938306,0.5652987243938306,0.0014145378065045788,0.525,11
als,6,version_37,0,stratified,96,45,24,0.5620738004856195,ok,1,0.5237502564891763,0.5237502564891763,-0.03832354399644322,0.9500000000000001,56
als,6,version_37,0,stratified,96,46,24,0.5666187886871175,ok,0,0.5668098731233542,0.5666187886871175,0.0,0.42500000000000004,0
als,6,version_37,0,stratified,240,42,60,0.5665179063360881,ok,1,0.5527988980716253,0.5527988980716253,-0.013719008264462818,0.7160000000000001,39
als,6,version_37,0,stratified,240,43,60,0.5636877869605142,ok,1,0.5408833792470156,0.5408833792470156,-0.022804407713498676,0.8200000000000001,25
als,6,version_37,0,stratified,240,44,60,0.5622502295684114,ok,1,0.5634295224977043,0.5634295224977043,0.0011792929292928633,0.752,13
als,6,version_37,0,stratified,240,45,60,0.5647116620752984,ok,1,0.5567362258953168,0.5567362258953168,-0.007975436179981643,0.654,15
als,6,version_37,0,stratified,240,46,60,0.5658627180899908,ok,1,0.5686157024793389,0.5686157024793389,0.002752984389348123,0.524,28
als,6,version_37,0,stratified,480,42,120,0.5613740894901145,ok,1,0.5598210197710718,0.5598210197710718,-0.0015530697190426768,0.651,70
als,6,version_37,0,stratified,480,43,120,0.5691503642039542,ok,1,0.5540587929240375,0.5540587929240375,-0.015091571279916671,0.655,11
als,6,version_37,0,stratified,480,44,120,0.5596144640998959,ok,1,0.5624339229968782,0.5624339229968782,0.0028194588969823187,0.7105,5
als,6,version_37,0,stratified,480,45,120,0.568713319458897,ok,0,0.5693043704474506,0.568713319458897,0.0,0.4315,2
als,6,version_37,0,stratified,480,46,120,0.5675228928199791,ok,0,0.568914151925078,0.5675228928199791,0.0,0.546,0
als,6,version_37,0,temporal_array,24,42,6,0.5646279231074118,ungateable,,,0.5646279231074118,0.0,,
als,6,version_37,0,temporal_array,24,43,6,0.5646279231074118,ungateable,,,0.5646279231074118,0.0,,
als,6,version_37,0,temporal_array,24,44,6,0.5646279231074118,ungateable,,,0.5646279231074118,0.0,,
als,6,version_37,0,temporal_array,24,45,6,0.5646279231074118,ungateable,,,0.5646279231074118,0.0,,
als,6,version_37,0,temporal_array,24,46,6,0.5646279231074118,ungateable,,,0.5646279231074118,0.0,,
als,6,version_37,0,temporal_array,48,42,12,0.5650405960773832,ok,0,0.5650666995222026,0.5650405960773832,0.0,0.6,0
als,6,version_37,0,temporal_array,48,43,12,0.5650405960773832,ok,1,0.5652103728824887,0.5652103728824887,0.00016977680510543713,0.65,4
als,6,version_37,0,temporal_array,48,44,12,0.5650405960773832,ok,0,0.5650280664238698,0.5650405960773832,0.0,0.75,0
als,6,version_37,0,temporal_array,48,45,12,0.5650405960773832,ok,0,0.5652832537004243,0.5650405960773832,0.0,0.7999999999999999,0
als,6,version_37,0,temporal_array,48,46,12,0.5650405960773832,ok,0,0.5653949764442513,0.5650405960773832,0.0,0.35,0
als,6,version_37,0,temporal_array,96,42,24,0.5656342977326356,ok,1,0.5662981772169214,0.5662981772169214,0.000663879484285812,0.5,1
als,6,version_37,0,temporal_array,96,43,24,0.5656342977326356,ok,1,0.567068072227352,0.567068072227352,0.0014337744947163777,0.6000000000000001,3
als,6,version_37,0,temporal_array,96,44,24,0.5656342977326356,ok,0,0.56590318388564,0.5656342977326356,0.0,0.7000000000000001,0
als,6,version_37,0,temporal_array,96,45,24,0.5656342977326356,ok,1,0.5675216305871892,0.5675216305871892,0.0018873328545535584,0.42500000000000004,5
als,6,version_37,0,temporal_array,96,46,24,0.5656342977326356,ok,0,0.5661301768065388,0.5656342977326356,0.0,0.39999999999999997,0
als,6,version_37,0,temporal_array,240,42,60,0.5662277318640955,ok,1,0.5675996326905417,0.5675996326905417,0.0013719008264462262,0.62,7
als,6,version_37,0,temporal_array,240,43,60,0.5662277318640955,ok,1,0.5683994490358126,0.5683994490358126,0.002171717171717158,0.68,7
als,6,version_37,0,temporal_array,240,44,60,0.5662277318640955,ok,0,0.5664400826446281,0.5662277318640955,0.0,0.742,0
als,6,version_37,0,temporal_array,240,45,60,0.5662277318640955,ok,1,0.5684671717171718,0.5684671717171718,0.002239439853076286,0.696,3
als,6,version_37,0,temporal_array,240,46,60,0.5662277318640955,ok,0,0.56678145087236,0.5662277318640955,0.0,0.5960000000000001,0
als,6,version_37,0,temporal_array,480,42,120,0.5654365244536941,ok,0,0.567149843912591,0.5654365244536941,0.0,0.5145,0
als,6,version_37,0,temporal_array,480,43,120,0.5654365244536941,ok,1,0.5651092611862643,0.5651092611862643,-0.0003272632674298226,0.5445,4
als,6,version_37,0,temporal_array,480,44,120,0.5654365244536941,ok,0,0.5670658168574402,0.5654365244536941,0.0,0.649,0
als,6,version_37,0,temporal_array,480,45,120,0.5654365244536941,ok,1,0.5682239854318418,0.5682239854318418,0.002787460978147749,0.4945,3
als,6,version_37,0,temporal_array,480,46,120,0.5654365244536941,ok,1,0.5693069719042664,0.5693069719042664,0.0038704474505723008,0.6180000000000001,5
als,6,version_38,0,stratified,24,42,6,0.5617873893513013,ungateable,,,0.5617873893513013,0.0,,
als,6,version_38,0,stratified,24,43,6,0.5628459836173867,ungateable,,,0.5628459836173867,0.0,,
als,6,version_38,0,stratified,24,44,6,0.5621552549874488,ungateable,,,0.5621552549874488,0.0,,
als,6,version_38,0,stratified,24,45,6,0.5611557008851895,ungateable,,,0.5611557008851895,0.0,,
als,6,version_38,0,stratified,24,46,6,0.5633183049279958,ungateable,,,0.5633183049279958,0.0,,
als,6,version_38,0,stratified,48,42,12,0.5630525577199371,ok,1,0.5650380901466805,0.5650380901466805,0.001985532426743375,0.7,10
als,6,version_38,0,stratified,48,43,12,0.5632663971398978,ok,0,0.5632208727321327,0.5632663971398978,0.0,0.75,0
als,6,version_38,0,stratified,48,44,12,0.5616438070099236,ok,1,0.5530818771091583,0.5530818771091583,-0.008561929900765208,0.44999999999999996,27
als,6,version_38,0,stratified,48,45,12,0.5608490093220622,ok,1,0.5599773630926527,0.5599773630926527,-0.0008716462294094951,0.8,10
als,6,version_38,0,stratified,48,46,12,0.5639580340138327,ok,0,0.563913344916302,0.5639580340138327,0.0,0.35,0
als,6,version_38,0,stratified,96,42,24,0.5643125235115077,ok,1,0.5458933945487501,0.5458933945487501,-0.018419128962757658,0.625,37
als,6,version_38,0,stratified,96,43,24,0.563152764953319,ok,1,0.5570641393933176,0.5570641393933176,-0.006088625560001448,0.7,13
als,6,version_38,0,stratified,96,44,24,0.5602693991313566,ok,1,0.5507763072398345,0.5507763072398345,-0.009493091891522143,0.6625000000000001,21
als,6,version_38,0,stratified,96,45,24,0.5600180397387231,ok,1,0.54662951848432,0.54662951848432,-0.013388521254403152,0.7250000000000001,24
als,6,version_38,0,stratified,96,46,24,0.5631305358913854,ok,1,0.5635738346841763,0.5635738346841763,0.0004432987927909249,0.6499999999999999,3
als,6,version_38,0,stratified,240,42,60,0.5636124885215794,ok,1,0.5482233700642791,0.5482233700642791,-0.015389118457300288,0.8180000000000001,61
als,6,version_38,0,stratified,240,43,60,0.5595261707988981,ok,1,0.5586751606978879,0.5586751606978879,-0.0008510101010101856,0.776,19
als,6,version_38,0,stratified,240,44,60,0.5588567493112948,ok,0,0.5586345270890725,0.5588567493112948,0.0,0.726,0
als,6,version_38,0,stratified,240,45,60,0.5614471992653811,ok,0,0.5611675849403123,0.5614471992653811,0.0,0.636,0
als,6,version_38,0,stratified,240,46,60,0.5632607897153352,ok,1,0.5323085399449036,0.5323085399449036,-0.03095224977043165,0.624,24
als,6,version_38,0,stratified,480,42,120,0.5618748699271592,ok,0,0.5620991155046826,0.5618748699271592,0.0,0.591,0
als,6,version_38,0,stratified,480,43,120,0.5615595733610822,ok,1,0.559337669094693,0.559337669094693,-0.0022219042663892408,0.581,50
als,6,version_38,0,stratified,480,44,120,0.5549510926118627,ok,1,0.5541230489073881,0.5541230489073881,-0.0008280437044746458,0.7215,0
als,6,version_38,0,stratified,480,45,120,0.5655046826222685,ok,1,0.5599133714880333,0.5599133714880333,-0.005591311134235166,0.5449999999999999,2
als,6,version_38,0,stratified,480,46,120,0.5665421436004163,ok,1,0.537716441207076,0.537716441207076,-0.02882570239334037,0.5505,23
als,6,version_38,0,temporal_array,24,42,6,0.5625840186946757,ungateable,,,0.5625840186946757,0.0,,
als,6,version_38,0,temporal_array,24,43,6,0.5625840186946757,ungateable,,,0.5625840186946757,0.0,,
als,6,version_38,0,temporal_array,24,44,6,0.5625840186946757,ungateable,,,0.5625840186946757,0.0,,
als,6,version_38,0,temporal_array,24,45,6,0.5625840186946757,ungateable,,,0.5625840186946757,0.0,,
als,6,version_38,0,temporal_array,24,46,6,0.5625840186946757,ungateable,,,0.5625840186946757,0.0,,
als,6,version_38,0,temporal_array,48,42,12,0.5631542567409535,ok,0,0.5630759464064954,0.5631542567409535,0.0,0.55,0
als,6,version_38,0,temporal_array,48,43,12,0.5631542567409535,ok,0,0.5631638628086472,0.5631542567409535,0.0,0.85,0
als,6,version_38,0,temporal_array,48,44,12,0.5631542567409535,ok,0,0.5630957850245581,0.5631542567409535,0.0,0.8500000000000001,0
als,6,version_38,0,temporal_array,48,45,12,0.5631542567409535,ok,0,0.5631832837715928,0.5631542567409535,0.0,0.75,0
als,6,version_38,0,temporal_array,48,46,12,0.5631542567409535,ok,0,0.5632895769988974,0.5631542567409535,0.0,0.25,0
als,6,version_38,0,temporal_array,96,42,24,0.5640246144112718,ok,0,0.5642238210047535,0.5640246144112718,0.0,0.525,0
als,6,version_38,0,temporal_array,96,43,24,0.5640246144112718,ok,0,0.5641419582093635,0.5640246144112718,0.0,0.5,0
als,6,version_38,0,temporal_array,96,44,24,0.5640246144112718,ok,1,0.5644820201087515,0.5644820201087515,0.00045740569747965143,0.6625,5
als,6,version_38,0,temporal_array,96,45,24,0.5640246144112718,ok,0,0.5641909048938134,0.5640246144112718,0.0,0.32500000000000007,0
als,6,version_38,0,temporal_array,96,46,24,0.5640246144112718,ok,1,0.564900097465887,0.564900097465887,0.000875483054615156,0.35000000000000003,5
als,6,version_38,0,temporal_array,240,42,60,0.5622887970615243,ok,1,0.5455123966942149,0.5455123966942149,-0.01677640036730943,0.564,9
als,6,version_38,0,temporal_array,240,43,60,0.5622887970615243,ok,1,0.5622803030303031,0.5622803030303031,-8.494031221273346e-06,0.6920000000000001,0
als,6,version_38,0,temporal_array,240,44,60,0.5622887970615243,ok,1,0.562220385674931,0.562220385674931,-6.841138659330337e-05,0.724,0
als,6,version_38,0,temporal_array,240,45,60,0.5622887970615243,ok,1,0.5566921487603306,0.5566921487603306,-0.005596648301193774,0.6719999999999999,6
als,6,version_38,0,temporal_array,240,46,60,0.5622887970615243,ok,1,0.5622786960514233,0.5622786960514233,-1.0101010101015717e-05,0.688,0
als,6,version_38,0,temporal_array,480,42,120,0.5636945889698232,ok,0,0.5639516129032258,0.5636945889698232,0.0,0.49700000000000005,0
als,6,version_38,0,temporal_array,480,43,120,0.5636945889698232,ok,1,0.5464937565036421,0.5464937565036421,-0.017200832466181093,0.6675,45
als,6,version_38,0,temporal_array,480,44,120,0.5636945889698232,ok,1,0.5641269510926119,0.5641269510926119,0.0004323621227887431,0.6825,0
als,6,version_38,0,temporal_array,480,45,120,0.5636945889698232,ok,1,0.5559911550468263,0.5559911550468263,-0.007703433922996883,0.509,25
als,6,version_38,0,temporal_array,480,46,120,0.5636945889698232,ok,1,0.5573275234131114,0.5573275234131114,-0.006367065556711737,0.6145,22
als,6,version_39,0,stratified,24,42,6,0.540998232923768,ungateable,,,0.540998232923768,0.0,,
als,6,version_39,0,stratified,24,43,6,0.5413735301889285,ungateable,,,0.5413735301889285,0.0,,
als,6,version_39,0,stratified,24,44,6,0.5418850739859955,ungateable,,,0.5418850739859955,0.0,,
als,6,version_39,0,stratified,24,45,6,0.5396828345884529,ungateable,,,0.5396828345884529,0.0,,
als,6,version_39,0,stratified,24,46,6,0.5421724303078346,ungateable,,,0.5421724303078346,0.0,,
als,6,version_39,0,stratified,48,42,12,0.5422608506799425,ok,1,0.539457967189014,0.539457967189014,-0.0028028834909284983,0.55,12
als,6,version_39,0,stratified,48,43,12,0.5417479701961309,ok,0,0.541767599986635,0.5417479701961309,0.0,0.8500000000000001,0
als,6,version_39,0,stratified,48,44,12,0.5421869257242139,ok,0,0.5418421514250393,0.5421869257242139,0.0,0.19999999999999996,0
als,6,version_39,0,stratified,48,45,12,0.5396626181963982,ok,0,0.5395122623542383,0.5396626181963982,0.0,0.8500000000000001,0
als,6,version_39,0,stratified,48,46,12,0.5429182398342745,ok,1,0.5420273814694778,0.5420273814694778,-0.0008908583647966317,0.44999999999999996,1
als,6,version_39,0,stratified,96,42,24,0.5441088711056393,ok,1,0.5344798399507541,0.5344798399507541,-0.009629031154885226,0.5375,22
als,6,version_39,0,stratified,96,43,24,0.5406475496734038,ok,1,0.5369669299955542,0.5369669299955542,-0.003680619677849606,0.7375,14
als,6,version_39,0,stratified,96,44,24,0.5411190622755719,ok,1,0.5392642180499984,0.5392642180499984,-0.001854844225573582,0.46249999999999997,8
als,6,version_39,0,stratified,96,45,24,0.5382780171676755,ok,1,0.5229203002633289,0.5229203002633289,-0.015357716904346619,0.8375,46
als,6,version_39,0,stratified,96,46,24,0.5425070962005403,ok,1,0.5401610752026265,0.5401610752026265,-0.0023460209979138114,0.5,3
als,6,version_39,0,stratified,240,42,60,0.5410835629017448,ok,1,0.5389676308539946,0.5389676308539946,-0.0021159320477501797,0.672,4
als,6,version_39,0,stratified,240,43,60,0.5396767676767676,ok,1,0.536886593204775,0.536886593204775,-0.0027901744719925903,0.778,10
als,6,version_39,0,stratified,240,44,60,0.5398824609733701,ok,0,0.5407860422405877,0.5398824609733701,0.0,0.602,8
als,6,version_39,0,stratified,240,45,60,0.5393471074380165,ok,1,0.5288363177226814,0.5288363177226814,-0.010510789715335145,0.6,14
als,6,version_39,0,stratified,240,46,60,0.5427988980716254,ok,1,0.5251758494031221,0.5251758494031221,-0.017623048668503283,0.6839999999999999,11
als,6,version_39,0,stratified,480,42,120,0.5407049947970863,ok,0,0.5413995837669094,0.5407049947970863,0.0,0.582,7
als,6,version_39,0,stratified,480,43,120,0.5430098855359001,ok,1,0.516639958376691,0.516639958376691,-0.02636992715920916,0.728,61
als,6,version_39,0,stratified,480,44,120,0.5389001040582726,ok,0,0.538111342351717,0.5389001040582726,0.0,0.6239999999999999,0
als,6,version_39,0,stratified,480,45,120,0.5427528616024974,ok,1,0.5296899063475546,0.5296899063475546,-0.01306295525494272,0.522,15
als,6,version_39,0,stratified,480,46,120,0.54439802289282,ok,1,0.49704318418314253,0.49704318418314253,-0.047354838709677494,0.545,21
als,6,version_39,0,temporal_array,24,42,6,0.5412740289338089,ungateable,,,0.5412740289338089,0.0,,
als,6,version_39,0,temporal_array,24,43,6,0.5412740289338089,ungateable,,,0.5412740289338089,0.0,,
als,6,version_39,0,temporal_array,24,44,6,0.5412740289338089,ungateable,,,0.5412740289338089,0.0,,
als,6,version_39,0,temporal_array,24,45,6,0.5412740289338089,ungateable,,,0.5412740289338089,0.0,,
als,6,version_39,0,temporal_array,24,46,6,0.5412740289338089,ungateable,,,0.5412740289338089,0.0,,
als,6,version_39,0,temporal_array,48,42,12,0.5416059674563133,ok,0,0.5414165608607037,0.5416059674563133,0.0,0.55,0
als,6,version_39,0,temporal_array,48,43,12,0.5416059674563133,ok,0,0.5415399779478098,0.5416059674563133,0.0,0.9,0
als,6,version_39,0,temporal_array,48,44,12,0.5416059674563133,ok,0,0.5412952320491831,0.5416059674563133,0.0,0.85,0
als,6,version_39,0,temporal_array,48,45,12,0.5416059674563133,ok,0,0.5415330866383775,0.5416059674563133,0.0,0.65,0
als,6,version_39,0,temporal_array,48,46,12,0.5416059674563133,ok,0,0.5416688245514384,0.5416059674563133,0.0,0.4,0
als,6,version_39,0,temporal_array,96,42,24,0.5433663349406654,ok,0,0.5431799528059916,0.5433663349406654,0.0,0.2375,0
als,6,version_39,0,temporal_array,96,43,24,0.5433663349406654,ok,1,0.5432107315071304,0.5432107315071304,-0.00015560343353504535,0.375,0
als,6,version_39,0,temporal_array,96,44,24,0.5433663349406654,ok,1,0.5431038610170651,0.5431038610170651,-0.00026247392360034816,0.4875,0
als,6,version_39,0,temporal_array,96,45,24,0.5433663349406654,ok,1,0.5432171437365343,0.5432171437365343,-0.0001491912041311494,0.325,0
als,6,version_39,0,temporal_array,96,46,24,0.5433663349406654,ok,0,0.5434543962244793,0.5433663349406654,0.0,0.35,0
als,6,version_39,0,temporal_array,240,42,60,0.5433172635445364,ok,1,0.5388250688705234,0.5388250688705234,-0.0044921946740129615,0.57,4
als,6,version_39,0,temporal_array,240,43,60,0.5433172635445364,ok,1,0.5384031221303949,0.5384031221303949,-0.004914141414141482,0.6799999999999999,5
als,6,version_39,0,temporal_array,240,44,60,0.5433172635445364,ok,0,0.5424501836547291,0.5433172635445364,0.0,0.6679999999999999,0
als,6,version_39,0,temporal_array,240,45,60,0.5433172635445364,ok,1,0.509830119375574,0.509830119375574,-0.03348714416896237,0.722,20
als,6,version_39,0,temporal_array,240,46,60,0.5433172635445364,ok,1,0.5292438016528925,0.5292438016528925,-0.014073461891643824,0.6639999999999999,10
als,6,version_39,0,temporal_array,480,42,120,0.5412835587929241,ok,0,0.5404573361082206,0.5412835587929241,0.0,0.475,0
als,6,version_39,0,temporal_array,480,43,120,0.5412835587929241,ok,0,0.5402299687825182,0.5412835587929241,0.0,0.4845,0
als,6,version_39,0,temporal_array,480,44,120,0.5412835587929241,ok,1,0.528630593132154,0.528630593132154,-0.012652965660770121,0.6005,20
als,6,version_39,0,temporal_array,480,45,120,0.5412835587929241,ok,0,0.5401997918834547,0.5412835587929241,0.0,0.458,0
als,6,version_39,0,temporal_array,480,46,120,0.5412835587929241,ok,0,0.5400249739854318,0.5412835587929241,0.0,0.5525,0
als,6,version_40,0,stratified,24,42,6,0.5539090368608799,ungateable,,,0.5539090368608799,0.0,,
als,6,version_40,0,stratified,24,43,6,0.5544160391068834,ungateable,,,0.5544160391068834,0.0,,
als,6,version_40,0,stratified,24,44,6,0.5544531972519487,ungateable,,,0.5544531972519487,0.0,,
als,6,version_40,0,stratified,24,45,6,0.5532269784647905,ungateable,,,0.5532269784647905,0.0,,
als,6,version_40,0,stratified,24,46,6,0.5557496036464527,ungateable,,,0.5557496036464527,0.0,,
als,6,version_40,0,stratified,48,42,12,0.5558868488756725,ok,1,0.5542895268802833,0.5542895268802833,-0.0015973219953892004,0.65,4
als,6,version_40,0,stratified,48,43,12,0.5547157439272946,ok,0,0.5548308079120585,0.5547157439272946,0.0,0.9,0
als,6,version_40,0,stratified,48,44,12,0.5552536837181329,ok,0,0.555242824685088,0.5552536837181329,0.0,0.55,0
als,6,version_40,0,stratified,48,45,12,0.553946423201577,ok,0,0.554135203314511,0.553946423201577,0.0,0.55,0
als,6,version_40,0,stratified,48,46,12,0.5563166159911792,ok,0,0.5561627100805239,0.5563166159911792,0.0,0.5,0
als,6,version_40,0,stratified,96,42,24,0.557635682774187,ok,0,0.5578509199411785,0.557635682774187,0.0,0.5,0
als,6,version_40,0,stratified,96,43,24,0.5530590609076297,ok,1,0.5537022075168427,0.5537022075168427,0.0006431466092130522,0.775,4
als,6,version_40,0,stratified,96,44,24,0.5535220238705927,ok,1,0.5539289866967614,0.5539289866967614,0.0004069628261686997,0.5,1
als,6,version_40,0,stratified,96,45,24,0.5524546014158203,ok,1,0.5344977941930851,0.5344977941930851,-0.017956807222735183,0.8375,49
als,6,version_40,0,stratified,96,46,24,0.5559137854382545,ok,1,0.5547277367395096,0.5547277367395096,-0.001186048698744946,0.6499999999999999,3
als,6,version_40,0,stratified,240,42,60,0.5565913682277319,ok,1,0.5488686868686868,0.5488686868686868,-0.0077226813590450805,0.6779999999999999,12
als,6,version_40,0,stratified,240,43,60,0.5512295684113866,ok,1,0.5437405876951331,0.5437405876951331,-0.007488980716253479,0.776,11
als,6,version_40,0,stratified,240,44,60,0.5517483930211203,ok,0,0.5521657483930211,0.5517483930211203,0.0,0.738,0
als,6,version_40,0,stratified,240,45,60,0.5533939393939393,ok,1,0.5483000459136823,0.5483000459136823,-0.005093893480257017,0.6659999999999999,9
als,6,version_40,0,stratified,240,46,60,0.5560105601469238,ok,1,0.5280422405876951,0.5280422405876951,-0.027968319559228738,0.578,39
als,6,version_40,0,stratified,480,42,120,0.5518418314255984,ok,1,0.5516238293444329,0.5516238293444329,-0.00021800208116551367,0.6255,42
als,6,version_40,0,stratified,480,43,120,0.555544745057232,ok,1,0.5521464620187304,0.5521464620187304,-0.0033982830385015372,0.5795,6
als,6,version_40,0,stratified,480,44,120,0.5491795005202914,ok,1,0.5521779396462019,0.5521779396462019,0.002998439125910468,0.707,5
als,6,version_40,0,stratified,480,45,120,0.5588126951092612,ok,1,0.5199021852237253,0.5199021852237253,-0.038910509885535904,0.521,19
als,6,version_40,0,stratified,480,46,120,0.5584609781477627,ok,1,0.5181516649323621,0.5181516649323621,-0.040309313215400655,0.5940000000000001,40
als,6,version_40,0,temporal_array,24,42,6,0.555093555951909,ungateable,,,0.555093555951909,0.0,,
als,6,version_40,0,temporal_array,24,43,6,0.555093555951909,ungateable,,,0.555093555951909,0.0,,
als,6,version_40,0,temporal_array,24,44,6,0.555093555951909,ungateable,,,0.555093555951909,0.0,,
als,6,version_40,0,temporal_array,24,45,6,0.555093555951909,ungateable,,,0.555093555951909,0.0,,
als,6,version_40,0,temporal_array,24,46,6,0.555093555951909,ungateable,,,0.555093555951909,0.0,,
als,6,version_40,0,temporal_array,48,42,12,0.5553464031541314,ok,1,0.5494104798021985,0.5494104798021985,-0.005935923351932937,0.55,14
als,6,version_40,0,temporal_array,48,43,12,0.5553464031541314,ok,0,0.5553969394233018,0.5553464031541314,0.0,0.8500000000000001,0
als,6,version_40,0,temporal_array,48,44,12,0.5553464031541314,ok,1,0.5548840589394901,0.5548840589394901,-0.00046234421464130815,0.9,2
als,6,version_40,0,temporal_array,48,45,12,0.5553464031541314,ok,1,0.5555888519496142,0.5555888519496142,0.00024244879548274145,0.7,7
als,6,version_40,0,temporal_array,48,46,12,0.5553464031541314,ok,0,0.5556061846369742,0.5553464031541314,0.0,0.2,0
als,6,version_40,0,temporal_array,96,42,24,0.5566806880749632,ok,1,0.5569175130809481,0.5569175130809481,0.00023682500598487533,0.275,1
als,6,version_40,0,temporal_array,96,43,24,0.5566806880749632,ok,0,0.5567802913717042,0.5566806880749632,0.0,0.35,0
als,6,version_40,0,temporal_array,96,44,24,0.5566806880749632,ok,1,0.5314735730652167,0.5314735730652167,-0.025207115009746484,0.525,31
als,6,version_40,0,temporal_array,96,45,24,0.5566806880749632,ok,1,0.5567580623097705,0.5567580623097705,7.737423480735917e-05,0.23750000000000002,0
als,6,version_40,0,temporal_array,96,46,24,0.5566806880749632,ok,1,0.5570970555042577,0.5570970555042577,0.0004163674292945174,0.2625,1
als,6,version_40,0,temporal_array,240,42,60,0.5580068870523416,ok,1,0.5575472910927456,0.5575472910927456,-0.0004595959595959931,0.622,5
als,6,version_40,0,temporal_array,240,43,60,0.5580068870523416,ok,1,0.5525615243342517,0.5525615243342517,-0.00544536271808993,0.628,13
als,6,version_40,0,temporal_array,240,44,60,0.5580068870523416,ok,1,0.5489116161616162,0.5489116161616162,-0.009095270890725371,0.694,10
als,6,version_40,0,temporal_array,240,45,60,0.5580068870523416,ok,1,0.5473730486685032,0.5473730486685032,-0.010633838383838357,0.6859999999999999,13
als,6,version_40,0,temporal_array,240,46,60,0.5580068870523416,ok,1,0.5566841138659321,0.5566841138659321,-0.0013227731864094983,0.698,4
als,6,version_40,0,temporal_array,480,42,120,0.5559281997918835,ok,0,0.5565946930280957,0.5559281997918835,0.0,0.5045000000000001,0
als,6,version_40,0,temporal_array,480,43,120,0.5559281997918835,ok,1,0.5477799167533819,0.5477799167533819,-0.00814828303850157,0.5775000000000001,59
als,6,version_40,0,temporal_array,480,44,120,0.5559281997918835,ok,1,0.5519781477627471,0.5519781477627471,-0.003950052029136342,0.6525000000000001,3
als,6,version_40,0,temporal_array,480,45,120,0.5559281997918835,ok,1,0.5564708636836629,0.5564708636836629,0.0005426638917794824,0.497,1
als,6,version_40,0,temporal_array,480,46,120,0.5559281997918835,ok,0,0.5565020811654526,0.5559281997918835,0.0,0.6395,0
als,7,version_31,0,stratified,24,42,6,0.5309816356189722,ungateable,,,0.5309816356189722,0.0,,
als,7,version_31,0,stratified,24,43,6,0.5315604769454353,ungateable,,,0.5315604769454353,0.0,,
als,7,version_31,0,stratified,24,44,6,0.5314267076231999,ungateable,,,0.5314267076231999,0.0,,
als,7,version_31,0,stratified,24,45,6,0.5318230611705641,ungateable,,,0.5318230611705641,0.0,,
als,7,version_31,0,stratified,24,46,6,0.5303751321178491,ungateable,,,0.5303751321178491,0.0,,
als,7,version_31,0,stratified,48,42,12,0.532151508570283,ok,1,0.5415126215376391,0.5415126215376391,0.009361112967356089,0.9,7
als,7,version_31,0,stratified,48,43,12,0.5332478532526981,ok,1,0.5573524006816131,0.5573524006816131,0.02410454742891499,0.7,38
als,7,version_31,0,stratified,48,44,12,0.5313980587390157,ok,1,0.5402711417020282,0.5402711417020282,0.00887308296301248,0.7,14
als,7,version_31,0,stratified,48,45,12,0.5324363493601524,ok,0,0.5315266965150857,0.5324363493601524,0.0,0.35000000000000003,0
als,7,version_31,0,stratified,48,46,12,0.5297449797854923,ok,0,0.5300239734037222,0.5297449797854923,0.0,0.7,0
als,7,version_31,0,stratified,96,42,24,0.5303264252248555,ok,0,0.5299134776512431,0.5303264252248555,0.0,0.41250000000000003,0
als,7,version_31,0,stratified,96,43,24,0.5334055777846175,ok,1,0.5658771074860641,0.5658771074860641,0.03247152970144662,0.7125,44
als,7,version_31,0,stratified,96,44,24,0.5342182209910742,ok,1,0.5591049382716049,0.5591049382716049,0.024886717280530712,0.475,18
als,7,version_31,0,stratified,96,45,24,0.5334175472795049,ok,1,0.5319732994767621,0.5319732994767621,-0.0014442478027427708,0.6125,0
als,7,version_31,0,stratified,96,46,24,0.5309060907629699,ok,1,0.5183620601210629,0.5183620601210629,-0.012544030641907011,0.75,13
als,7,version_31,0,stratified,240,42,60,0.5298149678604225,ok,1,0.5653762626262626,0.5653762626262626,0.035561294765840135,0.5820000000000001,88
als,7,version_31,0,stratified,240,43,60,0.5338576675849402,ok,1,0.5677063820018365,0.5677063820018365,0.0338487144168963,0.602,26
als,7,version_31,0,stratified,240,44,60,0.5333149678604224,ok,1,0.5305342056932967,0.5305342056932967,-0.00278076216712575,0.624,40
als,7,version_31,0,stratified,240,45,60,0.5288893480257116,ok,0,0.5289047291092746,0.5288893480257116,0.0,0.598,0
als,7,version_31,0,stratified,240,46,60,0.5319871441689623,ok,1,0.5088886593204776,0.5088886593204776,-0.023098484848484757,0.544,6
als,7,version_31,0,stratified,480,42,120,0.5329094693028096,ok,1,0.56985691987513,0.56985691987513,0.036947450572320406,0.5705,13
als,7,version_31,0,stratified,480,43,120,0.530665452653486,ok,1,0.5596142039542145,0.5596142039542145,0.028948751300728492,0.6709999999999999,8
als,7,version_31,0,stratified,480,44,120,0.534541623309053,ok,1,0.5718766909469303,0.5718766909469303,0.037335067637877306,0.5525,49
als,7,version_31,0,stratified,480,45,120,0.5247518210197711,ok,1,0.5657950052029137,0.5657950052029137,0.04104318418314257,0.6405,41
als,7,version_31,0,stratified,480,46,120,0.5367617065556711,ok,1,0.569028616024974,0.569028616024974,0.032266909469302885,0.679,42
als,7,version_31,0,temporal_array,24,42,6,0.5309089708019553,ungateable,,,0.5309089708019553,0.0,,
als,7,version_31,0,temporal_array,24,43,6,0.5309089708019553,ungateable,,,0.5309089708019553,0.0,,
als,7,version_31,0,temporal_array,24,44,6,0.5309089708019553,ungateable,,,0.5309089708019553,0.0,,
als,7,version_31,0,temporal_array,24,45,6,0.5309089708019553,ungateable,,,0.5309089708019553,0.0,,
als,7,version_31,0,temporal_array,24,46,6,0.5309089708019553,ungateable,,,0.5309089708019553,0.0,,
als,7,version_31,0,temporal_array,48,42,12,0.5302177653780614,ok,0,0.529484989475091,0.5302177653780614,0.0,0.65,0
als,7,version_31,0,temporal_array,48,43,12,0.5302177653780614,ok,0,0.5303530856360053,0.5302177653780614,0.0,0.65,0
als,7,version_31,0,temporal_array,48,44,12,0.5302177653780614,ok,0,0.5294519947208394,0.5302177653780614,0.0,0.55,0
als,7,version_31,0,temporal_array,48,45,12,0.5302177653780614,ok,1,0.5285438036686826,0.5285438036686826,-0.001673961709378835,0.04999999999999999,2
als,7,version_31,0,temporal_array,48,46,12,0.5302177653780614,ok,0,0.5298030338467707,0.5302177653780614,0.0,0.8,0
als,7,version_31,0,temporal_array,96,42,24,0.5308338463116856,ok,1,0.5114567302759824,0.5114567302759824,-0.019377116035703246,0.525,11
als,7,version_31,0,temporal_array,96,43,24,0.5308338463116856,ok,1,0.5598667111247906,0.5598667111247906,0.029032864813104964,0.6124999999999999,54
als,7,version_31,0,temporal_array,96,44,24,0.5308338463116856,ok,1,0.5300524092883281,0.5300524092883281,-0.0007814370233575341,0.575,0
als,7,version_31,0,temporal_array,96,45,24,0.5308338463116856,ok,0,0.5303858452173318,0.5308338463116856,0.0,0.625,0
als,7,version_31,0,temporal_array,96,46,24,0.5308338463116856,ok,1,0.5294654765568894,0.5294654765568894,-0.0013683697547962614,0.6625,3
als,7,version_31,0,temporal_array,240,42,60,0.529498163452709,ok,1,0.5578877410468319,0.5578877410468319,0.028389577594122972,0.58,13
als,7,version_31,0,temporal_array,240,43,60,0.529498163452709,ok,1,0.574795684113866,0.574795684113866,0.045297520661157,0.522,43
als,7,version_31,0,temporal_array,240,44,60,0.529498163452709,ok,0,0.5279198806244261,0.529498163452709,0.0,0.5920000000000001,0
als,7,version_31,0,temporal_array,240,45,60,0.529498163452709,ok,1,0.5620909090909091,0.5620909090909091,0.03259274563820014,0.532,20
als,7,version_31,0,temporal_array,240,46,60,0.529498163452709,ok,0,0.5282520661157024,0.529498163452709,0.0,0.55,0
als,7,version_31,0,temporal_array,480,42,120,0.5332356919875131,ok,1,0.5615665972944849,0.5615665972944849,0.0283309053069718,0.6045,16
als,7,version_31,0,temporal_array,480,43,120,0.5332356919875131,ok,1,0.5424136316337149,0.5424136316337149,0.009177939646201838,0.6104999999999999,9
als,7,version_31,0,temporal_array,480,44,120,0.5332356919875131,ok,0,0.5289492715920916,0.5332356919875131,0.0,0.5335,0
als,7,version_31,0,temporal_array,480,45,120,0.5332356919875131,ok,1,0.5738397502601458,0.5738397502601458,0.04060405827263269,0.6005,35
als,7,version_31,0,temporal_array,480,46,120,0.5332356919875131,ok,1,0.5742458376690946,0.5742458376690946,0.04101014568158157,0.5385,28
als,7,version_32,0,stratified,24,42,6,0.5143824729158409,ungateable,,,0.5143824729158409,0.0,,
als,7,version_32,0,stratified,24,43,6,0.5155393298322104,ungateable,,,0.5155393298322104,0.0,,
als,7,version_32,0,stratified,24,44,6,0.5143259099616858,ungateable,,,0.5143259099616858,0.0,,
als,7,version_32,0,stratified,24,45,6,0.5153233997225526,ungateable,,,0.5153233997225526,0.0,,
als,7,version_32,0,stratified,24,46,6,0.5141892505615009,ungateable,,,0.5141892505615009,0.0,,
als,7,version_32,0,stratified,48,42,12,0.5155779093855458,ok,1,0.5237967356076046,0.5237967356076046,0.008218826222058828,0.7,6
als,7,version_32,0,stratified,48,43,12,0.5176419609743059,ok,1,0.5566741287714256,0.5566741287714256,0.03903216779711971,0.65,39
als,7,version_32,0,stratified,48,44,12,0.5146001787563902,ok,0,0.5139480102910221,0.5146001787563902,0.0,0.5,0
als,7,version_32,0,stratified,48,45,12,0.5155916920044105,ok,0,0.5150552140064819,0.5155916920044105,0.0,0.39999999999999997,0
als,7,version_32,0,stratified,48,46,12,0.5141562113669016,ok,1,0.5169315296201009,0.5169315296201009,0.0027753182531993215,0.44999999999999996,3
als,7,version_32,0,stratified,96,42,24,0.5144473940699703,ok,1,0.5142458363257071,0.5142458363257071,-0.00020155774426322548,0.375,5
als,7,version_32,0,stratified,96,43,24,0.5163783300844704,ok,1,0.5580242638760644,0.5580242638760644,0.04164593379159398,0.825,45
als,7,version_32,0,stratified,96,44,24,0.5176218751068704,ok,1,0.54491168222701,0.54491168222701,0.02728980712013962,0.5,15
als,7,version_32,0,stratified,96,45,24,0.5160436117095859,ok,0,0.515235670804692,0.5160436117095859,0.0,0.575,0
als,7,version_32,0,stratified,96,46,24,0.5154096559625183,ok,1,0.5221942221538252,0.5221942221538252,0.006784566191306851,0.6875,34
als,7,version_32,0,stratified,240,42,60,0.5131797520661158,ok,1,0.5521042240587695,0.5521042240587695,0.0389244719926537,0.584,89
als,7,version_32,0,stratified,240,43,60,0.5153849862258952,ok,1,0.5565371900826447,0.5565371900826447,0.04115220385674945,0.63,20
als,7,version_32,0,stratified,240,44,60,0.5180057392102847,ok,1,0.5142456382001837,0.5142456382001837,-0.003760101010101047,0.656,37
als,7,version_32,0,stratified,240,45,60,0.5123285123966942,ok,0,0.5133576675849404,0.5123285123966942,0.0,0.598,0
als,7,version_32,0,stratified,240,46,60,0.5170080348943985,ok,0,0.5148787878787879,0.5170080348943985,0.0,0.434,0
als,7,version_32,0,stratified,480,42,120,0.5145189906347555,ok,1,0.5579914151925078,0.5579914151925078,0.043472424557752354,0.596,80
als,7,version_32,0,stratified,480,43,120,0.5158207596253902,ok,1,0.5582310093652445,0.5582310093652445,0.0424102497398543,0.642,21
als,7,version_32,0,stratified,480,44,120,0.5190913111342351,ok,1,0.5183964620187305,0.5183964620187305,-0.0006948491155046588,0.6805,50
als,7,version_32,0,stratified,480,45,120,0.5093909989594173,ok,1,0.554651144640999,0.554651144640999,0.045260145681581654,0.63,16
als,7,version_32,0,stratified,480,46,120,0.5166214880332987,ok,1,0.5455850676378773,0.5455850676378773,0.028963579604578626,0.673,41
als,7,version_32,0,temporal_array,24,42,6,0.5135592135685031,ungateable,,,0.5135592135685031,0.0,,
als,7,version_32,0,temporal_array,24,43,6,0.5135592135685031,ungateable,,,0.5135592135685031,0.0,,
als,7,version_32,0,temporal_array,24,44,6,0.5135592135685031,ungateable,,,0.5135592135685031,0.0,,
als,7,version_32,0,temporal_array,24,45,6,0.5135592135685031,ungateable,,,0.5135592135685031,0.0,,
als,7,version_32,0,temporal_array,24,46,6,0.5135592135685031,ungateable,,,0.5135592135685031,0.0,,
als,7,version_32,0,temporal_array,48,42,12,0.5125841575060978,ok,0,0.5119129857329012,0.5125841575060978,0.0,0.8,0
als,7,version_32,0,temporal_array,48,43,12,0.5125841575060978,ok,0,0.5126006548832236,0.5125841575060978,0.0,0.55,0
als,7,version_32,0,temporal_array,48,44,12,0.5125841575060978,ok,0,0.5119796017240803,0.5125841575060978,0.0,0.55,0
als,7,version_32,0,temporal_array,48,45,12,0.5125841575060978,ok,0,0.5119892077917739,0.5125841575060978,0.0,0.0,0
als,7,version_32,0,temporal_array,48,46,12,0.5125841575060978,ok,0,0.512615481639881,0.5125841575060978,0.0,1.0,0
als,7,version_32,0,temporal_array,96,42,24,0.5127143822030711,ok,1,0.5112829588591361,0.5112829588591361,-0.0014314233439349788,0.46249999999999997,2
als,7,version_32,0,temporal_array,96,43,24,0.5127143822030711,ok,1,0.5104831401114873,0.5104831401114873,-0.0022312420915837627,0.575,8
als,7,version_32,0,temporal_array,96,44,24,0.5127143822030711,ok,1,0.5118292808043501,0.5118292808043501,-0.0008851013987209999,0.6125,1
als,7,version_32,0,temporal_array,96,45,24,0.5127143822030711,ok,0,0.5125701070414829,0.5127143822030711,0.0,0.6749999999999999,0
als,7,version_32,0,temporal_array,96,46,24,0.5127143822030711,ok,0,0.511853647276085,0.5127143822030711,0.0,0.6499999999999999,0
als,7,version_32,0,temporal_array,240,42,60,0.5115929752066115,ok,1,0.5392474747474747,0.5392474747474747,0.027654499540863187,0.622,16
als,7,version_32,0,temporal_array,240,43,60,0.5115929752066115,ok,0,0.5108964646464647,0.5115929752066115,0.0,0.47400000000000003,0
als,7,version_32,0,temporal_array,240,44,60,0.5115929752066115,ok,1,0.5105906795224977,0.5105906795224977,-0.0010022956841138075,0.55,0
als,7,version_32,0,temporal_array,240,45,60,0.5115929752066115,ok,1,0.5527988980716253,0.5527988980716253,0.04120592286501379,0.638,32
als,7,version_32,0,temporal_array,240,46,60,0.5115929752066115,ok,0,0.5098677685950413,0.5115929752066115,0.0,0.484,0
als,7,version_32,0,temporal_array,480,42,120,0.516593912591051,ok,1,0.5513350676378772,0.5513350676378772,0.03474115504682618,0.667,54
als,7,version_32,0,temporal_array,480,43,120,0.516593912591051,ok,1,0.5371420395421437,0.5371420395421437,0.02054812695109265,0.586,8
als,7,version_32,0,temporal_array,480,44,120,0.516593912591051,ok,1,0.5512003121748179,0.5512003121748179,0.03460639958376688,0.5565,32
als,7,version_32,0,temporal_array,480,45,120,0.516593912591051,ok,1,0.5573714880332987,0.5573714880332987,0.04077757544224769,0.61,41
als,7,version_32,0,temporal_array,480,46,120,0.516593912591051,ok,1,0.5569131113423518,0.5569131113423518,0.040319198751300744,0.5275,15
als,7,version_33,0,stratified,24,42,6,0.5840636973180077,ungateable,,,0.5840636973180077,0.0,,
als,7,version_33,0,stratified,24,43,6,0.5840690646056282,ungateable,,,0.5840690646056282,0.0,,
als,7,version_33,0,stratified,24,44,6,0.5834753600211389,ungateable,,,0.5834753600211389,0.0,,
als,7,version_33,0,stratified,24,45,6,0.583810196195006,ungateable,,,0.583810196195006,0.0,,
als,7,version_33,0,stratified,24,46,6,0.5821830823094201,ungateable,,,0.5821830823094201,0.0,,
als,7,version_33,0,stratified,48,42,12,0.585700741755488,ok,1,0.5900723378662835,0.5900723378662835,0.004371596110795517,0.9500000000000001,1
als,7,version_33,0,stratified,48,43,12,0.5859108222793946,ok,1,0.5716265996190986,0.5716265996190986,-0.014284222660296053,0.7,30
als,7,version_33,0,stratified,48,44,12,0.5833906913027498,ok,0,0.5822239717331017,0.5833906913027498,0.0,0.44999999999999996,0
als,7,version_33,0,stratified,48,45,12,0.5845839319723345,ok,1,0.5462110327775735,0.5462110327775735,-0.038372899194760945,0.55,21
als,7,version_33,0,stratified,48,46,12,0.5823001937919744,ok,0,0.5826875689130944,0.5823001937919744,0.0,0.8,0
als,7,version_33,0,stratified,96,42,24,0.5828498512362779,ok,1,0.5805581204473171,0.5805581204473171,-0.002291730788960722,0.575,3
als,7,version_33,0,stratified,96,43,24,0.5861470195957731,ok,1,0.5857124841831675,0.5857124841831675,-0.00043453541260563,0.5875,22
als,7,version_33,0,stratified,96,44,24,0.5845469546185151,ok,1,0.5839942204438973,0.5839942204438973,-0.0005527341746178749,0.725,7
als,7,version_33,0,stratified,96,45,24,0.5825698505523068,ok,1,0.5599359632023528,0.5599359632023528,-0.022633887349953974,0.7125,5
als,7,version_33,0,stratified,96,46,24,0.583481669573544,ok,1,0.5797465459457611,0.5797465459457611,-0.0037351236277828326,0.7999999999999999,1
als,7,version_33,0,stratified,240,42,60,0.5825335169880624,ok,1,0.5794012855831038,0.5794012855831038,-0.003132231404958663,0.642,2
als,7,version_33,0,stratified,240,43,60,0.5866772268135905,ok,1,0.5902851239669422,0.5902851239669422,0.0036078971533517468,0.544,8
als,7,version_33,0,stratified,240,44,60,0.5833135904499541,ok,1,0.5845592286501378,0.5845592286501378,0.0012456382001836408,0.642,9
als,7,version_33,0,stratified,240,45,60,0.5790454545454545,ok,0,0.5775114784205694,0.5790454545454545,0.0,0.622,0
als,7,version_33,0,stratified,240,46,60,0.5857066115702478,ok,0,0.5775525711662075,0.5857066115702478,0.0,0.61,0
als,7,version_33,0,stratified,480,42,120,0.5865712799167534,ok,1,0.5759526534859523,0.5759526534859523,-0.010618626430801137,0.5635,41
als,7,version_33,0,stratified,480,43,120,0.5846576482830385,ok,1,0.591016129032258,0.591016129032258,0.0063584807492195194,0.6234999999999999,35
als,7,version_33,0,stratified,480,44,120,0.5849568158168574,ok,1,0.5909198751300728,0.5909198751300728,0.005963059313215391,0.47300000000000003,33
als,7,version_33,0,stratified,480,45,120,0.5769105098855358,ok,0,0.5720606139438085,0.5769105098855358,0.0,0.6214999999999999,0
als,7,version_33,0,stratified,480,46,120,0.5852039542143601,ok,1,0.5750957336108221,0.5750957336108221,-0.010108220603537998,0.605,51
als,7,version_33,0,temporal_array,24,42,6,0.5819427929713304,ungateable,,,0.5819427929713304,0.0,,
als,7,version_33,0,temporal_array,24,43,6,0.5819427929713304,ungateable,,,0.5819427929713304,0.0,,
als,7,version_33,0,temporal_array,24,44,6,0.5819427929713304,ungateable,,,0.5819427929713304,0.0,,
als,7,version_33,0,temporal_array,24,45,6,0.5819427929713304,ungateable,,,0.5819427929713304,0.0,,
als,7,version_33,0,temporal_array,24,46,6,0.5819427929713304,ungateable,,,0.5819427929713304,0.0,,
als,7,version_33,0,temporal_array,48,42,12,0.581323298473053,ok,0,0.5799847138227137,0.581323298473053,0.0,0.8,0
als,7,version_33,0,temporal_array,48,43,12,0.581323298473053,ok,1,0.5812865448227471,0.5812865448227471,-3.675365030586519e-05,0.65,6
als,7,version_33,0,temporal_array,48,44,12,0.581323298473053,ok,1,0.576262571419025,0.576262571419025,-0.005060727054027936,0.7,4
als,7,version_33,0,temporal_array,48,45,12,0.581323298473053,ok,1,0.5786611647565906,0.5786611647565906,-0.0026621337164624004,0.39999999999999997,29
als,7,version_33,0,temporal_array,48,46,12,0.581323298473053,ok,0,0.5801367402853419,0.581323298473053,0.0,0.9,0
als,7,version_33,0,temporal_array,96,42,24,0.5820983379501385,ok,1,0.5757436048698745,0.5757436048698745,-0.006354733080264019,0.5375,7
als,7,version_33,0,temporal_array,96,43,24,0.5820983379501385,ok,0,0.5675470657638249,0.5820983379501385,0.0,0.6125,11
als,7,version_33,0,temporal_array,96,44,24,0.5820983379501385,ok,1,0.5745101056735405,0.5745101056735405,-0.007588232276597995,0.75,17
als,7,version_33,0,temporal_array,96,45,24,0.5820983379501385,ok,0,0.5810510071474984,0.5820983379501385,0.0,0.5249999999999999,0
als,7,version_33,0,temporal_array,96,46,24,0.5820983379501385,ok,0,0.5805555555555556,0.5820983379501385,0.0,0.825,0
als,7,version_33,0,temporal_array,240,42,60,0.5788943985307622,ok,1,0.5708526170798898,0.5708526170798898,-0.00804178145087242,0.576,3
als,7,version_33,0,temporal_array,240,43,60,0.5788943985307622,ok,1,0.5707534435261707,0.5707534435261707,-0.008140955004591444,0.584,27
als,7,version_33,0,temporal_array,240,44,60,0.5788943985307622,ok,0,0.5730645087235996,0.5788943985307622,0.0,0.7840000000000001,0
als,7,version_33,0,temporal_array,240,45,60,0.5788943985307622,ok,1,0.5718053259871441,0.5718053259871441,-0.0070890725436181246,0.596,19
als,7,version_33,0,temporal_array,240,46,60,0.5788943985307622,ok,0,0.5742966023875115,0.5788943985307622,0.0,0.7060000000000001,0
als,7,version_33,0,temporal_array,480,42,120,0.5817731529656607,ok,0,0.5716155046826222,0.5817731529656607,0.0,0.596,0
als,7,version_33,0,temporal_array,480,43,120,0.5817731529656607,ok,0,0.5855764828303851,0.5817731529656607,0.0,0.7225,28
als,7,version_33,0,temporal_array,480,44,120,0.5817731529656607,ok,1,0.5684973985431843,0.5684973985431843,-0.013275754422476416,0.6004999999999999,8
als,7,version_33,0,temporal_array,480,45,120,0.5817731529656607,ok,0,0.5731670135275755,0.5817731529656607,0.0,0.5515,0
als,7,version_33,0,temporal_array,480,46,120,0.5817731529656607,ok,0,0.5792237252861603,0.5817731529656607,0.0,0.5135,0
als,7,version_34,0,stratified,24,42,6,0.5509132646320518,ungateable,,,0.5509132646320518,0.0,,
als,7,version_34,0,stratified,24,43,6,0.5511415807900647,ungateable,,,0.5511415807900647,0.0,,
als,7,version_34,0,stratified,24,44,6,0.5504194741709605,ungateable,,,0.5504194741709605,0.0,,
als,7,version_34,0,stratified,24,45,6,0.5518529528339279,ungateable,,,0.5518529528339279,0.0,,
als,7,version_34,0,stratified,24,46,6,0.5509743691372704,ungateable,,,0.5509743691372704,0.0,,
als,7,version_34,0,stratified,48,42,12,0.5525063483577801,ok,1,0.5636756991546661,0.5636756991546661,0.011169350796885968,0.65,14
als,7,version_34,0,stratified,48,43,12,0.5536557352400682,ok,1,0.5622249741053827,0.5622249741053827,0.008569238865314577,0.04999999999999999,9
als,7,version_34,0,stratified,48,44,12,0.5501937919743393,ok,0,0.5492998011961643,0.5501937919743393,0.0,0.65,0
als,7,version_34,0,stratified,48,45,12,0.5522106485348659,ok,0,0.5511276688161983,0.5522106485348659,0.0,0.44999999999999996,0
als,7,version_34,0,stratified,48,46,12,0.5507321494202946,ok,1,0.5299003474890575,0.5299003474890575,-0.020831801931237126,0.6,30
als,7,version_34,0,stratified,96,42,24,0.5509827810266407,ok,1,0.5485942255736808,0.5485942255736808,-0.0023885554529599062,0.4125,5
als,7,version_34,0,stratified,96,43,24,0.5527829075613009,ok,1,0.5939729318422763,0.5939729318422763,0.0411900242809754,0.6625,45
als,7,version_34,0,stratified,96,44,24,0.5526414110324545,ok,1,0.5993703190725352,0.5993703190725352,0.046728908040080785,0.55,22
als,7,version_34,0,stratified,96,45,24,0.5520724325433466,ok,1,0.5438523819294826,0.5438523819294826,-0.008220050613863994,0.625,7
als,7,version_34,0,stratified,96,46,24,0.5518856229267125,ok,1,0.567665264525837,0.567665264525837,0.015779641599124483,0.825,22
als,7,version_34,0,stratified,240,42,60,0.5480560146923783,ok,1,0.5855936639118458,0.5855936639118458,0.03753764921946745,0.622,30
als,7,version_34,0,stratified,240,43,60,0.5513833792470155,ok,1,0.5553080808080808,0.5553080808080808,0.00392470156106528,0.606,0
als,7,version_34,0,stratified,240,44,60,0.5506501377410468,ok,1,0.5993707529843894,0.5993707529843894,0.04872061524334259,0.6739999999999999,67
als,7,version_34,0,stratified,240,45,60,0.5478002754820936,ok,1,0.5639630394857668,0.5639630394857668,0.016162764003673113,0.6519999999999999,7
als,7,version_34,0,stratified,240,46,60,0.5535702479338843,ok,1,0.5829804866850321,0.5829804866850321,0.029410238751147788,0.616,45
als,7,version_34,0,stratified,480,42,120,0.5501774193548388,ok,1,0.596716441207076,0.596716441207076,0.04653902185223724,0.5685,12
als,7,version_34,0,stratified,480,43,120,0.5508449531737772,ok,1,0.6008995837669094,0.6008995837669094,0.0500546305931322,0.6649999999999999,12
als,7,version_34,0,stratified,480,44,120,0.5519131113423517,ok,1,0.6050728407908429,0.6050728407908429,0.05315972944849123,0.5915000000000001,44
als,7,version_34,0,stratified,480,45,120,0.5432367325702393,ok,1,0.5660611342351717,0.5660611342351717,0.02282440166493238,0.6309999999999999,4
als,7,version_34,0,stratified,480,46,120,0.5570608740894901,ok,1,0.6094440686784599,0.6094440686784599,0.052383194588969784,0.593,35
als,7,version_34,0,temporal_array,24,42,6,0.5503364876469812,ungateable,,,0.5503364876469812,0.0,,
als,7,version_34,0,temporal_array,24,43,6,0.5503364876469812,ungateable,,,0.5503364876469812,0.0,,
als,7,version_34,0,temporal_array,24,44,6,0.5503364876469812,ungateable,,,0.5503364876469812,0.0,,
als,7,version_34,0,temporal_array,24,45,6,0.5503364876469812,ungateable,,,0.5503364876469812,0.0,,
als,7,version_34,0,temporal_array,24,46,6,0.5503364876469812,ungateable,,,0.5503364876469812,0.0,,
als,7,version_34,0,temporal_array,48,42,12,0.5497460656887968,ok,1,0.5491717899027699,0.5491717899027699,-0.0005742757860268677,0.6,0
als,7,version_34,0,temporal_array,48,43,12,0.5497460656887968,ok,0,0.5498408734003808,0.5497460656887968,0.0,0.55,0
als,7,version_34,0,temporal_array,48,44,12,0.5497460656887968,ok,0,0.5491738781783554,0.5497460656887968,0.0,0.5,0
als,7,version_34,0,temporal_array,48,45,12,0.5497460656887968,ok,0,0.5488612633231982,0.5497460656887968,0.0,0.0,0
als,7,version_34,0,temporal_array,48,46,12,0.5497460656887968,ok,0,0.5496585669417622,0.5497460656887968,0.0,0.9,0
als,7,version_34,0,temporal_array,96,42,24,0.5505681235251872,ok,1,0.5963151055025477,0.5963151055025477,0.04574698197736049,0.75,42
als,7,version_34,0,temporal_array,96,43,24,0.5505681235251872,ok,1,0.5844417940562907,0.5844417940562907,0.03387367053110346,0.5125,22
als,7,version_34,0,temporal_array,96,44,24,0.5505681235251872,ok,1,0.558633853151397,0.558633853151397,0.008065729626209772,0.5625,15
als,7,version_34,0,temporal_array,96,45,24,0.5505681235251872,ok,0,0.5499286105126364,0.5505681235251872,0.0,0.6125,0
als,7,version_34,0,temporal_array,96,46,24,0.5505681235251872,ok,1,0.5523233644540201,0.5523233644540201,0.0017552409288328352,0.625,5
als,7,version_34,0,temporal_array,240,42,60,0.5494664830119376,ok,1,0.5976737832874197,0.5976737832874197,0.048207300275482146,0.556,21
als,7,version_34,0,temporal_array,240,43,60,0.5494664830119376,ok,1,0.5501361340679523,0.5501361340679523,0.0006696510560146862,0.546,2
als,7,version_34,0,temporal_array,240,44,60,0.5494664830119376,ok,1,0.5819944903581267,0.5819944903581267,0.0325280073461891,0.61,30
als,7,version_34,0,temporal_array,240,45,60,0.5494664830119376,ok,1,0.6045932047750229,0.6045932047750229,0.05512672176308531,0.6040000000000001,64
als,7,version_34,0,temporal_array,240,46,60,0.5494664830119376,ok,1,0.5790702479338843,0.5790702479338843,0.029603764921946718,0.596,13
als,7,version_34,0,temporal_array,480,42,120,0.5543074921956295,ok,1,0.6089609781477627,0.6089609781477627,0.05465348595213326,0.6105,23
als,7,version_34,0,temporal_array,480,43,120,0.5543074921956295,ok,1,0.5974128511966701,0.5974128511966701,0.04310535900104062,0.7319999999999999,12
als,7,version_34,0,temporal_array,480,44,120,0.5543074921956295,ok,1,0.5857565036420395,0.5857565036420395,0.03144901144640999,0.5589999999999999,6
als,7,version_34,0,temporal_array,480,45,120,0.5543074921956295,ok,1,0.6105598335067638,0.6105598335067638,0.056252341311134324,0.6040000000000001,35
als,7,version_34,0,temporal_array,480,46,120,0.5543074921956295,ok,1,0.6127112382934443,0.6127112382934443,0.058403746097814846,0.5149999999999999,51
als,7,version_35,0,stratified,24,42,6,0.509869409763509,ungateable,,,0.509869409763509,0.0,,
als,7,version_35,0,stratified,24,43,6,0.5111777893380895,ungateable,,,0.5111777893380895,0.0,,
als,7,version_35,0,stratified,24,44,6,0.511074159400185,ungateable,,,0.511074159400185,0.0,,
als,7,version_35,0,stratified,24,45,6,0.511209993063813,ungateable,,,0.511209993063813,0.0,,
als,7,version_35,0,stratified,24,46,6,0.5104523797727573,ungateable,,,0.5104523797727573,0.0,,
als,7,version_35,0,stratified,48,42,12,0.511205477964516,ok,1,0.514017549868021,0.514017549868021,0.0028120719035049646,0.55,3
als,7,version_35,0,stratified,48,43,12,0.5128806926392463,ok,1,0.5357510691970998,0.5357510691970998,0.02287037655785351,0.65,66
als,7,version_35,0,stratified,48,44,12,0.5110271392295098,ok,0,0.5096248621738113,0.5110271392295098,0.0,0.75,0
als,7,version_35,0,stratified,48,45,12,0.5118223545724883,ok,1,0.49851043302482545,0.49851043302482545,-0.013311921547662808,0.5,6
als,7,version_35,0,stratified,48,46,12,0.5098305573189883,ok,0,0.5086886882288082,0.5098305573189883,0.0,0.55,0
als,7,version_35,0,stratified,96,42,24,0.5100024366471735,ok,1,0.5664163759789337,0.5664163759789337,0.0564139393317602,0.7375,29
als,7,version_35,0,stratified,96,43,24,0.5119936476180705,ok,1,0.5733101638110872,0.5733101638110872,0.0613165161930167,0.7749999999999999,67
als,7,version_35,0,stratified,96,44,24,0.5135979874149311,ok,1,0.5605045142095004,0.5605045142095004,0.0469065267945693,0.7250000000000001,56
als,7,version_35,0,stratified,96,45,24,0.5127810693888717,ok,1,0.5659771382647653,0.5659771382647653,0.053196068875893565,0.7499999999999999,52
als,7,version_35,0,stratified,96,46,24,0.5095852142539585,ok,1,0.5029231216442666,0.5029231216442666,-0.006662092609691972,0.6250000000000001,1
als,7,version_35,0,stratified,240,42,60,0.5098831496786043,ok,1,0.5618386134067952,0.5618386134067952,0.05195546372819093,0.7440000000000001,51
als,7,version_35,0,stratified,240,43,60,0.5118657024793388,ok,1,0.5914283746556475,0.5914283746556475,0.07956267217630864,0.726,31
als,7,version_35,0,stratified,240,44,60,0.5129116161616162,ok,1,0.5621905417814509,0.5621905417814509,0.04927892561983471,0.64,61
als,7,version_35,0,stratified,240,45,60,0.5063225436179981,ok,1,0.5808195592286501,0.5808195592286501,0.07449701561065203,0.704,32
als,7,version_35,0,stratified,240,46,60,0.509709595959596,ok,1,0.5242004132231405,0.5242004132231405,0.014490817263544509,0.5720000000000001,26
als,7,version_35,0,stratified,480,42,120,0.5119708636836628,ok,1,0.5911415192507804,0.5911415192507804,0.07917065556711755,0.6265,19
als,7,version_35,0,stratified,480,43,120,0.5109019250780437,ok,1,0.5747671696149843,0.5747671696149843,0.06386524453694065,0.6164999999999999,10
als,7,version_35,0,stratified,480,44,120,0.51605098855359,ok,1,0.5898491155046827,0.5898491155046827,0.07379812695109267,0.6025,41
als,7,version_35,0,stratified,480,45,120,0.506676638917794,ok,1,0.5881285119667015,0.5881285119667015,0.08145187304890744,0.563,30
als,7,version_35,0,stratified,480,46,120,0.5137359521331946,ok,1,0.592697710718002,0.592697710718002,0.07896175858480747,0.5874999999999999,48
als,7,version_35,0,temporal_array,24,42,6,0.5100130879244286,ungateable,,,0.5100130879244286,0.0,,
als,7,version_35,0,temporal_array,24,43,6,0.5100130879244286,ungateable,,,0.5100130879244286,0.0,,
als,7,version_35,0,temporal_array,24,44,6,0.5100130879244286,ungateable,,,0.5100130879244286,0.0,,
als,7,version_35,0,temporal_array,24,45,6,0.5100130879244286,ungateable,,,0.5100130879244286,0.0,,
als,7,version_35,0,temporal_array,24,46,6,0.5100130879244286,ungateable,,,0.5100130879244286,0.0,,
als,7,version_35,0,temporal_array,48,42,12,0.5092353987771059,ok,0,0.5074668381837014,0.5092353987771059,0.0,0.6,0
als,7,version_35,0,temporal_array,48,43,12,0.5092353987771059,ok,0,0.5089800026729927,0.5092353987771059,0.0,0.65,0
als,7,version_35,0,temporal_array,48,44,12,0.5092353987771059,ok,0,0.5075380483811688,0.5092353987771059,0.0,0.6,0
als,7,version_35,0,temporal_array,48,45,12,0.5092353987771059,ok,0,0.5073599184737212,0.5092353987771059,0.0,0.09999999999999998,0
als,7,version_35,0,temporal_array,48,46,12,0.5092353987771059,ok,0,0.5090553894216312,0.5092353987771059,0.0,0.8,0
als,7,version_35,0,temporal_array,96,42,24,0.5101576125987484,ok,1,0.568527495639684,0.568527495639684,0.0583698830409356,0.5375,54
als,7,version_35,0,temporal_array,96,43,24,0.5101576125987484,ok,1,0.5189353134297733,0.5189353134297733,0.008777700831024915,0.3875,16
als,7,version_35,0,temporal_array,96,44,24,0.5101576125987484,ok,0,0.5074809343045723,0.5101576125987484,0.0,0.5375,0
als,7,version_35,0,temporal_array,96,45,24,0.5101576125987484,ok,0,0.5086308607776752,0.5101576125987484,0.0,0.6,0
als,7,version_35,0,temporal_array,96,46,24,0.5101576125987484,ok,0,0.5080909510618652,0.5101576125987484,0.0,0.6124999999999999,0
als,7,version_35,0,temporal_array,240,42,60,0.5099185032139578,ok,1,0.594922865013774,0.594922865013774,0.08500436179981619,0.5700000000000001,77
als,7,version_35,0,temporal_array,240,43,60,0.5099185032139578,ok,1,0.5004219467401285,0.5004219467401285,-0.009496556473829298,0.47000000000000003,3
als,7,version_35,0,temporal_array,240,44,60,0.5099185032139578,ok,0,0.5045022956841139,0.5099185032139578,0.0,0.596,0
als,7,version_35,0,temporal_array,240,45,60,0.5099185032139578,ok,1,0.5929995408631772,0.5929995408631772,0.08308103764921937,0.534,54
als,7,version_35,0,temporal_array,240,46,60,0.5099185032139578,ok,1,0.5755307621671258,0.5755307621671258,0.06561225895316802,0.618,18
als,7,version_35,0,temporal_array,480,42,120,0.5121891259105099,ok,1,0.5974947970863684,0.5974947970863684,0.08530567117585852,0.6555,54
als,7,version_35,0,temporal_array,480,43,120,0.5121891259105099,ok,1,0.5940340790842873,0.5940340790842873,0.08184495317377738,0.715,25
als,7,version_35,0,temporal_array,480,44,120,0.5121891259105099,ok,1,0.5750197710718001,0.5750197710718001,0.06283064516129022,0.5215000000000001,8
als,7,version_35,0,temporal_array,480,45,120,0.5121891259105099,ok,1,0.5983054110301769,0.5983054110301769,0.08611628511966696,0.6094999999999999,35
als,7,version_35,0,temporal_array,480,46,120,0.5121891259105099,ok,1,0.5970905306971904,0.5970905306971904,0.08490140478668051,0.6095,50
als,7,version_36,0,stratified,24,42,6,0.5243678986656097,ungateable,,,0.5243678986656097,0.0,,
als,7,version_36,0,stratified,24,43,6,0.5250706004756243,ungateable,,,0.5250706004756243,0.0,,
als,7,version_36,0,stratified,24,44,6,0.5239913627956136,ungateable,,,0.5239913627956136,0.0,,
als,7,version_36,0,stratified,24,45,6,0.5243472552516846,ungateable,,,0.5243472552516846,0.0,,
als,7,version_36,0,stratified,24,46,6,0.5237799742370194,ungateable,,,0.5237799742370194,0.0,,
als,7,version_36,0,stratified,48,42,12,0.5257392495572856,ok,1,0.531036369407598,0.531036369407598,0.005297119850312448,0.5,4
als,7,version_36,0,stratified,48,43,12,0.5272198369474423,ok,1,0.5416113969728357,0.5416113969728357,0.014391560025393324,0.09999999999999998,10
als,7,version_36,0,stratified,48,44,12,0.5235624310869057,ok,1,0.5295035751278026,0.5295035751278026,0.005941144040896851,0.9,2
als,7,version_36,0,stratified,48,45,12,0.5246946941093922,ok,1,0.5112292843061914,0.5112292843061914,-0.013465409803200767,0.55,6
als,7,version_36,0,stratified,48,46,12,0.523348174011828,ok,1,0.5147511610812256,0.5147511610812256,-0.008597012930602332,0.5,7
als,7,version_36,0,stratified,96,42,24,0.5240086693341541,ok,1,0.5282462980062241,0.5282462980062241,0.004237628672070004,0.41250000000000003,7
als,7,version_36,0,stratified,96,43,24,0.5276965562053282,ok,1,0.6049256608871105,0.6049256608871105,0.07722910468178235,0.9750000000000001,27
als,7,version_36,0,stratified,96,44,24,0.526069987346534,ok,1,0.5492880287951848,0.5492880287951848,0.023218041448650806,0.5125,5
als,7,version_36,0,stratified,96,45,24,0.5248426866386239,ok,1,0.5130146882801546,0.5130146882801546,-0.01182799835846926,0.5875,8
als,7,version_36,0,stratified,96,46,24,0.5243587770596081,ok,1,0.508195256660169,0.508195256660169,-0.016163520399439135,0.675,8
als,7,version_36,0,stratified,240,42,60,0.5219637281910009,ok,1,0.574850321395776,0.574850321395776,0.05288659320477507,0.6080000000000001,19
als,7,version_36,0,stratified,240,43,60,0.527123507805326,ok,1,0.5992029384756657,0.5992029384756657,0.07207943067033973,0.734,15
als,7,version_36,0,stratified,240,44,60,0.5236744719926538,ok,1,0.6045601469237832,0.6045601469237832,0.08088567493112941,0.646,54
als,7,version_36,0,stratified,240,45,60,0.5193108356290175,ok,0,0.5229993112947658,0.5193108356290175,0.0,0.6839999999999999,0
als,7,version_36,0,stratified,240,46,60,0.5262594123048668,ok,1,0.6190123966942149,0.6190123966942149,0.09275298438934809,0.688,99
als,7,version_36,0,stratified,480,42,120,0.5257065556711759,ok,1,0.5993532778355879,0.5993532778355879,0.07364672216441204,0.5685,8
als,7,version_36,0,stratified,480,43,120,0.5266628511966701,ok,1,0.6049287200832466,0.6049287200832466,0.0782658688865765,0.624,25
als,7,version_36,0,stratified,480,44,120,0.5240468262226846,ok,1,0.6064596774193549,0.6064596774193549,0.0824128511966703,0.6240000000000001,18
als,7,version_36,0,stratified,480,45,120,0.5170317377731529,ok,1,0.6044032258064516,0.6044032258064516,0.08737148803329864,0.5915,44
als,7,version_36,0,stratified,480,46,120,0.5314927159209157,ok,1,0.601442767950052,0.601442767950052,0.06995005202913629,0.5970000000000001,62
als,7,version_36,0,temporal_array,24,42,6,0.5236301030519224,ungateable,,,0.5236301030519224,0.0,,
als,7,version_36,0,temporal_array,24,43,6,0.5236301030519224,ungateable,,,0.5236301030519224,0.0,,
als,7,version_36,0,temporal_array,24,44,6,0.5236301030519224,ungateable,,,0.5236301030519224,0.0,,
als,7,version_36,0,temporal_array,24,45,6,0.5236301030519224,ungateable,,,0.5236301030519224,0.0,,
als,7,version_36,0,temporal_array,24,46,6,0.5236301030519224,ungateable,,,0.5236301030519224,0.0,,
als,7,version_36,0,temporal_array,48,42,12,0.5228791473153129,ok,1,0.5319790170069164,0.5319790170069164,0.00909986969160348,0.75,2
als,7,version_36,0,temporal_array,48,43,12,0.5228791473153129,ok,0,0.5240878412242307,0.5228791473153129,0.0,0.6,0
als,7,version_36,0,temporal_array,48,44,12,0.5228791473153129,ok,0,0.5256220972969361,0.5228791473153129,0.0,0.55,0
als,7,version_36,0,temporal_array,48,45,12,0.5228791473153129,ok,0,0.5247241387951486,0.5228791473153129,0.0,0.04999999999999999,0
als,7,version_36,0,temporal_array,48,46,12,0.5228791473153129,ok,1,0.5385863209596043,0.5385863209596043,0.015707173644291417,0.9500000000000001,6
als,7,version_36,0,temporal_array,96,42,24,0.5238376765500496,ok,1,0.596559197701857,0.596559197701857,0.0727215211518073,0.625,38
als,7,version_36,0,temporal_array,96,43,24,0.5238376765500496,ok,1,0.5974235662255053,0.5974235662255053,0.07358588967545565,0.5375,25
als,7,version_36,0,temporal_array,96,44,24,0.5238376765500496,ok,0,0.5265282480079341,0.5238376765500496,0.0,0.525,0
als,7,version_36,0,temporal_array,96,45,24,0.5238376765500496,ok,1,0.5421428815703977,0.5421428815703977,0.018305205020348048,0.625,5
als,7,version_36,0,temporal_array,96,46,24,0.5238376765500496,ok,1,0.5736698898806469,0.5736698898806469,0.049832213330597286,0.5875,16
als,7,version_36,0,temporal_array,240,42,60,0.5231023875114784,ok,1,0.5693661616161616,0.5693661616161616,0.046263774104683186,0.556,5
als,7,version_36,0,temporal_array,240,43,60,0.5231023875114784,ok,1,0.5993730486685032,0.5993730486685032,0.07627066115702474,0.538,15
als,7,version_36,0,temporal_array,240,44,60,0.5231023875114784,ok,1,0.5333344811753902,0.5333344811753902,0.010232093663911757,0.5980000000000001,1
als,7,version_36,0,temporal_array,240,45,60,0.5231023875114784,ok,1,0.6092979797979797,0.6092979797979797,0.08619559228650131,0.638,52
als,7,version_36,0,temporal_array,240,46,60,0.5231023875114784,ok,1,0.5673314967860422,0.5673314967860422,0.044229109274563805,0.5680000000000001,5
als,7,version_36,0,temporal_array,480,42,120,0.5268288241415192,ok,1,0.6091077003121749,0.6091077003121749,0.08227887617065566,0.6609999999999999,50
als,7,version_36,0,temporal_array,480,43,120,0.5268288241415192,ok,1,0.6017458376690946,0.6017458376690946,0.0749170135275754,0.7030000000000001,87
als,7,version_36,0,temporal_array,480,44,120,0.5268288241415192,ok,1,0.5781977107180021,0.5781977107180021,0.051368886576482864,0.532,3
als,7,version_36,0,temporal_array,480,45,120,0.5268288241415192,ok,1,0.6139021852237253,0.6139021852237253,0.08707336108220609,0.622,49
als,7,version_36,0,temporal_array,480,46,120,0.5268288241415192,ok,1,0.6127825182101977,0.6127825182101977,0.08595369406867848,0.611,83
als,7,version_37,0,stratified,24,42,6,0.5254774821640904,ungateable,,,0.5254774821640904,0.0,,
als,7,version_37,0,stratified,24,43,6,0.5262028917294226,ungateable,,,0.5262028917294226,0.0,,
als,7,version_37,0,stratified,24,44,6,0.5254667475888493,ungateable,,,0.5254667475888493,0.0,,
als,7,version_37,0,stratified,24,45,6,0.52671154544854,ungateable,,,0.52671154544854,0.0,,
als,7,version_37,0,stratified,24,46,6,0.5250196112432289,ungateable,,,0.5250196112432289,0.0,,
als,7,version_37,0,stratified,48,42,12,0.526377635403789,ok,1,0.5270402452470848,0.5270402452470848,0.0006626098432958027,0.55,0
als,7,version_37,0,stratified,48,43,12,0.5278962294096028,ok,1,0.5827650439373183,0.5827650439373183,0.054868814527715526,0.55,39
als,7,version_37,0,stratified,48,44,12,0.5253765160880751,ok,0,0.525228248521501,0.5253765160880751,0.0,0.75,0
als,7,version_37,0,stratified,48,45,12,0.5272856176283871,ok,0,0.5254702796618664,0.5272856176283871,0.0,0.4,0
als,7,version_37,0,stratified,48,46,12,0.5249592786260817,ok,0,0.5243994119415951,0.5249592786260817,0.0,0.55,0
als,7,version_37,0,stratified,96,42,24,0.5260778957627988,ok,1,0.5891470879928867,0.5891470879928867,0.06306919223008789,0.42500000000000004,38
als,7,version_37,0,stratified,96,43,24,0.527739090660374,ok,1,0.5935155261447966,0.5935155261447966,0.06577643548442258,0.7125,38
als,7,version_37,0,stratified,96,44,24,0.5283102065592833,ok,1,0.5948411477035669,0.5948411477035669,0.0665309411442836,0.6375,28
als,7,version_37,0,stratified,96,45,24,0.527167974761465,ok,1,0.5237261037584213,0.5237261037584213,-0.003441871003043717,0.6000000000000001,4
als,7,version_37,0,stratified,96,46,24,0.5259633305974487,ok,1,0.5099167265141411,0.5099167265141411,-0.016046604083307603,0.7125,18
als,7,version_37,0,stratified,240,42,60,0.5236232782369146,ok,1,0.5849201101928374,0.5849201101928374,0.06129683195592284,0.58,37
als,7,version_37,0,stratified,240,43,60,0.5269616620752984,ok,1,0.59000826446281,0.59000826446281,0.06304660238751159,0.6719999999999999,13
als,7,version_37,0,stratified,240,44,60,0.5284680899908172,ok,1,0.5968034894398531,0.5968034894398531,0.06833539944903588,0.744,44
als,7,version_37,0,stratified,240,45,60,0.5200117079889807,ok,1,0.5555426997245179,0.5555426997245179,0.0355309917355372,0.6699999999999999,12
als,7,version_37,0,stratified,240,46,60,0.5282982093663912,ok,1,0.47754912764003676,0.47754912764003676,-0.050749081726354395,0.782,49
als,7,version_37,0,stratified,480,42,120,0.527211498439126,ok,1,0.5892908428720083,0.5892908428720083,0.06207934443288232,0.5285,8
als,7,version_37,0,stratified,480,43,120,0.5261701352757544,ok,1,0.5735556711758585,0.5735556711758585,0.04738553590010408,0.701,5
als,7,version_37,0,stratified,480,44,120,0.5301292924037461,ok,1,0.5971279916753383,0.5971279916753383,0.06699869927159219,0.594,62
als,7,version_37,0,stratified,480,45,120,0.5161032778355878,ok,1,0.5787955254942767,0.5787955254942767,0.06269224765868886,0.63,19
als,7,version_37,0,stratified,480,46,120,0.5319867325702393,ok,1,0.5951532258064517,0.5951532258064517,0.06316649323621237,0.6485,49
als,7,version_37,0,temporal_array,24,42,6,0.5244783409301097,ungateable,,,0.5244783409301097,0.0,,
als,7,version_37,0,temporal_array,24,43,6,0.5244783409301097,ungateable,,,0.5244783409301097,0.0,,
als,7,version_37,0,temporal_array,24,44,6,0.5244783409301097,ungateable,,,0.5244783409301097,0.0,,
als,7,version_37,0,temporal_array,24,45,6,0.5244783409301097,ungateable,,,0.5244783409301097,0.0,,
als,7,version_37,0,temporal_array,24,46,6,0.5244783409301097,ungateable,,,0.5244783409301097,0.0,,
als,7,version_37,0,temporal_array,48,42,12,0.5237869207123526,ok,1,0.5241222977713923,0.5241222977713923,0.00033537705903974313,0.8,5
als,7,version_37,0,temporal_array,48,43,12,0.5237869207123526,ok,1,0.5278705436199005,0.5278705436199005,0.004083622907547935,0.7,11
als,7,version_37,0,temporal_array,48,44,12,0.5237869207123526,ok,1,0.518933141768853,0.518933141768853,-0.004853778943499587,0.6,2
als,7,version_37,0,temporal_array,48,45,12,0.5237869207123526,ok,1,0.5199227755688463,0.5199227755688463,-0.0038641451435063034,0.09999999999999998,8
als,7,version_37,0,temporal_array,48,46,12,0.5237869207123526,ok,0,0.5236081643222292,0.5237869207123526,0.0,0.85,0
als,7,version_37,0,temporal_array,96,42,24,0.5235997828391642,ok,1,0.5671586984029274,0.5671586984029274,0.043558915563763234,0.6125,45
als,7,version_37,0,temporal_array,96,43,24,0.5235997828391642,ok,1,0.521012875756643,0.521012875756643,-0.0025869070825211837,0.5375000000000001,0
als,7,version_37,0,temporal_array,96,44,24,0.5235997828391642,ok,1,0.5193674976915974,0.5193674976915974,-0.004232285147566794,0.6125,1
als,7,version_37,0,temporal_array,96,45,24,0.5235997828391642,ok,0,0.5221198402927396,0.5235997828391642,0.0,0.7125,0
als,7,version_37,0,temporal_array,96,46,24,0.5235997828391642,ok,1,0.5185309154953661,0.5185309154953661,-0.005068867343798078,0.6875,3
als,7,version_37,0,temporal_array,240,42,60,0.5218372359963269,ok,1,0.5474132231404959,0.5474132231404959,0.025575987144168977,0.64,10
als,7,version_37,0,temporal_array,240,43,60,0.5218372359963269,ok,0,0.5362428833792471,0.5218372359963269,0.0,0.528,7
als,7,version_37,0,temporal_array,240,44,60,0.5218372359963269,ok,0,0.5164201101928375,0.5218372359963269,0.0,0.5760000000000001,0
als,7,version_37,0,temporal_array,240,45,60,0.5218372359963269,ok,1,0.578915059687787,0.578915059687787,0.05707782369146008,0.5740000000000001,23
als,7,version_37,0,temporal_array,240,46,60,0.5218372359963269,ok,1,0.5607837465564738,0.5607837465564738,0.03894651056014686,0.63,13
als,7,version_37,0,temporal_array,480,42,120,0.5252359521331946,ok,1,0.6017752341311134,0.6017752341311134,0.07653928199791882,0.6365,22
als,7,version_37,0,temporal_array,480,43,120,0.5252359521331946,ok,1,0.5972728928199791,0.5972728928199791,0.07203694068678446,0.713,25
als,7,version_37,0,temporal_array,480,44,120,0.5252359521331946,ok,1,0.571818418314256,0.571818418314256,0.04658246618106132,0.5900000000000001,7
als,7,version_37,0,temporal_array,480,45,120,0.5252359521331946,ok,1,0.6004583766909469,0.6004583766909469,0.0752224245577523,0.6010000000000001,30
als,7,version_37,0,temporal_array,480,46,120,0.5252359521331946,ok,1,0.5962814776274714,0.5962814776274714,0.07104552549427678,0.5800000000000001,18
als,7,version_38,0,stratified,24,42,6,0.5297898913330692,ungateable,,,0.5297898913330692,0.0,,
als,7,version_38,0,stratified,24,43,6,0.5296652051129608,ungateable,,,0.5296652051129608,0.0,,
als,7,version_38,0,stratified,24,44,6,0.5282354422644999,ungateable,,,0.5282354422644999,0.0,,
als,7,version_38,0,stratified,24,45,6,0.5299917839212578,ungateable,,,0.5299917839212578,0.0,,
als,7,version_38,0,stratified,24,46,6,0.5289150234509182,ungateable,,,0.5289150234509182,0.0,,
als,7,version_38,0,stratified,48,42,12,0.5310177837548866,ok,1,0.5050208409903437,0.5050208409903437,-0.025996942764542896,0.7,29
als,7,version_38,0,stratified,48,43,12,0.5312433175181263,ok,0,0.5313815613618899,0.5312433175181263,0.0,0.04999999999999999,0
als,7,version_38,0,stratified,48,44,12,0.5278122807310636,ok,0,0.5263323198235825,0.5278122807310636,0.0,0.9,0
als,7,version_38,0,stratified,48,45,12,0.530732107654783,ok,0,0.5297520799224832,0.530732107654783,0.0,0.5,0
als,7,version_38,0,stratified,48,46,12,0.529307068395202,ok,1,0.5258580724381035,0.5258580724381035,-0.0034489959570985773,0.5,1
als,7,version_38,0,stratified,96,42,24,0.5304788225436886,ok,1,0.5838371208235013,0.5838371208235013,0.053358298279812644,0.725,22
als,7,version_38,0,stratified,96,43,24,0.5317595584966315,ok,1,0.5783788174139051,0.5783788174139051,0.04661925891727359,0.9500000000000001,30
als,7,version_38,0,stratified,96,44,24,0.5281460534865429,ok,1,0.5701023391812865,0.5701023391812865,0.041956285694743634,0.8,27
als,7,version_38,0,stratified,96,45,24,0.5313983362402107,ok,1,0.5328609657672446,0.5328609657672446,0.0014626295270339096,0.5375,8
als,7,version_38,0,stratified,96,46,24,0.5295003163366505,ok,1,0.5024334410587873,0.5024334410587873,-0.027066875277863223,0.7625,22
als,7,version_38,0,stratified,240,42,60,0.528025482093664,ok,0,0.5262715794306703,0.528025482093664,0.0,0.532,0
als,7,version_38,0,stratified,240,43,60,0.5312676767676768,ok,1,0.581563590449954,0.581563590449954,0.05029591368227715,0.8380000000000001,11
als,7,version_38,0,stratified,240,44,60,0.5255167584940312,ok,1,0.5824935720844812,0.5824935720844812,0.056976813590449926,0.516,33
als,7,version_38,0,stratified,240,45,60,0.5259837006427915,ok,0,0.5241515151515151,0.5259837006427915,0.0,0.75,0
als,7,version_38,0,stratified,240,46,60,0.530198347107438,ok,1,0.4386616161616162,0.4386616161616162,-0.09153673094582176,0.6140000000000001,13
als,7,version_38,0,stratified,480,42,120,0.5308327263267429,ok,1,0.5817151404786681,0.5817151404786681,0.05088241415192518,0.6105,9
als,7,version_38,0,stratified,480,43,120,0.530608220603538,ok,1,0.5759536940686785,0.5759536940686785,0.04534547346514051,0.701,7
als,7,version_38,0,stratified,480,44,120,0.528033558792924,ok,1,0.5725156087408949,0.5725156087408949,0.04448204994797089,0.5589999999999999,37
als,7,version_38,0,stratified,480,45,120,0.5222619667013527,ok,0,0.5193735691987513,0.5222619667013527,0.0,0.616,0
als,7,version_38,0,stratified,480,46,120,0.534869406867846,ok,1,0.5543358480749219,0.5543358480749219,0.019466441207075857,0.546,10
als,7,version_38,0,temporal_array,24,42,6,0.528609500924825,ungateable,,,0.528609500924825,0.0,,
als,7,version_38,0,temporal_array,24,43,6,0.528609500924825,ungateable,,,0.528609500924825,0.0,,
als,7,version_38,0,temporal_array,24,44,6,0.528609500924825,ungateable,,,0.528609500924825,0.0,,
als,7,version_38,0,temporal_array,24,45,6,0.528609500924825,ungateable,,,0.528609500924825,0.0,,
als,7,version_38,0,temporal_array,24,46,6,0.528609500924825,ungateable,,,0.528609500924825,0.0,,
als,7,version_38,0,temporal_array,48,42,12,0.5276686073707775,ok,1,0.529029536569882,0.529029536569882,0.0013609291991045769,0.8500000000000001,3
als,7,version_38,0,temporal_array,48,43,12,0.5276686073707775,ok,0,0.528404098032009,0.5276686073707775,0.0,0.65,0
als,7,version_38,0,temporal_array,48,44,12,0.5276686073707775,ok,0,0.5272597230111263,0.5276686073707775,0.0,0.6,0
als,7,version_38,0,temporal_array,48,45,12,0.5276686073707775,ok,0,0.5272902118346754,0.5276686073707775,0.0,0.0,0
als,7,version_38,0,temporal_array,48,46,12,0.5276686073707775,ok,1,0.5291450182097631,0.5291450182097631,0.0014764108389856423,0.9,1
als,7,version_38,0,temporal_array,96,42,24,0.5286504821996512,ok,1,0.5580129356041175,0.5580129356041175,0.029362453404466304,0.7000000000000001,36
als,7,version_38,0,temporal_array,96,43,24,0.5286504821996512,ok,1,0.5803961047843781,0.5803961047843781,0.051745622584726925,0.75,36
als,7,version_38,0,temporal_array,96,44,24,0.5286504821996512,ok,1,0.5445310095413973,0.5445310095413973,0.015880527341746165,0.9125,24
als,7,version_38,0,temporal_array,96,45,24,0.5286504821996512,ok,1,0.5694497879689477,0.5694497879689477,0.04079930576929658,0.7250000000000001,26
als,7,version_38,0,temporal_array,96,46,24,0.5286504821996512,ok,1,0.5366871430525632,0.5366871430525632,0.008036660852911992,0.7375,20
als,7,version_38,0,temporal_array,240,42,60,0.5275796602387512,ok,1,0.5638987603305785,0.5638987603305785,0.03631910009182726,0.598,18
als,7,version_38,0,temporal_array,240,43,60,0.5275796602387512,ok,1,0.5254237832874197,0.5254237832874197,-0.00215587695133157,0.552,1
als,7,version_38,0,temporal_array,240,44,60,0.5275796602387512,ok,0,0.5259242424242424,0.5275796602387512,0.0,0.548,0
als,7,version_38,0,temporal_array,240,45,60,0.5275796602387512,ok,1,0.5817438016528925,0.5817438016528925,0.054164141414141276,0.522,44
als,7,version_38,0,temporal_array,240,46,60,0.5275796602387512,ok,1,0.5396044536271809,0.5396044536271809,0.012024793388429655,0.636,13
als,7,version_38,0,temporal_array,480,42,120,0.5302336108220603,ok,1,0.5530647762747138,0.5530647762747138,0.022831165452653512,0.59,6
als,7,version_38,0,temporal_array,480,43,120,0.5302336108220603,ok,0,0.5281201873048907,0.5302336108220603,0.0,0.6359999999999999,0
als,7,version_38,0,temporal_array,480,44,120,0.5302336108220603,ok,1,0.5591935483870967,0.5591935483870967,0.028959937565036342,0.573,18
als,7,version_38,0,temporal_array,480,45,120,0.5302336108220603,ok,1,0.5864640998959417,0.5864640998959417,0.056230489073881396,0.6259999999999999,35
als,7,version_38,0,temporal_array,480,46,120,0.5302336108220603,ok,1,0.5844211758584807,0.5844211758584807,0.054187565036420415,0.5995,43
als,7,version_39,0,stratified,24,42,6,0.5376886808032766,ungateable,,,0.5376886808032766,0.0,,
als,7,version_39,0,stratified,24,43,6,0.5385499240322368,ungateable,,,0.5385499240322368,0.0,,
als,7,version_39,0,stratified,24,44,6,0.5381783425815827,ungateable,,,0.5381783425815827,0.0,,
als,7,version_39,0,stratified,24,45,6,0.5389219183511693,ungateable,,,0.5389219183511693,0.0,,
als,7,version_39,0,stratified,24,46,6,0.5372580591887964,ungateable,,,0.5372580591887964,0.0,,
als,7,version_39,0,stratified,48,42,12,0.5388836914029871,ok,1,0.5586888970563667,0.5586888970563667,0.01980520565337962,0.65,15
als,7,version_39,0,stratified,48,43,12,0.540637007584617,ok,1,0.5465351331484514,0.5465351331484514,0.0058981255638344,0.9,93
als,7,version_39,0,stratified,48,44,12,0.5379844799358482,ok,0,0.5374388135253433,0.5379844799358482,0.0,0.7,0
als,7,version_39,0,stratified,48,45,12,0.539745313909586,ok,0,0.5389492632563734,0.539745313909586,0.0,0.44999999999999996,0
als,7,version_39,0,stratified,48,46,12,0.537458652143406,ok,1,0.5357385395435865,0.5357385395435865,-0.0017201125998195232,0.65,1
als,7,version_39,0,stratified,96,42,24,0.5370083957456995,ok,1,0.5461028607092782,0.5461028607092782,0.009094464963578686,0.6875,12
als,7,version_39,0,stratified,96,43,24,0.5403367702882937,ok,1,0.5692332683560754,0.5692332683560754,0.028896498067781606,0.85,52
als,7,version_39,0,stratified,96,44,24,0.5398438835881126,ok,1,0.5632320628569474,0.5632320628569474,0.02338817926883474,0.5750000000000001,13
als,7,version_39,0,stratified,96,45,24,0.539301408980541,ok,1,0.5343165418419342,0.5343165418419342,-0.004984867138606797,0.6375,5
als,7,version_39,0,stratified,96,46,24,0.5384596970007867,ok,1,0.5329612102869259,0.5329612102869259,-0.005498486713860773,0.7875000000000001,2
als,7,version_39,0,stratified,240,42,60,0.5367070707070707,ok,1,0.5351707988980716,0.5351707988980716,-0.001536271808999068,0.62,0
als,7,version_39,0,stratified,240,43,60,0.5395463728191001,ok,1,0.570526170798898,0.570526170798898,0.030979797979797885,0.69,13
als,7,version_39,0,stratified,240,44,60,0.5377594123048669,ok,1,0.5567320936639119,0.5567320936639119,0.01897268135904495,0.598,46
als,7,version_39,0,stratified,240,45,60,0.5342837465564738,ok,0,0.5319375573921029,0.5342837465564738,0.0,0.642,0
als,7,version_39,0,stratified,240,46,60,0.5409871441689623,ok,1,0.5255589990817263,0.5255589990817263,-0.015428145087236,0.4800000000000001,3
als,7,version_39,0,stratified,480,42,120,0.5388766909469302,ok,1,0.5804432882414152,0.5804432882414152,0.041566597294484975,0.5574999999999999,19
als,7,version_39,0,stratified,480,43,120,0.5395655567117585,ok,1,0.5780374609781478,0.5780374609781478,0.038471904266389245,0.6399999999999999,13
als,7,version_39,0,stratified,480,44,120,0.5396482830385015,ok,1,0.5690312174817898,0.5690312174817898,0.02938293444328821,0.5305,21
als,7,version_39,0,stratified,480,45,120,0.5303163371488033,ok,1,0.5404724245577524,0.5404724245577524,0.010156087408949022,0.632,4
als,7,version_39,0,stratified,480,46,120,0.5444302809573361,ok,1,0.5737226847034339,0.5737226847034339,0.02929240374609776,0.6275,43
als,7,version_39,0,temporal_array,24,42,6,0.5376395494781345,ungateable,,,0.5376395494781345,0.0,,
als,7,version_39,0,temporal_array,24,43,6,0.5376395494781345,ungateable,,,0.5376395494781345,0.0,,
als,7,version_39,0,temporal_array,24,44,6,0.5376395494781345,ungateable,,,0.5376395494781345,0.0,,
als,7,version_39,0,temporal_array,24,45,6,0.5376395494781345,ungateable,,,0.5376395494781345,0.0,,
als,7,version_39,0,temporal_array,24,46,6,0.5376395494781345,ungateable,,,0.5376395494781345,0.0,,
als,7,version_39,0,temporal_array,48,42,12,0.5374415282836045,ok,1,0.552748170670587,0.552748170670587,0.015306642386982539,0.5,27
als,7,version_39,0,temporal_array,48,43,12,0.5374415282836045,ok,1,0.5520032827692205,0.5520032827692205,0.01456175448561603,0.7,29
als,7,version_39,0,temporal_array,48,44,12,0.5374415282836045,ok,0,0.5366993551404992,0.5374415282836045,0.0,0.5,0
als,7,version_39,0,temporal_array,48,45,12,0.5374415282836045,ok,1,0.5486739450031741,0.5486739450031741,0.011232416719569649,0.3,25
als,7,version_39,0,temporal_array,48,46,12,0.5374415282836045,ok,0,0.5376607972200875,0.5374415282836045,0.0,0.6,0
als,7,version_39,0,temporal_array,96,42,24,0.53821987962108,ok,1,0.5368198762012243,0.5368198762012243,-0.0014000034198556888,0.5249999999999999,2
als,7,version_39,0,temporal_array,96,43,24,0.53821987962108,ok,1,0.5719950155603434,0.5719950155603434,0.0337751359392634,0.475,36
als,7,version_39,0,temporal_array,96,44,24,0.53821987962108,ok,0,0.5376190537259327,0.53821987962108,0.0,0.5875,0
als,7,version_39,0,temporal_array,96,45,24,0.53821987962108,ok,0,0.5376915119181971,0.53821987962108,0.0,0.6625,0
als,7,version_39,0,temporal_array,96,46,24,0.53821987962108,ok,1,0.538107024383571,0.538107024383571,-0.00011285523750892423,0.6125,7
als,7,version_39,0,temporal_array,240,42,60,0.5361019283746556,ok,1,0.5753298898071625,0.5753298898071625,0.03922796143250684,0.626,20
als,7,version_39,0,temporal_array,240,43,60,0.5361019283746556,ok,1,0.5743787878787878,0.5743787878787878,0.03827685950413218,0.54,15
als,7,version_39,0,temporal_array,240,44,60,0.5361019283746556,ok,1,0.5343241505968779,0.5343241505968779,-0.001777777777777767,0.602,0
als,7,version_39,0,temporal_array,240,45,60,0.5361019283746556,ok,1,0.5735596877869605,0.5735596877869605,0.03745775941230489,0.534,24
als,7,version_39,0,temporal_array,240,46,60,0.5361019283746556,ok,1,0.5600596877869606,0.5600596877869606,0.023957759412304935,0.584,20
als,7,version_39,0,temporal_array,480,42,120,0.5391045785639959,ok,1,0.5847198231009365,0.5847198231009365,0.04561524453694066,0.601,30
als,7,version_39,0,temporal_array,480,43,120,0.5391045785639959,ok,1,0.5387481789802289,0.5387481789802289,-0.00035639958376698644,0.7010000000000001,4
als,7,version_39,0,temporal_array,480,44,120,0.5391045785639959,ok,1,0.5913746097814777,0.5913746097814777,0.05227003121748186,0.532,31
als,7,version_39,0,temporal_array,480,45,120,0.5391045785639959,ok,1,0.5845041623309053,0.5845041623309053,0.045399583766909446,0.621,35
als,7,version_39,0,temporal_array,480,46,120,0.5391045785639959,ok,1,0.5895535900104059,0.5895535900104059,0.05044901144641001,0.533,23
als,7,version_40,0,stratified,24,42,6,0.5142763657682652,ungateable,,,0.5142763657682652,0.0,,
als,7,version_40,0,stratified,24,43,6,0.5151677483815564,ungateable,,,0.5151677483815564,0.0,,
als,7,version_40,0,stratified,24,44,6,0.5141463122605364,ungateable,,,0.5141463122605364,0.0,,
als,7,version_40,0,stratified,24,45,6,0.5146491858237547,ungateable,,,0.5146491858237547,0.0,,
als,7,version_40,0,stratified,24,46,6,0.5137045432025367,ungateable,,,0.5137045432025367,0.0,,
als,7,version_40,0,stratified,48,42,12,0.5152984981121989,ok,1,0.538169083497611,0.538169083497611,0.02287058538541209,0.7999999999999999,11
als,7,version_40,0,stratified,48,43,12,0.5176377844231347,ok,1,0.5494207123525677,0.5494207123525677,0.03178292792943305,0.9,50
als,7,version_40,0,stratified,48,44,12,0.5148252948645127,ok,0,0.5137717598316015,0.5148252948645127,0.0,0.45,0
als,7,version_40,0,stratified,48,45,12,0.5152751094256407,ok,0,0.5140868806174613,0.5152751094256407,0.0,0.35,0
als,7,version_40,0,stratified,48,46,12,0.5125720455077016,ok,1,0.5013509054762939,0.5013509054762939,-0.011221140031407728,0.6,15
als,7,version_40,0,stratified,96,42,24,0.5151416247734345,ok,0,0.5144296535686194,0.5151416247734345,0.0,0.3625,0
als,7,version_40,0,stratified,96,43,24,0.5176547912178107,ok,1,0.5564126568858794,0.5564126568858794,0.038757865668068714,0.925,41
als,7,version_40,0,stratified,96,44,24,0.5176573561095722,ok,1,0.5539563455422181,0.5539563455422181,0.03629898943264587,0.55,34
als,7,version_40,0,stratified,96,45,24,0.5158691990697992,ok,0,0.5141346910160391,0.5158691990697992,0.0,0.575,0
als,7,version_40,0,stratified,96,46,24,0.5136471478403611,ok,0,0.5122140145685853,0.5136471478403611,0.0,0.7250000000000001,0
als,7,version_40,0,stratified,240,42,60,0.5157720385674931,ok,1,0.5611331496786042,0.5611331496786042,0.045361111111111074,0.512,27
als,7,version_40,0,stratified,240,43,60,0.5178280532598714,ok,1,0.5589995408631772,0.5589995408631772,0.0411714876033058,0.668,16
als,7,version_40,0,stratified,240,44,60,0.5145222681359045,ok,1,0.5451336088154269,0.5451336088154269,0.030611340679522425,0.538,18
als,7,version_40,0,stratified,240,45,60,0.5106760789715334,ok,0,0.5106244260789715,0.5106760789715334,0.0,0.684,0
als,7,version_40,0,stratified,240,46,60,0.5133427456382003,ok,1,0.48943939393939395,0.48943939393939395,-0.023903351698806308,0.53,18
als,7,version_40,0,stratified,480,42,120,0.5194674817898024,ok,1,0.5304568158168574,0.5304568158168574,0.010989334027055042,0.6025,64
als,7,version_40,0,stratified,480,43,120,0.5173452133194589,ok,1,0.5567793964620187,0.5567793964620187,0.03943418314255975,0.6255000000000001,16
als,7,version_40,0,stratified,480,44,120,0.5153597814776274,ok,1,0.5494229968782518,0.5494229968782518,0.0340632154006244,0.5289999999999999,17
als,7,version_40,0,stratified,480,45,120,0.5098847554630593,ok,0,0.5080874089490114,0.5098847554630593,0.0,0.609,1
als,7,version_40,0,stratified,480,46,120,0.5162994276795005,ok,1,0.5488709677419356,0.5488709677419356,0.03257154006243501,0.588,58
als,7,version_40,0,temporal_array,24,42,6,0.5140843820187607,ungateable,,,0.5140843820187607,0.0,,
als,7,version_40,0,temporal_array,24,43,6,0.5140843820187607,ungateable,,,0.5140843820187607,0.0,,
als,7,version_40,0,temporal_array,24,44,6,0.5140843820187607,ungateable,,,0.5140843820187607,0.0,,
als,7,version_40,0,temporal_array,24,45,6,0.5140843820187607,ungateable,,,0.5140843820187607,0.0,,
als,7,version_40,0,temporal_array,24,46,6,0.5140843820187607,ungateable,,,0.5140843820187607,0.0,,
als,7,version_40,0,temporal_array,48,42,12,0.5132382054194928,ok,1,0.51209383039861,0.51209383039861,-0.0011443750208828263,0.65,0
als,7,version_40,0,temporal_array,48,43,12,0.5132382054194928,ok,0,0.5130830465434864,0.5132382054194928,0.0,0.6,0
als,7,version_40,0,temporal_array,48,44,12,0.5132382054194928,ok,0,0.5120480971632865,0.5132382054194928,0.0,0.5,0
als,7,version_40,0,temporal_array,48,45,12,0.5132382054194928,ok,1,0.5102805807076749,0.5102805807076749,-0.00295762471181793,0.09999999999999998,5
als,7,version_40,0,temporal_array,48,46,12,0.5132382054194928,ok,1,0.5121122072237629,0.5121122072237629,-0.0011259981957298937,0.9500000000000001,3
als,7,version_40,0,temporal_array,96,42,24,0.513376979241476,ok,0,0.5118198762012243,0.513376979241476,0.0,0.45000000000000007,0
als,7,version_40,0,temporal_array,96,43,24,0.513376979241476,ok,1,0.543038242536165,0.543038242536165,0.02966126329468899,0.625,46
als,7,version_40,0,temporal_array,96,44,24,0.513376979241476,ok,0,0.5121614342874731,0.513376979241476,0.0,0.5249999999999999,0
als,7,version_40,0,temporal_array,96,45,24,0.513376979241476,ok,1,0.5140073013918812,0.5140073013918812,0.0006303221504052603,0.6000000000000001,4
als,7,version_40,0,temporal_array,96,46,24,0.513376979241476,ok,1,0.5118675404397934,0.5118675404397934,-0.0015094388016825278,0.5,1
als,7,version_40,0,temporal_array,240,42,60,0.5120057392102847,ok,1,0.5496088154269972,0.5496088154269972,0.03760307621671255,0.606,20
als,7,version_40,0,temporal_array,240,43,60,0.5120057392102847,ok,1,0.5572708907254362,0.5572708907254362,0.045265151515151536,0.508,18
als,7,version_40,0,temporal_array,240,44,60,0.5120057392102847,ok,0,0.509651974288338,0.5120057392102847,0.0,0.58,0
als,7,version_40,0,temporal_array,240,45,60,0.5120057392102847,ok,1,0.5434788797061525,0.5434788797061525,0.0314731404958678,0.546,21
als,7,version_40,0,temporal_array,240,46,60,0.5120057392102847,ok,0,0.5101023875114784,0.5120057392102847,0.0,0.54,0
als,7,version_40,0,temporal_array,480,42,120,0.517475806451613,ok,1,0.5418303850156088,0.5418303850156088,0.02435457856399581,0.6205,15
als,7,version_40,0,temporal_array,480,43,120,0.517475806451613,ok,0,0.5205046826222686,0.517475806451613,0.0,0.5665,4
als,7,version_40,0,temporal_array,480,44,120,0.517475806451613,ok,1,0.5479698231009364,0.5479698231009364,0.030494016649323497,0.5205,32
als,7,version_40,0,temporal_array,480,45,120,0.517475806451613,ok,1,0.5626597294484912,0.5626597294484912,0.045183922996878234,0.5995000000000001,35
als,7,version_40,0,temporal_array,480,46,120,0.517475806451613,ok,1,0.5606971904266389,0.5606971904266389,0.04322138397502595,0.5255000000000001,30
als,8,version_31,0,stratified,24,42,6,0.5460205690976351,ungateable,,,0.5460205690976351,0.0,,
als,8,version_31,0,stratified,24,43,6,0.5458640920200819,ungateable,,,0.5458640920200819,0.0,,
als,8,version_31,0,stratified,24,44,6,0.544936789866561,ungateable,,,0.544936789866561,0.0,,
als,8,version_31,0,stratified,24,45,6,0.5443220289998678,ungateable,,,0.5443220289998678,0.0,,
als,8,version_31,0,stratified,24,46,6,0.5442093159598362,ungateable,,,0.5442093159598362,0.0,,
als,8,version_31,0,stratified,48,42,12,0.5469997744662367,ok,0,0.5468007618029336,0.5469997744662367,0.0,0.25,0
als,8,version_31,0,stratified,48,43,12,0.5438773848107188,ok,1,0.5448104263423436,0.5448104263423436,0.0009330415316247676,0.9500000000000001,1
als,8,version_31,0,stratified,48,44,12,0.544657146914364,ok,0,0.544983962043503,0.544657146914364,0.0,0.55,0
als,8,version_31,0,stratified,48,45,12,0.5432941294396739,ok,0,0.5431289468408567,0.5432941294396739,0.0,1.0,0
als,8,version_31,0,stratified,48,46,12,0.5428553827391494,ok,1,0.5421781549667547,0.5421781549667547,-0.0006772277723946507,1.0,1
als,8,version_31,0,stratified,96,42,24,0.547687963817927,ok,1,0.544024870900448,0.544024870900448,-0.003663092917478905,0.6375000000000001,9
als,8,version_31,0,stratified,96,43,24,0.5436845952600801,ok,1,0.5437893283403441,0.5437893283403441,0.00010473308026404116,0.6625000000000001,1
als,8,version_31,0,stratified,96,44,24,0.5427043791252009,ok,0,0.5423681645634555,0.5427043791252009,0.0,0.6125,0
als,8,version_31,0,stratified,96,45,24,0.5424925618138915,ok,1,0.5318888717896105,0.5318888717896105,-0.010603690024280965,0.5625,16
als,8,version_31,0,stratified,96,46,24,0.5428204404774118,ok,0,0.5425355237508978,0.5428204404774118,0.0,0.75,0
als,8,version_31,0,stratified,240,42,60,0.5468592745638201,ok,1,0.5265401744719926,0.5265401744719926,-0.02031910009182747,0.604,11
als,8,version_31,0,stratified,240,43,60,0.5417343893480256,ok,1,0.5391487603305786,0.5391487603305786,-0.0025856290174470775,0.45199999999999996,16
als,8,version_31,0,stratified,240,44,60,0.5411962809917354,ok,1,0.5359442148760332,0.5359442148760332,-0.005252066115702281,0.7460000000000001,6
als,8,version_31,0,stratified,240,45,60,0.5386202938475665,ok,1,0.5337029384756657,0.5337029384756657,-0.0049173553719007446,0.656,3
als,8,version_31,0,stratified,240,46,60,0.5417185491276401,ok,1,0.5354146005509642,0.5354146005509642,-0.006303948576675822,0.628,10
als,8,version_31,0,stratified,480,42,120,0.5458769510926119,ok,0,0.5457086368366285,0.5458769510926119,0.0,0.528,0
als,8,version_31,0,stratified,480,43,120,0.5438603017689907,ok,1,0.5423662851196671,0.5423662851196671,-0.0014940166493235818,0.57,31
als,8,version_31,0,stratified,480,44,120,0.5367650884495317,ok,0,0.5367323100936525,0.5367650884495317,0.0,0.6205,0
als,8,version_31,0,stratified,480,45,120,0.5381961498439126,ok,1,0.5162299687825183,0.5162299687825183,-0.021966181061394363,0.5690000000000001,26
als,8,version_31,0,stratified,480,46,120,0.5393969823100937,ok,0,0.5386118626430801,0.5393969823100937,0.0,0.654,0
als,8,version_31,0,temporal_array,24,42,6,0.5455432933676839,ungateable,,,0.5455432933676839,0.0,,
als,8,version_31,0,temporal_array,24,43,6,0.5455432933676839,ungateable,,,0.5455432933676839,0.0,,
als,8,version_31,0,temporal_array,24,44,6,0.5455432933676839,ungateable,,,0.5455432933676839,0.0,,
als,8,version_31,0,temporal_array,24,45,6,0.5455432933676839,ungateable,,,0.5455432933676839,0.0,,
als,8,version_31,0,temporal_array,24,46,6,0.5455432933676839,ungateable,,,0.5455432933676839,0.0,,
als,8,version_31,0,temporal_array,48,42,12,0.5452719352467507,ok,0,0.5450591399645829,0.5452719352467507,0.0,0.9,0
als,8,version_31,0,temporal_array,48,43,12,0.5452719352467507,ok,0,0.545354839787497,0.5452719352467507,0.0,0.55,0
als,8,version_31,0,temporal_array,48,44,12,0.5452719352467507,ok,0,0.5450353336229076,0.5452719352467507,0.0,0.4,0
als,8,version_31,0,temporal_array,48,45,12,0.5452719352467507,ok,0,0.54528070600421,0.5452719352467507,0.0,0.85,0
als,8,version_31,0,temporal_array,48,46,12,0.5452719352467507,ok,0,0.5451915366367068,0.5452719352467507,0.0,0.7,0
als,8,version_31,0,temporal_array,96,42,24,0.54541888957286,ok,1,0.5427067302759824,0.5427067302759824,-0.0027121592968776254,0.7000000000000001,15
als,8,version_31,0,temporal_array,96,43,24,0.54541888957286,ok,1,0.5391720956875621,0.5391720956875621,-0.006246793885297919,0.7625000000000001,18
als,8,version_31,0,temporal_array,96,44,24,0.54541888957286,ok,1,0.5362588061283814,0.5362588061283814,-0.009160083444478606,0.6,20
als,8,version_31,0,temporal_array,96,45,24,0.54541888957286,ok,0,0.5454875004274821,0.54541888957286,0.0,0.3875,0
als,8,version_31,0,temporal_array,96,46,24,0.54541888957286,ok,1,0.5446340326938204,0.5446340326938204,-0.0007848568790396193,0.6625,5
als,8,version_31,0,temporal_array,240,42,60,0.5481140955004591,ok,1,0.5492573461891643,0.5492573461891643,0.001143250688705244,0.5599999999999999,0
als,8,version_31,0,temporal_array,240,43,60,0.5481140955004591,ok,1,0.5475348943985308,0.5475348943985308,-0.0005792011019283283,0.506,0
als,8,version_31,0,temporal_array,240,44,60,0.5481140955004591,ok,1,0.546691230486685,0.546691230486685,-0.0014228650137740884,0.5760000000000001,2
als,8,version_31,0,temporal_array,240,45,60,0.5481140955004591,ok,1,0.5480385674931129,0.5480385674931129,-7.552800734622611e-05,0.53,0
als,8,version_31,0,temporal_array,240,46,60,0.5481140955004591,ok,1,0.547311753902663,0.547311753902663,-0.0008023415977961301,0.45399999999999996,1
als,8,version_31,0,temporal_array,480,42,120,0.5473090530697191,ok,0,0.5462398543184183,0.5473090530697191,0.0,0.6005,0
als,8,version_31,0,temporal_array,480,43,120,0.5473090530697191,ok,1,0.5148839750260146,0.5148839750260146,-0.032425078043704536,0.5935000000000001,99
als,8,version_31,0,temporal_array,480,44,120,0.5473090530697191,ok,1,0.5422302289281998,0.5422302289281998,-0.005078824141519278,0.498,2
als,8,version_31,0,temporal_array,480,45,120,0.5473090530697191,ok,1,0.531031737773153,0.531031737773153,-0.016277315296566064,0.539,17
als,8,version_31,0,temporal_array,480,46,120,0.5473090530697191,ok,1,0.5445280957336108,0.5445280957336108,-0.0027809573361082807,0.5854999999999999,1
als,8,version_32,0,stratified,24,42,6,0.538654792574977,ungateable,,,0.538654792574977,0.0,,
als,8,version_32,0,stratified,24,43,6,0.5375672975293962,ungateable,,,0.5375672975293962,0.0,,
als,8,version_32,0,stratified,24,44,6,0.5381643050601137,ungateable,,,0.5381643050601137,0.0,,
als,8,version_32,0,stratified,24,45,6,0.5369777216276919,ungateable,,,0.5369777216276919,0.0,,
als,8,version_32,0,stratified,24,46,6,0.5369665741841723,ungateable,,,0.5369665741841723,0.0,,
als,8,version_32,0,stratified,48,42,12,0.5396567710247586,ok,0,0.5389747402185172,0.5396567710247586,0.0,0.25,0
als,8,version_32,0,stratified,48,43,12,0.5352776571218552,ok,1,0.5387961926559524,0.5387961926559524,0.0035185355340972,0.9500000000000001,10
als,8,version_32,0,stratified,48,44,12,0.5385295198636774,ok,1,0.5381323298473053,0.5381323298473053,-0.0003971900163720621,0.55,1
als,8,version_32,0,stratified,48,45,12,0.5357813491930904,ok,0,0.5354117244144475,0.5357813491930904,0.0,0.9,0
als,8,version_32,0,stratified,48,46,12,0.5352262855424504,ok,0,0.5348742022787263,0.5352262855424504,0.0,0.9,0
als,8,version_32,0,stratified,96,42,24,0.5397421428815703,ok,1,0.5352869258917273,0.5352869258917273,-0.004455216989842969,0.55,13
als,8,version_32,0,stratified,96,43,24,0.5355622242741356,ok,0,0.5351163605895831,0.5355622242741356,0.0,0.5874999999999999,0
als,8,version_32,0,stratified,96,44,24,0.5368378304435553,ok,0,0.5356150182962278,0.5368378304435553,0.0,0.5499999999999999,1
als,8,version_32,0,stratified,96,45,24,0.5350971239013713,ok,1,0.5320701241407612,0.5320701241407612,-0.0030269997606101606,0.55,4
als,8,version_32,0,stratified,96,46,24,0.5347230771861428,ok,0,0.5342682363804248,0.5347230771861428,0.0,0.6875,0
als,8,version_32,0,stratified,240,42,60,0.540143709825528,ok,1,0.5392139577594124,0.5392139577594124,-0.0009297520661155634,0.606,0
als,8,version_32,0,stratified,240,43,60,0.532263085399449,ok,1,0.5337993572084481,0.5337993572084481,0.001536271808999068,0.45599999999999996,16
als,8,version_32,0,stratified,240,44,60,0.5375927456382003,ok,0,0.5363179522497704,0.5375927456382003,0.0,0.616,0
als,8,version_32,0,stratified,240,45,60,0.5321088154269973,ok,1,0.5314345730027548,0.5314345730027548,-0.0006742424242425216,0.624,0
als,8,version_32,0,stratified,240,46,60,0.5333696051423324,ok,1,0.5364761248852159,0.5364761248852159,0.0031065197428834512,0.69,62
als,8,version_32,0,stratified,480,42,120,0.5379869927159209,ok,0,0.5372752341311136,0.5379869927159209,0.0,0.5245,0
als,8,version_32,0,stratified,480,43,120,0.533821540062435,ok,1,0.5389604578563996,0.5389604578563996,0.005138917793964581,0.6375,30
als,8,version_32,0,stratified,480,44,120,0.5350941727367325,ok,0,0.5332003121748179,0.5350941727367325,0.0,0.577,0
als,8,version_32,0,stratified,480,45,120,0.5302814776274714,ok,1,0.5341303329864724,0.5341303329864724,0.0038488553590010355,0.5585,27
als,8,version_32,0,stratified,480,46,120,0.5313969823100937,ok,1,0.530138657648283,0.530138657648283,-0.0012583246618106392,0.665,1
als,8,version_32,0,temporal_array,24,42,6,0.5382448143744221,ungateable,,,0.5382448143744221,0.0,,
als,8,version_32,0,temporal_array,24,43,6,0.5382448143744221,ungateable,,,0.5382448143744221,0.0,,
als,8,version_32,0,temporal_array,24,44,6,0.5382448143744221,ungateable,,,0.5382448143744221,0.0,,
als,8,version_32,0,temporal_array,24,45,6,0.5382448143744221,ungateable,,,0.5382448143744221,0.0,,
als,8,version_32,0,temporal_array,24,46,6,0.5382448143744221,ungateable,,,0.5382448143744221,0.0,,
als,8,version_32,0,temporal_array,48,42,12,0.5381181295733235,ok,0,0.5375818604029536,0.5381181295733235,0.0,0.6,0
als,8,version_32,0,temporal_array,48,43,12,0.5381181295733235,ok,1,0.5369361655919008,0.5369361655919008,-0.0011819639814226734,0.39999999999999997,8
als,8,version_32,0,temporal_array,48,44,12,0.5381181295733235,ok,1,0.5373082963012463,0.5373082963012463,-0.0008098332720771761,0.44999999999999996,3
als,8,version_32,0,temporal_array,48,45,12,0.5381181295733235,ok,1,0.5363372481539644,0.5363372481539644,-0.0017808814193590594,0.7,3
als,8,version_32,0,temporal_array,48,46,12,0.5381181295733235,ok,0,0.5383206923051221,0.5381181295733235,0.0,0.65,0
als,8,version_32,0,temporal_array,96,42,24,0.5391342635340789,ok,1,0.5398306316473445,0.5398306316473445,0.0006963681132655664,0.7125,43
als,8,version_32,0,temporal_array,96,43,24,0.5391342635340789,ok,1,0.539792158270921,0.539792158270921,0.0006578947368420796,0.7875,19
als,8,version_32,0,temporal_array,96,44,24,0.5391342635340789,ok,1,0.5202985534010465,0.5202985534010465,-0.018835710133032424,0.6375000000000001,49
als,8,version_32,0,temporal_array,96,45,24,0.5391342635340789,ok,1,0.5394597910468178,0.5394597910468178,0.00032552751273895453,0.3875,1
als,8,version_32,0,temporal_array,96,46,24,0.5391342635340789,ok,1,0.5366356314763517,0.5366356314763517,-0.002498632057727157,0.725,34
als,8,version_32,0,temporal_array,240,42,60,0.5413314967860423,ok,0,0.5413879706152432,0.5413314967860423,0.0,0.538,0
als,8,version_32,0,temporal_array,240,43,60,0.5413314967860423,ok,1,0.5077782369146006,0.5077782369146006,-0.033553259871441754,0.534,30
als,8,version_32,0,temporal_array,240,44,60,0.5413314967860423,ok,1,0.5342676767676768,0.5342676767676768,-0.007063820018365474,0.516,8
als,8,version_32,0,temporal_array,240,45,60,0.5413314967860423,ok,1,0.5401533516988063,0.5401533516988063,-0.0011781450872360155,0.664,0
als,8,version_32,0,temporal_array,240,46,60,0.5413314967860423,ok,0,0.5401326905417815,0.5413314967860423,0.0,0.364,0
als,8,version_32,0,temporal_array,480,42,120,0.5400182101977107,ok,0,0.5370109261186263,0.5400182101977107,0.0,0.5145000000000001,0
als,8,version_32,0,temporal_array,480,43,120,0.5400182101977107,ok,1,0.5273033298647243,0.5273033298647243,-0.0127148803329864,0.5085,21
als,8,version_32,0,temporal_array,480,44,120,0.5400182101977107,ok,1,0.5162825182101977,0.5162825182101977,-0.02373569198751302,0.469,92
als,8,version_32,0,temporal_array,480,45,120,0.5400182101977107,ok,1,0.5275835067637877,0.5275835067637877,-0.012434703433922945,0.6115,71
als,8,version_32,0,temporal_array,480,46,120,0.5400182101977107,ok,1,0.5339799687825182,0.5339799687825182,-0.006038241415192491,0.569,3
als,8,version_33,0,stratified,24,42,6,0.6491676575505351,ungateable,,,0.6491676575505351,0.0,,
als,8,version_33,0,stratified,24,43,6,0.6482618245474964,ungateable,,,0.6482618245474964,0.0,,
als,8,version_33,0,stratified,24,44,6,0.6487415774871186,ungateable,,,0.6487415774871186,0.0,,
als,8,version_33,0,stratified,24,45,6,0.6474476483022856,ungateable,,,0.6474476483022856,0.0,,
als,8,version_33,0,stratified,24,46,6,0.647240801294755,ungateable,,,0.647240801294755,0.0,,
als,8,version_33,0,stratified,48,42,12,0.6498362791940926,ok,0,0.6489936599953223,0.6498362791940926,0.0,0.5,0
als,8,version_33,0,stratified,48,43,12,0.6467126365732232,ok,0,0.6456066858231148,0.6467126365732232,0.0,0.7,0
als,8,version_33,0,stratified,48,44,12,0.648646797420562,ok,1,0.6435317752013098,0.6435317752013098,-0.005115022219252197,0.65,11
als,8,version_33,0,stratified,48,45,12,0.647479033713121,ok,0,0.6458021484179224,0.647479033713121,0.0,0.8,0
als,8,version_33,0,stratified,48,46,12,0.6466554178221792,ok,1,0.6222614353971065,0.6222614353971065,-0.024393982425072624,0.7,12
als,8,version_33,0,stratified,96,42,24,0.6512850107725454,ok,0,0.649332273178072,0.6512850107725454,0.0,0.55,0
als,8,version_33,0,stratified,96,43,24,0.647045244690674,ok,0,0.6446239868677542,0.647045244690674,0.0,0.5874999999999999,0
als,8,version_33,0,stratified,96,44,24,0.6482507438186108,ok,0,0.6456384015594542,0.6482507438186108,0.0,0.575,0
als,8,version_33,0,stratified,96,45,24,0.6465698847508636,ok,1,0.6214001744126398,0.6214001744126398,-0.025169710338223794,0.5875,12
als,8,version_33,0,stratified,96,46,24,0.6473791081016381,ok,0,0.6448291782086795,0.6473791081016381,0.0,0.7125,0
als,8,version_33,0,stratified,240,42,60,0.6520280073461892,ok,0,0.6493278236914601,0.6520280073461892,0.0,0.69,0
als,8,version_33,0,stratified,240,43,60,0.6460564738292012,ok,1,0.6261854912764004,0.6261854912764004,-0.01987098255280073,0.618,47
als,8,version_33,0,stratified,240,44,60,0.6483544536271809,ok,1,0.634362258953168,0.634362258953168,-0.013992194674012914,0.5740000000000001,3
als,8,version_33,0,stratified,240,45,60,0.642653810835629,ok,1,0.6240381083562901,0.6240381083562901,-0.018615702479338858,0.74,2
als,8,version_33,0,stratified,240,46,60,0.6452001836547292,ok,1,0.6251831955922865,0.6251831955922865,-0.020016988062442675,0.7,3
als,8,version_33,0,stratified,480,42,120,0.6528933402705516,ok,1,0.6466633714880333,0.6466633714880333,-0.006229968782518247,0.6745,47
als,8,version_33,0,stratified,480,43,120,0.6501394380853278,ok,0,0.6412957856399584,0.6501394380853278,0.0,0.531,0
als,8,version_33,0,stratified,480,44,120,0.6455993756503642,ok,0,0.6359032258064516,0.6455993756503642,0.0,0.6455,0
als,8,version_33,0,stratified,480,45,120,0.6405884495317378,ok,0,0.6291123829344433,0.6405884495317378,0.0,0.681,0
als,8,version_33,0,stratified,480,46,120,0.64714308012487,ok,0,0.637190946930281,0.64714308012487,0.0,0.6785,0
als,8,version_33,0,temporal_array,24,42,6,0.6480041947417096,ungateable,,,0.6480041947417096,0.0,,
als,8,version_33,0,temporal_array,24,43,6,0.6480041947417096,ungateable,,,0.6480041947417096,0.0,,
als,8,version_33,0,temporal_array,24,44,6,0.6480041947417096,ungateable,,,0.6480041947417096,0.0,,
als,8,version_33,0,temporal_array,24,45,6,0.6480041947417096,ungateable,,,0.6480041947417096,0.0,,
als,8,version_33,0,temporal_array,24,46,6,0.6480041947417096,ungateable,,,0.6480041947417096,0.0,,
als,8,version_33,0,temporal_array,48,42,12,0.6481577232784256,ok,0,0.646771525944736,0.6481577232784256,0.0,0.75,0
als,8,version_33,0,temporal_array,48,43,12,0.6481577232784256,ok,1,0.647323666009556,0.647323666009556,-0.0008340572688695369,0.7,0
als,8,version_33,0,temporal_array,48,44,12,0.6481577232784256,ok,0,0.64681141200842,0.6481577232784256,0.0,0.6,0
als,8,version_33,0,temporal_array,48,45,12,0.6481577232784256,ok,1,0.6379022018777775,0.6379022018777775,-0.010255521400648115,1.0,6
als,8,version_33,0,temporal_array,48,46,12,0.6481577232784256,ok,1,0.647601615489993,0.647601615489993,-0.0005561077884326249,0.8,0
als,8,version_33,0,temporal_array,96,42,24,0.6485961492425019,ok,1,0.6286041004069628,0.6286041004069628,-0.019992048835539067,0.7375,17
als,8,version_33,0,temporal_array,96,43,24,0.6485961492425019,ok,0,0.646011165828802,0.6485961492425019,0.0,0.7375,0
als,8,version_33,0,temporal_array,96,44,24,0.6485961492425019,ok,1,0.6375530077630723,0.6375530077630723,-0.01104314147942953,0.775,22
als,8,version_33,0,temporal_array,96,45,24,0.6485961492425019,ok,1,0.6465021288601621,0.6465021288601621,-0.002094020382339745,0.42500000000000004,1
als,8,version_33,0,temporal_array,96,46,24,0.6485961492425019,ok,0,0.6463003573749188,0.6485961492425019,0.0,0.8250000000000001,0
als,8,version_33,0,temporal_array,240,42,60,0.6506290174471993,ok,0,0.6474233241505969,0.6506290174471993,0.0,0.66,0
als,8,version_33,0,temporal_array,240,43,60,0.6506290174471993,ok,0,0.6471382001836548,0.6506290174471993,0.0,0.56,0
als,8,version_33,0,temporal_array,240,44,60,0.6506290174471993,ok,1,0.6322956841138659,0.6322956841138659,-0.018333333333333313,0.732,81
als,8,version_33,0,temporal_array,240,45,60,0.6506290174471993,ok,1,0.6215107897153351,0.6215107897153351,-0.02911822773186412,0.6839999999999999,65
als,8,version_33,0,temporal_array,240,46,60,0.6506290174471993,ok,1,0.6447240587695133,0.6447240587695133,-0.005904958677685923,0.712,5
als,8,version_33,0,temporal_array,480,42,120,0.6517617065556711,ok,0,0.6458772112382934,0.6517617065556711,0.0,0.7075000000000001,4
als,8,version_33,0,temporal_array,480,43,120,0.6517617065556711,ok,1,0.6419315816857439,0.6419315816857439,-0.009830124869927181,0.5945,12
als,8,version_33,0,temporal_array,480,44,120,0.6517617065556711,ok,1,0.6453933402705515,0.6453933402705515,-0.006368366285119609,0.6385,47
als,8,version_33,0,temporal_array,480,45,120,0.6517617065556711,ok,1,0.6505496878251821,0.6505496878251821,-0.0012120187304890395,0.6565,18
als,8,version_33,0,temporal_array,480,46,120,0.6517617065556711,ok,1,0.6490567117585848,0.6490567117585848,-0.002704994797086302,0.695,22
als,8,version_34,0,stratified,24,42,6,0.5495433676839742,ungateable,,,0.5495433676839742,0.0,,
als,8,version_34,0,stratified,24,43,6,0.5497881985731272,ungateable,,,0.5497881985731272,0.0,,
als,8,version_34,0,stratified,24,44,6,0.548326231998943,ungateable,,,0.548326231998943,0.0,,
als,8,version_34,0,stratified,24,45,6,0.5483419209935262,ungateable,,,0.5483419209935262,0.0,,
als,8,version_34,0,stratified,24,46,6,0.5480566290130796,ungateable,,,0.5480566290130796,0.0,,
als,8,version_34,0,stratified,48,42,12,0.5502656286544823,ok,0,0.5501839770790872,0.5502656286544823,0.0,0.25,0
als,8,version_34,0,stratified,48,43,12,0.5483753215944402,ok,1,0.5522329930836313,0.5522329930836313,0.003857671489191028,0.85,18
als,8,version_34,0,stratified,48,44,12,0.5490160045440877,ok,0,0.5492845567843897,0.5490160045440877,0.0,0.55,0
als,8,version_34,0,stratified,48,45,12,0.5480750275652377,ok,0,0.5479747903371313,0.5480750275652377,0.0,1.0,0
als,8,version_34,0,stratified,48,46,12,0.5465205152193525,ok,1,0.5423247519128604,0.5423247519128604,-0.004195763306492073,0.8500000000000001,13
als,8,version_34,0,stratified,96,42,24,0.5510746896480969,ok,1,0.5438406261755754,0.5438406261755754,-0.007234063472521535,0.6375,16
als,8,version_34,0,stratified,96,43,24,0.5486017065079853,ok,0,0.548602775212886,0.5486017065079853,0.0,0.6875,0
als,8,version_34,0,stratified,96,44,24,0.5475919941178482,ok,0,0.5474605434150679,0.5475919941178482,0.0,0.6874999999999999,0
als,8,version_34,0,stratified,96,45,24,0.5482879347491536,ok,1,0.5237511114530967,0.5237511114530967,-0.024536823296056887,0.7125,56
als,8,version_34,0,stratified,96,46,24,0.5466122054649294,ok,1,0.5452301562874047,0.5452301562874047,-0.0013820491775247135,0.65,7
als,8,version_34,0,stratified,240,42,60,0.5512731864095501,ok,0,0.5508797061524334,0.5512731864095501,0.0,0.5740000000000001,0
als,8,version_34,0,stratified,240,43,60,0.5485335169880624,ok,1,0.551060606060606,0.551060606060606,0.00252708907254362,0.5720000000000001,60
als,8,version_34,0,stratified,240,44,60,0.5470486685032139,ok,1,0.5399703856749312,0.5399703856749312,-0.0070782828282827115,0.7919999999999999,10
als,8,version_34,0,stratified,240,45,60,0.5459049586776858,ok,1,0.5395720844811753,0.5395720844811753,-0.006332874196510518,0.6519999999999999,6
als,8,version_34,0,stratified,240,46,60,0.5467231404958678,ok,1,0.5441248852157943,0.5441248852157943,-0.0025982552800735137,0.556,35
als,8,version_34,0,stratified,480,42,120,0.5499295005202913,ok,0,0.5492895421436004,0.5499295005202913,0.0,0.5125,0
als,8,version_34,0,stratified,480,43,120,0.5476956295525495,ok,1,0.5480494276795005,0.5480494276795005,0.00035379812695102153,0.6659999999999999,43
als,8,version_34,0,stratified,480,44,120,0.5417767950052029,ok,0,0.5412952653485953,0.5417767950052029,0.0,0.587,0
als,8,version_34,0,stratified,480,45,120,0.5434021852237253,ok,1,0.5215780437044745,0.5215780437044745,-0.021824141519250828,0.5994999999999999,24
als,8,version_34,0,stratified,480,46,120,0.542401144640999,ok,1,0.5410619146722164,0.5410619146722164,-0.0013392299687825515,0.6745,1
als,8,version_34,0,temporal_array,24,42,6,0.5493022526093275,ungateable,,,0.5493022526093275,0.0,,
als,8,version_34,0,temporal_array,24,43,6,0.5493022526093275,ungateable,,,0.5493022526093275,0.0,,
als,8,version_34,0,temporal_array,24,44,6,0.5493022526093275,ungateable,,,0.5493022526093275,0.0,,
als,8,version_34,0,temporal_array,24,45,6,0.5493022526093275,ungateable,,,0.5493022526093275,0.0,,
als,8,version_34,0,temporal_array,24,46,6,0.5493022526093275,ungateable,,,0.5493022526093275,0.0,,
als,8,version_34,0,temporal_array,48,42,12,0.5480019379197434,ok,0,0.547873926626349,0.5480019379197434,0.0,0.9,0
als,8,version_34,0,temporal_array,48,43,12,0.5480019379197434,ok,0,0.547934068963213,0.5480019379197434,0.0,0.6,0
als,8,version_34,0,temporal_array,48,44,12,0.5480019379197434,ok,0,0.5478538791807277,0.5480019379197434,0.0,0.55,0
als,8,version_34,0,temporal_array,48,45,12,0.5480019379197434,ok,0,0.5479482692371948,0.5480019379197434,0.0,0.65,0
als,8,version_34,0,temporal_array,48,46,12,0.5480019379197434,ok,0,0.5476949614086671,0.5480019379197434,0.0,0.85,0
als,8,version_34,0,temporal_array,96,42,24,0.5485581033480387,ok,1,0.5466605109264389,0.5466605109264389,-0.0018975924215998141,0.6625,6
als,8,version_34,0,temporal_array,96,43,24,0.5485581033480387,ok,0,0.5483221333059745,0.5485581033480387,0.0,0.7625,0
als,8,version_34,0,temporal_array,96,44,24,0.5485581033480387,ok,1,0.5343235952942785,0.5343235952942785,-0.014234508053760142,0.7,21
als,8,version_34,0,temporal_array,96,45,24,0.5485581033480387,ok,1,0.5461250897712118,0.5461250897712118,-0.0024330135768269034,0.725,6
als,8,version_34,0,temporal_array,96,46,24,0.5485581033480387,ok,1,0.5460789217195035,0.5460789217195035,-0.002479181628535221,0.6125,5
als,8,version_34,0,temporal_array,240,42,60,0.55221854912764,ok,1,0.550752984389348,0.550752984389348,-0.0014655647382919579,0.528,3
als,8,version_34,0,temporal_array,240,43,60,0.55221854912764,ok,0,0.5516749311294765,0.55221854912764,0.0,0.538,0
als,8,version_34,0,temporal_array,240,44,60,0.55221854912764,ok,1,0.5481434802571166,0.5481434802571166,-0.004075068870523446,0.482,4
als,8,version_34,0,temporal_array,240,45,60,0.55221854912764,ok,0,0.5521914600550965,0.55221854912764,0.0,0.522,0
als,8,version_34,0,temporal_array,240,46,60,0.55221854912764,ok,0,0.5512417355371901,0.55221854912764,0.0,0.354,1
als,8,version_34,0,temporal_array,480,42,120,0.5515072840790842,ok,0,0.5414412070759625,0.5515072840790842,0.0,0.637,4
als,8,version_34,0,temporal_array,480,43,120,0.5515072840790842,ok,1,0.528018730489074,0.528018730489074,-0.02348855359001023,0.5595,46
als,8,version_34,0,temporal_array,480,44,120,0.5515072840790842,ok,1,0.5362911030176899,0.5362911030176899,-0.01521618106139433,0.5185,32
als,8,version_34,0,temporal_array,480,45,120,0.5515072840790842,ok,1,0.5367669094693028,0.5367669094693028,-0.014740374609781393,0.586,18
als,8,version_34,0,temporal_array,480,46,120,0.5515072840790842,ok,0,0.5502991675338189,0.5515072840790842,0.0,0.604,0
als,8,version_35,0,stratified,24,42,6,0.5228819857312723,ungateable,,,0.5228819857312723,0.0,,
als,8,version_35,0,stratified,24,43,6,0.5222408012947549,ungateable,,,0.5222408012947549,0.0,,
als,8,version_35,0,stratified,24,44,6,0.5219703725723346,ungateable,,,0.5219703725723346,0.0,,
als,8,version_35,0,stratified,24,45,6,0.5212590005284714,ungateable,,,0.5212590005284714,0.0,,
als,8,version_35,0,stratified,24,46,6,0.5213708878319461,ungateable,,,0.5213708878319461,0.0,,
als,8,version_35,0,stratified,48,42,12,0.5244428480737746,ok,0,0.5245038257208727,0.5244428480737746,0.0,0.25,0
als,8,version_35,0,stratified,48,43,12,0.5206238096829162,ok,0,0.5206745547796452,0.5206238096829162,0.0,0.9500000000000001,0
als,8,version_35,0,stratified,48,44,12,0.5221774867185672,ok,0,0.522131127000568,0.5221774867185672,0.0,0.5,0
als,8,version_35,0,stratified,48,45,12,0.5205649203114037,ok,0,0.5204974690099903,0.5205649203114037,0.0,0.9500000000000001,0
als,8,version_35,0,stratified,48,46,12,0.5197325336630024,ok,0,0.5198231648234154,0.5197325336630024,0.0,0.7,0
als,8,version_35,0,stratified,96,42,24,0.5253381382305666,ok,0,0.5252398173797066,0.5253381382305666,0.0,0.6,0
als,8,version_35,0,stratified,96,43,24,0.520728172771109,ok,0,0.5206520809821825,0.520728172771109,0.0,0.5875,0
als,8,version_35,0,stratified,96,44,24,0.521078280496563,ok,0,0.5210543415067883,0.521078280496563,0.0,0.4,0
als,8,version_35,0,stratified,96,45,24,0.5194555589754112,ok,0,0.519455131493451,0.5194555589754112,0.0,0.55,0
als,8,version_35,0,stratified,96,46,24,0.5205952258814678,ok,0,0.5206454550117985,0.5205952258814678,0.0,0.675,0
als,8,version_35,0,stratified,240,42,60,0.5250500459136823,ok,0,0.5246359044995409,0.5250500459136823,0.0,0.548,0
als,8,version_35,0,stratified,240,43,60,0.519763085399449,ok,0,0.5198728191000919,0.519763085399449,0.0,0.382,0
als,8,version_35,0,stratified,240,44,60,0.5198627180899907,ok,1,0.5137685950413223,0.5137685950413223,-0.0060941230486684095,0.79,34
als,8,version_35,0,stratified,240,45,60,0.5162112029384758,ok,1,0.5143617998163452,0.5143617998163452,-0.0018494031221305551,0.672,9
als,8,version_35,0,stratified,240,46,60,0.5196492194674013,ok,1,0.5144095500459137,0.5144095500459137,-0.005239669421487569,0.526,15
als,8,version_35,0,stratified,480,42,120,0.5230015608740894,ok,1,0.517643600416233,0.517643600416233,-0.005357960457856414,0.5365,3
als,8,version_35,0,stratified,480,43,120,0.5218995837669095,ok,1,0.5172895421436005,0.5172895421436005,-0.004610041623309025,0.518,40
als,8,version_35,0,stratified,480,44,120,0.5166378772112383,ok,1,0.513273673257024,0.513273673257024,-0.0033642039542143287,0.613,24
als,8,version_35,0,stratified,480,45,120,0.5139916753381895,ok,1,0.5111768990634755,0.5111768990634755,-0.002814776274713937,0.53,3
als,8,version_35,0,stratified,480,46,120,0.5217726326742975,ok,0,0.5212013527575442,0.5217726326742975,0.0,0.6559999999999999,0
als,8,version_35,0,temporal_array,24,42,6,0.5222288281146783,ungateable,,,0.5222288281146783,0.0,,
als,8,version_35,0,temporal_array,24,43,6,0.5222288281146783,ungateable,,,0.5222288281146783,0.0,,
als,8,version_35,0,temporal_array,24,44,6,0.5222288281146783,ungateable,,,0.5222288281146783,0.0,,
als,8,version_35,0,temporal_array,24,45,6,0.5222288281146783,ungateable,,,0.5222288281146783,0.0,,
als,8,version_35,0,temporal_array,24,46,6,0.5222288281146783,ungateable,,,0.5222288281146783,0.0,,
als,8,version_35,0,temporal_array,48,42,12,0.5223604196598617,ok,1,0.5221169267265862,0.5221169267265862,-0.00024349293327552424,0.65,15
als,8,version_35,0,temporal_array,48,43,12,0.5223604196598617,ok,0,0.5223420428347088,0.5223604196598617,0.0,0.35,0
als,8,version_35,0,temporal_array,48,44,12,0.5223604196598617,ok,0,0.5223238748371145,0.5223604196598617,0.0,0.4,0
als,8,version_35,0,temporal_array,48,45,12,0.5223604196598617,ok,0,0.5222401349861339,0.5223604196598617,0.0,0.75,0
als,8,version_35,0,temporal_array,48,46,12,0.5223604196598617,ok,0,0.5222631060175749,0.5223604196598617,0.0,0.65,0
als,8,version_35,0,temporal_array,96,42,24,0.5232212475633529,ok,0,0.5231566977873534,0.5232212475633529,0.0,0.4875,0
als,8,version_35,0,temporal_array,96,43,24,0.5232212475633529,ok,1,0.5179525324031325,0.5179525324031325,-0.005268715160220316,0.6499999999999999,18
als,8,version_35,0,temporal_array,96,44,24,0.5232212475633529,ok,1,0.5224363906843131,0.5224363906843131,-0.0007848568790397303,0.39999999999999997,3
als,8,version_35,0,temporal_array,96,45,24,0.5232212475633529,ok,1,0.5231295526828768,0.5231295526828768,-9.169488047611196e-05,0.375,0
als,8,version_35,0,temporal_array,96,46,24,0.5232212475633529,ok,1,0.5229455216989843,0.5229455216989843,-0.00027572586436852564,0.4625,1
als,8,version_35,0,temporal_array,240,42,60,0.5256303948576676,ok,0,0.5251455463728192,0.5256303948576676,0.0,0.524,0
als,8,version_35,0,temporal_array,240,43,60,0.5256303948576676,ok,0,0.5254329660238751,0.5256303948576676,0.0,0.41999999999999993,0
als,8,version_35,0,temporal_array,240,44,60,0.5256303948576676,ok,0,0.5253725895316804,0.5256303948576676,0.0,0.452,0
als,8,version_35,0,temporal_array,240,45,60,0.5256303948576676,ok,1,0.5251492194674012,0.5251492194674012,-0.0004811753902663751,0.5700000000000001,0
als,8,version_35,0,temporal_array,240,46,60,0.5256303948576676,ok,1,0.5242194674012856,0.5242194674012856,-0.0014109274563820495,0.43600000000000005,2
als,8,version_35,0,temporal_array,480,42,120,0.5263257023933403,ok,0,0.5255236732570239,0.5263257023933403,0.0,0.5390000000000001,0
als,8,version_35,0,temporal_array,480,43,120,0.5263257023933403,ok,1,0.49488475546305927,0.49488475546305927,-0.031440946930281044,0.6045,41
als,8,version_35,0,temporal_array,480,44,120,0.5263257023933403,ok,1,0.49739802289282,0.49739802289282,-0.02892767950052033,0.532,75
als,8,version_35,0,temporal_array,480,45,120,0.5263257023933403,ok,1,0.5139752861602497,0.5139752861602497,-0.012350416233090633,0.5255,51
als,8,version_35,0,temporal_array,480,46,120,0.5263257023933403,ok,1,0.4881259105098855,0.4881259105098855,-0.03819979188345479,0.5429999999999999,36
als,8,version_36,0,stratified,24,42,6,0.5346101284846083,ungateable,,,0.5346101284846083,0.0,,
als,8,version_36,0,stratified,24,43,6,0.5352331467168714,ungateable,,,0.5352331467168714,0.0,,
als,8,version_36,0,stratified,24,44,6,0.5335763063152331,ungateable,,,0.5335763063152331,0.0,,
als,8,version_36,0,stratified,24,45,6,0.533236515722024,ungateable,,,0.533236515722024,0.0,,
als,8,version_36,0,stratified,24,46,6,0.5336811748579733,ungateable,,,0.5336811748579733,0.0,,
als,8,version_36,0,stratified,48,42,12,0.5359452788265562,ok,0,0.5364992983394032,0.5359452788265562,0.0,0.25,0
als,8,version_36,0,stratified,48,43,12,0.5337221006381769,ok,1,0.542417471348859,0.542417471348859,0.008695370710682049,0.7,16
als,8,version_36,0,stratified,48,44,12,0.5335742507267198,ok,0,0.5342859350462762,0.5335742507267198,0.0,0.6,0
als,8,version_36,0,stratified,48,45,12,0.5321734354639314,ok,0,0.532457649771125,0.5321734354639314,0.0,1.0,0
als,8,version_36,0,stratified,48,46,12,0.5320865631995723,ok,0,0.5325532927929433,0.5320865631995723,0.0,0.4,0
als,8,version_36,0,stratified,96,42,24,0.5364930662426046,ok,1,0.530328990116617,0.530328990116617,-0.006164076125987572,0.775,29
als,8,version_36,0,stratified,96,43,24,0.5328462176396156,ok,1,0.538484918436442,0.538484918436442,0.005638700796826379,0.6749999999999999,4
als,8,version_36,0,stratified,96,44,24,0.5326140949351937,ok,1,0.5393392411340242,0.5393392411340242,0.006725146198830467,0.5499999999999999,10
als,8,version_36,0,stratified,96,45,24,0.5308763807667316,ok,1,0.5336069217879006,0.5336069217879006,0.0027305410211689862,0.5499999999999999,8
als,8,version_36,0,stratified,96,46,24,0.5329881416504223,ok,1,0.5424444700933622,0.5424444700933622,0.009456328442939865,0.6749999999999999,20
als,8,version_36,0,stratified,240,42,60,0.535719696969697,ok,1,0.5460323691460056,0.5460323691460056,0.010312672176308602,0.6,14
als,8,version_36,0,stratified,240,43,60,0.5315589990817263,ok,1,0.5399237832874196,0.5399237832874196,0.00836478420569331,0.634,50
als,8,version_36,0,stratified,240,44,60,0.5328340220385676,ok,0,0.5386797520661157,0.5328340220385676,0.0,0.646,2
als,8,version_36,0,stratified,240,45,60,0.5287463269054179,ok,0,0.5307219926538108,0.5287463269054179,0.0,0.618,0
als,8,version_36,0,stratified,240,46,60,0.533739898989899,ok,1,0.5308668503213958,0.5308668503213958,-0.002873048668503242,0.55,42
als,8,version_36,0,stratified,480,42,120,0.534609521331946,ok,0,0.5388064516129032,0.534609521331946,0.0,0.47050000000000003,0
als,8,version_36,0,stratified,480,43,120,0.5333197190426638,ok,1,0.532522372528616,0.532522372528616,-0.0007973465140478364,0.6174999999999999,15
als,8,version_36,0,stratified,480,44,120,0.5278592611862644,ok,1,0.5386589490114464,0.5386589490114464,0.010799687825182036,0.638,5
als,8,version_36,0,stratified,480,45,120,0.5243852757544225,ok,1,0.5329583766909469,0.5329583766909469,0.008573100936524414,0.5555000000000001,3
als,8,version_36,0,stratified,480,46,120,0.5334362643080124,ok,1,0.5424924557752342,0.5424924557752342,0.009056191467221808,0.6925,2
als,8,version_36,0,temporal_array,24,42,6,0.5340610136741974,ungateable,,,0.5340610136741974,0.0,,
als,8,version_36,0,temporal_array,24,43,6,0.5340610136741974,ungateable,,,0.5340610136741974,0.0,,
als,8,version_36,0,temporal_array,24,44,6,0.5340610136741974,ungateable,,,0.5340610136741974,0.0,,
als,8,version_36,0,temporal_array,24,45,6,0.5340610136741974,ungateable,,,0.5340610136741974,0.0,,
als,8,version_36,0,temporal_array,24,46,6,0.5340610136741974,ungateable,,,0.5340610136741974,0.0,,
als,8,version_36,0,temporal_array,48,42,12,0.5338511560693642,ok,1,0.5359651174446189,0.5359651174446189,0.0021139613752547692,0.9,3
als,8,version_36,0,temporal_array,48,43,12,0.5338511560693642,ok,0,0.5339455461258311,0.5338511560693642,0.0,0.4,0
als,8,version_36,0,temporal_array,48,44,12,0.5338511560693642,ok,0,0.5345699405259113,0.5338511560693642,0.0,0.4,0
als,8,version_36,0,temporal_array,48,45,12,0.5338511560693642,ok,0,0.5345250426008219,0.5338511560693642,0.0,0.7,0
als,8,version_36,0,temporal_array,48,46,12,0.5338511560693642,ok,0,0.5343387684185906,0.5338511560693642,0.0,0.75,0
als,8,version_36,0,temporal_array,96,42,24,0.5340055487158442,ok,1,0.5436226103758421,0.5436226103758421,0.009617061659997983,0.5875,15
als,8,version_36,0,temporal_array,96,43,24,0.5340055487158442,ok,1,0.540525289832769,0.540525289832769,0.006519741116924882,0.8625,14
als,8,version_36,0,temporal_array,96,44,24,0.5340055487158442,ok,1,0.5363477223761157,0.5363477223761157,0.0023421736602715626,0.6499999999999999,28
als,8,version_36,0,temporal_array,96,45,24,0.5340055487158442,ok,1,0.5378646421121028,0.5378646421121028,0.0038590933962586726,0.5375,5
als,8,version_36,0,temporal_array,96,46,24,0.5340055487158442,ok,1,0.5224752915426969,0.5224752915426969,-0.011530257173147263,0.7125,41
als,8,version_36,0,temporal_array,240,42,60,0.5375254820936639,ok,1,0.5420629017447199,0.5420629017447199,0.004537419651056029,0.45199999999999996,1
als,8,version_36,0,temporal_array,240,43,60,0.5375254820936639,ok,1,0.5443383838383838,0.5443383838383838,0.006812901744719935,0.428,5
als,8,version_36,0,temporal_array,240,44,60,0.5375254820936639,ok,0,0.5415668044077135,0.5375254820936639,0.0,0.532,1
als,8,version_36,0,temporal_array,240,45,60,0.5375254820936639,ok,1,0.5392139577594123,0.5392139577594123,0.001688475665748368,0.5299999999999999,0
als,8,version_36,0,temporal_array,240,46,60,0.5375254820936639,ok,1,0.5415282369146005,0.5415282369146005,0.004002754820936594,0.35,1
als,8,version_36,0,temporal_array,480,42,120,0.5366350156087409,ok,1,0.5455853277835588,0.5455853277835588,0.008950312174817898,0.5915,2
als,8,version_36,0,temporal_array,480,43,120,0.5366350156087409,ok,1,0.5237419354838709,0.5237419354838709,-0.012893080124870004,0.5555000000000001,36
als,8,version_36,0,temporal_array,480,44,120,0.5366350156087409,ok,1,0.5465400624349636,0.5465400624349636,0.009905046826222619,0.5035000000000001,4
als,8,version_36,0,temporal_array,480,45,120,0.5366350156087409,ok,1,0.5481589490114465,0.5481589490114465,0.011523933402705522,0.5775,4
als,8,version_36,0,temporal_array,480,46,120,0.5366350156087409,ok,1,0.5476425598335067,0.5476425598335067,0.011007544224765797,0.5684999999999999,4
als,8,version_37,0,stratified,24,42,6,0.5308239199365834,ungateable,,,0.5308239199365834,0.0,,
als,8,version_37,0,stratified,24,43,6,0.5299449233716474,ungateable,,,0.5299449233716474,0.0,,
als,8,version_37,0,stratified,24,44,6,0.530404445765623,ungateable,,,0.530404445765623,0.0,,
als,8,version_37,0,stratified,24,45,6,0.5289461950059453,ungateable,,,0.5289461950059453,0.0,,
als,8,version_37,0,stratified,24,46,6,0.5289581681860219,ungateable,,,0.5289581681860219,0.0,,
als,8,version_37,0,stratified,48,42,12,0.532007835209997,ok,0,0.5317987988238831,0.532007835209997,0.0,0.25,0
als,8,version_37,0,stratified,48,43,12,0.5279461391960975,ok,1,0.5280133816699522,0.5280133816699522,6.724247385470061e-05,1.0,0
als,8,version_37,0,stratified,48,44,12,0.5301626349026028,ok,0,0.530117945805072,0.5301626349026028,0.0,0.45,0
als,8,version_37,0,stratified,48,45,12,0.5282138561261653,ok,0,0.5279615924354306,0.5282138561261653,0.0,0.9500000000000001,0
als,8,version_37,0,stratified,48,46,12,0.5274800360854021,ok,0,0.5272833205252431,0.5274800360854021,0.0,0.8,0
als,8,version_37,0,stratified,96,42,24,0.5324775144488902,ok,1,0.5297882254368866,0.5297882254368866,-0.002689289012003604,0.6,6
als,8,version_37,0,stratified,96,43,24,0.5279799767449813,ok,1,0.527457593789542,0.527457593789542,-0.0005223829554392712,0.5375000000000001,1
als,8,version_37,0,stratified,96,44,24,0.5282223590164495,ok,0,0.5278769535925584,0.5282223590164495,0.0,0.6499999999999999,0
als,8,version_37,0,stratified,96,45,24,0.526524828152252,ok,1,0.5206999589617318,0.5206999589617318,-0.0058248691905201655,0.6625,22
als,8,version_37,0,stratified,96,46,24,0.5276927088676858,ok,1,0.5228873841523888,0.5228873841523888,-0.0048053247152970435,0.8,24
als,8,version_37,0,stratified,240,42,60,0.5318719008264463,ok,1,0.5310270890725437,0.5310270890725437,-0.0008448117539026079,0.588,0
als,8,version_37,0,stratified,240,43,60,0.527429292929293,ok,0,0.5268604224058769,0.527429292929293,0.0,0.394,0
als,8,version_37,0,stratified,240,44,60,0.5284490358126721,ok,1,0.5173236914600551,0.5173236914600551,-0.011125344352617028,0.798,15
als,8,version_37,0,stratified,240,45,60,0.5240257116620753,ok,1,0.5155006887052341,0.5155006887052341,-0.00852502295684121,0.6980000000000001,7
als,8,version_37,0,stratified,240,46,60,0.5261717171717172,ok,1,0.5174247015610652,0.5174247015610652,-0.008747015610651943,0.574,15
als,8,version_37,0,stratified,480,42,120,0.5299750260145681,ok,0,0.5290567117585848,0.5299750260145681,0.0,0.503,0
als,8,version_37,0,stratified,480,43,120,0.5292367325702393,ok,1,0.5158595213319459,0.5158595213319459,-0.013377211238293385,0.5915,45
als,8,version_37,0,stratified,480,44,120,0.5268064516129032,ok,0,0.5259401664932362,0.5268064516129032,0.0,0.5855,0
als,8,version_37,0,stratified,480,45,120,0.5211774193548386,ok,1,0.5118870967741935,0.5118870967741935,-0.009290322580645105,0.507,3
als,8,version_37,0,stratified,480,46,120,0.526417273673257,ok,1,0.5240676378772112,0.5240676378772112,-0.002349635796045746,0.6365,1
als,8,version_37,0,temporal_array,24,42,6,0.5299061137534681,ungateable,,,0.5299061137534681,0.0,,
als,8,version_37,0,temporal_array,24,43,6,0.5299061137534681,ungateable,,,0.5299061137534681,0.0,,
als,8,version_37,0,temporal_array,24,44,6,0.5299061137534681,ungateable,,,0.5299061137534681,0.0,,
als,8,version_37,0,temporal_array,24,45,6,0.5299061137534681,ungateable,,,0.5299061137534681,0.0,,
als,8,version_37,0,temporal_array,24,46,6,0.5299061137534681,ungateable,,,0.5299061137534681,0.0,,
als,8,version_37,0,temporal_array,48,42,12,0.5295194460222528,ok,0,0.5292414965418156,0.5295194460222528,0.0,0.7,0
als,8,version_37,0,temporal_array,48,43,12,0.5295194460222528,ok,0,0.5294931337498747,0.5295194460222528,0.0,0.5,0
als,8,version_37,0,temporal_array,48,44,12,0.5295194460222528,ok,0,0.529248387851248,0.5295194460222528,0.0,0.45,0
als,8,version_37,0,temporal_array,48,45,12,0.5295194460222528,ok,0,0.5292703147448963,0.5295194460222528,0.0,0.75,0
als,8,version_37,0,temporal_array,48,46,12,0.5295194460222528,ok,0,0.5293448661833005,0.5295194460222528,0.0,0.65,0
als,8,version_37,0,temporal_array,96,42,24,0.5303050511268425,ok,1,0.5190768099586198,0.5190768099586198,-0.01122824116822263,0.55,24
als,8,version_37,0,temporal_array,96,43,24,0.5303050511268425,ok,1,0.510229002086112,0.510229002086112,-0.02007604904073046,0.75,39
als,8,version_37,0,temporal_array,96,44,24,0.5303050511268425,ok,1,0.5171599808488082,0.5171599808488082,-0.013145070278034243,0.49999999999999994,23
als,8,version_37,0,temporal_array,96,45,24,0.5303050511268425,ok,1,0.5213014260798194,0.5213014260798194,-0.009003625047023012,0.45,19
als,8,version_37,0,temporal_array,96,46,24,0.5303050511268425,ok,1,0.5153619917239493,0.5153619917239493,-0.0149430594028932,0.6000000000000001,29
als,8,version_37,0,temporal_array,240,42,60,0.5330968778696051,ok,1,0.5292229109274564,0.5292229109274564,-0.003873966942148699,0.63,4
als,8,version_37,0,temporal_array,240,43,60,0.5330968778696051,ok,0,0.5322681359044996,0.5330968778696051,0.0,0.51,0
als,8,version_37,0,temporal_array,240,44,60,0.5330968778696051,ok,0,0.5284853076216712,0.5330968778696051,0.0,0.5,4
als,8,version_37,0,temporal_array,240,45,60,0.5330968778696051,ok,1,0.5311606978879706,0.5311606978879706,-0.0019361799816345338,0.6280000000000001,2
als,8,version_37,0,temporal_array,240,46,60,0.5330968778696051,ok,0,0.5323698347107438,0.5330968778696051,0.0,0.37,0
als,8,version_37,0,temporal_array,480,42,120,0.5332752341311134,ok,0,0.5316495837669094,0.5332752341311134,0.0,0.542,0
als,8,version_37,0,temporal_array,480,43,120,0.5332752341311134,ok,1,0.4926048387096774,0.4926048387096774,-0.04067039542143602,0.569,34
als,8,version_37,0,temporal_array,480,44,120,0.5332752341311134,ok,1,0.525452653485952,0.525452653485952,-0.007822580645161392,0.4795,3
als,8,version_37,0,temporal_array,480,45,120,0.5332752341311134,ok,1,0.502284859521332,0.502284859521332,-0.03099037460978149,0.5625,18
als,8,version_37,0,temporal_array,480,46,120,0.5332752341311134,ok,1,0.49668782518210197,0.49668782518210197,-0.03658740894901147,0.5285,16
als,8,version_38,0,stratified,24,42,6,0.5110935642092747,ungateable,,,0.5110935642092747,0.0,,
als,8,version_38,0,stratified,24,43,6,0.5102975541683181,ungateable,,,0.5102975541683181,0.0,,
als,8,version_38,0,stratified,24,44,6,0.5103520527810808,ungateable,,,0.5103520527810808,0.0,,
als,8,version_38,0,stratified,24,45,6,0.5088760486854274,ungateable,,,0.5088760486854274,0.0,,
als,8,version_38,0,stratified,24,46,6,0.5096497638393447,ungateable,,,0.5096497638393447,0.0,,
als,8,version_38,0,stratified,48,42,12,0.5121447843228976,ok,0,0.5121226486016907,0.5121447843228976,0.0,0.14999999999999997,0
als,8,version_38,0,stratified,48,43,12,0.5081348775435196,ok,1,0.5076460122289418,0.5076460122289418,-0.0004888653145778132,1.0,5
als,8,version_38,0,stratified,48,44,12,0.5110492749507167,ok,1,0.5112219753416418,0.5112219753416418,0.0001727003909250957,0.5,11
als,8,version_38,0,stratified,48,45,12,0.5078203832403354,ok,0,0.5077606585585887,0.5078203832403354,0.0,0.9500000000000001,0
als,8,version_38,0,stratified,48,46,12,0.5079239617093788,ok,0,0.5078840756456948,0.5079239617093788,0.0,0.6,0
als,8,version_38,0,stratified,96,42,24,0.5125938322902774,ok,1,0.5117194179405629,0.5117194179405629,-0.0008744143497145807,0.4875,8
als,8,version_38,0,stratified,96,43,24,0.5080013935911905,ok,1,0.4994412810779385,0.4994412810779385,-0.00856011251325195,0.6875,28
als,8,version_38,0,stratified,96,44,24,0.5097074740945932,ok,1,0.4942103980712014,0.4942103980712014,-0.015497076023391787,0.5875,26
als,8,version_38,0,stratified,96,45,24,0.5067078331794398,ok,1,0.5058958311959236,0.5058958311959236,-0.000812001983516164,0.48750000000000004,4
als,8,version_38,0,stratified,96,46,24,0.5078590420984235,ok,0,0.5077912862077221,0.5078590420984235,0.0,0.7000000000000001,0
als,8,version_38,0,stratified,240,42,60,0.5139230945821854,ok,1,0.48337327823691456,0.48337327823691456,-0.030549816345270875,0.562,12
als,8,version_38,0,stratified,240,43,60,0.5064329660238752,ok,1,0.4952438016528926,0.4952438016528926,-0.011189164370982607,0.616,51
als,8,version_38,0,stratified,240,44,60,0.509790404040404,ok,1,0.4943179522497704,0.4943179522497704,-0.015472451790633612,0.618,27
als,8,version_38,0,stratified,240,45,60,0.5051829660238751,ok,1,0.4998751147842057,0.4998751147842057,-0.0053078512396694255,0.64,81
als,8,version_38,0,stratified,240,46,60,0.5066168503213958,ok,1,0.504958448117539,0.504958448117539,-0.0016584022038568236,0.594,39
als,8,version_38,0,stratified,480,42,120,0.5106633714880332,ok,1,0.5040650364203955,0.5040650364203955,-0.0065983350676377395,0.4345,3
als,8,version_38,0,stratified,480,43,120,0.5070983350676379,ok,1,0.5053402705515089,0.5053402705515089,-0.001758064516129032,0.647,11
als,8,version_38,0,stratified,480,44,120,0.5052359521331946,ok,0,0.5045881893860562,0.5052359521331946,0.0,0.569,0
als,8,version_38,0,stratified,480,45,120,0.5036932882414152,ok,0,0.503294745057232,0.5036932882414152,0.0,0.506,0
als,8,version_38,0,stratified,480,46,120,0.5070322580645161,ok,0,0.5068384495317377,0.5070322580645161,0.0,0.646,0
als,8,version_38,0,temporal_array,24,42,6,0.510944105892456,ungateable,,,0.510944105892456,0.0,,
als,8,version_38,0,temporal_array,24,43,6,0.510944105892456,ungateable,,,0.510944105892456,0.0,,
als,8,version_38,0,temporal_array,24,44,6,0.510944105892456,ungateable,,,0.510944105892456,0.0,,
als,8,version_38,0,temporal_array,24,45,6,0.510944105892456,ungateable,,,0.510944105892456,0.0,,
als,8,version_38,0,temporal_array,24,46,6,0.510944105892456,ungateable,,,0.510944105892456,0.0,,
als,8,version_38,0,temporal_array,48,42,12,0.5105606184636974,ok,1,0.5074469995656387,0.5074469995656387,-0.003113618898058723,0.8500000000000001,17
als,8,version_38,0,temporal_array,48,43,12,0.5105606184636974,ok,0,0.5105184352968692,0.5105606184636974,0.0,0.44999999999999996,0
als,8,version_38,0,temporal_array,48,44,12,0.5105606184636974,ok,0,0.5106038457683183,0.5105606184636974,0.0,0.45,0
als,8,version_38,0,temporal_array,48,45,12,0.5105606184636974,ok,0,0.5105491329479769,0.5105606184636974,0.0,0.7,0
als,8,version_38,0,temporal_array,48,46,12,0.5105606184636974,ok,0,0.510555606602292,0.5105606184636974,0.0,0.75,0
als,8,version_38,0,temporal_array,96,42,24,0.5111801494476933,ok,1,0.5109354160254437,0.5109354160254437,-0.00024473342224962114,0.6,2
als,8,version_38,0,temporal_array,96,43,24,0.5111801494476933,ok,1,0.5109200266748744,0.5109200266748744,-0.00026012277281894924,0.65,2
als,8,version_38,0,temporal_array,96,44,24,0.5111801494476933,ok,1,0.49802097226497044,0.49802097226497044,-0.013159177182722859,0.55,27
als,8,version_38,0,temporal_array,96,45,24,0.5111801494476933,ok,0,0.5111200882322766,0.5111801494476933,0.0,0.35000000000000003,0
als,8,version_38,0,temporal_array,96,46,24,0.5111801494476933,ok,0,0.511001248247324,0.5111801494476933,0.0,0.425,1
als,8,version_38,0,temporal_array,240,42,60,0.5142206152433425,ok,1,0.4893629476584022,0.4893629476584022,-0.02485766758494029,0.562,16
als,8,version_38,0,temporal_array,240,43,60,0.5142206152433425,ok,0,0.5139818640955005,0.5142206152433425,0.0,0.434,0
als,8,version_38,0,temporal_array,240,44,60,0.5142206152433425,ok,1,0.5020208907254362,0.5020208907254362,-0.012199724517906296,0.6160000000000001,64
als,8,version_38,0,temporal_array,240,45,60,0.5142206152433425,ok,1,0.49511363636363637,0.49511363636363637,-0.019106978879706138,0.6639999999999999,12
als,8,version_38,0,temporal_array,240,46,60,0.5142206152433425,ok,1,0.5060651974288337,0.5060651974288337,-0.008155417814508792,0.488,72
als,8,version_38,0,temporal_array,480,42,120,0.5147671696149845,ok,1,0.5133332466181062,0.5133332466181062,-0.0014339229968782785,0.513,1
als,8,version_38,0,temporal_array,480,43,120,0.5147671696149845,ok,1,0.5026935483870967,0.5026935483870967,-0.012073621227887799,0.5825,28
als,8,version_38,0,temporal_array,480,44,120,0.5147671696149845,ok,1,0.5032060353798128,0.5032060353798128,-0.011561134235171688,0.5085,64
als,8,version_38,0,temporal_array,480,45,120,0.5147671696149845,ok,0,0.5141995317377732,0.5147671696149845,0.0,0.48150000000000004,0
als,8,version_38,0,temporal_array,480,46,120,0.5147671696149845,ok,0,0.5141638917793965,0.5147671696149845,0.0,0.48,0
als,8,version_39,0,stratified,24,42,6,0.5467779759545515,ungateable,,,0.5467779759545515,0.0,,
als,8,version_39,0,stratified,24,43,6,0.546412587528075,ungateable,,,0.546412587528075,0.0,,
als,8,version_39,0,stratified,24,44,6,0.5460996333729686,ungateable,,,0.5460996333729686,0.0,,
als,8,version_39,0,stratified,24,45,6,0.5455587759281278,ungateable,,,0.5455587759281278,0.0,,
als,8,version_39,0,stratified,24,46,6,0.5458415906989035,ungateable,,,0.5458415906989035,0.0,,
als,8,version_39,0,stratified,48,42,12,0.5466687827859267,ok,1,0.5446293728490762,0.5446293728490762,-0.002039409936850478,0.3,4
als,8,version_39,0,stratified,48,43,12,0.5442497243476226,ok,1,0.5442098382839387,0.5442098382839387,-3.98860636839915e-05,0.9,0
als,8,version_39,0,stratified,48,44,12,0.5465622807310635,ok,1,0.5452044839453373,0.5452044839453373,-0.0013577967857262285,0.65,11
als,8,version_39,0,stratified,48,45,12,0.5452182665642019,ok,0,0.544738798489759,0.5452182665642019,0.0,0.9,0
als,8,version_39,0,stratified,48,46,12,0.5442948311002707,ok,0,0.5438360369541247,0.5442948311002707,0.0,0.55,0
als,8,version_39,0,stratified,96,42,24,0.5479472316268253,ok,1,0.5481603313840157,0.5481603313840157,0.00021309975719030483,0.675,8
als,8,version_39,0,stratified,96,43,24,0.5440994665025135,ok,1,0.5440528709688451,0.5440528709688451,-4.659553366836988e-05,0.6250000000000001,5
als,8,version_39,0,stratified,96,44,24,0.5451921103929415,ok,0,0.5445846585274102,0.5451921103929415,0.0,0.5125,0
als,8,version_39,0,stratified,96,45,24,0.5453212099449403,ok,0,0.5443305205020349,0.5453212099449403,0.0,0.475,0
als,8,version_39,0,stratified,96,46,24,0.5453605382852844,ok,1,0.5323325980643616,0.5323325980643616,-0.013027940220922796,0.7125,15
als,8,version_39,0,stratified,240,42,60,0.5478852157943067,ok,0,0.5466313131313132,0.5478852157943067,0.0,0.598,0
als,8,version_39,0,stratified,240,43,60,0.5426391184573003,ok,1,0.5522865013774104,0.5522865013774104,0.009647382920110137,0.512,51
als,8,version_39,0,stratified,240,44,60,0.5456671258034895,ok,1,0.5405323691460054,0.5405323691460054,-0.005134756657484085,0.63,3
als,8,version_39,0,stratified,240,45,60,0.5429784205693297,ok,1,0.5313999081726355,0.5313999081726355,-0.011578512396694163,0.636,8
als,8,version_39,0,stratified,240,46,60,0.5456776859504132,ok,1,0.5422552800734619,0.5422552800734619,-0.0034224058769513066,0.642,45
als,8,version_39,0,stratified,480,42,120,0.5443324661810613,ok,0,0.5436040582726327,0.5443324661810613,0.0,0.537,0
als,8,version_39,0,stratified,480,43,120,0.543238813735692,ok,1,0.5616758584807492,0.5616758584807492,0.01843704474505714,0.595,55
als,8,version_39,0,stratified,480,44,120,0.5408215400624349,ok,0,0.538371227887617,0.5408215400624349,0.0,0.6174999999999999,0
als,8,version_39,0,stratified,480,45,120,0.5396056191467221,ok,1,0.5264151925078043,0.5264151925078043,-0.013190426638917785,0.579,3
als,8,version_39,0,stratified,480,46,120,0.5440801248699272,ok,0,0.540923517169615,0.5440801248699272,0.0,0.6755,0
als,8,version_39,0,temporal_array,24,42,6,0.5468229785969084,ungateable,,,0.5468229785969084,0.0,,
als,8,version_39,0,temporal_array,24,43,6,0.5468229785969084,ungateable,,,0.5468229785969084,0.0,,
als,8,version_39,0,temporal_array,24,44,6,0.5468229785969084,ungateable,,,0.5468229785969084,0.0,,
als,8,version_39,0,temporal_array,24,45,6,0.5468229785969084,ungateable,,,0.5468229785969084,0.0,,
als,8,version_39,0,temporal_array,24,46,6,0.5468229785969084,ungateable,,,0.5468229785969084,0.0,,
als,8,version_39,0,temporal_array,48,42,12,0.5467698553242675,ok,1,0.5454350295699824,0.5454350295699824,-0.0013348257542851183,0.8500000000000001,13
als,8,version_39,0,temporal_array,48,43,12,0.5467698553242675,ok,0,0.5467374870526913,0.5467698553242675,0.0,0.39999999999999997,0
als,8,version_39,0,temporal_array,48,44,12,0.5467698553242675,ok,1,0.5497588041698687,0.5497588041698687,0.0029889488456011915,0.39999999999999997,13
als,8,version_39,0,temporal_array,48,45,12,0.5467698553242675,ok,0,0.5466259731364229,0.5467698553242675,0.0,0.75,0
als,8,version_39,0,temporal_array,48,46,12,0.5467698553242675,ok,0,0.5471419860336129,0.5467698553242675,0.0,0.55,0
als,8,version_39,0,temporal_array,96,42,24,0.547123473889402,ok,1,0.552022417153996,0.552022417153996,0.004898943264594058,0.6,22
als,8,version_39,0,temporal_array,96,43,24,0.547123473889402,ok,1,0.5398588454567217,0.5398588454567217,-0.007264628432680276,0.825,28
als,8,version_39,0,temporal_array,96,44,24,0.547123473889402,ok,1,0.5147132878492527,0.5147132878492527,-0.032410186040149225,0.75,62
als,8,version_39,0,temporal_array,96,45,24,0.547123473889402,ok,1,0.5505839403577169,0.5505839403577169,0.0034604664683148822,0.4375,21
als,8,version_39,0,temporal_array,96,46,24,0.547123473889402,ok,1,0.5400420214766937,0.5400420214766937,-0.0070814524127083,0.5875,55
als,8,version_39,0,temporal_array,240,42,60,0.548364554637282,ok,1,0.5488994490358127,0.5488994490358127,0.0005348943985307164,0.472,0
als,8,version_39,0,temporal_array,240,43,60,0.548364554637282,ok,1,0.5395541781450872,0.5395541781450872,-0.008810376492194738,0.522,7
als,8,version_39,0,temporal_array,240,44,60,0.548364554637282,ok,1,0.5468404499540863,0.5468404499540863,-0.0015241046831956373,0.546,0
als,8,version_39,0,temporal_array,240,45,60,0.548364554637282,ok,0,0.5471046831955922,0.548364554637282,0.0,0.528,0
als,8,version_39,0,temporal_array,240,46,60,0.548364554637282,ok,1,0.5468893480257117,0.5468893480257117,-0.001475206611570301,0.482,1
als,8,version_39,0,temporal_array,480,42,120,0.548322060353798,ok,1,0.5400967741935484,0.5400967741935484,-0.008225286160249645,0.6165,27
als,8,version_39,0,temporal_array,480,43,120,0.548322060353798,ok,1,0.5387695109261187,0.5387695109261187,-0.009552549427679358,0.6160000000000001,49
als,8,version_39,0,temporal_array,480,44,120,0.548322060353798,ok,1,0.5466139438085328,0.5466139438085328,-0.0017081165452652591,0.49250000000000005,18
als,8,version_39,0,temporal_array,480,45,120,0.548322060353798,ok,1,0.5482840790842872,0.5482840790842872,-3.798126951082281e-05,0.6569999999999999,97
als,8,version_39,0,temporal_array,480,46,120,0.548322060353798,ok,1,0.5465561914672217,0.5465561914672217,-0.0017658688865763716,0.5810000000000001,11
als,8,version_40,0,stratified,24,42,6,0.5502828147707756,ungateable,,,0.5502828147707756,0.0,,
als,8,version_40,0,stratified,24,43,6,0.5493980380499406,ungateable,,,0.5493980380499406,0.0,,
als,8,version_40,0,stratified,24,44,6,0.5496957160787422,ungateable,,,0.5496957160787422,0.0,,
als,8,version_40,0,stratified,24,45,6,0.5484538082970009,ungateable,,,0.5484538082970009,0.0,,
als,8,version_40,0,stratified,24,46,6,0.5485491808693355,ungateable,,,0.5485491808693355,0.0,,
als,8,version_40,0,stratified,48,42,12,0.5511063684052258,ok,0,0.5509994486952454,0.5511063684052258,0.0,0.3,0
als,8,version_40,0,stratified,48,43,12,0.5481493701760833,ok,1,0.5539967506431889,0.5539967506431889,0.005847380467105534,0.9,4
als,8,version_40,0,stratified,48,44,12,0.5487407698219118,ok,0,0.5492691035450566,0.5487407698219118,0.0,0.9,0
als,8,version_40,0,stratified,48,45,12,0.5473399545591232,ok,0,0.5472560058805841,0.5473399545591232,0.0,0.9,0
als,8,version_40,0,stratified,48,46,12,0.5466967656787731,ok,0,0.5464975441879114,0.5466967656787731,0.0,0.7999999999999999,0
als,8,version_40,0,stratified,96,42,24,0.5516847064053897,ok,0,0.5516158818097876,0.5516847064053897,0.0,0.6125,0
als,8,version_40,0,stratified,96,43,24,0.5480053691734208,ok,0,0.5487511114530966,0.5480053691734208,0.0,0.6125,0
als,8,version_40,0,stratified,96,44,24,0.5469033206798674,ok,1,0.5483563318627954,0.5483563318627954,0.0014530111829280656,0.65,19
als,8,version_40,0,stratified,96,45,24,0.5461171813549468,ok,0,0.545512080640197,0.5461171813549468,0.0,0.5,0
als,8,version_40,0,stratified,96,46,24,0.5465438083512876,ok,0,0.5463668308197394,0.5465438083512876,0.0,0.7874999999999999,0
als,8,version_40,0,stratified,240,42,60,0.5508002754820936,ok,1,0.544555785123967,0.544555785123967,-0.006244490358126686,0.622,21
als,8,version_40,0,stratified,240,43,60,0.5463902662993572,ok,1,0.5596388888888889,0.5596388888888889,0.013248622589531744,0.4760000000000001,56
als,8,version_40,0,stratified,240,44,60,0.5470376492194673,ok,1,0.5508333333333333,0.5508333333333333,0.0037956841138659936,0.666,10
als,8,version_40,0,stratified,240,45,60,0.5420293847566574,ok,1,0.5419123048668504,0.5419123048668504,-0.00011707988980702577,0.702,30
als,8,version_40,0,stratified,240,46,60,0.5477851239669422,ok,1,0.552510101010101,0.552510101010101,0.004724977043158773,0.638,10
als,8,version_40,0,stratified,480,42,120,0.5490853277835588,ok,0,0.5516566077003121,0.5490853277835588,0.0,0.563,0
als,8,version_40,0,stratified,480,43,120,0.5503517169614984,ok,1,0.5574227367325703,0.5574227367325703,0.007071019771071829,0.6145,13
als,8,version_40,0,stratified,480,44,120,0.5432497398543183,ok,1,0.545971383975026,0.545971383975026,0.0027216441207076336,0.6625,1
als,8,version_40,0,stratified,480,45,120,0.5389640998959417,ok,1,0.5302617065556712,0.5302617065556712,-0.008702393340270564,0.5755,8
als,8,version_40,0,stratified,480,46,120,0.5496514047866805,ok,1,0.5528673257023933,0.5528673257023933,0.0032159209157127666,0.698,2
als,8,version_40,0,temporal_array,24,42,6,0.5506052648962876,ungateable,,,0.5506052648962876,0.0,,
als,8,version_40,0,temporal_array,24,43,6,0.5506052648962876,ungateable,,,0.5506052648962876,0.0,,
als,8,version_40,0,temporal_array,24,44,6,0.5506052648962876,ungateable,,,0.5506052648962876,0.0,,
als,8,version_40,0,temporal_array,24,45,6,0.5506052648962876,ungateable,,,0.5506052648962876,0.0,,
als,8,version_40,0,temporal_array,24,46,6,0.5506052648962876,ungateable,,,0.5506052648962876,0.0,,
als,8,version_40,0,temporal_array,48,42,12,0.5512404356978182,ok,0,0.5477924838785125,0.5512404356978182,0.0,0.7999999999999999,10
als,8,version_40,0,temporal_array,48,43,12,0.5512404356978182,ok,0,0.5514271275351665,0.5512404356978182,0.0,0.5,0
als,8,version_40,0,temporal_array,48,44,12,0.5512404356978182,ok,0,0.5509910955929032,0.5512404356978182,0.0,0.45,0
als,8,version_40,0,temporal_array,48,45,12,0.5512404356978182,ok,0,0.5513603027164289,0.5512404356978182,0.0,0.75,0
als,8,version_40,0,temporal_array,48,46,12,0.5512404356978182,ok,0,0.5516209195095059,0.5512404356978182,0.0,0.25,0
als,8,version_40,0,temporal_array,96,42,24,0.5521801579973326,ok,1,0.5330700044458123,0.5330700044458123,-0.019110153551520237,0.7875000000000001,33
als,8,version_40,0,temporal_array,96,43,24,0.5521801579973326,ok,1,0.5265688587941588,0.5265688587941588,-0.025611299203173732,0.6875,34
als,8,version_40,0,temporal_array,96,44,24,0.5521801579973326,ok,1,0.5196680175096611,0.5196680175096611,-0.03251214048767148,0.6375,51
als,8,version_40,0,temporal_array,96,45,24,0.5521801579973326,ok,0,0.5526640675763482,0.5521801579973326,0.0,0.27499999999999997,0
als,8,version_40,0,temporal_array,96,46,24,0.5521801579973326,ok,1,0.49727437502137406,0.49727437502137406,-0.054905782975958495,0.8375,65
als,8,version_40,0,temporal_array,240,42,60,0.5534366391184573,ok,1,0.5564329660238752,0.5564329660238752,0.0029963269054178454,0.542,0
als,8,version_40,0,temporal_array,240,43,60,0.5534366391184573,ok,1,0.5501329201101929,0.5501329201101929,-0.0033037190082644274,0.523,11
als,8,version_40,0,temporal_array,240,44,60,0.5534366391184573,ok,1,0.5511290174471993,0.5511290174471993,-0.0023076216712579756,0.52,24
als,8,version_40,0,temporal_array,240,45,60,0.5534366391184573,ok,0,0.5549589072543618,0.5534366391184573,0.0,0.58,0
als,8,version_40,0,temporal_array,240,46,60,0.5534366391184573,ok,1,0.5595472910927457,0.5595472910927457,0.006110651974288395,0.47,3
als,8,version_40,0,temporal_array,480,42,120,0.5540239334027055,ok,0,0.5545150884495318,0.5540239334027055,0.0,0.5415,0
als,8,version_40,0,temporal_array,480,43,120,0.5540239334027055,ok,1,0.5460434443288242,0.5460434443288242,-0.00798048907388127,0.5805,19
als,8,version_40,0,temporal_array,480,44,120,0.5540239334027055,ok,1,0.5564716441207076,0.5564716441207076,0.002447710718002094,0.509,9
als,8,version_40,0,temporal_array,480,45,120,0.5540239334027055,ok,1,0.5554607180020811,0.5554607180020811,0.0014367845993755735,0.5265,17
als,8,version_40,0,temporal_array,480,46,120,0.5540239334027055,ok,0,0.5534981789802289,0.5540239334027055,0.0,0.552,11
