paradigm,subject,fold,permute_k,split,calib_size,seed,n_half_a,n_half_b,baseline_a,baseline_b,adapted_b,delta_b
als,1,version_31,0,stratified,24,42,2088,2088,0.5491461884000528,0.5594546835777514,0.5519817677368213,-0.007472915840930128
als,1,version_31,0,stratified,24,43,2088,2088,0.5584456335050866,0.5555373893513014,0.49794887039239005,-0.05758851895891132
als,1,version_31,0,stratified,24,44,2088,2088,0.5759215219976219,0.5331747919143875,0.5214295151274937,-0.011745276786893855
als,1,version_31,0,stratified,24,45,2088,2088,0.5626321178491214,0.5510998810939358,0.45216425551592015,-0.09893562557801566
als,1,version_31,0,stratified,24,46,2088,2088,0.577979257497688,0.5348592944906857,0.4923908376271635,-0.042468456863522186
als,1,version_31,0,stratified,48,42,2076,2076,0.5561395302215243,0.5529536569882054,0.5332236292559056,-0.019730027732299815
als,1,version_31,0,stratified,48,43,2076,2076,0.5518761067860604,0.5641468141267666,0.4614888569614755,-0.10265795716529108
als,1,version_31,0,stratified,48,44,2076,2076,0.5686675131143707,0.5403905910655217,0.5228574292492232,-0.017533161816298493
als,1,version_31,0,stratified,48,45,2076,2076,0.5501553677035651,0.5667696882622206,0.4620869390891777,-0.10468274917304293
als,1,version_31,0,stratified,48,46,2076,2076,0.5634100705001838,0.54526044973103,0.5292943299141302,-0.015966119816899882
als,1,version_31,0,stratified,96,42,2052,2052,0.5358554768988748,0.5718101296125304,0.5403765261105982,-0.03143360350193225
als,1,version_31,0,stratified,96,43,2052,2052,0.5576998050682263,0.5592148011353921,0.4715519305085325,-0.08766287062685962
als,1,version_31,0,stratified,96,44,2052,2052,0.5597517184774803,0.5477343456106153,0.5224599021921275,-0.025274443418487835
als,1,version_31,0,stratified,96,45,2052,2052,0.5681303648986012,0.5474094593208166,0.49949557128689165,-0.04791388803392499
als,1,version_31,0,stratified,96,46,2052,2052,0.5442700318046578,0.5640162785130467,0.545030949693923,-0.018985328819123737
als,1,version_31,0,stratified,240,42,1980,1980,0.5500624426078972,0.56144536271809,0.5180422405876951,-0.04340312213039488
als,1,version_31,0,stratified,240,43,1980,1980,0.5580128558310377,0.5498512396694215,0.5384609733700643,-0.011390266299357243
als,1,version_31,0,stratified,240,44,1980,1980,0.5579283746556473,0.5453627180899908,0.513267217630854,-0.03209550045913678
als,1,version_31,0,stratified,240,45,1980,1980,0.5407364554637282,0.5750798898071625,0.5019375573921029,-0.07314233241505963
als,1,version_31,0,stratified,240,46,1980,1980,0.5456730945821855,0.5572359963269053,0.539722681359045,-0.01751331496786035
als,1,version_31,0,stratified,480,42,1860,1860,0.5367845993756504,0.5716441207075963,0.5428262226847034,-0.028817898022892918
als,1,version_31,0,stratified,480,43,1860,1860,0.536197710718002,0.5682851196670136,0.5476888657648282,-0.020596253902185335
als,1,version_31,0,stratified,480,44,1860,1860,0.5461768990634756,0.5531404786680542,0.5372382934443288,-0.01590218522372533
als,1,version_31,0,stratified,480,45,1860,1860,0.5544807492195629,0.5622060353798127,0.5081103017689905,-0.054095733610822205
als,1,version_31,0,stratified,480,46,1860,1860,0.5599979188345473,0.5411612903225806,0.5378772112382935,-0.0032840790842871836
als,1,version_32,0,stratified,24,42,2088,2088,0.5659813053243493,0.5701083366362796,0.5526869467565069,-0.01742138987977271
als,1,version_32,0,stratified,24,43,2088,2088,0.566887964063945,0.5745904346677236,0.4672298189985467,-0.10736061566917693
als,1,version_32,0,stratified,24,44,2088,2088,0.5766217465979654,0.5601350905007266,0.5438416567578279,-0.01629343374289871
als,1,version_32,0,stratified,24,45,2088,2088,0.5639830228563879,0.5780238472717665,0.43203362399260137,-0.1459902232791651
als,1,version_32,0,stratified,24,46,2088,2088,0.5911959968291716,0.5489331483683445,0.5203147707755318,-0.028618377592812716
als,1,version_32,0,stratified,48,42,2076,2076,0.5607070065822446,0.5756106117812155,0.534797353737178,-0.04081325804403757
als,1,version_32,0,stratified,48,43,2076,2076,0.5629088843596513,0.5787864612917237,0.44832937953155805,-0.13045708176016568
als,1,version_32,0,stratified,48,44,2076,2076,0.5713722476527783,0.5624544755922349,0.562711751144375,0.00025727555214005715
als,1,version_32,0,stratified,48,45,2076,2076,0.5571235256774365,0.5866818136255806,0.459313709111564,-0.1273681045140166
als,1,version_32,0,stratified,48,46,2076,2076,0.5726836847205052,0.5623475558822547,0.5399061111296736,-0.02244144475258114
als,1,version_32,0,stratified,96,42,2052,2052,0.5541140863855545,0.580026332888752,0.5333863410964057,-0.04663999179234635
als,1,version_32,0,stratified,96,43,2052,2052,0.5744964262508122,0.5684484114770356,0.4322406894429055,-0.13620772203413012
als,1,version_32,0,stratified,96,44,2052,2052,0.5848107109879963,0.5466981293389419,0.5466861598440547,-1.196949488724286e-05
als,1,version_32,0,stratified,96,45,2052,2052,0.5831093327861564,0.559743168838275,0.513870934646558,-0.04587223419171704
als,1,version_32,0,stratified,96,46,2052,2052,0.5659108785609247,0.5674532334735474,0.5418103006053144,-0.025642932868232937
als,1,version_32,0,stratified,240,42,1980,1980,0.5713627180899907,0.5655004591368228,0.5221432506887053,-0.043357208448117524
als,1,version_32,0,stratified,240,43,1980,1980,0.5645270890725437,0.5683048668503214,0.5615592286501377,-0.006745638200183701
als,1,version_32,0,stratified,240,44,1980,1980,0.5584793388429752,0.5722056932966024,0.557979797979798,-0.014225895316804404
als,1,version_32,0,stratified,240,45,1980,1980,0.5580752984389348,0.5848429752066117,0.5148980716253444,-0.06994490358126726
als,1,version_32,0,stratified,240,46,1980,1980,0.5638328741965106,0.5634141414141415,0.5535482093663912,-0.009865932047750325
als,1,version_32,0,stratified,480,42,1860,1860,0.5450322580645162,0.5866742976066598,0.551729448491155,-0.03494484911550477
als,1,version_32,0,stratified,480,43,1860,1860,0.553327783558793,0.5726160249739856,0.551465140478668,-0.021150884495317546
als,1,version_32,0,stratified,480,44,1860,1860,0.568930280957336,0.5592591050988553,0.5456326742976066,-0.013626430801248701
als,1,version_32,0,stratified,480,45,1860,1860,0.5836004162330906,0.5572154006243497,0.5088824141519251,-0.048332986472424566
als,1,version_32,0,stratified,480,46,1860,1860,0.568738813735692,0.5563433922996879,0.5554214360041624,-0.0009219562955254945
als,1,version_33,0,stratified,24,42,2088,2088,0.6141911084687541,0.6279710001321179,0.6039982164090367,-0.023972783723081204
als,1,version_33,0,stratified,24,43,2088,2088,0.6199151142819395,0.6267224864579204,0.5319675650680407,-0.09475492138987973
als,1,version_33,0,stratified,24,44,2088,2088,0.6303532500990885,0.613520610384463,0.5845917558462148,-0.028928854538248228
als,1,version_33,0,stratified,24,45,2088,2088,0.6228629937904611,0.6246152067644338,0.45344992733518297,-0.17116527942925086
als,1,version_33,0,stratified,24,46,2088,2088,0.6433627295547629,0.6015738538776588,0.5551179151803409,-0.0464559386973179
als,1,version_33,0,stratified,48,42,2076,2076,0.6222267700223864,0.6220087540512547,0.580246583581142,-0.04176217047011266
als,1,version_33,0,stratified,48,43,2076,2076,0.6324167195696482,0.6162350897123192,0.5046560192455478,-0.1115790704667714
als,1,version_33,0,stratified,48,44,2076,2076,0.6231314110060476,0.6213655651709046,0.5366450599752748,-0.08472050519562979
als,1,version_33,0,stratified,48,45,2076,2076,0.6239199438671523,0.6257459320391592,0.42719101874436166,-0.19855491329479752
als,1,version_33,0,stratified,48,46,2076,2076,0.6224063617227438,0.6203222626883624,0.6166260149019346,-0.003696247786427853
als,1,version_33,0,stratified,96,42,2052,2052,0.6048861188057864,0.6396669060565645,0.596230464074416,-0.043436441982148466
als,1,version_33,0,stratified,96,43,2052,2052,0.6383058034950924,0.6119694948873158,0.5236807906706337,-0.08828870421668211
als,1,version_33,0,stratified,96,44,2052,2052,0.6346995656783283,0.6104921172326527,0.5887110563934203,-0.02178106083923248
als,1,version_33,0,stratified,96,45,2052,2052,0.639082110734927,0.6102048493553571,0.5645720050613865,-0.04563284429397063
als,1,version_33,0,stratified,96,46,2052,2052,0.6227608494921514,0.622100817345508,0.6106374610991416,-0.011463356246366407
als,1,version_33,0,stratified,240,42,1980,1980,0.6129182736455463,0.6308172635445363,0.608198347107438,-0.022618916437098235
als,1,version_33,0,stratified,240,43,1980,1980,0.6220073461891643,0.6229421487603306,0.6112231404958678,-0.011719008264462816
als,1,version_33,0,stratified,240,44,1980,1980,0.6220550964187328,0.6176675849403122,0.5776969696969697,-0.039970615243342444
als,1,version_33,0,stratified,240,45,1980,1980,0.6000550964187328,0.647505968778696,0.6497079889807162,0.002202020202020205
als,1,version_33,0,stratified,240,46,1980,1980,0.6211230486685032,0.6202020202020201,0.6159283746556474,-0.004273645546372662
als,1,version_33,0,stratified,480,42,1860,1860,0.6201727367325702,0.6210385015608741,0.6135879292403746,-0.0074505723204995045
als,1,version_33,0,stratified,480,43,1860,1860,0.6145619146722164,0.6285078043704474,0.6047159209157127,-0.023791883454734708
als,1,version_33,0,stratified,480,44,1860,1860,0.6249157127991675,0.6150655567117586,0.6155296566077003,0.0004640998959417608
als,1,version_33,0,stratified,480,45,1860,1860,0.6280353798126951,0.6165411030176899,0.6273059313215401,0.010764828303850171
als,1,version_33,0,stratified,480,46,1860,1860,0.6292944849115505,0.6118980228928199,0.6099979188345473,-0.001900104058272567
als,1,version_34,0,stratified,24,42,2088,2088,0.5484467895362664,0.5614496630994847,0.5530139384330823,-0.008435724666402411
als,1,version_34,0,stratified,24,43,2088,2088,0.5591854934601664,0.5555927137006209,0.4615404941207557,-0.0940522195798652
als,1,version_34,0,stratified,24,44,2088,2088,0.5711570220636808,0.5385635486854274,0.5367039899590436,-0.0018595587263838809
als,1,version_34,0,stratified,24,45,2088,2088,0.5565943321442727,0.5592812789007796,0.4409235037653587,-0.1183577751354209
als,1,version_34,0,stratified,24,46,2088,2088,0.5924841458581054,0.5232147575637469,0.4847436913727045,-0.0384710661910424
als,1,version_34,0,stratified,48,42,2076,2076,0.5599209796518427,0.5496416519095192,0.532703230979986,-0.016938420929533238
als,1,version_34,0,stratified,48,43,2076,2076,0.5461859734705469,0.5697843228975241,0.48017808814193597,-0.08960623475558815
als,1,version_34,0,stratified,48,44,2076,2076,0.567504761268335,0.5412676668114538,0.5552825019212135,0.01401483510975976
als,1,version_34,0,stratified,48,45,2076,2076,0.5551889471749808,0.5630817935781349,0.462999097864947,-0.10008269571318795
als,1,version_34,0,stratified,48,46,2076,2076,0.553848274249056,0.5570717364429149,0.5042500584717164,-0.05282167797119841
als,1,version_34,0,stratified,96,42,2052,2052,0.544957422796758,0.5636153004343216,0.5505557265483397,-0.01305957388598189
als,1,version_34,0,stratified,96,43,2052,2052,0.5632741698300332,0.5522511200027359,0.5062378167641326,-0.04601330323860331
als,1,version_34,0,stratified,96,44,2052,2052,0.5638521254403065,0.5427088676857836,0.5428268527068157,0.00011798502103210762
als,1,version_34,0,stratified,96,45,2052,2052,0.5656236106836291,0.5513405834273793,0.49784378099244214,-0.05349680243493721
als,1,version_34,0,stratified,96,46,2052,2052,0.5407954584316541,0.5682620293423618,0.5228258267501111,-0.045436202592250674
als,1,version_34,0,stratified,240,42,1980,1980,0.5425068870523416,0.5672635445362718,0.5315831037649219,-0.03568044077134991
als,1,version_34,0,stratified,240,43,1980,1980,0.5492240587695134,0.5573250688705234,0.5439467401285584,-0.013378328741964984
als,1,version_34,0,stratified,240,44,1980,1980,0.5555509641873279,0.5498989898989899,0.5258751147842058,-0.0240238751147841
als,1,version_34,0,stratified,240,45,1980,1980,0.5411919191919192,0.5747640036730945,0.5087245179063361,-0.06603948576675844
als,1,version_34,0,stratified,240,46,1980,1980,0.5459127640036731,0.5573921028466483,0.5465105601469238,-0.010881542699724522
als,1,version_34,0,stratified,480,42,1860,1860,0.5298990634755464,0.5778324661810613,0.5363350676378772,-0.04149739854318413
als,1,version_34,0,stratified,480,43,1860,1860,0.5427596253902185,0.5588720083246618,0.5688428720083246,0.009970863683662845
als,1,version_34,0,stratified,480,44,1860,1860,0.5490135275754423,0.5502455775234131,0.5493444328824142,-0.0009011446409988855
als,1,version_34,0,stratified,480,45,1860,1860,0.5634797086368366,0.5559209157127991,0.5385463059313216,-0.017374609781477535
als,1,version_34,0,stratified,480,46,1860,1860,0.549687825182102,0.5504016649323621,0.5518657648283039,0.0014640998959417617
als,1,version_35,0,stratified,24,42,2088,2088,0.5441174527678689,0.5441736028537455,0.5282220240454485,-0.015951578808297007
als,1,version_35,0,stratified,24,43,2088,2088,0.5466524639978861,0.5440646056282203,0.48705079931298717,-0.05701380631523317
als,1,version_35,0,stratified,24,44,2088,2088,0.5557669441141498,0.530314440480909,0.5258950984277976,-0.0044193420531114525
als,1,version_35,0,stratified,24,45,2088,2088,0.5534367155502709,0.5400796010040957,0.46058841987052446,-0.07949118113357123
als,1,version_35,0,stratified,24,46,2088,2088,0.5691042409829568,0.5212395957193817,0.47444180208746206,-0.04679779363191966
als,1,version_35,0,stratified,48,42,2076,2076,0.5457382471850045,0.5433609542584116,0.5247702896855893,-0.018590664572822324
als,1,version_35,0,stratified,48,43,2076,2076,0.5404808045708176,0.5503458184369675,0.47610845668081125,-0.07423736175615625
als,1,version_35,0,stratified,48,44,2076,2076,0.5501704032877811,0.5338534531725083,0.5431170436700191,0.009263590497510799
als,1,version_35,0,stratified,48,45,2076,2076,0.5390641184135788,0.5562731798589997,0.4611254970095894,-0.09514768284941033
als,1,version_35,0,stratified,48,46,2076,2076,0.5462360920846002,0.5398843930635838,0.49769537906378436,-0.04218901399979946
als,1,version_35,0,stratified,96,42,2052,2052,0.522818987038747,0.5627423822714681,0.5493844259772237,-0.01335795629424441
als,1,version_35,0,stratified,96,43,2052,2052,0.5402927396463869,0.5488150200061557,0.4836855784685886,-0.06512944153756706
als,1,version_35,0,stratified,96,44,2052,2052,0.5543893847679628,0.5289302691426422,0.534041243459526,0.005110974316883787
als,1,version_35,0,stratified,96,45,2052,2052,0.5555128073595293,0.5374850381313909,0.48369754796347597,-0.05378749016791495
als,1,version_35,0,stratified,96,46,2052,2052,0.5204934851749257,0.5640727061318012,0.5184176327758968,-0.04565507335590435
als,1,version_35,0,stratified,240,42,1980,1980,0.5430376492194674,0.547801652892562,0.5575096418732781,0.00970798898071612
als,1,version_35,0,stratified,240,43,1980,1980,0.5511808999081727,0.530337924701561,0.5017887970615243,-0.028549127640036698
als,1,version_35,0,stratified,240,44,1980,1980,0.5448448117539026,0.539823691460055,0.5299449035812672,-0.00987878787878782
als,1,version_35,0,stratified,240,45,1980,1980,0.5307933884297521,0.564139577594123,0.4674416896235078,-0.09669788797061524
als,1,version_35,0,stratified,240,46,1980,1980,0.5238034894398531,0.5521432506887053,0.5322552800734619,-0.01988797061524339
als,1,version_35,0,stratified,480,42,1860,1860,0.5270489073881374,0.5655920915712799,0.5471071800208117,-0.018484911550468164
als,1,version_35,0,stratified,480,43,1860,1860,0.5245098855359001,0.5482559833506764,0.5315671175858481,-0.01668886576482831
als,1,version_35,0,stratified,480,44,1860,1860,0.5420686784599376,0.5459167533818938,0.5355993756503642,-0.010317377731529631
als,1,version_35,0,stratified,480,45,1860,1860,0.5579188345473465,0.5411696149843913,0.4631508844953174,-0.07801873048907393
als,1,version_35,0,stratified,480,46,1860,1860,0.540624349635796,0.5330468262226847,0.5158459937565036,-0.017200832466181093
als,1,version_36,0,stratified,24,42,2088,2088,0.5495070352754657,0.5643331351565597,0.5179944510503369,-0.04633868410622277
als,1,version_36,0,stratified,24,43,2088,2088,0.55456054300436,0.563337296868807,0.45621119038182056,-0.1071261064869864
als,1,version_36,0,stratified,24,44,2088,2088,0.5663231602589509,0.5438589972255252,0.5327586206896552,-0.011100376535870038
als,1,version_36,0,stratified,24,45,2088,2088,0.557558792442859,0.5602201413660985,0.4393579072532699,-0.12086223411282865
als,1,version_36,0,stratified,24,46,2088,2088,0.5770445237151539,0.5400878583696658,0.4626585414189457,-0.07742931695072008
als,1,version_36,0,stratified,48,42,2076,2076,0.5621337164622942,0.5534807377459988,0.4965342978382171,-0.0569464399077817
als,1,version_36,0,stratified,48,43,2076,2076,0.5605792041164088,0.5583965384743894,0.44222994420127637,-0.11616659427311304
als,1,version_36,0,stratified,48,44,2076,2076,0.5602467506431887,0.5492983394032543,0.5311787898025326,-0.018119549600721707
als,1,version_36,0,stratified,48,45,2076,2076,0.5513866149888068,0.5675515386414515,0.4642052858431621,-0.10334625279828935
als,1,version_36,0,stratified,48,46,2076,2076,0.5627359751411674,0.5496458284606903,0.5045708176016572,-0.04507501085903309
als,1,version_36,0,stratified,96,42,2052,2052,0.5489398447385521,0.5665991245169453,0.5228446359563627,-0.043754488560582616
als,1,version_36,0,stratified,96,43,2052,2052,0.5618352655517936,0.557562155877022,0.45332922950651483,-0.10423292637050713
als,1,version_36,0,stratified,96,44,2052,2052,0.5662579939126569,0.5418436441982148,0.5332170582401422,-0.008626585958072641
als,1,version_36,0,stratified,96,45,2052,2052,0.5688160459628604,0.5492869600902842,0.5032454430423036,-0.04604151704798065
als,1,version_36,0,stratified,96,46,2052,2052,0.5357759652542663,0.5753821688724736,0.5250333435929003,-0.050348825279573295
als,1,version_36,0,stratified,240,42,1980,1980,0.5468145087235996,0.572078971533517,0.488961432506887,-0.08311753902662994
als,1,version_36,0,stratified,240,43,1980,1980,0.5575583103764922,0.5525050505050504,0.5340606060606061,-0.018444444444444263
als,1,version_36,0,stratified,240,44,1980,1980,0.5472011019283747,0.5596914600550964,0.5219136822773186,-0.0377777777777778
als,1,version_36,0,stratified,240,45,1980,1980,0.5379292929292929,0.5807842056932966,0.5128943985307621,-0.06788980716253445
als,1,version_36,0,stratified,240,46,1980,1980,0.5526721763085399,0.5533682277318641,0.5392378328741965,-0.01413039485766765
als,1,version_36,0,stratified,480,42,1860,1860,0.5438043704474506,0.5781290322580646,0.4976441207075963,-0.08048491155046827
als,1,version_36,0,stratified,480,43,1860,1860,0.5357752341311134,0.5690530697190426,0.5537637877211239,-0.01528928199791868
als,1,version_36,0,stratified,480,44,1860,1860,0.5547107180020812,0.5512445369406869,0.5286035379812695,-0.022640998959417402
als,1,version_36,0,stratified,480,45,1860,1860,0.5668168574401664,0.5571092611862642,0.5104453694068678,-0.04666389177939645
als,1,version_36,0,stratified,480,46,1860,1860,0.54954110301769,0.5516899063475547,0.5417086368366285,-0.00998126951092615
als,1,version_37,0,stratified,24,42,2088,2088,0.5560105363984674,0.5711157352358304,0.5586644536926938,-0.012451281543136572
als,1,version_37,0,stratified,24,43,2088,2088,0.5626098229620822,0.5690084555423438,0.5071145461751883,-0.06189390936715555
als,1,version_37,0,stratified,24,44,2088,2088,0.5810840269520412,0.5455905667855727,0.5244946492271105,-0.021095917558462185
als,1,version_37,0,stratified,24,45,2088,2088,0.5637666798784515,0.5691595653322764,0.4339708019553442,-0.1351887633769322
als,1,version_37,0,stratified,24,46,2088,2088,0.578638195270181,0.552140309155767,0.5118773946360153,-0.040262914519751614
als,1,version_37,0,stratified,48,42,2076,2076,0.5679123926626348,0.5608456680811253,0.5474155501353202,-0.013430117945805176
als,1,version_37,0,stratified,48,43,2076,2076,0.560228373818036,0.5729593370977981,0.47055865548464704,-0.10240068161315108
als,1,version_37,0,stratified,48,44,2076,2076,0.5724347622707073,0.5521617828861639,0.53554579170704,-0.016615991179123935
als,1,version_37,0,stratified,48,45,2076,2076,0.5589670553643623,0.5752597814828428,0.4577834207624712,-0.11747636072037165
als,1,version_37,0,stratified,48,46,2076,2076,0.576908683885195,0.5496992883156805,0.51793912259013,-0.031760165725550515
als,1,version_37,0,stratified,96,42,2052,2052,0.5526298690195274,0.5744784720084812,0.5392599432303957,-0.03521852877808551
als,1,version_37,0,stratified,96,43,2052,2052,0.5691717109537977,0.5630065661229096,0.48341028008618037,-0.07959628603672919
als,1,version_37,0,stratified,96,44,2052,2052,0.5656663588796553,0.5579434697855751,0.5462398686775418,-0.011703601108033257
als,1,version_37,0,stratified,96,45,2052,2052,0.5814011148729523,0.5543167128347184,0.4865992955097295,-0.06771741732498887
als,1,version_37,0,stratified,96,46,2052,2052,0.5454293628808864,0.5804999829007216,0.5373388393009815,-0.043161143599740104
als,1,version_37,0,stratified,240,42,1980,1980,0.5596124885215794,0.5706740128558311,0.5474655647382919,-0.023208448117539193
als,1,version_37,0,stratified,240,43,1980,1980,0.5701377410468319,0.5565068870523415,0.5382350780532599,-0.01827180899908165
als,1,version_37,0,stratified,240,44,1980,1980,0.5622084481175391,0.5581046831955923,0.5227180899908173,-0.035386593204774996
als,1,version_37,0,stratified,240,45,1980,1980,0.5508301193755739,0.5891000918273646,0.46845362718089983,-0.12064646464646472
als,1,version_37,0,stratified,240,46,1980,1980,0.5557667584940312,0.5657134986225896,0.5461726354453627,-0.01954086317722692
als,1,version_37,0,stratified,480,42,1860,1860,0.5523454734651405,0.5776139438085328,0.5695900104058272,-0.008023933402705574
als,1,version_37,0,stratified,480,43,1860,1860,0.5443225806451614,0.5766118626430801,0.5659417273673257,-0.010670135275754333
als,1,version_37,0,stratified,480,44,1860,1860,0.5577356919875129,0.5634984391259106,0.5459250780437045,-0.017573361082206085
als,1,version_37,0,stratified,480,45,1860,1860,0.5910322580645162,0.5507513007284078,0.47700000000000004,-0.0737513007284078
als,1,version_37,0,stratified,480,46,1860,1860,0.5639698231009366,0.556162330905307,0.549627471383975,-0.006534859521331926
als,1,version_38,0,stratified,24,42,2088,2088,0.5499521072796936,0.5652150217994452,0.5177764565992865,-0.047438565200158656
als,1,version_38,0,stratified,24,43,2088,2088,0.5605504359889021,0.5559981503501124,0.4815439622142951,-0.07445418813581728
als,1,version_38,0,stratified,24,44,2088,2088,0.5702148566521337,0.5432537323292377,0.5298024838155635,-0.013451248513674186
als,1,version_38,0,stratified,24,45,2088,2088,0.5615058131853613,0.5560460430704188,0.4736251486325802,-0.08242089443783862
als,1,version_38,0,stratified,24,46,2088,2088,0.5757894041485004,0.5407740454485401,0.4557322631787554,-0.0850417822697847
als,1,version_38,0,stratified,48,42,2076,2076,0.5584048915767317,0.5588768418590664,0.5166778041364563,-0.04219903772261013
als,1,version_38,0,stratified,48,43,2076,2076,0.5680627485047947,0.5484897590965284,0.47881152059875043,-0.06967823849777799
als,1,version_38,0,stratified,48,44,2076,2076,0.56685071335494,0.5441628520832638,0.5318737679174046,-0.012289084165859165
als,1,version_38,0,stratified,48,45,2076,2076,0.5629247552541013,0.5553225968124562,0.4810902469177052,-0.07423234989475103
als,1,version_38,0,stratified,48,46,2076,2076,0.5639296334658692,0.5493225634000468,0.46595609609408933,-0.08336646730595748
als,1,version_38,0,stratified,96,42,2052,2052,0.5449822167504532,0.5705960808453883,0.5220888478506207,-0.04850723299476756
als,1,version_38,0,stratified,96,43,2052,2052,0.5639735303170206,0.5524845251530386,0.5133579562942444,-0.039126568858794175
als,1,version_38,0,stratified,96,44,2052,2052,0.5636563387025068,0.5454242330973633,0.5481746520296844,0.002750418932321086
als,1,version_38,0,stratified,96,45,2052,2052,0.5637632091925721,0.5542525905406792,0.5016261413768339,-0.05262644916384529
als,1,version_38,0,stratified,96,46,2052,2052,0.5387213159604665,0.575076946752847,0.48882391163092914,-0.0862530351219179
als,1,version_38,0,stratified,240,42,1980,1980,0.5681083562901744,0.5486629935720844,0.4828870523415978,-0.06577594123048658
als,1,version_38,0,stratified,240,43,1980,1980,0.5613608815426997,0.5484242424242424,0.5277759412304867,-0.020648301193755714
als,1,version_38,0,stratified,240,44,1980,1980,0.5553553719008265,0.5563360881542699,0.5278301193755739,-0.028505968778696045
als,1,version_38,0,stratified,240,45,1980,1980,0.550967860422406,0.5684692378328742,0.47498071625344357,-0.0934885215794306
als,1,version_38,0,stratified,240,46,1980,1980,0.5447603305785124,0.5604306703397612,0.5016014692378329,-0.05882920110192835
als,1,version_38,0,stratified,480,42,1860,1860,0.5457034339229969,0.575309053069719,0.4894079084287201,-0.0859011446409989
als,1,version_38,0,stratified,480,43,1860,1860,0.537729448491155,0.5624661810613943,0.5402101977107181,-0.022255983350676245
als,1,version_38,0,stratified,480,44,1860,1860,0.5608054110301769,0.5492840790842872,0.5204849115504683,-0.028799167533818948
als,1,version_38,0,stratified,480,45,1860,1860,0.571312174817898,0.5477003121748178,0.4840561914672217,-0.06364412070759617
als,1,version_38,0,stratified,480,46,1860,1860,0.547261186264308,0.5574526534859521,0.5379125910509885,-0.019540062434963534
als,1,version_39,0,stratified,24,42,2088,2088,0.5465566785572731,0.5588832738803012,0.5316323160258951,-0.02725095785440612
als,1,version_39,0,stratified,24,43,2088,2088,0.5447549213898798,0.5639194411414982,0.4532591821905139,-0.11066025895098425
als,1,version_39,0,stratified,24,44,2088,2088,0.5649078478002378,0.5401390540362003,0.5236540494120755,-0.016485004624124833
als,1,version_39,0,stratified,24,45,2088,2088,0.5457028669573258,0.5630714096974502,0.44007629805786763,-0.12299511163958254
als,1,version_39,0,stratified,24,46,2088,2088,0.5848625974369137,0.5237960760998811,0.483209472849782,-0.04058660325009911
als,1,version_39,0,stratified,48,42,2076,2076,0.5350496174279127,0.5722476527782419,0.5292241638544556,-0.04302348892378627
als,1,version_39,0,stratified,48,43,2076,2076,0.5483577800795215,0.5612390992014434,0.4482040829964249,-0.11303501620501855
als,1,version_39,0,stratified,48,44,2076,2076,0.553844097697885,0.5490761468809515,0.5358013966387116,-0.013274750242239897
als,1,version_39,0,stratified,48,45,2076,2076,0.5442605833806676,0.5653012128704601,0.4913361622506599,-0.07396505061980019
als,1,version_39,0,stratified,48,46,2076,2076,0.5635904975107755,0.5403212603160814,0.5045507701560359,-0.03577049016004552
als,1,version_39,0,stratified,96,42,2052,2052,0.5406065114052186,0.5655329845080537,0.509172052939366,-0.05636093156868771
als,1,version_39,0,stratified,96,43,2052,2052,0.5610221948633768,0.5496118463800828,0.4542987585923874,-0.09531308778769537
als,1,version_39,0,stratified,96,44,2052,2052,0.5598149858075989,0.5421018433022127,0.5154098697034986,-0.026691973598714114
als,1,version_39,0,stratified,96,45,2052,2052,0.5642590882664752,0.5448582469819774,0.530400807085941,-0.014457439896036428
als,1,version_39,0,stratified,96,46,2052,2052,0.5469759926131117,0.5550545466981294,0.5266338360521186,-0.028420710646010816
als,1,version_39,0,stratified,240,42,1980,1980,0.5508347107438016,0.5655592286501376,0.4615133149678604,-0.10404591368227722
als,1,version_39,0,stratified,240,43,1980,1980,0.5442699724517905,0.5531074380165288,0.5554545454545454,0.0023471074380165824
als,1,version_39,0,stratified,240,44,1980,1980,0.5427493112947659,0.5585463728191001,0.5110743801652893,-0.04747199265381086
als,1,version_39,0,stratified,240,45,1980,1980,0.5479421487603306,0.5582938475665747,0.5130431588613407,-0.04525068870523408
als,1,version_39,0,stratified,240,46,1980,1980,0.5478200183654729,0.5477061524334251,0.5475426997245179,-0.0001634527089072746
als,1,version_39,0,stratified,480,42,1860,1860,0.5358584807492195,0.5742424557752341,0.528258064516129,-0.04598439125910514
als,1,version_39,0,stratified,480,43,1860,1860,0.5344526534859522,0.5557065556711758,0.5493548387096774,-0.006351716961498388
als,1,version_39,0,stratified,480,44,1860,1860,0.5499927159209157,0.5501956295525494,0.5143766909469303,-0.03581893860561913
als,1,version_39,0,stratified,480,45,1860,1860,0.5607086368366285,0.5511321540062435,0.49168782518210197,-0.059444328824141524
als,1,version_39,0,stratified,480,46,1860,1860,0.5512570239334027,0.5419334027055152,0.5503683662851196,0.008434963579604493
als,1,version_40,0,stratified,24,42,2088,2088,0.5553491214163033,0.5631143479984145,0.5486870788743559,-0.014427269124058673
als,1,version_40,0,stratified,24,43,2088,2088,0.5530403620029065,0.569969612894702,0.45703197251948735,-0.1129376403752147
als,1,version_40,0,stratified,24,44,2088,2088,0.5800980975029727,0.5385024441802088,0.5233419209935262,-0.015160523186682595
als,1,version_40,0,stratified,24,45,2088,2088,0.5699134628088255,0.5522724270048884,0.44456169903553966,-0.10771072796934877
als,1,version_40,0,stratified,24,46,2088,2088,0.5941934205311138,0.5281807372175982,0.5061500858766019,-0.022030651340996243
als,1,version_40,0,stratified,48,42,2076,2076,0.5554512345885262,0.5627117511443751,0.5442363593838752,-0.01847539176049995
als,1,version_40,0,stratified,48,43,2076,2076,0.5568094490293696,0.5671773196565204,0.4444485281833673,-0.12272879147315313
als,1,version_40,0,stratified,48,44,2076,2076,0.5663537037655786,0.5493885529085503,0.5314911958301313,-0.017897357078418996
als,1,version_40,0,stratified,48,45,2076,2076,0.5630358515152527,0.5625897958501787,0.4567225767650106,-0.10586721908516805
als,1,version_40,0,stratified,48,46,2076,2076,0.5653012128704601,0.5508737345049951,0.5155685121454108,-0.03530522235958433
als,1,version_40,0,stratified,96,42,2052,2052,0.546434800451421,0.5708081118976779,0.5171112479053385,-0.053696863992339416
als,1,version_40,0,stratified,96,43,2052,2052,0.5573646592113812,0.568419342703738,0.4603587428610513,-0.10806059984268668
als,1,version_40,0,stratified,96,44,2052,2052,0.5681166854758729,0.5476676584248145,0.5282480079340651,-0.01941965049074934
als,1,version_40,0,stratified,96,45,2052,2052,0.5769706918368046,0.5468075647207687,0.5028983276905714,-0.043909237030197334
als,1,version_40,0,stratified,96,46,2052,2052,0.5503607947744605,0.5670001025956704,0.5191905201600493,-0.047809582435621056
als,1,version_40,0,stratified,240,42,1980,1980,0.5594967860422406,0.5615757575757576,0.5111588613406794,-0.05041689623507817
als,1,version_40,0,stratified,240,43,1980,1980,0.5697190082644628,0.5454123048668503,0.5351919191919192,-0.01022038567493111
als,1,version_40,0,stratified,240,44,1980,1980,0.5609329660238751,0.552376492194674,0.5196657483930212,-0.03271074380165284
als,1,version_40,0,stratified,240,45,1980,1980,0.5418751147842056,0.578852157943067,0.5223158861340679,-0.05653627180899912
als,1,version_40,0,stratified,240,46,1980,1980,0.5516859504132231,0.5589384756657485,0.546850321395776,-0.012088154269972451
als,1,version_40,0,stratified,480,42,1860,1860,0.5439791883454734,0.5779771071800208,0.5334547346514049,-0.044522372528615906
als,1,version_40,0,stratified,480,43,1860,1860,0.5462289281997919,0.5665098855359001,0.5503080124869928,-0.0162018730489073
als,1,version_40,0,stratified,480,44,1860,1860,0.5561436004162331,0.5565119667013527,0.5413506763787721,-0.015161290322580623
als,1,version_40,0,stratified,480,45,1860,1860,0.5734588969823101,0.5497918834547346,0.5122226847034339,-0.037569198751300714
als,1,version_40,0,stratified,480,46,1860,1860,0.5594484911550469,0.5484578563995838,0.5445182101977106,-0.003939646201873148
als,2,version_31,0,stratified,24,42,2088,2088,0.5802781080724007,0.5664701413660985,0.5341640243096841,-0.032306117056414396
als,2,version_31,0,stratified,24,43,2088,2088,0.573320451843044,0.5702470603778571,0.5563135817148896,-0.013933478662967458
als,2,version_31,0,stratified,24,44,2088,2088,0.5678301294754922,0.5744913462808825,0.5783772625181662,0.0038859162372837375
als,2,version_31,0,stratified,24,45,2088,2088,0.5685295283392786,0.5806670299907517,0.4181480380499405,-0.1625189919408112
als,2,version_31,0,stratified,24,46,2088,2088,0.5740916897872903,0.5706417624521072,0.5098758092218258,-0.06076595323028133
als,2,version_31,0,stratified,48,42,2076,2076,0.5871796585251763,0.5579245881920545,0.5331952287079421,-0.024729359484112368
als,2,version_31,0,stratified,48,43,2076,2076,0.5665658725650706,0.5782184503324534,0.5643322529987637,-0.013886197333689787
als,2,version_31,0,stratified,48,44,2076,2076,0.5785534097363761,0.5599769454375354,0.5570767483043202,-0.00290019713321521
als,2,version_31,0,stratified,48,45,2076,2076,0.5627167630057803,0.5845100070166059,0.458595342310134,-0.12591466470647195
als,2,version_31,0,stratified,48,46,2076,2076,0.5498696916034616,0.5923769588024993,0.5962377627050687,0.0038608039025693763
als,2,version_31,0,stratified,96,42,2052,2052,0.5713398994562429,0.5725368489449746,0.5678807154338087,-0.004656133511165894
als,2,version_31,0,stratified,96,43,2052,2052,0.5852655517937143,0.5613453712253343,0.5074946137273006,-0.0538507574980337
als,2,version_31,0,stratified,96,44,2052,2052,0.5836154714271058,0.5515919428200129,0.5534779932286857,0.0018860504086728458
als,2,version_31,0,stratified,96,45,2052,2052,0.6012807359529428,0.5479891248589309,0.45370028384802163,-0.09428884101090929
als,2,version_31,0,stratified,96,46,2052,2052,0.5624277555487158,0.5791970178858452,0.5806932047467597,0.0014961868609144613
als,2,version_31,0,stratified,240,42,1980,1980,0.591603305785124,0.5504297520661158,0.5456602387511479,-0.004769513314967888
als,2,version_31,0,stratified,240,43,1980,1980,0.5772314049586776,0.5743048668503214,0.5238585858585859,-0.05044628099173554
als,2,version_31,0,stratified,240,44,1980,1980,0.5745151515151515,0.5591147842056933,0.5622148760330579,0.0031000918273645928
als,2,version_31,0,stratified,240,45,1980,1980,0.5588521579430671,0.5885528007346189,0.5707786960514234,-0.017774104683195513
als,2,version_31,0,stratified,240,46,1980,1980,0.5835941230486685,0.560732782369146,0.5182093663911845,-0.0425234159779615
als,2,version_31,0,stratified,480,42,1860,1860,0.5751893860561914,0.5713402705515088,0.5704016649323621,-0.0009386056191467151
als,2,version_31,0,stratified,480,43,1860,1860,0.585177939646202,0.5702154006243497,0.5559583766909469,-0.01425702393340278
als,2,version_31,0,stratified,480,44,1860,1860,0.5658251821019771,0.5694505723204994,0.5722289281997919,0.0027783558792924268
als,2,version_31,0,stratified,480,45,1860,1860,0.5830322580645162,0.5459947970863684,0.5479438085327784,0.0019490114464099095
als,2,version_31,0,stratified,480,46,1860,1860,0.5851030176899064,0.5601540062434964,0.5569115504682621,-0.0032424557752342986
als,2,version_32,0,stratified,24,42,2088,2088,0.5847602061038446,0.5739678293037389,0.5649722552516845,-0.008995574052054423
als,2,version_32,0,stratified,24,43,2088,2088,0.5790295943982031,0.576783590963139,0.5798999207292905,0.0031163297661515044
als,2,version_32,0,stratified,24,44,2088,2088,0.5715104373100806,0.5834093010965782,0.5726978464790593,-0.010711454617518879
als,2,version_32,0,stratified,24,45,2088,2088,0.5728497820055489,0.5878996564935923,0.4311418285110319,-0.15675782798256044
als,2,version_32,0,stratified,24,46,2088,2088,0.5887435592548553,0.568651737349716,0.49944180208746203,-0.06920993526225394
als,2,version_32,0,stratified,48,42,2076,2076,0.5892896521768184,0.5671472484880885,0.5449229843964047,-0.022224264091683765
als,2,version_32,0,stratified,48,43,2076,2076,0.5743442814661366,0.5830799558956197,0.570830966621003,-0.012248989274616706
als,2,version_32,0,stratified,48,44,2076,2076,0.5825436867252498,0.5688278926793411,0.562533830064486,-0.0062940626148551004
als,2,version_32,0,stratified,48,45,2076,2076,0.5694159510842327,0.589707307293929,0.4900080189782485,-0.09969928831568042
als,2,version_32,0,stratified,48,46,2076,2076,0.5535149854656018,0.6015018878011293,0.5829763774265762,-0.01852551037455319
als,2,version_32,0,stratified,96,42,2052,2052,0.5861974624670838,0.5705653021442495,0.5740621045791868,0.0034968024349373295
als,2,version_32,0,stratified,96,43,2052,2052,0.5991364864402723,0.559478130022913,0.5507634827810266,-0.00871464724188642
als,2,version_32,0,stratified,96,44,2052,2052,0.5954310728087275,0.551631271160357,0.5564105194760781,0.004779248315721074
als,2,version_32,0,stratified,96,45,2052,2052,0.6015115762114839,0.5586676242262577,0.5126474812762901,-0.04602014294996759
als,2,version_32,0,stratified,96,46,2052,2052,0.567969631681543,0.5869481207893027,0.5877210081734551,0.0007728873841523765
als,2,version_32,0,stratified,240,42,1980,1980,0.5907842056932966,0.5632304866850321,0.5646942148760331,0.0014637281910010458
als,2,version_32,0,stratified,240,43,1980,1980,0.5906556473829201,0.569325987144169,0.5750413223140496,0.005715335169880542
als,2,version_32,0,stratified,240,44,1980,1980,0.5760036730945821,0.565862258953168,0.5646446280991735,-0.0012176308539945113
als,2,version_32,0,stratified,240,45,1980,1980,0.5701010101010101,0.584198347107438,0.5573994490358126,-0.026798898071625388
als,2,version_32,0,stratified,240,46,1980,1980,0.5968650137741047,0.5612029384756657,0.5188264462809917,-0.04237649219467399
als,2,version_32,0,stratified,480,42,1860,1860,0.5714630593132154,0.5839625390218522,0.5929219562955256,0.008959417273673331
als,2,version_32,0,stratified,480,43,1860,1860,0.5879854318418314,0.5748969823100937,0.5758647242455776,0.000967741935483879
als,2,version_32,0,stratified,480,44,1860,1860,0.574751300728408,0.567519250780437,0.5606555671175858,-0.006863683662851172
als,2,version_32,0,stratified,480,45,1860,1860,0.5838397502601457,0.5519729448491155,0.5652799167533819,0.01330697190426633
als,2,version_32,0,stratified,480,46,1860,1860,0.5741748178980228,0.5836482830385016,0.562984391259105,-0.020663891779396537
als,2,version_33,0,stratified,24,42,2088,2088,0.5958894834192099,0.5901357510899723,0.5297182586867486,-0.060417492403223694
als,2,version_33,0,stratified,24,43,2088,2088,0.5843770643413925,0.5986342317347073,0.5706087329898268,-0.028025498744880473
als,2,version_33,0,stratified,24,44,2088,2088,0.5764169639318272,0.605040295943982,0.5831500198176773,-0.021890276126304675
als,2,version_33,0,stratified,24,45,2088,2088,0.5814275333597569,0.6067082837891399,0.44901572202404544,-0.15769256176509444
als,2,version_33,0,stratified,24,46,2088,2088,0.5890144008455542,0.5952437574316289,0.5214823622671423,-0.07376139516448665
als,2,version_33,0,stratified,48,42,2076,2076,0.6088292291757159,0.5761936583247018,0.5391676968826222,-0.03702596144207959
als,2,version_33,0,stratified,48,43,2076,2076,0.5847639413278091,0.5995338968893047,0.5786093755220689,-0.02092452136723577
als,2,version_33,0,stratified,48,44,2076,2076,0.6015152527648768,0.5794530388586321,0.5832261351866083,0.0037730963279761776
als,2,version_33,0,stratified,48,45,2076,2076,0.5708794146145878,0.6129456380099568,0.5488915433191888,-0.06405409469076806
als,2,version_33,0,stratified,48,46,2076,2076,0.5728891710381235,0.6085468943165493,0.5705335961776203,-0.03801329813892895
als,2,version_33,0,stratified,96,42,2052,2052,0.5846380082760507,0.601520125850689,0.5659365274785405,-0.03558359837214853
als,2,version_33,0,stratified,96,43,2052,2052,0.5964518997298314,0.5869173420881639,0.5476043910946958,-0.0393129509934681
als,2,version_33,0,stratified,96,44,2052,2052,0.6038473376423514,0.5756352381929483,0.5761995143804931,0.0005642761875448432
als,2,version_33,0,stratified,96,45,2052,2052,0.6036301768065387,0.5804760439109469,0.5717793509113915,-0.008696692999555333
als,2,version_33,0,stratified,96,46,2052,2052,0.5903782360384392,0.5891847064053898,0.5582965698847508,-0.03088813652063893
als,2,version_33,0,stratified,240,42,1980,1980,0.590751147842057,0.5961873278236914,0.5799173553719008,-0.016269972451790626
als,2,version_33,0,stratified,240,43,1980,1980,0.5959228650137741,0.5955280073461892,0.5402056932966024,-0.05532231404958676
als,2,version_33,0,stratified,240,44,1980,1980,0.5894545454545455,0.5863067033976125,0.588137741046832,0.0018310376492195468
als,2,version_33,0,stratified,240,45,1980,1980,0.5807438016528925,0.596216712580349,0.5884260789715334,-0.0077906336088156
als,2,version_33,0,stratified,240,46,1980,1980,0.5985748393021121,0.5849054178145088,0.5457860422405877,-0.03911937557392109
als,2,version_33,0,stratified,480,42,1860,1860,0.5862705515088449,0.598672216441207,0.5728720083246618,-0.025800208116545265
als,2,version_33,0,stratified,480,43,1860,1860,0.6133485952133195,0.5791404786680542,0.5659375650364203,-0.013202913631633839
als,2,version_33,0,stratified,480,44,1860,1860,0.5878231009365245,0.5903766909469303,0.5904453694068679,6.86784599375212e-05
als,2,version_33,0,stratified,480,45,1860,1860,0.5951612903225806,0.5701123829344432,0.5810593132154006,0.01094693028095739
als,2,version_33,0,stratified,480,46,1860,1860,0.5972174817898023,0.5901269510926119,0.5792258064516129,-0.010901144640999005
als,2,version_34,0,stratified,24,42,2088,2088,0.5865504029594397,0.581349914123398,0.57313383538116,-0.008216078742237953
als,2,version_34,0,stratified,24,43,2088,2088,0.5889169639318272,0.5758967499009116,0.5532534020346148,-0.022643347866296737
als,2,version_34,0,stratified,24,44,2088,2088,0.5769669044787951,0.5878344233055887,0.5904478795085216,0.002613456202932962
als,2,version_34,0,stratified,24,45,2088,2088,0.5861334059981503,0.5852176641564275,0.4591838419870524,-0.1260338221693751
als,2,version_34,0,stratified,24,46,2088,2088,0.5826611837759281,0.585253170828379,0.5612779098956269,-0.02397526093275215
als,2,version_34,0,stratified,48,42,2076,2076,0.5852074910621805,0.581478666176618,0.5742590798222459,-0.007219586354372143
als,2,version_34,0,stratified,48,43,2076,2076,0.5825010859033044,0.5845626315613619,0.5608373149787831,-0.023725316582578815
als,2,version_34,0,stratified,48,44,2076,2076,0.5949380199806208,0.5650940559323734,0.5604430485482308,-0.004651007384142591
als,2,version_34,0,stratified,48,45,2076,2076,0.5683500952253666,0.6023096327976211,0.4459938521166761,-0.15631578068094498
als,2,version_34,0,stratified,48,46,2076,2076,0.5567250826957133,0.6081459454041231,0.5995297203381336,-0.00861622506598958
als,2,version_34,0,stratified,96,42,2052,2052,0.5733370951745836,0.5914999487021648,0.5887213159604664,-0.002778632741698428
als,2,version_34,0,stratified,96,43,2052,2052,0.5999546869122122,0.5676165315823672,0.5572654833966006,-0.010351048185766598
als,2,version_34,0,stratified,96,44,2052,2052,0.5878261687356794,0.5670351561164119,0.5720443897267535,0.005009233610341668
als,2,version_34,0,stratified,96,45,2052,2052,0.6073432851133682,0.5655800075236824,0.4578314695119866,-0.10774853801169582
als,2,version_34,0,stratified,96,46,2052,2052,0.5754232071406586,0.5899302349440854,0.5933398310591294,0.003409596115043989
als,2,version_34,0,stratified,240,42,1980,1980,0.5968227731864095,0.5678402203856749,0.5641505968778696,-0.0036896235078053286
als,2,version_34,0,stratified,240,43,1980,1980,0.5865785123966942,0.5824113865932047,0.5520275482093664,-0.03038383838383829
als,2,version_34,0,stratified,240,44,1980,1980,0.5890651974288338,0.5618438934802572,0.5642479338842976,0.0024040404040404084
als,2,version_34,0,stratified,240,45,1980,1980,0.5696675849403122,0.5981891643709826,0.574317722681359,-0.023871441689623518
als,2,version_34,0,stratified,240,46,1980,1980,0.5984031221303948,0.5718255280073462,0.550613406795225,-0.021212121212121238
als,2,version_34,0,stratified,480,42,1860,1860,0.5800894901144642,0.5856899063475546,0.580636836628512,-0.005053069719042624
als,2,version_34,0,stratified,480,43,1860,1860,0.5901456815816858,0.5846233090530697,0.5939188345473465,0.009295525494276813
als,2,version_34,0,stratified,480,44,1860,1860,0.5767689906347555,0.5732882414151925,0.5676503642039543,-0.005637877211238207
als,2,version_34,0,stratified,480,45,1860,1860,0.5900853277835587,0.56094901144641,0.5648844953173777,0.00393548387096776
als,2,version_34,0,stratified,480,46,1860,1860,0.5887315296566077,0.5793746097814776,0.5693964620187304,-0.009978147762747192
als,2,version_35,0,stratified,24,42,2088,2088,0.5814523054564672,0.5559362201083367,0.5237911216805391,-0.03214509842779756
als,2,version_35,0,stratified,24,43,2088,2088,0.5725607742105959,0.5599633372968688,0.5485252345091822,-0.011438102787686533
als,2,version_35,0,stratified,24,44,2088,2088,0.5642282666138195,0.5692479191438764,0.5536877394636015,-0.0155601796802749
als,2,version_35,0,stratified,24,45,2088,2088,0.5637278702602722,0.574157748711851,0.45219976218787156,-0.12195798652397943
als,2,version_35,0,stratified,24,46,2088,2088,0.5755367287620557,0.5597948870392391,0.5070138063152332,-0.05278108072400589
als,2,version_35,0,stratified,48,42,2076,2076,0.5836847205051957,0.5510591733769923,0.5407380801229577,-0.01032109325403463
als,2,version_35,0,stratified,48,43,2076,2076,0.5609433993785292,0.572947642754519,0.5589896087406863,-0.013958034013832776
als,2,version_35,0,stratified,48,44,2076,2076,0.5795733235323599,0.5505128804838118,0.5442948311002707,-0.006218049383541091
als,2,version_35,0,stratified,48,45,2076,2076,0.5496650405960773,0.5855675097731298,0.5151408333054897,-0.07042667646764011
als,2,version_35,0,stratified,48,46,2076,2076,0.5474147148250861,0.5861722743827057,0.5663921280363527,-0.019780146346352945
als,2,version_35,0,stratified,96,42,2052,2052,0.5635041551246538,0.5705516227215212,0.5681012961253035,-0.002450326596217689
als,2,version_35,0,stratified,96,43,2052,2052,0.5781915803153107,0.556956841421292,0.539880647036695,-0.017076194384596954
als,2,version_35,0,stratified,96,44,2052,2052,0.5809043808351287,0.5451728737047297,0.5520758523990288,0.006902978694299122
als,2,version_35,0,stratified,96,45,2052,2052,0.5941075886597584,0.5418983618891283,0.5050682261208577,-0.036830135768270655
als,2,version_35,0,stratified,96,46,2052,2052,0.5693418487739816,0.564518997298314,0.5340463732430492,-0.030472624055264852
als,2,version_35,0,stratified,240,42,1980,1980,0.5742314049586777,0.5559531680440771,0.5538585858585858,-0.0020945821854913005
als,2,version_35,0,stratified,240,43,1980,1980,0.5692121212121213,0.5703654729109275,0.5559155188246097,-0.014449954086317884
als,2,version_35,0,stratified,240,44,1980,1980,0.5696216712580349,0.5554260789715335,0.5446409550045914,-0.01078512396694209
als,2,version_35,0,stratified,240,45,1980,1980,0.5519191919191919,0.5817704315886134,0.5636997245179064,-0.018070707070707015
als,2,version_35,0,stratified,240,46,1980,1980,0.58068044077135,0.5561120293847567,0.5312047750229568,-0.024907254361799858
als,2,version_35,0,stratified,480,42,1860,1860,0.5703257023933402,0.5590260145681581,0.5560187304890738,-0.003007284079084349
als,2,version_35,0,stratified,480,43,1860,1860,0.5733465140478667,0.571799167533819,0.5772840790842872,0.005484911550468263
als,2,version_35,0,stratified,480,44,1860,1860,0.5609562955254943,0.5668969823100937,0.5681540062434963,0.0012570239334026567
als,2,version_35,0,stratified,480,45,1860,1860,0.5825494276795005,0.5380811654526534,0.5363267429760666,-0.0017544224765867478
als,2,version_35,0,stratified,480,46,1860,1860,0.5785327783558792,0.5625577523413112,0.561219562955255,-0.0013381893860562322
als,2,version_36,0,stratified,24,42,2088,2088,0.583496003435064,0.5697648302285638,0.5650036332408508,-0.0047611969877130456
als,2,version_36,0,stratified,24,43,2088,2088,0.581997291584093,0.5681579468886246,0.5775878583696658,0.009429911481041109
als,2,version_36,0,stratified,24,44,2088,2088,0.5711884000528471,0.577601070154578,0.5920828378913991,0.014481767736821194
als,2,version_36,0,stratified,24,45,2088,2088,0.5741040758356455,0.581437442198441,0.41949894305720703,-0.16193849914123393
als,2,version_36,0,stratified,24,46,2088,2088,0.5726937177962743,0.5796521997621878,0.5364513145725986,-0.0432008851895892
als,2,version_36,0,stratified,48,42,2076,2076,0.5896989541915867,0.561728590998697,0.5589344782652277,-0.0027941127334693006
als,2,version_36,0,stratified,48,43,2076,2076,0.5738155300878747,0.5765077349727689,0.5812406027598651,0.004732867787096251
als,2,version_36,0,stratified,48,44,2076,2076,0.5812907213739182,0.5641317785425506,0.5597530822947642,-0.004378696247786418
als,2,version_36,0,stratified,48,45,2076,2076,0.5590497510775501,0.5960798890708008,0.45429182398342743,-0.14178806508737335
als,2,version_36,0,stratified,48,46,2076,2076,0.5529795516054663,0.596560192455478,0.5822981055163888,-0.014262086939089147
als,2,version_36,0,stratified,96,42,2052,2052,0.568972504360316,0.5814763516979583,0.5891761567661844,0.0076998050682260955
als,2,version_36,0,stratified,96,43,2052,2052,0.5806128381382306,0.5685245032659622,0.5544483772784788,-0.014076125987483312
als,2,version_36,0,stratified,96,44,2052,2052,0.5937382442460928,0.5478728497657399,0.5645249820457576,0.016652132280017717
als,2,version_36,0,stratified,96,45,2052,2052,0.6019561574501556,0.5528692589172737,0.47579768133784756,-0.07707157757942612
als,2,version_36,0,stratified,96,46,2052,2052,0.5809856024075785,0.5706867070209638,0.5589925105160563,-0.01169419650490755
als,2,version_36,0,stratified,240,42,1980,1980,0.588623507805326,0.5614802571166209,0.554080808080808,-0.007399449035812911
als,2,version_36,0,stratified,240,43,1980,1980,0.5893269054178145,0.5663654729109274,0.5559329660238751,-0.010432506887052329
als,2,version_36,0,stratified,240,44,1980,1980,0.5799118457300276,0.5594545454545454,0.5703324150596878,0.010877869605142365
als,2,version_36,0,stratified,240,45,1980,1980,0.5576042240587695,0.5939504132231405,0.5958549127640037,0.001904499540863247
als,2,version_36,0,stratified,240,46,1980,1980,0.5866372819100092,0.569317722681359,0.5637557392102847,-0.005561983471074394
als,2,version_36,0,stratified,480,42,1860,1860,0.5718959417273672,0.5776045785639958,0.5816711758584807,0.004066597294484886
als,2,version_36,0,stratified,480,43,1860,1860,0.5755879292403746,0.5824349635796047,0.5774526534859521,-0.0049823100936525755
als,2,version_36,0,stratified,480,44,1860,1860,0.5624016649323621,0.5757502601456815,0.5767304890738814,0.0009802289281998222
als,2,version_36,0,stratified,480,45,1860,1860,0.5821425598335068,0.553850156087409,0.5661768990634756,0.012326742976066618
als,2,version_36,0,stratified,480,46,1860,1860,0.5829781477627471,0.5738761706555671,0.5864599375650364,0.012583766909469385
als,2,version_37,0,stratified,24,42,2088,2088,0.5889599022327917,0.5852160126833135,0.5817000264235699,-0.0035159862597435865
als,2,version_37,0,stratified,24,43,2088,2088,0.5938234905535738,0.5769916765755053,0.5649606949398864,-0.012030981635618887
als,2,version_37,0,stratified,24,44,2088,2088,0.5835827057735501,0.5883207821376668,0.5807636411679218,-0.007557140969745024
als,2,version_37,0,stratified,24,45,2088,2088,0.5793086933544722,0.5979373100805919,0.3985599154445766,-0.19937739463601534
als,2,version_37,0,stratified,24,46,2088,2088,0.5935014532963403,0.5794259479455675,0.5272757299511164,-0.052150217994451076
als,2,version_37,0,stratified,48,42,2076,2076,0.5948561595776672,0.5772728791473153,0.5511602459153329,-0.02611263323198243
als,2,version_37,0,stratified,48,43,2076,2076,0.5815947742991747,0.5914297169968926,0.5690517558221123,-0.022377961174780303
als,2,version_37,0,stratified,48,44,2076,2076,0.59008152627886,0.5785509038056734,0.5753165825787697,-0.0032343212269037025
als,2,version_37,0,stratified,48,45,2076,2076,0.5690183434127435,0.6063734170871062,0.46048982592134713,-0.1458835911657591
als,2,version_37,0,stratified,48,46,2076,2076,0.5616074710147348,0.6098850613117712,0.6007317317651776,-0.009153329546593647
als,2,version_37,0,stratified,96,42,2052,2052,0.5877688861530044,0.5833316234054923,0.5750760917889265,-0.008255531616565781
als,2,version_37,0,stratified,96,43,2052,2052,0.596356143770733,0.5772288909408023,0.5590677473410622,-0.01816114359974008
als,2,version_37,0,stratified,96,44,2052,2052,0.6032009849184363,0.5607947744605177,0.5663588796552785,0.0055641051947608045
als,2,version_37,0,stratified,96,45,2052,2052,0.6073082315926268,0.5679012345679013,0.5164563455422181,-0.05144488902568323
als,2,version_37,0,stratified,96,46,2052,2052,0.5877671762251633,0.5826886905372594,0.5621524571663077,-0.020536233370951673
als,2,version_37,0,stratified,240,42,1980,1980,0.5995500459136822,0.5725307621671258,0.5558567493112948,-0.016674012855831033
als,2,version_37,0,stratified,240,43,1980,1980,0.593325987144169,0.5851515151515152,0.5675215794306703,-0.017629935720844925
als,2,version_37,0,stratified,240,44,1980,1980,0.5863177226813591,0.5739100091827365,0.571030303030303,-0.002879706152433492
als,2,version_37,0,stratified,240,45,1980,1980,0.5781928374655647,0.5923617998163453,0.5926868686868687,0.00032506887052341504
als,2,version_37,0,stratified,240,46,1980,1980,0.5998989898989899,0.5750174471992654,0.5246519742883379,-0.05036547291092752
als,2,version_37,0,stratified,480,42,1860,1860,0.5898522372528616,0.5864994797086368,0.5736815816857439,-0.012817898022892904
als,2,version_37,0,stratified,480,43,1860,1860,0.5957169614984391,0.5868553590010406,0.5910551508844953,0.004199791883454762
als,2,version_37,0,stratified,480,44,1860,1860,0.5689823100936524,0.5901997918834547,0.5919760665972945,0.0017762747138397872
als,2,version_37,0,stratified,480,45,1860,1860,0.5964308012486993,0.5588303850156088,0.5631217481789802,0.00429136316337142
als,2,version_37,0,stratified,480,46,1860,1860,0.5969281997918835,0.5781248699271593,0.5566347554630593,-0.021490114464099985
als,2,version_38,0,stratified,24,42,2088,2088,0.584229257497688,0.5720306513409962,0.5257728894173603,-0.04625776192363584
als,2,version_38,0,stratified,24,43,2088,2088,0.5808255714096975,0.5719076165940018,0.57797595455146,0.006068337957458203
als,2,version_38,0,stratified,24,44,2088,2088,0.5783723080988241,0.5743922578940415,0.562593308230942,-0.011798949663099467
als,2,version_38,0,stratified,24,45,2088,2088,0.5753980050204782,0.5824671356850311,0.4356652133703264,-0.14680192231470468
als,2,version_38,0,stratified,24,46,2088,2088,0.5807496036464527,0.574524375743163,0.48940084555423435,-0.0851235301889286
als,2,version_38,0,stratified,48,42,2076,2076,0.5926016572555047,0.5604772962678339,0.5022820675598918,-0.05819522870794214
als,2,version_38,0,stratified,48,43,2076,2076,0.5679090514216979,0.5875730896454943,0.5345350663236326,-0.053038023321861694
als,2,version_38,0,stratified,48,44,2076,2076,0.5813333221958635,0.5679608406562198,0.5415566841524941,-0.02640415650372563
als,2,version_38,0,stratified,48,45,2076,2076,0.5619382538674864,0.5942146413177853,0.48386347689531894,-0.1103511644224664
als,2,version_38,0,stratified,48,46,2076,2076,0.5566774700123627,0.5967406194660697,0.536093755220689,-0.06064686424538068
als,2,version_38,0,stratified,96,42,2052,2052,0.571948633767655,0.5804290208953182,0.5534788481926063,-0.02695017270271194
als,2,version_38,0,stratified,96,43,2052,2052,0.5877671762251633,0.5669898430286242,0.5148071201395301,-0.05218272288909409
als,2,version_38,0,stratified,96,44,2052,2052,0.5905458089668616,0.5531428473718409,0.5456619130672686,-0.0074809343045723065
als,2,version_38,0,stratified,96,45,2052,2052,0.600265038815362,0.5579836530898395,0.48073509797886527,-0.07724855511097428
als,2,version_38,0,stratified,96,46,2052,2052,0.5818491159673062,0.5719469238398139,0.5367087308915564,-0.035238192948257585
als,2,version_38,0,stratified,240,42,1980,1980,0.5828852157943066,0.5685179063360881,0.5323636363636364,-0.03615426997245175
als,2,version_38,0,stratified,240,43,1980,1980,0.5910514233241506,0.5719559228650137,0.5599201101928375,-0.012035812672176238
als,2,version_38,0,stratified,240,44,1980,1980,0.5851450872359963,0.5554664830119376,0.5467419651056015,-0.008724517906336104
als,2,version_38,0,stratified,240,45,1980,1980,0.5619871441689623,0.5921221303948577,0.569643709825528,-0.022478420569329693
als,2,version_38,0,stratified,240,46,1980,1980,0.5911634527089072,0.5627419651056016,0.5279963269054179,-0.034745638200183726
als,2,version_38,0,stratified,480,42,1860,1860,0.5841873048907388,0.5662018730489073,0.5417315296566078,-0.024470343392299587
als,2,version_38,0,stratified,480,43,1860,1860,0.5887169614984391,0.5740561914672216,0.5584297606659729,-0.015626430801248703
als,2,version_38,0,stratified,480,44,1860,1860,0.5680905306971904,0.573720083246618,0.5730187304890738,-0.000701352757544238
als,2,version_38,0,stratified,480,45,1860,1860,0.5796170655567118,0.5587554630593131,0.5685390218522373,0.00978355879292414
als,2,version_38,0,stratified,480,46,1860,1860,0.5790228928199792,0.5747887617065557,0.5622081165452654,-0.012580645161290316
als,2,version_39,0,stratified,24,42,2088,2088,0.5922611969877131,0.5757448143744219,0.5538165543664949,-0.021928260007927025
als,2,version_39,0,stratified,24,43,2088,2088,0.5765077949530982,0.587681662042542,0.5917839212577619,0.0041022592152198945
als,2,version_39,0,stratified,24,44,2088,2088,0.5754227771171885,0.5886147443519619,0.5854455674461619,-0.0031691769057999863
als,2,version_39,0,stratified,24,45,2088,2088,0.5774524375743163,0.5913727044523714,0.49380202140309154,-0.0975706830492799
als,2,version_39,0,stratified,24,46,2088,2088,0.5838040031708285,0.5833151671290792,0.5317710397674726,-0.05154412736160652
als,2,version_39,0,stratified,48,42,2076,2076,0.5879999331751813,0.5785976811787898,0.5603812355908985,-0.018216445587891372
als,2,version_39,0,stratified,48,43,2076,2076,0.5710164054930001,0.5937786093755221,0.5854497310301046,-0.008328878345417512
als,2,version_39,0,stratified,48,44,2076,2076,0.5855741922550035,0.5750994019178723,0.5625847839887734,-0.012514617929098915
als,2,version_39,0,stratified,48,45,2076,2076,0.5658140933542717,0.6024140465768987,0.5409143305823783,-0.06149971599452042
als,2,version_39,0,stratified,48,46,2076,2076,0.5651241271008052,0.5998028667847238,0.587730963279762,-0.01207190350496179
als,2,version_39,0,stratified,96,42,2052,2052,0.5779385109948361,0.5880356348962074,0.5723470469546185,-0.015688587941588894
als,2,version_39,0,stratified,96,43,2052,2052,0.598028453199275,0.567550699360487,0.5497161519783864,-0.017834547382100552
als,2,version_39,0,stratified,96,44,2052,2052,0.5962364488218597,0.5603707123559387,0.5623918470640539,0.0020211347081151576
als,2,version_39,0,stratified,96,45,2052,2052,0.6087206319893301,0.5611247905338395,0.4910741766697445,-0.07005061386409495
als,2,version_39,0,stratified,96,46,2052,2052,0.5845439622447932,0.5811189767791799,0.5622294039191547,-0.01888957286002524
als,2,version_39,0,stratified,240,42,1980,1980,0.5952617079889807,0.5676767676767677,0.5578953168044077,-0.009781450872359931
als,2,version_39,0,stratified,240,43,1980,1980,0.5929788797061524,0.5801689623507805,0.5645243342516069,-0.015644628099173663
als,2,version_39,0,stratified,240,44,1980,1980,0.5798567493112947,0.5730174471992654,0.5650596877869605,-0.007957759412304921
als,2,version_39,0,stratified,240,45,1980,1980,0.5755022956841138,0.5874931129476584,0.5743875114784205,-0.013105601469237893
als,2,version_39,0,stratified,240,46,1980,1980,0.6016510560146924,0.5697300275482093,0.5272764003673094,-0.042453627180899955
als,2,version_39,0,stratified,480,42,1860,1860,0.5744183142559833,0.5909240374609781,0.5753818938605619,-0.01554214360041617
als,2,version_39,0,stratified,480,43,1860,1860,0.5995046826222683,0.5748241415192508,0.543952133194589,-0.03087200832466175
als,2,version_39,0,stratified,480,44,1860,1860,0.5706285119667014,0.585003121748179,0.5704786680541103,-0.01452445369406874
als,2,version_39,0,stratified,480,45,1860,1860,0.5863642039542143,0.5594734651404787,0.5640645161290323,0.004591050988553613
als,2,version_39,0,stratified,480,46,1860,1860,0.590108220603538,0.5820686784599376,0.563465140478668,-0.01860353798126957
als,2,version_40,0,stratified,24,42,2088,2088,0.5628418549346017,0.5692528735632184,0.5128022195798653,-0.05645065398335314
als,2,version_40,0,stratified,24,43,2088,2088,0.5680489496630995,0.5585496763112696,0.5399953758752808,-0.018554300435988824
als,2,version_40,0,stratified,24,44,2088,2088,0.5561286167261197,0.5717854075835644,0.5700439291848329,-0.0017414783987315108
als,2,version_40,0,stratified,24,45,2088,2088,0.5597379112168054,0.5728151010701545,0.44246267670762324,-0.1303524243625313
als,2,version_40,0,stratified,24,46,2088,2088,0.56856503501123,0.5605297925749768,0.5504244285903026,-0.01010536398467421
als,2,version_40,0,stratified,48,42,2076,2076,0.5710088877008921,0.5602008085803067,0.5014734872531659,-0.05872732132714087
als,2,version_40,0,stratified,48,43,2076,2076,0.5584850813592168,0.5719151993050219,0.5266397139897758,-0.045275485315246056
als,2,version_40,0,stratified,48,44,2076,2076,0.569288983928631,0.5549450365865882,0.5479468074442848,-0.006998229142303414
als,2,version_40,0,stratified,48,45,2076,2076,0.556671622840723,0.5747903371312106,0.4510884092351899,-0.12370192789602075
als,2,version_40,0,stratified,48,46,2076,2076,0.5413929633465869,0.5847397173310167,0.576519429316048,-0.008220288014968657
als,2,version_40,0,stratified,96,42,2052,2052,0.5624320303683185,0.566717964501898,0.5409527717930304,-0.02576519270886768
als,2,version_40,0,stratified,96,43,2052,2052,0.5779675797681338,0.5531052289593379,0.49078690879244896,-0.06231832016688893
als,2,version_40,0,stratified,96,44,2052,2052,0.5783018706610581,0.5427789747272664,0.5406073663691393,-0.0021716083581271306
als,2,version_40,0,stratified,96,45,2052,2052,0.5874354502240006,0.5430457234704695,0.5090617625936185,-0.03398396087685107
als,2,version_40,0,stratified,96,46,2052,2052,0.5599551998905646,0.5676909134434527,0.54496084265244,-0.022730070791012635
als,2,version_40,0,stratified,240,42,1980,1980,0.5946538108356291,0.5348953168044077,0.5118549127640036,-0.023040404040404083
als,2,version_40,0,stratified,240,43,1980,1980,0.5728797061524334,0.5639990817263545,0.5042314049586777,-0.0597676767676768
als,2,version_40,0,stratified,240,44,1980,1980,0.5627731864095502,0.5547199265381083,0.547880624426079,-0.006839302112029322
als,2,version_40,0,stratified,240,45,1980,1980,0.5456978879706152,0.5805785123966942,0.5617685950413223,-0.018809917355371963
als,2,version_40,0,stratified,240,46,1980,1980,0.5739063360881542,0.559961432506887,0.4880550964187328,-0.07190633608815422
als,2,version_40,0,stratified,480,42,1860,1860,0.5595026014568159,0.5688636836628512,0.5543454734651404,-0.014518210197710824
als,2,version_40,0,stratified,480,43,1860,1860,0.5800041623309053,0.5588636836628513,0.5150072840790842,-0.04385639958376708
als,2,version_40,0,stratified,480,44,1860,1860,0.5570905306971904,0.5585369406867846,0.5421789802289282,-0.016357960457856424
als,2,version_40,0,stratified,480,45,1860,1860,0.5718543184183142,0.5373329864724246,0.534216441207076,-0.003116545265348547
als,2,version_40,0,stratified,480,46,1860,1860,0.5818522372528616,0.5515889698231009,0.5278668054110303,-0.023722164412070645
als,3,version_31,0,stratified,24,42,2088,2088,0.5956070815167129,0.5686253137798916,0.4861408376271634,-0.08248447615272814
als,3,version_31,0,stratified,24,43,2088,2088,0.5768323094200027,0.5830476284846082,0.559140903686088,-0.023906724798520185
als,3,version_31,0,stratified,24,44,2088,2088,0.5979769454353282,0.5641514731140177,0.5432917162108601,-0.020859756903157556
als,3,version_31,0,stratified,24,45,2088,2088,0.5876519355264896,0.5733171488968161,0.5504970934073193,-0.022820055489496727
als,3,version_31,0,stratified,24,46,2088,2088,0.577141134892324,0.5874620161183776,0.5163528867750034,-0.07110912934337421
als,3,version_31,0,stratified,48,42,2076,2076,0.5882405025226369,0.5779060443048548,0.4738539543586488,-0.10405208994620602
als,3,version_31,0,stratified,48,43,2076,2076,0.5679006983193557,0.5913060910822279,0.5645410805573191,-0.02676501052490876
als,3,version_31,0,stratified,48,44,2076,2076,0.5880174746900999,0.5722476527782419,0.5640014701460122,-0.008246182632229648
als,3,version_31,0,stratified,48,45,2076,2076,0.5660012028467373,0.5941879113902904,0.5822245982157773,-0.011963313174513046
als,3,version_31,0,stratified,48,46,2076,2076,0.5921138360787196,0.5727137558889372,0.5210982658959538,-0.05161548999298349
als,3,version_31,0,stratified,96,42,2052,2052,0.5846944358948052,0.5868429602270784,0.4544133237577374,-0.13242963646934097
als,3,version_31,0,stratified,96,43,2052,2052,0.5799904244040901,0.5792508806128381,0.5003112068670702,-0.07893967374576794
als,3,version_31,0,stratified,96,44,2052,2052,0.608910433979686,0.55260165521015,0.5512995451591942,-0.0013021100509558181
als,3,version_31,0,stratified,96,45,2052,2052,0.5627047638589652,0.5946855442700317,0.579736500119695,-0.01494904415033671
als,3,version_31,0,stratified,96,46,2052,2052,0.6014483088813652,0.5606101022536849,0.5212749221982833,-0.0393351800554016
als,3,version_31,0,stratified,240,42,1980,1980,0.6063452708907253,0.5559485766758494,0.5222240587695133,-0.03372451790633613
als,3,version_31,0,stratified,240,43,1980,1980,0.5570284664830119,0.6006712580348944,0.5694921946740128,-0.03117906336088161
als,3,version_31,0,stratified,240,44,1980,1980,0.5816969696969696,0.586852157943067,0.5289311294765839,-0.05792102846648306
als,3,version_31,0,stratified,240,45,1980,1980,0.6096850321395777,0.552040404040404,0.5436841138659321,-0.008356290174471925
als,3,version_31,0,stratified,240,46,1980,1980,0.5919595959595959,0.572831955922865,0.5214839302112029,-0.05134802571166208
als,3,version_31,0,stratified,480,42,1860,1860,0.5917148803329864,0.5759386056191467,0.5396503642039543,-0.03628824141519238
als,3,version_31,0,stratified,480,43,1860,1860,0.5994006243496357,0.5748844953173777,0.5157086368366286,-0.05917585848074913
als,3,version_31,0,stratified,480,44,1860,1860,0.5779989594172736,0.5995775234131114,0.5049781477627471,-0.09459937565036436
als,3,version_31,0,stratified,480,45,1860,1860,0.5909053069719042,0.5639698231009366,0.5365972944849116,-0.027372528616025016
als,3,version_31,0,stratified,480,46,1860,1860,0.5951592091571279,0.5739708636836629,0.546913631633715,-0.02705723204994792
als,3,version_32,0,stratified,24,42,2088,2088,0.5875578015589906,0.5792310741181133,0.48346710265556875,-0.0957639714625445
als,3,version_32,0,stratified,24,43,2088,2088,0.5736614810410886,0.5904990751750561,0.5812987184568635,-0.009200356718192526
als,3,version_32,0,stratified,24,44,2088,2088,0.5975244418020874,0.5684486061566917,0.53564209274673,-0.03280651340996166
als,3,version_32,0,stratified,24,45,2088,2088,0.5878550667195138,0.5772856387898005,0.5573985995507993,-0.01988703923900126
als,3,version_32,0,stratified,24,46,2088,2088,0.5778157616594002,0.590579171621086,0.5073226317875545,-0.08325653983353143
als,3,version_32,0,stratified,48,42,2076,2076,0.5871261986701861,0.5816524107053359,0.4963538708276254,-0.08529853987771052
als,3,version_32,0,stratified,48,43,2076,2076,0.5613050887099469,0.602774900598082,0.5879013665675431,-0.014873534030538926
als,3,version_32,0,stratified,48,44,2076,2076,0.588917103812356,0.5769471081559692,0.5637725951418358,-0.013174513014133415
als,3,version_32,0,stratified,48,45,2076,2076,0.5713555414480938,0.5921196832503591,0.5888151959637808,-0.0033044872865782837
als,3,version_32,0,stratified,48,46,2076,2076,0.5953765578535868,0.5727889338100169,0.5073991780547296,-0.06538975575528738
als,3,version_32,0,stratified,96,42,2052,2052,0.5853630176806538,0.5877902602510174,0.4752932526247392,-0.11249700762627823
als,3,version_32,0,stratified,96,43,2052,2052,0.5765825382168872,0.5880125508703532,0.5446034677336616,-0.04340908313669156
als,3,version_32,0,stratified,96,44,2052,2052,0.6143462945863686,0.5534779932286857,0.5425412947573612,-0.010936698471324502
als,3,version_32,0,stratified,96,45,2052,2052,0.568609144694094,0.592416470024965,0.5642881570397729,-0.02812831298519214
als,3,version_32,0,stratified,96,46,2052,2052,0.6023597004206422,0.5635007352689716,0.5173078896070586,-0.04619284566191295
als,3,version_32,0,stratified,240,42,1980,1980,0.6066317722681358,0.5590835629017447,0.5459972451790633,-0.013086317722681318
als,3,version_32,0,stratified,240,43,1980,1980,0.5691891643709825,0.5964719926538109,0.5564499540863177,-0.0400220385674932
als,3,version_32,0,stratified,240,44,1980,1980,0.5808053259871441,0.5961065197428834,0.5287584940312213,-0.0673480257116621
als,3,version_32,0,stratified,240,45,1980,1980,0.6044664830119375,0.5616675849403122,0.5477649219467401,-0.013902662993572124
als,3,version_32,0,stratified,240,46,1980,1980,0.5852800734618916,0.5826427915518825,0.5383636363636364,-0.0442791551882461
als,3,version_32,0,stratified,480,42,1860,1860,0.5938106139438085,0.5729448491155047,0.5568574401664933,-0.016087408949011395
als,3,version_32,0,stratified,480,43,1860,1860,0.6006118626430801,0.5787721123829344,0.5014401664932363,-0.07733194588969805
als,3,version_32,0,stratified,480,44,1860,1860,0.5788387096774193,0.6042372528616025,0.5020894901144641,-0.10214776274713833
als,3,version_32,0,stratified,480,45,1860,1860,0.5790489073881373,0.574162330905307,0.5593132154006244,-0.014849115504682597
als,3,version_32,0,stratified,480,46,1860,1860,0.5999063475546307,0.5750062434963579,0.5510197710718002,-0.023986472424557648
als,3,version_33,0,stratified,24,42,2088,2088,0.6928524243625314,0.6805373893513015,0.6444163694015062,-0.03612101994979533
als,3,version_33,0,stratified,24,43,2088,2088,0.6933808957590171,0.6782913859162374,0.5823226317875545,-0.09596875412868289
als,3,version_33,0,stratified,24,44,2088,2088,0.6981660391068834,0.6725938036728761,0.6503913991280221,-0.022202404544854004
als,3,version_33,0,stratified,24,45,2088,2088,0.7112539635354737,0.659331648830757,0.6132894041485004,-0.046042244682256595
als,3,version_33,0,stratified,24,46,2088,2088,0.6916906130268199,0.6816719513806315,0.5980182322631787,-0.08365371911745278
als,3,version_33,0,stratified,48,42,2076,2076,0.6899470413311504,0.6838843596511744,0.586003541715393,-0.0978808179357814
als,3,version_33,0,stratified,48,43,2076,2076,0.6852759865013868,0.6862875471950283,0.617762036820475,-0.06852551037455323
als,3,version_33,0,stratified,48,44,2076,2076,0.678809849978282,0.6906161248287614,0.6806892980052792,-0.009926826823482227
als,3,version_33,0,stratified,48,45,2076,2076,0.6709295332286411,0.6984404757927094,0.6910254268435296,-0.00741504894917977
als,3,version_33,0,stratified,48,46,2076,2076,0.6965785692806309,0.6774650005011862,0.5907414213638945,-0.08672357913729167
als,3,version_33,0,stratified,96,42,2052,2052,0.6846696419411101,0.6934287473068637,0.6108084538832461,-0.08262029342361754
als,3,version_33,0,stratified,96,43,2052,2052,0.6853288191238329,0.6911459936390684,0.5634827810266406,-0.12766321261242775
als,3,version_33,0,stratified,96,44,2052,2052,0.685595567867036,0.685366437536336,0.6548048972333368,-0.03056154030299918
als,3,version_33,0,stratified,96,45,2052,2052,0.682261208576998,0.6848602988953867,0.6765808282890462,-0.008279470606340489
als,3,version_33,0,stratified,96,46,2052,2052,0.7044047741185322,0.6667230942854211,0.608149516090421,-0.05857357819500009
als,3,version_33,0,stratified,240,42,1980,1980,0.7111331496786043,0.6613351698806244,0.6452139577594124,-0.01612121212121198
als,3,version_33,0,stratified,240,43,1980,1980,0.6629733700642791,0.7144040404040403,0.695107438016529,-0.019296602387511297
als,3,version_33,0,stratified,240,44,1980,1980,0.6978475665748394,0.6792396694214876,0.6562754820936638,-0.022964187327823793
als,3,version_33,0,stratified,240,45,1980,1980,0.6920064279155189,0.6747456382001837,0.6652506887052341,-0.009494949494949667
als,3,version_33,0,stratified,240,46,1980,1980,0.6938696051423324,0.6782231404958678,0.6663728191000917,-0.011850321395776131
als,3,version_33,0,stratified,480,42,1860,1860,0.6912081165452653,0.6849469302809572,0.6694547346514048,-0.015492195629552397
als,3,version_33,0,stratified,480,43,1860,1860,0.6895369406867846,0.6925026014568159,0.6765889698231009,-0.015913631633714953
als,3,version_33,0,stratified,480,44,1860,1860,0.6810010405827264,0.6971394380853279,0.6677273673257024,-0.029412070759625486
als,3,version_33,0,stratified,480,45,1860,1860,0.6856056191467221,0.6772362122788761,0.6716795005202914,-0.0055567117585847425
als,3,version_33,0,stratified,480,46,1860,1860,0.6930718002081165,0.6775691987513007,0.6867793964620187,0.00921019771071796
als,3,version_34,0,stratified,24,42,2088,2088,0.5912199431893248,0.5670316422248646,0.4628930506011363,-0.1041385916237283
als,3,version_34,0,stratified,24,43,2088,2088,0.5783756110450522,0.578448275862069,0.5368509710661911,-0.041597304795877976
als,3,version_34,0,stratified,24,44,2088,2088,0.5874347668119964,0.5691636940150614,0.5649078478002378,-0.004255846214823555
als,3,version_34,0,stratified,24,45,2088,2088,0.5843390804597701,0.5721751552384727,0.5741115074646584,0.0019363522261857113
als,3,version_34,0,stratified,24,46,2088,2088,0.579664585810543,0.5804234377064341,0.46747588849253535,-0.11294754921389877
als,3,version_34,0,stratified,48,42,2076,2076,0.5829864011493869,0.5773455511376926,0.46800928864980457,-0.10933626248788803
als,3,version_34,0,stratified,48,43,2076,2076,0.5719068462026796,0.5829997661131344,0.5707591299408601,-0.012240636172274333
als,3,version_34,0,stratified,48,44,2076,2076,0.580193123726152,0.5754544087674162,0.5621186808780781,-0.013335727889338012
als,3,version_34,0,stratified,48,45,2076,2076,0.5724665040596078,0.583059073139764,0.5688228808179357,-0.014236192321828267
als,3,version_34,0,stratified,48,46,2076,2076,0.5840455745263791,0.5786160580039427,0.44540579371178457,-0.1332102642921581
als,3,version_34,0,stratified,96,42,2052,2052,0.5857605759036968,0.5775400978078725,0.4653987551725317,-0.11214134263534081
als,3,version_34,0,stratified,96,43,2052,2052,0.5762986901952738,0.577936801066995,0.5393770732875073,-0.038559727779487685
als,3,version_34,0,stratified,96,44,2052,2052,0.614628432680141,0.5427242570363531,0.5364813104886974,-0.00624294654765567
als,3,version_34,0,stratified,96,45,2052,2052,0.5717742211278685,0.5810557094490613,0.573044697513765,-0.008011011935296297
als,3,version_34,0,stratified,96,46,2052,2052,0.6042713997469308,0.5560659690161075,0.5132596354433843,-0.04280633357272323
als,3,version_34,0,stratified,240,42,1980,1980,0.5970339761248852,0.5572598714416896,0.5397539026629936,-0.017505968778696035
als,3,version_34,0,stratified,240,43,1980,1980,0.5635096418732782,0.5884646464646465,0.5681322314049587,-0.020332415059687747
als,3,version_34,0,stratified,240,44,1980,1980,0.5813443526170798,0.5820247933884297,0.5443673094582185,-0.03765748393021118
als,3,version_34,0,stratified,240,45,1980,1980,0.6063957759412305,0.5514031221303948,0.5524903581267218,0.001087235996326985
als,3,version_34,0,stratified,240,46,1980,1980,0.5857924701561065,0.5763425160697888,0.5488301193755739,-0.027512396694214902
als,3,version_34,0,stratified,480,42,1860,1860,0.5862185223725286,0.5731841831425598,0.5447887617065557,-0.028395421436004153
als,3,version_34,0,stratified,480,43,1860,1860,0.6007721123829345,0.569003121748179,0.5262570239334027,-0.04274609781477634
als,3,version_34,0,stratified,480,44,1860,1860,0.5785244536940687,0.5905744016649324,0.5429614984391259,-0.04761290322580647
als,3,version_34,0,stratified,480,45,1860,1860,0.5753423517169615,0.5701352757544225,0.5587679500520291,-0.011367325702393405
als,3,version_34,0,stratified,480,46,1860,1860,0.5963704474505723,0.5707637877211238,0.5254401664932363,-0.04532362122788747
als,3,version_35,0,stratified,24,42,2088,2088,0.6013112696525301,0.5751172545910952,0.49187805522526096,-0.08323919936583424
als,3,version_35,0,stratified,24,43,2088,2088,0.5800518562557802,0.5912818734311005,0.5931637270445237,0.00188185361342319
als,3,version_35,0,stratified,24,44,2088,2088,0.5981173206500198,0.5747489760866693,0.5733501783590964,-0.001398797727572898
als,3,version_35,0,stratified,24,45,2088,2088,0.5969348659003832,0.5753616726119699,0.5719480776852953,-0.00341359492667459
als,3,version_35,0,stratified,24,46,2088,2088,0.581249174263443,0.5964716276919012,0.4712049147839873,-0.1252667129079139
als,3,version_35,0,stratified,48,42,2076,2076,0.5920879414614588,0.5848742022787263,0.48247352066557514,-0.10240068161315119
als,3,version_35,0,stratified,48,43,2076,2076,0.5720939556951452,0.5985156537137892,0.5922307795115105,-0.006284874202278745
als,3,version_35,0,stratified,48,44,2076,2076,0.5896212703398043,0.5828494102709747,0.5862775234722176,0.0034281132012429216
als,3,version_35,0,stratified,48,45,2076,2076,0.5813926292224932,0.5892846403154132,0.5843521333823382,-0.004932506933075009
als,3,version_35,0,stratified,48,46,2076,2076,0.5944552106652411,0.583104179892412,0.5100103578469043,-0.07309382204550774
als,3,version_35,0,stratified,96,42,2052,2052,0.5882596354433843,0.5926267911494135,0.43841694880476045,-0.15420984234465307
als,3,version_35,0,stratified,96,43,2052,2052,0.5840993810061216,0.5858366676926234,0.5645121575869497,-0.02132451010567371
als,3,version_35,0,stratified,96,44,2052,2052,0.6130894976232002,0.5600723299476762,0.552578571184296,-0.007493758763380209
als,3,version_35,0,stratified,96,45,2052,2052,0.577562326869806,0.5904312438015116,0.5873191751308094,-0.0031120686707021283
als,3,version_35,0,stratified,96,46,2052,2052,0.6046783625730994,0.5713809377244281,0.5321620327622174,-0.0392189049622107
als,3,version_35,0,stratified,240,42,1980,1980,0.6088034894398531,0.5628264462809918,0.5450909090909091,-0.017735537190082695
als,3,version_35,0,stratified,240,43,1980,1980,0.563129476584022,0.6064297520661157,0.5786207529843893,-0.027808999081726404
als,3,version_35,0,stratified,240,44,1980,1980,0.5915583103764922,0.590159779614325,0.5616584022038568,-0.02850137741046821
als,3,version_35,0,stratified,240,45,1980,1980,0.6125399449035813,0.5576730945821855,0.5245785123966942,-0.03309458218549133
als,3,version_35,0,stratified,240,46,1980,1980,0.5978034894398532,0.5786326905417815,0.555939393939394,-0.022693296602387503
als,3,version_35,0,stratified,480,42,1860,1860,0.5931633714880333,0.5817793964620187,0.5529198751300729,-0.028859521331945803
als,3,version_35,0,stratified,480,43,1860,1860,0.6086118626430801,0.577477627471384,0.5499292403746098,-0.027548387096774207
als,3,version_35,0,stratified,480,44,1860,1860,0.5825681581685744,0.6118418314255984,0.5259438085327783,-0.08589802289282011
als,3,version_35,0,stratified,480,45,1860,1860,0.5962955254942768,0.5646514047866805,0.5414984391259106,-0.023152965660769964
als,3,version_35,0,stratified,480,46,1860,1860,0.5968064516129032,0.5842684703433924,0.5446139438085328,-0.03965452653485957
als,3,version_36,0,stratified,24,42,2088,2088,0.5957226846346941,0.5694626106486986,0.486656097238737,-0.08280651340996165
als,3,version_36,0,stratified,24,43,2088,2088,0.5726119698771304,0.587313383538116,0.5600739859955081,-0.027239397542607957
als,3,version_36,0,stratified,24,44,2088,2088,0.5972123133835381,0.5635833663627956,0.5683354802483815,0.00475211388558594
als,3,version_36,0,stratified,24,45,2088,2088,0.5863472717664155,0.5752444180208746,0.5615157220240454,-0.013728695996829132
als,3,version_36,0,stratified,24,46,2088,2088,0.5783954287224203,0.5864067247985203,0.5276687805522526,-0.05873794424626766
als,3,version_36,0,stratified,48,42,2076,2076,0.5875204651007384,0.5777657121855057,0.4763473554077985,-0.10141835677770716
als,3,version_36,0,stratified,48,43,2076,2076,0.5603010458084132,0.5979668548899061,0.5814343947342042,-0.016532460155701867
als,3,version_36,0,stratified,48,44,2076,2076,0.5869140298706941,0.5738598015302884,0.5609258578636105,-0.012933943666677883
als,3,version_36,0,stratified,48,45,2076,2076,0.5616793076948778,0.5982157773397039,0.5759973604196599,-0.022218416920044004
als,3,version_36,0,stratified,48,46,2076,2076,0.581588091817301,0.5839837615690467,0.5221390624477931,-0.06184469912125368
als,3,version_36,0,stratified,96,42,2052,2052,0.58180636777128,0.5886854074758046,0.44400499298929574,-0.1446804144865088
als,3,version_36,0,stratified,96,43,2052,2052,0.5751906569542765,0.5830204165384221,0.5579819431619986,-0.02503847337642351
als,3,version_36,0,stratified,96,44,2052,2052,0.6105878731917513,0.5509233610341644,0.5445949180944564,-0.006328442939708023
als,3,version_36,0,stratified,96,45,2052,2052,0.5704592866181047,0.5870404568927191,0.5921309120755104,0.005090455182791276
als,3,version_36,0,stratified,96,46,2052,2052,0.6017920043774152,0.5620361820731166,0.5236158134126739,-0.03842036866044263
als,3,version_36,0,stratified,240,42,1980,1980,0.6037887970615243,0.5583764921946741,0.5444646464646465,-0.013911845730027572
als,3,version_36,0,stratified,240,43,1980,1980,0.560951331496786,0.5957006427915519,0.5858732782369145,-0.009827364554637397
als,3,version_36,0,stratified,240,44,1980,1980,0.5822332415059688,0.5871900826446281,0.542653810835629,-0.044536271808999106
als,3,version_36,0,stratified,240,45,1980,1980,0.5991735537190083,0.5593021120293847,0.5471551882460973,-0.012146923783287411
als,3,version_36,0,stratified,240,46,1980,1980,0.5902662993572084,0.5736106519742883,0.5701046831955923,-0.0035059687786960225
als,3,version_36,0,stratified,480,42,1860,1860,0.5862601456815817,0.5831238293444329,0.548570239334027,-0.03455359001040581
als,3,version_36,0,stratified,480,43,1860,1860,0.6023454734651406,0.5704120707596253,0.5481873048907389,-0.022224765868886442
als,3,version_36,0,stratified,480,44,1860,1860,0.5787471383975026,0.5958668054110302,0.5482715920915713,-0.04759521331945893
als,3,version_36,0,stratified,480,45,1860,1860,0.5889281997918835,0.5612840790842872,0.5438772112382935,-0.017406867845993768
als,3,version_36,0,stratified,480,46,1860,1860,0.595614984391259,0.5708220603537981,0.5505556711758585,-0.02026638917793966
als,3,version_37,0,stratified,24,42,2088,2088,0.6036926938829437,0.5669705377196459,0.46872605363984676,-0.09824448407979913
als,3,version_37,0,stratified,24,43,2088,2088,0.581064209274673,0.5865256308627296,0.5764731140177037,-0.010052516845025838
als,3,version_37,0,stratified,24,44,2088,2088,0.6022179283921257,0.5661596644206632,0.5579584489364513,-0.008201215484211932
als,3,version_37,0,stratified,24,45,2088,2088,0.5937475227903289,0.5745821773021536,0.5676707623199895,-0.006911414982164077
als,3,version_37,0,stratified,24,46,2088,2088,0.5828676179151804,0.5896006738010305,0.49027282335843575,-0.09932785044259479
als,3,version_37,0,stratified,48,42,2076,2076,0.5906211366901668,0.5793728490761468,0.4801797587624044,-0.09919309031374246
als,3,version_37,0,stratified,48,43,2076,2076,0.5656002539343112,0.6012312472852418,0.596715560159043,-0.004515687126198764
als,3,version_37,0,stratified,48,44,2076,2076,0.5929950883758227,0.5750877075745932,0.5612700056801095,-0.013817701894483614
als,3,version_37,0,stratified,48,45,2076,2076,0.5732934611914865,0.5933392361923219,0.5737461993384342,-0.01959303685388769
als,3,version_37,0,stratified,48,46,2076,2076,0.5916920044104381,0.5818336730261618,0.5012646596946106,-0.0805690133315512
als,3,version_37,0,stratified,96,42,2052,2052,0.5880373448240485,0.586542867890975,0.4715570602920557,-0.1149858075989193
als,3,version_37,0,stratified,96,43,2052,2052,0.5829383400020519,0.5836188912827879,0.5449779419308505,-0.038640949351937404
als,3,version_37,0,stratified,96,44,2052,2052,0.6119318764748128,0.5581973940699703,0.5514876372217092,-0.006709756848261028
als,3,version_37,0,stratified,96,45,2052,2052,0.5744434184877398,0.5896190280770152,0.584077151944188,-0.005541876132827195
als,3,version_37,0,stratified,96,46,2052,2052,0.6061899387845833,0.5645104476591088,0.5047706986765158,-0.059739748982593044
als,3,version_37,0,stratified,240,42,1980,1980,0.6006391184573003,0.5661928374655647,0.5488741965105601,-0.01731864095500457
als,3,version_37,0,stratified,240,43,1980,1980,0.5703158861340679,0.5963158861340679,0.5772433425160698,-0.01907254361799815
als,3,version_37,0,stratified,240,44,1980,1980,0.5854820936639119,0.5936088154269973,0.5153516988062443,-0.07825711662075296
als,3,version_37,0,stratified,240,45,1980,1980,0.6013829201101929,0.5648741965105601,0.5514508723599633,-0.013423324150596883
als,3,version_37,0,stratified,240,46,1980,1980,0.5947070707070707,0.5757630853994491,0.5506905417814508,-0.025072543617998266
als,3,version_37,0,stratified,480,42,1860,1860,0.5908199791883455,0.5756628511966702,0.5388491155046826,-0.03681373569198754
als,3,version_37,0,stratified,480,43,1860,1860,0.6010946930280957,0.5778106139438085,0.5224932362122789,-0.05531737773152956
als,3,version_37,0,stratified,480,44,1860,1860,0.5846451612903225,0.6012715920915713,0.5041331945889698,-0.09713839750260156
als,3,version_37,0,stratified,480,45,1860,1860,0.5885702393340271,0.5671550468262226,0.5503995837669095,-0.01675546305931319
als,3,version_37,0,stratified,480,46,1860,1860,0.6006597294484912,0.5748449531737773,0.5559958376690947,-0.0188491155046826
als,3,version_38,0,stratified,24,42,2088,2088,0.60467366891267,0.5779280618311534,0.513333993922579,-0.06459406790857447
als,3,version_38,0,stratified,24,43,2088,2088,0.5875528471396486,0.590941669969613,0.5330988241511428,-0.0578428458184701
als,3,version_38,0,stratified,24,44,2088,2088,0.6002171687144934,0.5795844893645131,0.5577660523186683,-0.021818437045844852
als,3,version_38,0,stratified,24,45,2088,2088,0.6055299577222883,0.5743740916897874,0.5404115471000132,-0.03396254458977421
als,3,version_38,0,stratified,24,46,2088,2088,0.5852688598229621,0.5991428854538248,0.5061798123926542,-0.09296307306117058
als,3,version_38,0,stratified,48,42,2076,2076,0.5997510775502022,0.5828510808914431,0.4859367168966554,-0.0969143639947877
als,3,version_38,0,stratified,48,43,2076,2076,0.570320592067894,0.606607303952688,0.5383524340940224,-0.06825486985866558
als,3,version_38,0,stratified,48,44,2076,2076,0.5923251695679775,0.5882279728691236,0.5176317284239367,-0.07059624444518697
als,3,version_38,0,stratified,48,45,2076,2076,0.5797637742657622,0.5989140966955128,0.5632480203147449,-0.03566607638076791
als,3,version_38,0,stratified,48,46,2076,2076,0.6000693307494404,0.5858064085001169,0.5078143272411373,-0.0779920812589796
als,3,version_38,0,stratified,96,42,2052,2052,0.5890342327553777,0.5979480865907458,0.4809958619746247,-0.11695222461612115
als,3,version_38,0,stratified,96,43,2052,2052,0.5894702643548443,0.5867959372114497,0.5355579494545329,-0.05123798775691679
als,3,version_38,0,stratified,96,44,2052,2052,0.6161810471598099,0.5656253206114702,0.5253941383673609,-0.040231182244109265
als,3,version_38,0,stratified,96,45,2052,2052,0.5779017475462536,0.5967289080400806,0.5624397250436032,-0.03428918299647743
als,3,version_38,0,stratified,96,46,2052,2052,0.5975522382955439,0.5859700420642249,0.5169351253377108,-0.06903491672651407
als,3,version_38,0,stratified,240,42,1980,1980,0.6118879706152434,0.5675573921028466,0.5293590449954086,-0.03819834710743797
als,3,version_38,0,stratified,240,43,1980,1980,0.5728135904499541,0.6055169880624426,0.5669201101928375,-0.038596877869605084
als,3,version_38,0,stratified,240,44,1980,1980,0.5964022038567492,0.5935463728191,0.5099862258953168,-0.08356014692378322
als,3,version_38,0,stratified,240,45,1980,1980,0.6018255280073461,0.5776106519742883,0.5309825528007346,-0.046628099173553705
als,3,version_38,0,stratified,240,46,1980,1980,0.6019797979797978,0.5841037649219467,0.5260128558310376,-0.05809090909090908
als,3,version_38,0,stratified,480,42,1860,1860,0.6054276795005202,0.5783850156087409,0.5371862643080125,-0.041198751300728365
als,3,version_38,0,stratified,480,43,1860,1860,0.6078043704474507,0.5861165452653486,0.5263704474505723,-0.059746097814776356
als,3,version_38,0,stratified,480,44,1860,1860,0.5902497398543184,0.6060208116545265,0.508570239334027,-0.09745057232049947
als,3,version_38,0,stratified,480,45,1860,1860,0.602114464099896,0.5663100936524454,0.5151279916753382,-0.051182101977107264
als,3,version_38,0,stratified,480,46,1860,1860,0.6073714880332987,0.5831612903225807,0.5470561914672216,-0.036105098855359063
als,3,version_39,0,stratified,24,42,2088,2088,0.5997308098824151,0.5681942792971331,0.48285605760338224,-0.08533822169375083
als,3,version_39,0,stratified,24,43,2088,2088,0.5809073193288413,0.5836594992733518,0.5783623992601401,-0.0052971000132117085
als,3,version_39,0,stratified,24,44,2088,2088,0.5945394041485005,0.5712495045580658,0.5561220108336636,-0.015127493724402141
als,3,version_39,0,stratified,24,45,2088,2088,0.5934089708019554,0.5717119170299907,0.5655601796802748,-0.006151737349715858
als,3,version_39,0,stratified,24,46,2088,2088,0.5752543268595587,0.5935592548553309,0.5047380763641167,-0.08882117849121418
als,3,version_39,0,stratified,48,42,2076,2076,0.5891108957866952,0.580465434862508,0.4742975040930202,-0.10616793076948783
als,3,version_39,0,stratified,48,43,2076,2076,0.5656303251027431,0.598559925156203,0.5857788432623876,-0.012781081893815438
als,3,version_39,0,stratified,48,44,2076,2076,0.5898643456179625,0.5762654950048448,0.566567543185539,-0.009697951819305772
als,3,version_39,0,stratified,48,45,2076,2076,0.5673744528717966,0.5958735674429483,0.577698887366768,-0.018174680076180283
als,3,version_39,0,stratified,48,46,2076,2076,0.5923026161916536,0.5775635671088242,0.4962243977413211,-0.08133916936750307
als,3,version_39,0,stratified,96,42,2052,2052,0.580665845901303,0.5938340002051914,0.45857528812284126,-0.13525871208235013
als,3,version_39,0,stratified,96,43,2052,2052,0.5776230293081632,0.5879159399473342,0.582712629527034,-0.0052033104203002
als,3,version_39,0,stratified,96,44,2052,2052,0.6134520023255019,0.5545569576963851,0.5523272117916623,-0.002229745904722802
als,3,version_39,0,stratified,96,45,2052,2052,0.5794962552580282,0.5830443555281967,0.5819910399781129,-0.001053315550083811
als,3,version_39,0,stratified,96,46,2052,2052,0.5969922369276016,0.5704609965459457,0.5229882698950103,-0.04747272665093538
als,3,version_39,0,stratified,240,42,1980,1980,0.6110780532598715,0.5552047750229568,0.5401900826446281,-0.015014692378328753
als,3,version_39,0,stratified,240,43,1980,1980,0.5721652892561984,0.5924609733700643,0.5894508723599633,-0.0030101010101010184
als,3,version_39,0,stratified,240,44,1980,1980,0.5780899908172635,0.5939054178145087,0.5640624426078972,-0.0298429752066115
als,3,version_39,0,stratified,240,45,1980,1980,0.6052433425160698,0.5607456382001836,0.5575188246097337,-0.0032268135904499617
als,3,version_39,0,stratified,240,46,1980,1980,0.5875537190082645,0.5831404958677686,0.5755390266299357,-0.007601469237832892
als,3,version_39,0,stratified,480,42,1860,1860,0.593165452653486,0.5763433922996878,0.5693818938605619,-0.006961498439125857
als,3,version_39,0,stratified,480,43,1860,1860,0.5973600416233091,0.5798543184183143,0.5599833506763787,-0.01987096774193553
als,3,version_39,0,stratified,480,44,1860,1860,0.576636836628512,0.600901144640999,0.5360187304890739,-0.06488241415192508
als,3,version_39,0,stratified,480,45,1860,1860,0.5882955254942768,0.5589157127991675,0.5401831425598335,-0.018732570239334057
als,3,version_39,0,stratified,480,46,1860,1860,0.5984349635796046,0.5726160249739854,0.5671664932362123,-0.005449531737773183
als,3,version_40,0,stratified,24,42,2088,2088,0.6009859294490686,0.5890094464262121,0.5069642621218127,-0.08204518430439944
als,3,version_40,0,stratified,24,43,2088,2088,0.5883059188796407,0.5968209142555159,0.5831458911348923,-0.01367502312062352
als,3,version_40,0,stratified,24,44,2088,2088,0.6115008587660192,0.5773153653058528,0.5516498216409037,-0.02566554366494911
als,3,version_40,0,stratified,24,45,2088,2088,0.6077074250231206,0.579092350376536,0.5599798520280089,-0.01911249834852702
als,3,version_40,0,stratified,24,46,2088,2088,0.584050072664817,0.606627361606553,0.5348510371251156,-0.07177632448143734
als,3,version_40,0,stratified,48,42,2076,2076,0.6008787463664005,0.5914547763039193,0.4966470647198369,-0.09480771158408241
als,3,version_40,0,stratified,48,43,2076,2076,0.5760382906211367,0.6081292391994387,0.5944017508102509,-0.013727488389187803
als,3,version_40,0,stratified,48,44,2076,2076,0.5982592134718835,0.5890824952387317,0.5742039493467874,-0.014878545891944261
als,3,version_40,0,stratified,48,45,2076,2076,0.5871596110795549,0.599497143238999,0.5936967489725684,-0.005800394266430642
als,3,version_40,0,stratified,48,46,2076,2076,0.6108857629723679,0.5811771191820642,0.5310835644358315,-0.05009355474623267
als,3,version_40,0,stratified,96,42,2052,2052,0.5962860367292501,0.5990680893266304,0.4802605930029753,-0.11880749632365506
als,3,version_40,0,stratified,96,43,2052,2052,0.5914401012277282,0.5922198283232448,0.5449847816422146,-0.04723504668103018
als,3,version_40,0,stratified,96,44,2052,2052,0.6265261105981328,0.5628261687356793,0.5450035908484663,-0.017822577887212976
als,3,version_40,0,stratified,96,45,2052,2052,0.58157723744058,0.603902055333265,0.594500872063199,-0.009401183270066005
als,3,version_40,0,stratified,96,46,2052,2052,0.6163845285728942,0.5735337368763038,0.5211637768886153,-0.052369959987688564
als,3,version_40,0,stratified,240,42,1980,1980,0.6168154269972451,0.5671074380165289,0.5499338842975207,-0.017173553719008194
als,3,version_40,0,stratified,240,43,1980,1980,0.5766078971533517,0.6056528925619835,0.582455463728191,-0.0231974288337925
als,3,version_40,0,stratified,240,44,1980,1980,0.5982718089990817,0.5991184573002755,0.526722681359045,-0.07239577594123048
als,3,version_40,0,stratified,240,45,1980,1980,0.615921028466483,0.5703691460055097,0.563139577594123,-0.0072295684113866665
als,3,version_40,0,stratified,240,46,1980,1980,0.5990431588613407,0.5923489439853077,0.5394527089072544,-0.0528962350780533
als,3,version_40,0,stratified,480,42,1860,1860,0.5962268470343393,0.5878709677419355,0.5624162330905307,-0.025454734651404798
als,3,version_40,0,stratified,480,43,1860,1860,0.6054068678459938,0.5855296566077003,0.5488969823100935,-0.03663267429760675
als,3,version_40,0,stratified,480,44,1860,1860,0.5851550468262227,0.6171550468262227,0.5239625390218522,-0.0931925078043705
als,3,version_40,0,stratified,480,45,1860,1860,0.599735691987513,0.5760624349635797,0.5546316337148803,-0.021430801248699338
als,3,version_40,0,stratified,480,46,1860,1860,0.6133090530697192,0.5842663891779397,0.5597336108220604,-0.024532778355879303
als,4,version_31,0,stratified,24,42,2088,2088,0.564463601532567,0.5836471132249967,0.5148252741445369,-0.0688218390804598
als,4,version_31,0,stratified,24,43,2088,2088,0.5773203197251948,0.5697334522393975,0.5610747787026027,-0.008658673536794836
als,4,version_31,0,stratified,24,44,2088,2088,0.5686682520808561,0.5793359426608534,0.5749413727044523,-0.004394569956401084
als,4,version_31,0,stratified,24,45,2088,2088,0.5660333267274409,0.5766993658343242,0.5394157088122605,-0.03728365702206371
als,4,version_31,0,stratified,24,46,2088,2088,0.5744219844100937,0.5707243361078083,0.5745466706302021,0.0038223345223938887
als,4,version_31,0,stratified,48,42,2076,2076,0.5526245447559224,0.5950299041063851,0.5362808647131545,-0.05874903939323062
als,4,version_31,0,stratified,48,43,2076,2076,0.600892111330148,0.5456647398843931,0.5266597614353971,-0.019004978448996068
als,4,version_31,0,stratified,48,44,2076,2076,0.5769537906378429,0.5717539844298173,0.5393322529987638,-0.032421731431053535
als,4,version_31,0,stratified,48,45,2076,2076,0.5854163186207357,0.5566039627117512,0.5592351899495472,0.0026312272377960744
als,4,version_31,0,stratified,48,46,2076,2076,0.5643539710648535,0.5839486785392095,0.5767466336997561,-0.007202044839453414
als,4,version_31,0,stratified,96,42,2052,2052,0.5759515748435416,0.5652422967750761,0.5602723915050786,-0.004969905269997521
als,4,version_31,0,stratified,96,43,2052,2052,0.584214801135392,0.5624003967032591,0.5359033548784241,-0.026497041824835033
als,4,version_31,0,stratified,96,44,2052,2052,0.5803307000444582,0.5668804076467973,0.5475035053520741,-0.01937690229472311
als,4,version_31,0,stratified,96,45,2052,2052,0.5593379159399473,0.5812566259703841,0.564785746041517,-0.016470879928867088
als,4,version_31,0,stratified,96,46,2052,2052,0.5677900892582333,0.5794124687938169,0.560423720119011,-0.018988748674805933
als,4,version_31,0,stratified,240,42,1980,1980,0.5670615243342516,0.5725215794306704,0.5639375573921029,-0.008584022038567451
als,4,version_31,0,stratified,240,43,1980,1980,0.5987217630853994,0.5515004591368228,0.5399981634527089,-0.011502295684113872
als,4,version_31,0,stratified,240,44,1980,1980,0.5639926538108356,0.5739724517906336,0.5789274563820018,0.004955004591368217
als,4,version_31,0,stratified,240,45,1980,1980,0.5666207529843894,0.5834003673094582,0.5483305785123966,-0.035069788797061574
als,4,version_31,0,stratified,240,46,1980,1980,0.5839779614325069,0.5642460973370065,0.575127640036731,0.010881542699724522
als,4,version_31,0,stratified,480,42,1860,1860,0.5807346514047866,0.5587044745057232,0.5589011446409988,0.00019667013527557842
als,4,version_31,0,stratified,480,43,1860,1860,0.5829406867845994,0.5592049947970864,0.5580603537981269,-0.0011446409989595008
als,4,version_31,0,stratified,480,44,1860,1860,0.5485952133194589,0.5862726326742976,0.5732258064516129,-0.013046826222684715
als,4,version_31,0,stratified,480,45,1860,1860,0.5664973985431841,0.571312174817898,0.5564932362122789,-0.014818938605619114
als,4,version_31,0,stratified,480,46,1860,1860,0.5743100936524455,0.574156087408949,0.5590738813735692,-0.015082206035379797
als,4,version_32,0,stratified,24,42,2088,2088,0.5649623464130005,0.5772740784780024,0.5299296472453429,-0.04734443123265952
als,4,version_32,0,stratified,24,43,2088,2088,0.5843968820187607,0.5575653983353152,0.5276440084555423,-0.029921389879772886
als,4,version_32,0,stratified,24,44,2088,2088,0.5595587263839344,0.5829419342053112,0.550746465847536,-0.0321954683577752
als,4,version_32,0,stratified,24,45,2088,2088,0.5710703197251948,0.5663958250759678,0.5426707623199895,-0.0237250627559783
als,4,version_32,0,stratified,24,46,2088,2088,0.5762774144536927,0.5643826793499802,0.5569015061434799,-0.0074811732065003245
als,4,version_32,0,stratified,48,42,2076,2076,0.546775702495907,0.5955127134217648,0.5505112098633432,-0.045001503558421585
als,4,version_32,0,stratified,48,43,2076,2076,0.6009489124260751,0.5422792275050954,0.49688930468776105,-0.04538992281733434
als,4,version_32,0,stratified,48,44,2076,2076,0.5728983594507,0.5709829930836313,0.5010090547629389,-0.06997393832069243
als,4,version_32,0,stratified,48,45,2076,2076,0.5799416953456513,0.5564118413578802,0.5309281967322663,-0.02548364462561392
als,4,version_32,0,stratified,48,46,2076,2076,0.5574058605366032,0.587292425406796,0.5522252664639647,-0.0350671589428313
als,4,version_32,0,stratified,96,42,2052,2052,0.5723077186142744,0.5634229335522041,0.5460466468315037,-0.01737628672070035
als,4,version_32,0,stratified,96,43,2052,2052,0.5888623850073528,0.553678054786088,0.4903457474094593,-0.0633323073766287
als,4,version_32,0,stratified,96,44,2052,2052,0.5835427994938613,0.5591617933723196,0.5453438664888342,-0.013817926883485487
als,4,version_32,0,stratified,96,45,2052,2052,0.5614992647310283,0.5749777709380663,0.5447676208064021,-0.030210150131664282
als,4,version_32,0,stratified,96,46,2052,2052,0.5665640709962039,0.5780479463766629,0.5548527752128859,-0.023195171163777006
als,4,version_32,0,stratified,240,42,1980,1980,0.5751616161616162,0.5599191919191919,0.555544536271809,-0.00437465564738293
als,4,version_32,0,stratified,240,43,1980,1980,0.5943764921946739,0.5548191000918273,0.4929237832874197,-0.06189531680440763
als,4,version_32,0,stratified,240,44,1980,1980,0.5557098255280073,0.5766170798898071,0.5584003673094582,-0.01821671258034896
als,4,version_32,0,stratified,240,45,1980,1980,0.561208448117539,0.5817272727272728,0.5332874196510561,-0.04843985307621668
als,4,version_32,0,stratified,240,46,1980,1980,0.586279155188246,0.558544536271809,0.5789715335169882,0.020426997245179157
als,4,version_32,0,stratified,480,42,1860,1860,0.5719313215400624,0.564598335067638,0.541327783558793,-0.02327055150884505
als,4,version_32,0,stratified,480,43,1860,1860,0.5845910509885537,0.5593132154006244,0.5659729448491155,0.006659729448491136
als,4,version_32,0,stratified,480,44,1860,1860,0.534219562955255,0.594330905306972,0.5571821019771072,-0.03714880332986481
als,4,version_32,0,stratified,480,45,1860,1860,0.5632382934443287,0.5717585848074922,0.5402913631633715,-0.031467221644120746
als,4,version_32,0,stratified,480,46,1860,1860,0.5668397502601457,0.5767741935483871,0.5699021852237253,-0.006872008324661838
als,4,version_33,0,stratified,24,42,2088,2088,0.6446715219976219,0.650475624256837,0.46373530188928525,-0.18674032236755178
als,4,version_33,0,stratified,24,43,2088,2088,0.640478431761131,0.6543070418813581,0.44286893909367153,-0.2114381027876866
als,4,version_33,0,stratified,24,44,2088,2088,0.6575150284053376,0.6355132778438367,0.5974005813185361,-0.03811269652530058
als,4,version_33,0,stratified,24,45,2088,2088,0.6476020610384464,0.6434428260007928,0.6219612894702075,-0.021481536530585377
als,4,version_33,0,stratified,24,46,2088,2088,0.6460678425155237,0.6467210001321179,0.5630392059717267,-0.08368179416039112
als,4,version_33,0,stratified,48,42,2076,2076,0.6185806408500116,0.6772920912827024,0.5307360753783955,-0.1465560159043069
als,4,version_33,0,stratified,48,43,2076,2076,0.6613785960105584,0.6332988071769856,0.6046209362157106,-0.028677870961275054
als,4,version_33,0,stratified,48,44,2076,2076,0.6514768284941027,0.6425323265060644,0.6333238664840122,-0.009208460022052223
als,4,version_33,0,stratified,48,45,2076,2076,0.6434394734204283,0.6473771258645462,0.6304704467239133,-0.01690667914063293
als,4,version_33,0,stratified,48,46,2076,2076,0.6456355040261953,0.6502522636907347,0.5313291456446925,-0.11892311804604228
als,4,version_33,0,stratified,96,42,2052,2052,0.6310685339078691,0.6630108409425123,0.630588899148456,-0.03242194179405633
als,4,version_33,0,stratified,96,43,2052,2052,0.6568089326630416,0.6391505078485689,0.5968845114736159,-0.042265996374952985
als,4,version_33,0,stratified,96,44,2052,2052,0.6560702438357101,0.6335009062617558,0.6120661058103348,-0.021434800451420988
als,4,version_33,0,stratified,96,45,2052,2052,0.6386007660476728,0.652084402038234,0.6319927499059539,-0.020091652132280147
als,4,version_33,0,stratified,96,46,2052,2052,0.6564344584658527,0.6391753018022639,0.5985038131390855,-0.04067148866317838
als,4,version_33,0,stratified,240,42,1980,1980,0.6607144168962351,0.6343893480257117,0.5854747474747475,-0.04891460055096419
als,4,version_33,0,stratified,240,43,1980,1980,0.6542819100091827,0.643561065197429,0.6252231404958677,-0.01833792470156126
als,4,version_33,0,stratified,240,44,1980,1980,0.6502011019283747,0.631586776859504,0.6167750229568411,-0.014811753902662983
als,4,version_33,0,stratified,240,45,1980,1980,0.6302552800734619,0.6655160697887971,0.6403195592286501,-0.025196510560146934
als,4,version_33,0,stratified,240,46,1980,1980,0.6596932966023875,0.6336023875114785,0.6418677685950412,0.008265381083562784
als,4,version_33,0,stratified,480,42,1860,1860,0.657318418314256,0.6375754422476586,0.6041061394380853,-0.033469302809573276
als,4,version_33,0,stratified,480,43,1860,1860,0.6540083246618106,0.6367752341311135,0.6259292403746098,-0.010845993756503636
als,4,version_33,0,stratified,480,44,1860,1860,0.6172216441207076,0.655862643080125,0.6443017689906347,-0.011560874089490247
als,4,version_33,0,stratified,480,45,1860,1860,0.6511446409989594,0.6433735691987513,0.6251383975026014,-0.018235171696149965
als,4,version_33,0,stratified,480,46,1860,1860,0.6340530697190427,0.6572819979188346,0.6468699271592092,-0.010412070759625358
als,4,version_34,0,stratified,24,42,2088,2088,0.558486920332937,0.5737209340731932,0.5009545514599022,-0.07276638261329105
als,4,version_34,0,stratified,24,43,2088,2088,0.5701826529264103,0.5620541022592153,0.5460529792574977,-0.01600112300171752
als,4,version_34,0,stratified,24,44,2088,2088,0.5502790989562689,0.5829675320385784,0.525279924692826,-0.0576876073457524
als,4,version_34,0,stratified,24,45,2088,2088,0.5640391729422645,0.5634694147179283,0.5460546307306118,-0.01741478398731655
als,4,version_34,0,stratified,24,46,2088,2088,0.5691736028537456,0.5607122803540758,0.553545712775796,-0.0071665675782798255
als,4,version_34,0,stratified,48,42,2076,2076,0.5456747636072037,0.5881394299842961,0.5338776771693007,-0.054261752814995456
als,4,version_34,0,stratified,48,43,2076,2076,0.5924721841692004,0.5406929733703097,0.5070149353469878,-0.03367803802332192
als,4,version_34,0,stratified,48,44,2076,2076,0.5690367202378964,0.5642579103879182,0.5169233853453172,-0.04733452504260094
als,4,version_34,0,stratified,48,45,2076,2076,0.5782585452236961,0.5482441778876674,0.5405092051187812,-0.007734972768886239
als,4,version_34,0,stratified,48,46,2076,2076,0.5466838183701427,0.5864170202813325,0.5255287513782618,-0.06088826890307064
als,4,version_34,0,stratified,96,42,2052,2052,0.567172805307616,0.5607332170582402,0.5525084641428132,-0.008224752915427014
als,4,version_34,0,stratified,96,43,2052,2052,0.585862316610239,0.5472384665367122,0.5296227899182654,-0.017615676618446763
als,4,version_34,0,stratified,96,44,2052,2052,0.5722256420779044,0.5584555931739681,0.5406826031941452,-0.017772989979822906
als,4,version_34,0,stratified,96,45,2052,2052,0.5532129544133237,0.5717502821380938,0.5609486679662118,-0.010801614171881968
als,4,version_34,0,stratified,96,46,2052,2052,0.5566242604562087,0.574865770664478,0.5781351526965561,0.003269382032078161
als,4,version_34,0,stratified,240,42,1980,1980,0.5695987144168962,0.5556124885215794,0.554358126721763,-0.001254361799816417
als,4,version_34,0,stratified,240,43,1980,1980,0.5969127640036731,0.5413351698806245,0.5239963269054179,-0.017338842975206603
als,4,version_34,0,stratified,240,44,1980,1980,0.542040404040404,0.5768999081726355,0.5654820936639118,-0.0114178145087237
als,4,version_34,0,stratified,240,45,1980,1980,0.5525179063360882,0.5814710743801652,0.5495004591368228,-0.03197061524334244
als,4,version_34,0,stratified,240,46,1980,1980,0.5788558310376493,0.5547089072543618,0.5808558310376493,0.026146923783287424
als,4,version_34,0,stratified,480,42,1860,1860,0.5713766909469302,0.5512216441207076,0.5608532778355879,0.009631633714880294
als,4,version_34,0,stratified,480,43,1860,1860,0.5918178980228929,0.5436940686784599,0.5545390218522372,0.010844953173777316
als,4,version_34,0,stratified,480,44,1860,1860,0.5364786680541103,0.578522372528616,0.5646638917793965,-0.013858480749219582
als,4,version_34,0,stratified,480,45,1860,1860,0.5577565036420395,0.5640135275754423,0.5560915712799168,-0.0079219562955255
als,4,version_34,0,stratified,480,46,1860,1860,0.5645244536940687,0.5677440166493236,0.5788844953173777,0.011140478668054121
als,4,version_35,0,stratified,24,42,2088,2088,0.558300303871053,0.5670043929184834,0.5100409565332277,-0.056963436385255695
als,4,version_35,0,stratified,24,43,2088,2088,0.5698878649755582,0.5554944510503369,0.5223609459637997,-0.03313350508653723
als,4,version_35,0,stratified,24,44,2088,2088,0.5583168186021931,0.5680250033029463,0.5428309552120492,-0.025194048090897092
als,4,version_35,0,stratified,24,45,2088,2088,0.5543260338221694,0.5671901836438102,0.548592944906857,-0.018597238736953292
als,4,version_35,0,stratified,24,46,2088,2088,0.5650374884396883,0.5593820187607345,0.5540295943982032,-0.0053524243625312495
als,4,version_35,0,stratified,48,42,2076,2076,0.5445788365799058,0.5808196064018176,0.5164806709211801,-0.06433893548063752
als,4,version_35,0,stratified,48,43,2076,2076,0.5852300444385045,0.5412743492933275,0.490728056400147,-0.05054629289318052
als,4,version_35,0,stratified,48,44,2076,2076,0.567878980253266,0.5599318386848876,0.5310835644358315,-0.028848274249056116
als,4,version_35,0,stratified,48,45,2076,2076,0.5676567877309633,0.5523071268669184,0.5414397407197034,-0.010867386147215052
als,4,version_35,0,stratified,48,46,2076,2076,0.5532476861906512,0.5741262654950048,0.5260558321360553,-0.04807043335894945
als,4,version_35,0,stratified,96,42,2052,2052,0.5616788071543382,0.5588779453507062,0.5463929072193153,-0.012485038131390902
als,4,version_35,0,stratified,96,43,2052,2052,0.5863958140966451,0.5393009814985807,0.49169146062036184,-0.0476095208782189
als,4,version_35,0,stratified,96,44,2052,2052,0.572711261584761,0.5531573817584898,0.5405517937143053,-0.012605588044184546
als,4,version_35,0,stratified,96,45,2052,2052,0.5482430491433261,0.5708183714647241,0.5349184364419821,-0.035899935022742024
als,4,version_35,0,stratified,96,46,2052,2052,0.5614582264628433,0.5638871789610479,0.5548579049964092,-0.009029273964638707
als,4,version_35,0,stratified,240,42,1980,1980,0.560473829201102,0.5577869605142332,0.5431450872359963,-0.01464187327823685
als,4,version_35,0,stratified,240,43,1980,1980,0.5918989898989899,0.5373820018365473,0.5259430670339761,-0.011438934802571188
als,4,version_35,0,stratified,240,44,1980,1980,0.547366391184573,0.5705987144168962,0.5709403122130394,0.0003415977961431782
als,4,version_35,0,stratified,240,45,1980,1980,0.5537171717171717,0.5727621671258035,0.5492910927456383,-0.02347107438016527
als,4,version_35,0,stratified,240,46,1980,1980,0.5768567493112947,0.5510541781450873,0.5688539944903581,0.017799816345270836
als,4,version_35,0,stratified,480,42,1860,1860,0.5582809573361083,0.5588480749219562,0.5575962539021853,-0.001251821019770949
als,4,version_35,0,stratified,480,43,1860,1860,0.5730874089490114,0.5460665972944849,0.5451279916753382,-0.0009386056191467151
als,4,version_35,0,stratified,480,44,1860,1860,0.5385411030176899,0.5721290322580646,0.5708928199791884,-0.0012362122788761587
als,4,version_35,0,stratified,480,45,1860,1860,0.5577523413111343,0.5583995837669095,0.5494609781477627,-0.008938605619146722
als,4,version_35,0,stratified,480,46,1860,1860,0.5568969823100935,0.5723204994797086,0.5752091571279917,0.002888657648283055
als,4,version_36,0,stratified,24,42,2088,2088,0.5522707755317744,0.5546142158805654,0.5323275862068966,-0.02228662967366879
als,4,version_36,0,stratified,24,43,2088,2088,0.5577057735500066,0.5506886642885453,0.5368022526093276,-0.01388641167921778
als,4,version_36,0,stratified,24,44,2088,2088,0.5452165081252477,0.5631209538908707,0.5332689258818866,-0.02985202800898412
als,4,version_36,0,stratified,24,45,2088,2088,0.5419242964724534,0.5623356784251553,0.5382249966970538,-0.02411068172810149
als,4,version_36,0,stratified,24,46,2088,2088,0.5607362267142291,0.5458770973708549,0.5440596512088782,-0.0018174461619766547
als,4,version_36,0,stratified,48,42,2076,2076,0.5362123692739483,0.5701944602225266,0.5461199839620435,-0.02407447626048309
als,4,version_36,0,stratified,48,43,2076,2076,0.5713822713755888,0.5371019746733937,0.5129406261485516,-0.024161348524842086
als,4,version_36,0,stratified,48,44,2076,2076,0.5605883925289853,0.5480996692171473,0.5222493233987102,-0.025850345818437037
als,4,version_36,0,stratified,48,45,2076,2076,0.549886397808146,0.5520657222092284,0.5401366567543187,-0.011929065454909793
als,4,version_36,0,stratified,48,46,2076,2076,0.5401399979952555,0.5696540145009856,0.5429023689398242,-0.026751645561161386
als,4,version_36,0,stratified,96,42,2052,2052,0.5503821688724736,0.5496169761636059,0.5463279299613557,-0.0032890462022502343
als,4,version_36,0,stratified,96,43,2052,2052,0.5750059847474436,0.5326125987483328,0.4854869874491296,-0.047125611299203174
als,4,version_36,0,stratified,96,44,2052,2052,0.566297322253001,0.5415307274033035,0.5443957115009747,0.0028649840976711083
als,4,version_36,0,stratified,96,45,2052,2052,0.5405526486782257,0.5624209158373517,0.5378954208132417,-0.024525495024109945
als,4,version_36,0,stratified,96,46,2052,2052,0.5499786259019869,0.5573013918812627,0.5461663417803768,-0.01113505010088589
als,4,version_36,0,stratified,240,42,1980,1980,0.5548558310376491,0.5441542699724518,0.5479706152433425,0.0038163452708906975
als,4,version_36,0,stratified,240,43,1980,1980,0.5762075298438935,0.5363709825528008,0.48874380165289255,-0.04762718089990825
als,4,version_36,0,stratified,240,44,1980,1980,0.5380156106519742,0.5616271808999082,0.5670247933884297,0.005397612488521553
als,4,version_36,0,stratified,240,45,1980,1980,0.545247015610652,0.567198347107438,0.5315289256198348,-0.035669421487603215
als,4,version_36,0,stratified,240,46,1980,1980,0.5639476584022038,0.5443452708907255,0.5722699724517906,0.02792470156106508
als,4,version_36,0,stratified,480,42,1860,1860,0.5545848074921957,0.5428449531737773,0.5583995837669095,0.015554630593132113
als,4,version_36,0,stratified,480,43,1860,1860,0.5689417273673257,0.5368511966701353,0.5413485952133195,0.004497398543184206
als,4,version_36,0,stratified,480,44,1860,1860,0.5230718002081165,0.5689656607700313,0.5740187304890739,0.005053069719042624
als,4,version_36,0,stratified,480,45,1860,1860,0.5490405827263267,0.5491259105098856,0.5493132154006244,0.0001873048907388153
als,4,version_36,0,stratified,480,46,1860,1860,0.5535275754422476,0.5531571279916754,0.5436534859521333,-0.009503642039542126
als,4,version_37,0,stratified,24,42,2088,2088,0.5456384595058792,0.5718242172017439,0.5653091557669441,-0.0065150614347998514
als,4,version_37,0,stratified,24,43,2088,2088,0.5679465583300304,0.5500660589245607,0.5312541286827851,-0.018811930241775632
als,4,version_37,0,stratified,24,44,2088,2088,0.5467135685031047,0.5727572995111639,0.4539932619896948,-0.11876403752146913
als,4,version_37,0,stratified,24,45,2088,2088,0.5565712115206765,0.558016250495442,0.5532055093143083,-0.004810741181133671
als,4,version_37,0,stratified,24,46,2088,2088,0.5620953890870657,0.5557471264367816,0.5601796802748051,0.004432553838023545
als,4,version_37,0,stratified,48,42,2076,2076,0.5372097296936081,0.5791590096561863,0.574644993150456,-0.004514016505730245
als,4,version_37,0,stratified,48,43,2076,2076,0.5861405325938054,0.5324234020515219,0.485776337331685,-0.04664706471983693
als,4,version_37,0,stratified,48,44,2076,2076,0.5579137291590096,0.5629924153830733,0.4704400414313876,-0.0925523739516857
als,4,version_37,0,stratified,48,45,2076,2076,0.5696765678773097,0.5425172909218483,0.5399395235390424,-0.0025777673828059067
als,4,version_37,0,stratified,48,46,2076,2076,0.549913127735641,0.5710397941795582,0.5204116408834241,-0.050628153296134126
als,4,version_37,0,stratified,96,42,2052,2052,0.5560463048459355,0.5535173215690298,0.5566806880749633,0.003163366505933518
als,4,version_37,0,stratified,96,43,2052,2052,0.5724838411819021,0.5450771177456312,0.4997264115454328,-0.045350706200198376
als,4,version_37,0,stratified,96,44,2052,2052,0.5697736055538456,0.547347901918539,0.5489569440169625,0.0016090420984234965
als,4,version_37,0,stratified,96,45,2052,2052,0.5474675968674123,0.5645001880920625,0.5453541260558805,-0.019146062036181966
als,4,version_37,0,stratified,96,46,2052,2052,0.5582726308949761,0.5624123661981464,0.5590506480626517,-0.0033617181354946846
als,4,version_37,0,stratified,240,42,1980,1980,0.5544003673094582,0.549364554637282,0.5542056932966024,0.004841138659320454
als,4,version_37,0,stratified,240,43,1980,1980,0.5896657483930211,0.5315922865013774,0.4989366391184573,-0.03265564738292004
als,4,version_37,0,stratified,240,44,1980,1980,0.5443085399449036,0.5655426997245179,0.5579265381083562,-0.007616161616161632
als,4,version_37,0,stratified,240,45,1980,1980,0.5593039485766758,0.5605730027548209,0.546317722681359,-0.014255280073461885
als,4,version_37,0,stratified,240,46,1980,1980,0.5804573002754821,0.5432617079889808,0.5693930211202939,0.026131313131313116
als,4,version_37,0,stratified,480,42,1860,1860,0.5509739854318418,0.5525078043704474,0.5504287200832466,-0.0020790842872008275
als,4,version_37,0,stratified,480,43,1860,1860,0.568828303850156,0.5431696149843912,0.5457065556711759,0.002536940686784672
als,4,version_37,0,stratified,480,44,1860,1860,0.530385015608741,0.5738792924037461,0.5693402705515088,-0.004539021852237313
als,4,version_37,0,stratified,480,45,1860,1860,0.5519562955254943,0.555904266389178,0.5482039542143601,-0.007700312174817925
als,4,version_37,0,stratified,480,46,1860,1860,0.5685660770031218,0.5536795005202914,0.5505858480749221,-0.0030936524453692993
als,4,version_38,0,stratified,24,42,2088,2088,0.5502906592680671,0.5621895230545647,0.533297000924825,-0.028892522129739695
als,4,version_38,0,stratified,24,43,2088,2088,0.5678788479323557,0.545612035936055,0.4918697978596908,-0.05374223807636419
als,4,version_38,0,stratified,24,44,2088,2088,0.548407979918087,0.5657748711850971,0.5181414321574845,-0.04763343902761252
als,4,version_38,0,stratified,24,45,2088,2088,0.5490190249702734,0.5596991015986259,0.5477928061831154,-0.01190629541551047
als,4,version_38,0,stratified,24,46,2088,2088,0.5604125379838817,0.5501321178491214,0.5545118245474965,0.004379706698375063
als,4,version_38,0,stratified,48,42,2076,2076,0.535590898459688,0.5751445086705202,0.556652410705336,-0.01849209796518425
als,4,version_38,0,stratified,48,43,2076,2076,0.5769671556015904,0.5368923118046043,0.4741053827391494,-0.06278692906545491
als,4,version_38,0,stratified,48,44,2076,2076,0.5554579170703999,0.5598399545591233,0.5200173744528718,-0.039822580106251504
als,4,version_38,0,stratified,48,45,2076,2076,0.5601089244545425,0.5465334625279828,0.5328276922048849,-0.013705770323097943
als,4,version_38,0,stratified,48,46,2076,2076,0.547123191553343,0.5683216946774032,0.5263506966487354,-0.04197099802866788
als,4,version_38,0,stratified,96,42,2052,2052,0.5559727779487705,0.5483892479737354,0.5343319311925037,-0.014057316781231788
als,4,version_38,0,stratified,96,43,2052,2052,0.5767381416504224,0.5355493998153278,0.5162323449950412,-0.01931705482028656
als,4,version_38,0,stratified,96,44,2052,2052,0.5680722273520058,0.5450651482507438,0.5194111008515441,-0.025654047399199742
als,4,version_38,0,stratified,96,45,2052,2052,0.5465886939571151,0.560387811634349,0.533774494716323,-0.026613316918026042
als,4,version_38,0,stratified,96,46,2052,2052,0.5549331418214152,0.5605844533360692,0.5677097226497042,0.0071252693136349965
als,4,version_38,0,stratified,240,42,1980,1980,0.5510303030303031,0.5473480257116621,0.5367401285583103,-0.010607897153351753
als,4,version_38,0,stratified,240,43,1980,1980,0.5847327823691459,0.5313902662993572,0.5036345270890725,-0.027755739210284625
als,4,version_38,0,stratified,240,44,1980,1980,0.5369660238751148,0.56922681359045,0.5603893480257116,-0.008837465564738411
als,4,version_38,0,stratified,240,45,1980,1980,0.5510064279155188,0.56455463728191,0.5489146005509642,-0.015640036730945828
als,4,version_38,0,stratified,240,46,1980,1980,0.5704279155188245,0.5485803489439853,0.5469439853076217,-0.001636363636363658
als,4,version_38,0,stratified,480,42,1860,1860,0.5462809573361083,0.5483350676378772,0.5370010405827264,-0.011334027055150853
als,4,version_38,0,stratified,480,43,1860,1860,0.5710010405827263,0.536197710718002,0.5329698231009365,-0.0032278876170654947
als,4,version_38,0,stratified,480,44,1860,1860,0.5308324661810614,0.5682206035379812,0.5605327783558793,-0.007687825182101871
als,4,version_38,0,stratified,480,45,1860,1860,0.5491987513007284,0.5549177939646202,0.5549136316337149,-4.1623309052774005e-06
als,4,version_38,0,stratified,480,46,1860,1860,0.5644391259105099,0.5584765868886576,0.5503912591050989,-0.008085327783558749
als,4,version_39,0,stratified,24,42,2088,2088,0.5630829700092482,0.5703890870656626,0.537031807372176,-0.03335727969348656
als,4,version_39,0,stratified,24,43,2088,2088,0.573501288149029,0.5606437442198441,0.5384603316158013,-0.022183412604042774
als,4,version_39,0,stratified,24,44,2088,2088,0.5493740916897872,0.585261428193949,0.45494781344959706,-0.13031361474435194
als,4,version_39,0,stratified,24,45,2088,2088,0.5489067247985202,0.5806026225393051,0.550090831021271,-0.03051179151803407
als,4,version_39,0,stratified,24,46,2088,2088,0.5628079997357643,0.5681744616197648,0.5677054432553839,-0.00046901836438095756
als,4,version_39,0,stratified,48,42,2076,2076,0.5408349761101273,0.5929407932105984,0.5562865448227472,-0.03665424838785125
als,4,version_39,0,stratified,48,43,2076,2076,0.5971240268635771,0.537431922215911,0.48349761101273014,-0.05393431120318082
als,4,version_39,0,stratified,48,44,2076,2076,0.5678948511477162,0.5666945103411406,0.4718333389020682,-0.09486117143907241
als,4,version_39,0,stratified,48,45,2076,2076,0.56987453640282,0.5581359216813124,0.5423719469410939,-0.01576397474021851
als,4,version_39,0,stratified,48,46,2076,2076,0.5490193457850245,0.5867035316916702,0.5264576163587157,-0.060245915332954536
als,4,version_39,0,stratified,96,42,2052,2052,0.5730942854211551,0.5549314318935741,0.5412964672890804,-0.013634964604493649
als,4,version_39,0,stratified,96,43,2052,2052,0.5887452549502411,0.5464826784309702,0.45756301084094253,-0.08891966759002767
als,4,version_39,0,stratified,96,44,2052,2052,0.5726163605895831,0.5596149242501967,0.5591840224342532,-0.0004309018159434075
als,4,version_39,0,stratified,96,45,2052,2052,0.5472966040833077,0.5821303990971581,0.5507284292602852,-0.031401969836872934
als,4,version_39,0,stratified,96,46,2052,2052,0.5603698573920181,0.5738124551143942,0.54738210047536,-0.026430354639034204
als,4,version_39,0,stratified,240,42,1980,1980,0.5742699724517907,0.5533673094582185,0.5462240587695133,-0.007143250688705249
als,4,version_39,0,stratified,240,43,1980,1980,0.589186409550046,0.5517630853994491,0.48037098255280075,-0.07139210284664832
als,4,version_39,0,stratified,240,44,1980,1980,0.5429329660238751,0.5787474747474748,0.5711845730027548,-0.007562901744719963
als,4,version_39,0,stratified,240,45,1980,1980,0.5595298438934803,0.5800642791551882,0.5432543617998163,-0.03680991735537187
als,4,version_39,0,stratified,240,46,1980,1980,0.5776207529843893,0.557364554637282,0.5811827364554637,0.02381818181818174
als,4,version_39,0,stratified,480,42,1860,1860,0.5626160249739854,0.5631758584807492,0.5500208116545265,-0.013155046826222705
als,4,version_39,0,stratified,480,43,1860,1860,0.5839354838709677,0.5524505723204995,0.5549916753381894,0.0025411030176898386
als,4,version_39,0,stratified,480,44,1860,1860,0.5380353798126951,0.5741987513007284,0.5711030176899063,-0.003095733610822049
als,4,version_39,0,stratified,480,45,1860,1860,0.547513007284079,0.5814713839750261,0.5540707596253902,-0.02740062434963586
als,4,version_39,0,stratified,480,46,1860,1860,0.5615421436004162,0.578276795005203,0.5460551508844953,-0.032221644120707715
als,4,version_40,0,stratified,24,42,2088,2088,0.5614703065134099,0.5718110054168317,0.5184981503501123,-0.053312855066719456
als,4,version_40,0,stratified,24,43,2088,2088,0.5734922050469018,0.5595694609591756,0.5301014004492007,-0.029468060509974858
als,4,version_40,0,stratified,24,44,2088,2088,0.5668128220372572,0.5656922975293963,0.530124521072797,-0.035567776456599365
als,4,version_40,0,stratified,24,45,2088,2088,0.558031939490025,0.5702074250231206,0.5523913330690977,-0.017816091954022895
als,4,version_40,0,stratified,24,46,2088,2088,0.5699142885453825,0.5599963667591492,0.5674891002774475,0.007492733518298267
als,4,version_40,0,stratified,48,42,2076,2076,0.5568687560559992,0.5761878111530623,0.5189782485215009,-0.057209562631561406
als,4,version_40,0,stratified,48,43,2076,2076,0.5931095258779111,0.539344782652277,0.5131695011527281,-0.026175281499548952
als,4,version_40,0,stratified,48,44,2076,2076,0.5674588192054529,0.565705503023823,0.5235106418523839,-0.04219486117143911
als,4,version_40,0,stratified,48,45,2076,2076,0.564692271709713,0.5617361087908048,0.5628378829897424,0.001101774198937533
als,4,version_40,0,stratified,48,46,2076,2076,0.5536711884794012,0.5804704467239132,0.5820592067894016,0.0015887600654883594
als,4,version_40,0,stratified,96,42,2052,2052,0.57154765568893,0.555515372251291,0.5397096542525905,-0.015805717998700453
als,4,version_40,0,stratified,96,43,2052,2052,0.5880741082726308,0.5444290550938751,0.48362744092199306,-0.06080161417188201
als,4,version_40,0,stratified,96,44,2052,2052,0.5785369857392018,0.5515466297322253,0.55420471256113,0.002658082828904673
als,4,version_40,0,stratified,96,45,2052,2052,0.5508250401833042,0.5756745665332923,0.5644591498238775,-0.011215416709414838
als,4,version_40,0,stratified,96,46,2052,2052,0.5572483841181903,0.5754300468520228,0.5656236106836291,-0.009806436168393717
als,4,version_40,0,stratified,240,42,1980,1980,0.5748521579430671,0.5493149678604223,0.5386262626262626,-0.010688705234159768
als,4,version_40,0,stratified,240,43,1980,1980,0.5894618916437099,0.5493700642791552,0.5089825528007346,-0.04038751147842068
als,4,version_40,0,stratified,240,44,1980,1980,0.5507915518824609,0.5705693296602388,0.5739449035812673,0.0033755739210284963
als,4,version_40,0,stratified,240,45,1980,1980,0.5607786960514233,0.5756042240587695,0.5367722681359045,-0.038831955922865036
als,4,version_40,0,stratified,240,46,1980,1980,0.5752727272727272,0.5592883379247016,0.5709623507805326,0.011674012855831029
als,4,version_40,0,stratified,480,42,1860,1860,0.5658272632674297,0.5563017689906348,0.5527242455775234,-0.00357752341311135
als,4,version_40,0,stratified,480,43,1860,1860,0.5799177939646202,0.5509125910509886,0.5402934443288241,-0.010619146722164463
als,4,version_40,0,stratified,480,44,1860,1860,0.5395671175858481,0.5747513007284079,0.5692986472424557,-0.005452653485952141
als,4,version_40,0,stratified,480,45,1860,1860,0.551700312174818,0.5741071800208116,0.5544953173777316,-0.019611862643080014
als,4,version_40,0,stratified,480,46,1860,1860,0.5714973985431842,0.5652507804370448,0.5466534859521331,-0.018597294484911653
als,5,version_31,0,stratified,24,42,2088,2088,0.4919160391068833,0.5197945567446163,0.4563499141233981,-0.06344464262121818
als,5,version_31,0,stratified,24,43,2088,2088,0.5048850574712643,0.5021865504029595,0.4920134760206104,-0.010173074382349045
als,5,version_31,0,stratified,24,44,2088,2088,0.498693684766812,0.5108633901440085,0.5194411414982164,0.008577751354207908
als,5,version_31,0,stratified,24,45,2088,2088,0.5075389747654908,0.4988670894437839,0.45941835116924296,-0.03944873827454093
als,5,version_31,0,stratified,24,46,2088,2088,0.5081863522261857,0.5017555159202007,0.47775961157352353,-0.0239959043466772
als,5,version_31,0,stratified,48,42,2076,2076,0.5242674329245882,0.48888202078251863,0.507113501954626,0.018231481172107378
als,5,version_31,0,stratified,48,43,2076,2076,0.5072304453874169,0.4970279661866417,0.4832837715927696,-0.013744194593872106
als,5,version_31,0,stratified,48,44,2076,2076,0.5086955795382405,0.5034799024357647,0.4955878913428447,-0.007892011092919982
als,5,version_31,0,stratified,48,45,2076,2076,0.5212419392562397,0.4847305289184404,0.471019746733937,-0.01371078218450339
als,5,version_31,0,stratified,48,46,2076,2076,0.49530054462227274,0.5171054829763775,0.46870259614420795,-0.048402886832169534
als,5,version_31,0,stratified,96,42,2052,2052,0.5173950959269519,0.49677507609178895,0.5196675900277008,0.02289251393591185
als,5,version_31,0,stratified,96,43,2052,2052,0.509252419547895,0.4943196197120481,0.49048767142026606,-0.003831948291782017
als,5,version_31,0,stratified,96,44,2052,2052,0.5207038062993742,0.49220101911699327,0.5190554358606067,0.026854416743613385
als,5,version_31,0,stratified,96,45,2052,2052,0.528088984644848,0.483249546869122,0.4982644232413392,0.015014876372217156
als,5,version_31,0,stratified,96,46,2052,2052,0.5062224274135632,0.508799288670018,0.49749153585718686,-0.01130775281283114
als,5,version_31,0,stratified,240,42,1980,1980,0.501228650137741,0.5104903581267218,0.5232901744719927,0.012799816345270831
als,5,version_31,0,stratified,240,43,1980,1980,0.4961763085399449,0.5086225895316805,0.4715739210284664,-0.03704866850321409
als,5,version_31,0,stratified,240,44,1980,1980,0.5245215794306703,0.4874692378328742,0.5110780532598714,0.02360881542699722
als,5,version_31,0,stratified,240,45,1980,1980,0.5076455463728191,0.5012323232323233,0.4805491276400367,-0.02068319559228654
als,5,version_31,0,stratified,240,46,1980,1980,0.4929054178145087,0.5234729109274564,0.5052791551882461,-0.018193755739210338
als,5,version_31,0,stratified,480,42,1860,1860,0.5129760665972946,0.49816024973985434,0.5143392299687826,0.01617898022892822
als,5,version_31,0,stratified,480,43,1860,1860,0.5138189386056191,0.48905931321540064,0.47074297606659726,-0.018316337148803374
als,5,version_31,0,stratified,480,44,1860,1860,0.48051196670135277,0.5254984391259104,0.5175400624349636,-0.007958376690946789
als,5,version_31,0,stratified,480,45,1860,1860,0.5043080124869926,0.5094464099895942,0.4723298647242456,-0.03711654526534863
als,5,version_31,0,stratified,480,46,1860,1860,0.5127533818938607,0.49842663891779393,0.5272330905306972,0.028806451612903294
als,5,version_32,0,stratified,24,42,2088,2088,0.5070575703527547,0.5234955079931298,0.5016250495441934,-0.021870458448936425
als,5,version_32,0,stratified,24,43,2088,2088,0.5066983749504558,0.5187326595323027,0.5311418285110319,0.012409168978729124
als,5,version_32,0,stratified,24,44,2088,2088,0.5189382679349981,0.5102771171885322,0.5359988109393579,0.02572169375082567
als,5,version_32,0,stratified,24,45,2088,2088,0.5138261329105562,0.5132695864711322,0.45529297133042673,-0.057976615140705456
als,5,version_32,0,stratified,24,46,2088,2088,0.5190200158541418,0.509984806447351,0.4823374950455807,-0.02764731140177029
als,5,version_32,0,stratified,48,42,2076,2076,0.5328076447592636,0.49782819339102546,0.5039961241605132,0.0061679307694877394
als,5,version_32,0,stratified,48,43,2076,2076,0.5248855624979117,0.49829513181195495,0.5215702161782887,0.023275084366333743
als,5,version_32,0,stratified,48,44,2076,2076,0.5279135620969628,0.5031023422098968,0.5184954392061212,0.015393096996224376
als,5,version_32,0,stratified,48,45,2076,2076,0.5310167396170937,0.49265845835143174,0.47233118380166395,-0.020327274549767793
als,5,version_32,0,stratified,48,46,2076,2076,0.5051179458050721,0.5267491396304587,0.48014801697350395,-0.04660112265695471
als,5,version_32,0,stratified,96,42,2052,2052,0.5311959235320269,0.5045193392838823,0.5215792893539892,0.017059950070106966
als,5,version_32,0,stratified,96,43,2052,2052,0.5260199719571834,0.496472418863924,0.51853732772477,0.022064908860846
als,5,version_32,0,stratified,96,44,2052,2052,0.539918265449198,0.49281915803153103,0.5439126568858794,0.051093498854348385
als,5,version_32,0,stratified,96,45,2052,2052,0.5270596080845389,0.49941947949796517,0.45909510618651894,-0.04032437331144623
als,5,version_32,0,stratified,96,46,2052,2052,0.5163469101603912,0.5173095995348995,0.5089711364180431,-0.008338463116856376
als,5,version_32,0,stratified,240,42,1980,1980,0.5124885215794307,0.5214389348025712,0.515852157943067,-0.00558677685950415
als,5,version_32,0,stratified,240,43,1980,1980,0.505662075298439,0.51522681359045,0.5175426997245179,0.002315886134067968
als,5,version_32,0,stratified,240,44,1980,1980,0.5326134067952251,0.5012350780532598,0.5382056932966024,0.03697061524334255
als,5,version_32,0,stratified,240,45,1980,1980,0.5130817263544536,0.5132552800734619,0.518494031221304,0.005238751147842113
als,5,version_32,0,stratified,240,46,1980,1980,0.5089256198347107,0.5291772268135905,0.5283581267217631,-0.0008191000918273961
als,5,version_32,0,stratified,480,42,1860,1860,0.5373569198751301,0.49648491155046826,0.5085057232049948,0.012020811654526509
als,5,version_32,0,stratified,480,43,1860,1860,0.5194776274713839,0.49586472424557754,0.5288907388137357,0.03302601456815818
als,5,version_32,0,stratified,480,44,1860,1860,0.48360145681581684,0.5393714880332986,0.5200104058272632,-0.019361082206035385
als,5,version_32,0,stratified,480,45,1860,1860,0.5077877211238293,0.5233808532778356,0.4964391259105099,-0.02694172736732564
als,5,version_32,0,stratified,480,46,1860,1860,0.5176357960457856,0.5201581685744016,0.5387700312174819,0.018611862643080346
als,5,version_33,0,stratified,24,42,2088,2088,0.5522922446822566,0.5810955872638393,0.4810493460166469,-0.10004624124719236
als,5,version_33,0,stratified,24,43,2088,2088,0.5635866693090237,0.5692330558858502,0.5754937904610913,0.0062607345752411225
als,5,version_33,0,stratified,24,44,2088,2088,0.5677665477606024,0.5646915048223016,0.5710711454617519,0.00637964063945029
als,5,version_33,0,stratified,24,45,2088,2088,0.5675056150085876,0.5649342713700621,0.5180770247060378,-0.046857246664024355
als,5,version_33,0,stratified,24,46,2088,2088,0.5758703263310874,0.5539602325274144,0.5284020346148764,-0.025558197912537994
als,5,version_33,0,stratified,48,42,2076,2076,0.5653830732734137,0.5675983160145679,0.578465702161783,0.010867386147215052
als,5,version_33,0,stratified,48,43,2076,2076,0.5709746399812891,0.5606735941728759,0.5589595375722544,-0.0017140566006215163
als,5,version_33,0,stratified,48,44,2076,2076,0.5778926793411072,0.5549951552006415,0.5216261819639815,-0.03336897323665999
als,5,version_33,0,stratified,48,45,2076,2076,0.5743058571953623,0.5563416752982058,0.5260366200006682,-0.030305055297537575
als,5,version_33,0,stratified,48,46,2076,2076,0.5457800126967156,0.5851364896922717,0.5415032242975041,-0.04363326539476764
als,5,version_33,0,stratified,96,42,2052,2052,0.5742313874354502,0.5610170650798536,0.5488304093567252,-0.012186655723128381
als,5,version_33,0,stratified,96,43,2052,2052,0.562130228104374,0.5682141513628125,0.572061489005164,0.003847337642351456
als,5,version_33,0,stratified,96,44,2052,2052,0.5837915939947333,0.5498238774323724,0.5513525529222667,0.0015286754898943267
als,5,version_33,0,stratified,96,45,2052,2052,0.582565575732704,0.551896309975719,0.5117335248452515,-0.04016278513046756
als,5,version_33,0,stratified,96,46,2052,2052,0.5717673814165043,0.5595431072808728,0.5107819500017099,-0.04876115727916286
als,5,version_33,0,stratified,240,42,1980,1980,0.5525968778696052,0.5830064279155188,0.5960734618916437,0.013067033976124853
als,5,version_33,0,stratified,240,43,1980,1980,0.5576584022038568,0.5744775022956841,0.550949494949495,-0.023528007346189095
als,5,version_33,0,stratified,240,44,1980,1980,0.6017263544536271,0.5319522497704315,0.5553810835629017,0.023428833792470183
als,5,version_33,0,stratified,240,45,1980,1980,0.5457171717171717,0.5847474747474748,0.580020202020202,-0.004727272727272802
als,5,version_33,0,stratified,240,46,1980,1980,0.550712580348944,0.5770247933884297,0.5730927456382002,-0.003932047750229484
als,5,version_33,0,stratified,480,42,1860,1860,0.5689115504682623,0.565525494276795,0.5432528616024973,-0.022272632674297688
als,5,version_33,0,stratified,480,43,1860,1860,0.5712299687825182,0.5570114464099896,0.5822143600416233,0.02520291363163374
als,5,version_33,0,stratified,480,44,1860,1860,0.5527429760665973,0.5721789802289282,0.5916982310093652,0.019519250780437036
als,5,version_33,0,stratified,480,45,1860,1860,0.5805889698231009,0.5633028095733611,0.5347554630593132,-0.02854734651404789
als,5,version_33,0,stratified,480,46,1860,1860,0.5660228928199792,0.5589885535900103,0.555200832466181,-0.003787721123829302
als,5,version_34,0,stratified,24,42,2088,2088,0.4965005284713965,0.5021403091557669,0.493659994715286,-0.008480314440480918
als,5,version_34,0,stratified,24,43,2088,2088,0.48827949530981635,0.5067842515523847,0.4776159334126041,-0.029168318139780602
als,5,version_34,0,stratified,24,44,2088,2088,0.4977771171885322,0.5003088254723214,0.5364397542608006,0.03613092878847923
als,5,version_34,0,stratified,24,45,2088,2088,0.5052236094596381,0.48948837362927733,0.4626089972255252,-0.026879376403752153
als,5,version_34,0,stratified,24,46,2088,2088,0.5044920068701282,0.493096842383406,0.4784945171092614,-0.014602325274144623
als,5,version_34,0,stratified,48,42,2076,2076,0.5112766881619834,0.48730328443984094,0.5158140933542718,0.028510808914430807
als,5,version_34,0,stratified,48,43,2076,2076,0.49537071068194727,0.4964415784022186,0.4582278058070767,-0.03821377259514186
als,5,version_34,0,stratified,48,44,2076,2076,0.500415984496642,0.49875705837147916,0.5161315112432758,0.017374452871796675
als,5,version_34,0,stratified,48,45,2076,2076,0.5169350796885963,0.4745631327475024,0.4334341274349293,-0.041129005312573075
als,5,version_34,0,stratified,48,46,2076,2076,0.48942664305523076,0.5127234454876541,0.4705636673460523,-0.04215977814160182
als,5,version_34,0,stratified,96,42,2052,2052,0.5108631715741596,0.4895232721179166,0.5376697103382237,0.048146438220307175
als,5,version_34,0,stratified,96,43,2052,2052,0.5015406449847817,0.49039533531684965,0.4781830306761055,-0.012212304640744132
als,5,version_34,0,stratified,96,44,2052,2052,0.5121250983208508,0.48681474641770117,0.5332102185287781,0.046395472111076974
als,5,version_34,0,stratified,96,45,2052,2052,0.5152987243938306,0.47992715707397143,0.4855340104647584,0.005606853390786981
als,5,version_34,0,stratified,96,46,2052,2052,0.5073697889949044,0.4975120549912793,0.48632485209124177,-0.011187202900037552
als,5,version_34,0,stratified,240,42,1980,1980,0.4978089990817264,0.5021524334251607,0.5381873278236915,0.0360348943985308
als,5,version_34,0,stratified,240,43,1980,1980,0.48906152433425165,0.5013774104683195,0.4610835629017447,-0.040293847566574836
als,5,version_34,0,stratified,240,44,1980,1980,0.5192819100091828,0.47761799816345274,0.5225087235996326,0.04489072543617989
als,5,version_34,0,stratified,240,45,1980,1980,0.4983489439853077,0.4945693296602388,0.5200036730945822,0.025434343434343365
als,5,version_34,0,stratified,240,46,1980,1980,0.487267217630854,0.5244830119375574,0.5112984389348025,-0.013184573002754885
als,5,version_34,0,stratified,480,42,1860,1860,0.505111342351717,0.49404162330905305,0.5246555671175859,0.03061394380853283
als,5,version_34,0,stratified,480,43,1860,1860,0.503429760665973,0.4864994797086369,0.5158501560874089,0.029350676378772034
als,5,version_34,0,stratified,480,44,1860,1860,0.47382726326742974,0.5125744016649324,0.5271363163371489,0.014561914672216458
als,5,version_34,0,stratified,480,45,1860,1860,0.48803329864724243,0.5121727367325702,0.5181488033298647,0.005976066597294438
als,5,version_34,0,stratified,480,46,1860,1860,0.5121477627471385,0.49255775234131116,0.5228366285119668,0.03027887617065561
als,5,version_35,0,stratified,24,42,2088,2088,0.48825802615933417,0.5149920729290527,0.49979521733386184,-0.01519685559519085
als,5,version_35,0,stratified,24,43,2088,2088,0.5009000528471397,0.4985434007134364,0.4654610912934337,-0.033082309420002676
als,5,version_35,0,stratified,24,44,2088,2088,0.5024507861012023,0.49976053639846746,0.5507002246003436,0.050939688201876165
als,5,version_35,0,stratified,24,45,2088,2088,0.4969332144272691,0.5031724798520281,0.4689721231338354,-0.03420035671819266
als,5,version_35,0,stratified,24,46,2088,2088,0.5010387765887172,0.5004277315365306,0.4961206896551724,-0.00430704188135822
als,5,version_35,0,stratified,48,42,2076,2076,0.5164556116141535,0.48627752347221753,0.5525644024190585,0.06628687894684093
als,5,version_35,0,stratified,48,43,2076,2076,0.5061278358782452,0.4916936750309065,0.4484830766146547,-0.0432105984162518
als,5,version_35,0,stratified,48,44,2076,2076,0.5059006314945371,0.4991279361154733,0.5358055731898828,0.036677637074409464
als,5,version_35,0,stratified,48,45,2076,2076,0.517031975675766,0.48146446590263625,0.44803535032911224,-0.033429115573524015
als,5,version_35,0,stratified,48,46,2076,2076,0.4877226101774199,0.5163035851515253,0.5104046242774566,-0.005898960874068715
als,5,version_35,0,stratified,96,42,2052,2052,0.5133647960056086,0.493138059573886,0.5365086693341541,0.043370609760268075
als,5,version_35,0,stratified,96,43,2052,2052,0.5115864710509217,0.48633767655004956,0.46616309291747887,-0.020174583632570686
als,5,version_35,0,stratified,96,44,2052,2052,0.5164546356143771,0.4895455011798502,0.5466126329468897,0.05706713176703948
als,5,version_35,0,stratified,96,45,2052,2052,0.5192247187168701,0.48102835060360455,0.5390410724667419,0.058012721863137384
als,5,version_35,0,stratified,96,46,2052,2052,0.499016791491399,0.509707260353613,0.5012585068910091,-0.008448753462603875
als,5,version_35,0,stratified,240,42,1980,1980,0.5006574839302111,0.5050284664830119,0.5425913682277319,0.03756290174471999
als,5,version_35,0,stratified,240,43,1980,1980,0.48921028466483013,0.504651974288338,0.4952148760330578,-0.009437098255280163
als,5,version_35,0,stratified,240,44,1980,1980,0.5195702479338843,0.4857061524334252,0.5507539026629936,0.06504775022956844
als,5,version_35,0,stratified,240,45,1980,1980,0.4947842056932966,0.5061799816345272,0.5573902662993572,0.05121028466483002
als,5,version_35,0,stratified,240,46,1980,1980,0.49433976124885215,0.5213608815426998,0.520862258953168,-0.0004986225895318164
als,5,version_35,0,stratified,480,42,1860,1860,0.5138022892819979,0.4912091571279916,0.5422528616024974,0.05104370447450579
als,5,version_35,0,stratified,480,43,1860,1860,0.5061789802289283,0.4871987513007284,0.5491488033298647,0.06195005202913628
als,5,version_35,0,stratified,480,44,1860,1860,0.47217273673257026,0.5235587929240375,0.5388262226847034,0.015267429760665863
als,5,version_35,0,stratified,480,45,1860,1860,0.4945785639958376,0.5120582726326743,0.5591321540062435,0.04707388137356916
als,5,version_35,0,stratified,480,46,1860,1860,0.5197065556711759,0.49108844953173786,0.5343225806451612,0.04323413111342339
als,5,version_36,0,stratified,24,42,2088,2088,0.5013319130664553,0.5169721891927599,0.4813978068437046,-0.0355743823490553
als,5,version_36,0,stratified,24,43,2088,2088,0.5046455938697318,0.5088923569824283,0.5130292971330427,0.004136940150614388
als,5,version_36,0,stratified,24,44,2088,2088,0.5156526621746598,0.5020957193816884,0.556704155106355,0.05460843572466656
als,5,version_36,0,stratified,24,45,2088,2088,0.506524144536927,0.5091012683313516,0.433395263575109,-0.07570600475624262
als,5,version_36,0,stratified,24,46,2088,2088,0.5139169639318272,0.5028405337561105,0.44738241511428195,-0.055458118641828535
als,5,version_36,0,stratified,48,42,2076,2076,0.5273906578903406,0.4912367603327876,0.5280196464967088,0.036782886163921225
als,5,version_36,0,stratified,48,43,2076,2076,0.5149804537405193,0.494976444251395,0.4875613953022152,-0.00741504894917977
als,5,version_36,0,stratified,48,44,2076,2076,0.5152335527414882,0.5036611647565906,0.5318294964749908,0.028168331718400164
als,5,version_36,0,stratified,48,45,2076,2076,0.5279386214039895,0.4849719335761302,0.4364988806842861,-0.048473052891844115
als,5,version_36,0,stratified,48,46,2076,2076,0.49081409335427173,0.5288950516221724,0.4280998362791941,-0.1007952153429783
als,5,version_36,0,stratified,96,42,2052,2052,0.5233986525768612,0.497535993981054,0.5470520844020382,0.049516090420984205
als,5,version_36,0,stratified,96,43,2052,2052,0.5098808180294792,0.5009319106733696,0.5304931431893574,0.029561232515987745
als,5,version_36,0,stratified,96,44,2052,2052,0.517344653055641,0.502505044287131,0.5409348175506994,0.038429773263568334
als,5,version_36,0,stratified,96,45,2052,2052,0.517928593413358,0.49740689442905506,0.4481190793748504,-0.04928781505420465
als,5,version_36,0,stratified,96,46,2052,2052,0.5121934954344927,0.5105972777948771,0.44150678841352897,-0.0690904893813481
als,5,version_36,0,stratified,240,42,1980,1980,0.5152718089990818,0.5073094582185491,0.5626685032139578,0.05535904499540867
als,5,version_36,0,stratified,240,43,1980,1980,0.5094444444444445,0.49973737373737376,0.5081524334251607,0.008415059687786941
als,5,version_36,0,stratified,240,44,1980,1980,0.5285280073461892,0.48769880624426076,0.5551974288337925,0.06749862258953176
als,5,version_36,0,stratified,240,45,1980,1980,0.5066859504132231,0.50966391184573,0.5486611570247933,0.03899724517906333
als,5,version_36,0,stratified,240,46,1980,1980,0.4882883379247015,0.5397860422405877,0.5045325987144168,-0.03525344352617088
als,5,version_36,0,stratified,480,42,1860,1860,0.5305848074921956,0.49023100936524455,0.5645390218522373,0.0743080124869927
als,5,version_36,0,stratified,480,43,1860,1860,0.509,0.49959209157127993,0.530047866805411,0.03045577523413112
als,5,version_36,0,stratified,480,44,1860,1860,0.48810197710718006,0.5200489073881374,0.5734984391259105,0.053449531737773115
als,5,version_36,0,stratified,480,45,1860,1860,0.5049261186264307,0.5215556711758584,0.4655234131113424,-0.05603225806451606
als,5,version_36,0,stratified,480,46,1860,1860,0.5166160249739854,0.5088709677419355,0.5595525494276795,0.05068158168574399
als,5,version_37,0,stratified,24,42,2088,2088,0.484613224996697,0.5135618972123134,0.5095620293301625,-0.003999867882150898
als,5,version_37,0,stratified,24,43,2088,2088,0.4951215484211917,0.4986391861540494,0.47588271237944246,-0.022756473774606933
als,5,version_37,0,stratified,24,44,2088,2088,0.5009099616858237,0.4958316818602193,0.5316917690579996,0.03586008719778033
als,5,version_37,0,stratified,24,45,2088,2088,0.4845620293301625,0.509799841458581,0.4793483287092087,-0.030451512749372356
als,5,version_37,0,stratified,24,46,2088,2088,0.5057652926410359,0.49099947152860357,0.4717589840137403,-0.01924048751486329
als,5,version_37,0,stratified,48,42,2076,2076,0.5081860402953657,0.4907915399779478,0.5143005112098633,0.023508971231915532
als,5,version_37,0,stratified,48,43,2076,2076,0.4987804470580373,0.4932740819940526,0.4648802165124127,-0.028393865481639913
als,5,version_37,0,stratified,48,44,2076,2076,0.5116559190083197,0.48658825887934776,0.5114938688228808,0.02490560994353308
als,5,version_37,0,stratified,48,45,2076,2076,0.5185004510675265,0.474848808847606,0.442701059173377,-0.03214774967422901
als,5,version_37,0,stratified,48,46,2076,2076,0.5028751378261886,0.49626783387350054,0.46681646563533696,-0.029451368238163578
als,5,version_37,0,stratified,96,42,2052,2052,0.5170684997093122,0.48596662220854275,0.537339694264902,0.05137307205635927
als,5,version_37,0,stratified,96,43,2052,2052,0.4985619506856811,0.4910091994117848,0.48031702062172976,-0.010692178790055018
als,5,version_37,0,stratified,96,44,2052,2052,0.517554119216169,0.4827810266406758,0.5342917478882391,0.051510721247563285
als,5,version_37,0,stratified,96,45,2052,2052,0.5195872234191717,0.47768031189083826,0.48751923668821173,0.009838924797373472
als,5,version_37,0,stratified,96,46,2052,2052,0.5023990287609863,0.5001128552375089,0.47369105023768,-0.026421804999828935
als,5,version_37,0,stratified,240,42,1980,1980,0.49039485766758495,0.5115169880624426,0.5361065197428834,0.024589531680440757
als,5,version_37,0,stratified,240,43,1980,1980,0.49687419651056014,0.4904830119375574,0.48557575757575755,-0.00490725436179984
als,5,version_37,0,stratified,240,44,1980,1980,0.5177685950413223,0.4855335169880624,0.5298365472910928,0.044303030303030344
als,5,version_37,0,stratified,240,45,1980,1980,0.5008282828282828,0.49639118457300274,0.5326988062442608,0.03630762167125806
als,5,version_37,0,stratified,240,46,1980,1980,0.49901561065197425,0.5104940312213039,0.5233737373737374,0.012879706152433501
als,5,version_37,0,stratified,480,42,1860,1860,0.5103704474505724,0.492882414151925,0.5319021852237253,0.039019771071800324
als,5,version_37,0,stratified,480,43,1860,1860,0.5118834547346515,0.47147138397502597,0.5175504682622268,0.04607908428720087
als,5,version_37,0,stratified,480,44,1860,1860,0.46336940686784606,0.5251488033298647,0.5455629552549428,0.020414151925078117
als,5,version_37,0,stratified,480,45,1860,1860,0.496372528616025,0.5089760665972944,0.5133610822060355,0.00438501560874105
als,5,version_37,0,stratified,480,46,1860,1860,0.5118626430801249,0.49465140478668057,0.5253257023933403,0.03067429760665974
als,5,version_38,0,stratified,24,42,2088,2088,0.49712148236226716,0.5097337825340204,0.5279528339278636,0.018219051393843277
als,5,version_38,0,stratified,24,43,2088,2088,0.5031823886907121,0.4995772228828114,0.482930373893513,-0.016646848989298413
als,5,version_38,0,stratified,24,44,2088,2088,0.5088882282996433,0.49764830228563883,0.5033904743030784,0.00574217201743954
als,5,version_38,0,stratified,24,45,2088,2088,0.49397212313383543,0.5107098031444048,0.4838494186814639,-0.026860384462940923
als,5,version_38,0,stratified,24,46,2088,2088,0.5032748711850972,0.5038660985599155,0.5162282005548949,0.012362101994979446
als,5,version_38,0,stratified,48,42,2076,2076,0.5251862741822313,0.48052891844030876,0.5112833706438571,0.030754452203548333
als,5,version_38,0,stratified,48,43,2076,2076,0.5136606635704501,0.48772595141835684,0.46463212937284903,-0.023093822045507806
als,5,version_38,0,stratified,48,44,2076,2076,0.5059223495606269,0.5035517391159076,0.5008319689932841,-0.002719770122623477
als,5,version_38,0,stratified,48,45,2076,2076,0.5233970396605299,0.48093989107554547,0.46998062080256603,-0.010959270272979438
als,5,version_38,0,stratified,48,46,2076,2076,0.4937184670386582,0.5174563132747502,0.4914781649904775,-0.025978148284272695
als,5,version_38,0,stratified,96,42,2052,2052,0.5242758455593174,0.4839728463458842,0.5327399883724907,0.04876714202660648
als,5,version_38,0,stratified,96,43,2052,2052,0.5135956362641496,0.4875534352450327,0.4903371977702541,0.0027837625252213893
als,5,version_38,0,stratified,96,44,2052,2052,0.517095858554769,0.49253787490167916,0.5317123217400226,0.039174446838343424
als,5,version_38,0,stratified,96,45,2052,2052,0.5210902499914503,0.48437125953284765,0.5083923258438494,0.02402106631100176
als,5,version_38,0,stratified,96,46,2052,2052,0.4962620977394754,0.5191973598714135,0.4792414760097124,-0.03995588386170107
als,5,version_38,0,stratified,240,42,1980,1980,0.5033608815426998,0.5066115702479339,0.5168383838383839,0.010226813590449968
als,5,version_38,0,stratified,240,43,1980,1980,0.4923507805325987,0.5069990817263546,0.5039651056014692,-0.003033976124885318
als,5,version_38,0,stratified,240,44,1980,1980,0.5191331496786042,0.49071625344352615,0.5136023875114784,0.022886134067952202
als,5,version_38,0,stratified,240,45,1980,1980,0.5085142332415059,0.49631772268135904,0.494989898989899,-0.0013278236914600616
als,5,version_38,0,stratified,240,46,1980,1980,0.5071313131313131,0.5184462809917355,0.493842056932966,-0.024604224058769497
als,5,version_38,0,stratified,480,42,1860,1860,0.5135338189386056,0.4925848074921956,0.5258751300728408,0.03329032258064524
als,5,version_38,0,stratified,480,43,1860,1860,0.5014942767950052,0.49347346514047863,0.5350759625390218,0.04160249739854316
als,5,version_38,0,stratified,480,44,1860,1860,0.48373152965660765,0.5137086368366286,0.5254495317377732,0.011740894901144605
als,5,version_38,0,stratified,480,45,1860,1860,0.48886368366285127,0.520089490114464,0.5041852237252861,-0.015904266389177968
als,5,version_38,0,stratified,480,46,1860,1860,0.5248428720083246,0.49524245577523407,0.5108720083246618,0.015629552549427772
als,5,version_39,0,stratified,24,42,2088,2088,0.502515193552649,0.531990685691637,0.42413462808825475,-0.10785605760338224
als,5,version_39,0,stratified,24,43,2088,2088,0.5042219910159863,0.5243724402166733,0.5389698110714758,0.014597370854802505
als,5,version_39,0,stratified,24,44,2088,2088,0.510731272294887,0.5213931827189853,0.55102969348659,0.029636510767604762
als,5,version_39,0,stratified,24,45,2088,2088,0.5237291914387634,0.5062128418549346,0.4228712511560312,-0.08334159069890346
als,5,version_39,0,stratified,24,46,2088,2088,0.5280007266481701,0.5033764367816091,0.4804663760073986,-0.02291006077421054
als,5,version_39,0,stratified,48,42,2076,2076,0.5320867720271308,0.501814293828728,0.46419192087941463,-0.037622372949313365
als,5,version_39,0,stratified,48,43,2076,2076,0.5177444953055564,0.5061629189080824,0.5093621571051489,0.0031992381970664674
als,5,version_39,0,stratified,48,44,2076,2076,0.5138928798155635,0.5195003174178889,0.5201176116809783,0.0006172942630893186
als,5,version_39,0,stratified,48,45,2076,2076,0.5320592067894016,0.4963496942764543,0.43044622272712085,-0.06590347154933346
als,5,version_39,0,stratified,48,46,2076,2076,0.49343613217949145,0.5395769988973904,0.41462628220120956,-0.12495071669618085
als,5,version_39,0,stratified,96,42,2052,2052,0.5267150576245683,0.5112102869258918,0.5246058616326391,0.013395574706747349
als,5,version_39,0,stratified,96,43,2052,2052,0.5193187647481277,0.5031804657843439,0.5167025751513286,0.013522109366984614
als,5,version_39,0,stratified,96,44,2052,2052,0.5294637666290483,0.5027393044013543,0.556713176703943,0.053973872302588766
als,5,version_39,0,stratified,96,45,2052,2052,0.528789200095756,0.5054187613282719,0.4337967237782566,-0.07162203755001528
als,5,version_39,0,stratified,96,46,2052,2052,0.5110410040696283,0.5229250025648917,0.5108734311412058,-0.012051571423685958
als,5,version_39,0,stratified,240,42,1980,1980,0.5155775941230487,0.5226170798898072,0.534651974288338,0.012034894398530782
als,5,version_39,0,stratified,240,43,1980,1980,0.500473829201102,0.5212157943067034,0.5241928374655648,0.002977043158861381
als,5,version_39,0,stratified,240,44,1980,1980,0.5295757575757576,0.5017272727272727,0.5427823691460055,0.04105509641873284
als,5,version_39,0,stratified,240,45,1980,1980,0.5152359963269054,0.5189173553719009,0.5266703397612489,0.007752984389348017
als,5,version_39,0,stratified,240,46,1980,1980,0.4979311294765841,0.5375482093663911,0.5534802571166207,0.015932047750229605
als,5,version_39,0,stratified,480,42,1860,1860,0.5293590010405828,0.5033132154006243,0.565783558792924,0.06247034339229962
als,5,version_39,0,stratified,480,43,1860,1860,0.5211508844953173,0.49860145681581686,0.5258074921956295,0.027206035379812643
als,5,version_39,0,stratified,480,44,1860,1860,0.4932996878251821,0.5320853277835588,0.5544703433922997,0.022385015608740955
als,5,version_39,0,stratified,480,45,1860,1860,0.5223038501560875,0.5204224765868887,0.5275275754422477,0.007105098855359038
als,5,version_39,0,stratified,480,46,1860,1860,0.5210062434963579,0.5074984391259105,0.578066597294485,0.07056815816857442
als,5,version_40,0,stratified,24,42,2088,2088,0.4979670365966442,0.5280188928524243,0.4280238472717664,-0.09999504558065792
als,5,version_40,0,stratified,24,43,2088,2088,0.5094877130400317,0.5115669176905799,0.48577916501519364,-0.0257877526753863
als,5,version_40,0,stratified,24,44,2088,2088,0.512120161183776,0.5120607081516713,0.49773748183379574,-0.014323226317875526
als,5,version_40,0,stratified,24,45,2088,2088,0.523516977143612,0.49980347469943187,0.45579832210331617,-0.044005152596115704
als,5,version_40,0,stratified,24,46,2088,2088,0.5133042674065266,0.5115256308627296,0.4672397278372308,-0.04428590302549884
als,5,version_40,0,stratified,48,42,2076,2076,0.5274967422900866,0.49930502188512815,0.4801964649670888,-0.019108556918039366
als,5,version_40,0,stratified,48,43,2076,2076,0.5283788298974239,0.49056767683517655,0.4698511477162618,-0.02071652911891475
als,5,version_40,0,stratified,48,44,2076,2076,0.5195529419626449,0.5064402419058438,0.4994436833840088,-0.006996558521835006
als,5,version_40,0,stratified,48,45,2076,2076,0.5285392094623943,0.4918173009455712,0.4617528149954893,-0.030064485950081876
als,5,version_40,0,stratified,48,46,2076,2076,0.4954676066691169,0.5315195963780948,0.44313374987470344,-0.08838584650339132
als,5,version_40,0,stratified,96,42,2052,2052,0.5351492767005233,0.4946017578058206,0.5224376731301938,0.02783591532437324
als,5,version_40,0,stratified,96,43,2052,2052,0.513496460449369,0.5048254163674293,0.4962278991826544,-0.008597517184774861
als,5,version_40,0,stratified,96,44,2052,2052,0.5315225197496665,0.4973923600424062,0.5017218973359324,0.004329537293526198
als,5,version_40,0,stratified,96,45,2052,2052,0.5257241544406825,0.4988902568311617,0.46959406313053587,-0.02929619370062586
als,5,version_40,0,stratified,96,46,2052,2052,0.514857563010841,0.5140453472863445,0.44232242399370747,-0.07172292329263708
als,5,version_40,0,stratified,240,42,1980,1980,0.5118769513314968,0.5169623507805325,0.5386042240587695,0.021641873278236967
als,5,version_40,0,stratified,240,43,1980,1980,0.513348025711662,0.5008705234159779,0.4815941230486685,-0.019276400367309432
als,5,version_40,0,stratified,240,44,1980,1980,0.5183471074380166,0.5109825528007346,0.5077759412304866,-0.0032066115702479303
als,5,version_40,0,stratified,240,45,1980,1980,0.5136382001836547,0.5115426997245179,0.47774655647382924,-0.03379614325068869
als,5,version_40,0,stratified,240,46,1980,1980,0.5071625344352617,0.5251551882460974,0.4920514233241506,-0.03310376492194683
als,5,version_40,0,stratified,480,42,1860,1860,0.5255109261186264,0.5016233090530697,0.52579604578564,0.024172736732570255
als,5,version_40,0,stratified,480,43,1860,1860,0.5097148803329865,0.5006097814776275,0.4991175858480749,-0.0014921956295525507
als,5,version_40,0,stratified,480,44,1860,1860,0.48944640998959416,0.536143600416233,0.5301186264308013,-0.00602497398543167
als,5,version_40,0,stratified,480,45,1860,1860,0.5085848074921957,0.5216795005202914,0.47378772112382933,-0.04789177939646211
als,5,version_40,0,stratified,480,46,1860,1860,0.5270426638917793,0.5009427679500521,0.5452851196670135,0.04434235171696144
als,6,version_31,0,stratified,24,42,2088,2088,0.542721957986524,0.561662703131193,0.53059849385652,-0.031064209274673016
als,6,version_31,0,stratified,24,43,2088,2088,0.5708762716342978,0.5363505747126437,0.5423652397938962,0.006014665081252479
als,6,version_31,0,stratified,24,44,2088,2088,0.5632993129871846,0.5437177962742766,0.5363637864975558,-0.007354009776720849
als,6,version_31,0,stratified,24,45,2088,2088,0.5522113224996698,0.5521832474567314,0.5599187475227904,0.007735500066058942
als,6,version_31,0,stratified,24,46,2088,2088,0.5525482230149293,0.5589113489232395,0.47334522393975426,-0.0855661249834852
als,6,version_31,0,stratified,48,42,2076,2076,0.5565839152661298,0.5504377025627317,0.4976878612716763,-0.05274984129105542
als,6,version_31,0,stratified,48,43,2076,2076,0.5491713722476528,0.5602993751879448,0.5353453172508269,-0.024954057937117913
als,6,version_31,0,stratified,48,44,2076,2076,0.586399478766414,0.5225099401917873,0.5096628687894684,-0.012847071402318888
als,6,version_31,0,stratified,48,45,2076,2076,0.5526028266898326,0.5518426943766916,0.5330014367336029,-0.01884125764308875
als,6,version_31,0,stratified,48,46,2076,2076,0.5619583013131076,0.5503842427077417,0.46336496374753583,-0.08701927896020584
als,6,version_31,0,stratified,96,42,2052,2052,0.5562463664033378,0.5535310009917582,0.4854382545056598,-0.06809274648609842
als,6,version_31,0,stratified,96,43,2052,2052,0.543025204336377,0.5647019595773057,0.5671249273280667,0.002422967750761007
als,6,version_31,0,stratified,96,44,2052,2052,0.5471717793509113,0.5580435005642761,0.567820867959372,0.009777367395095937
als,6,version_31,0,stratified,96,45,2052,2052,0.5325758352997503,0.5695974829862179,0.5271724633220478,-0.042425019664170116
als,6,version_31,0,stratified,96,46,2052,2052,0.5477788037344824,0.5641958209363565,0.4835504941691461,-0.08064532676721037
als,6,version_31,0,stratified,240,42,1980,1980,0.5493223140495869,0.556495867768595,0.5475482093663911,-0.008947658402203906
als,6,version_31,0,stratified,240,43,1980,1980,0.5545895316804408,0.5534692378328742,0.5550798898071625,0.0016106519742883352
als,6,version_31,0,stratified,240,44,1980,1980,0.5512819100091828,0.5556932966023875,0.548475665748393,-0.007217630853994517
als,6,version_31,0,stratified,240,45,1980,1980,0.5603434343434344,0.5470523415977961,0.5189201101928375,-0.028132231404958685
als,6,version_31,0,stratified,240,46,1980,1980,0.5574674012855831,0.5560477502295684,0.5345197428833793,-0.021528007346189093
als,6,version_31,0,stratified,480,42,1860,1860,0.5383850156087409,0.5578959417273672,0.5545972944849116,-0.0032986472424556545
als,6,version_31,0,stratified,480,43,1860,1860,0.5566347554630594,0.5621415192507804,0.5428449531737773,-0.01929656607700303
als,6,version_31,0,stratified,480,44,1860,1860,0.5323225806451612,0.5695005202913631,0.5749719042663892,0.005471383975026112
als,6,version_31,0,stratified,480,45,1860,1860,0.5638626430801249,0.5529240374609782,0.5082580645161291,-0.044665972944849086
als,6,version_31,0,stratified,480,46,1860,1860,0.5673590010405828,0.5519729448491156,0.5149875130072841,-0.03698543184183156
als,6,version_32,0,stratified,24,42,2088,2088,0.55094133967499,0.5610500066058924,0.5225640771568238,-0.03848592944906859
als,6,version_32,0,stratified,24,43,2088,2088,0.5755268199233716,0.5373926542475889,0.5360566124983485,-0.001336041749240402
als,6,version_32,0,stratified,24,44,2088,2088,0.5718572466640243,0.5419606288809617,0.5145015854141894,-0.027459043466772304
als,6,version_32,0,stratified,24,45,2088,2088,0.5644751618443652,0.5452321971198308,0.5423941405733915,-0.002838056546439316
als,6,version_32,0,stratified,24,46,2088,2088,0.5485665213370327,0.5677698507068305,0.5263872374157749,-0.04138261329105564
als,6,version_32,0,stratified,48,42,2076,2076,0.558780781182131,0.5564235357011593,0.4969461057836881,-0.059477429917471236
als,6,version_32,0,stratified,48,43,2076,2076,0.5460088877008921,0.5698853954358649,0.5239349794513682,-0.04595041598449667
als,6,version_32,0,stratified,48,44,2076,2076,0.5769905442881487,0.5375588893715125,0.5148651809281967,-0.022693708443315863
als,6,version_32,0,stratified,48,45,2076,2076,0.5598232483544388,0.5505613284773965,0.5356811119649837,-0.01488021651241278
als,6,version_32,0,stratified,48,46,2076,2076,0.5583313842761202,0.5591466470647198,0.4448862307460991,-0.11426041631862072
als,6,version_32,0,stratified,96,42,2052,2052,0.5584829520194248,0.5594063130535891,0.4755822304298759,-0.08382408262371321
als,6,version_32,0,stratified,96,43,2052,2052,0.5470264354844226,0.5671095379774973,0.555417051400431,-0.011692486577066341
als,6,version_32,0,stratified,96,44,2052,2052,0.5463151055025478,0.5639581409664511,0.5545620874799083,-0.009396053486542821
als,6,version_32,0,stratified,96,45,2052,2052,0.5392000957559591,0.5680499982900722,0.5168940870695257,-0.051155911220546524
als,6,version_32,0,stratified,96,46,2052,2052,0.5382032078246298,0.5789781471221913,0.4757532232139804,-0.10322492390821092
als,6,version_32,0,stratified,240,42,1980,1980,0.5462001836547292,0.5705307621671257,0.5087438016528926,-0.06178696051423316
als,6,version_32,0,stratified,240,43,1980,1980,0.5557998163452709,0.5580991735537191,0.5368595041322314,-0.021239669421487695
als,6,version_32,0,stratified,240,44,1980,1980,0.5522405876951332,0.5540679522497705,0.5419706152433424,-0.01209733700642801
als,6,version_32,0,stratified,240,45,1980,1980,0.5652415059687786,0.5427988980716254,0.5146262626262627,-0.028172635445362748
als,6,version_32,0,stratified,240,46,1980,1980,0.5701101928374656,0.5486960514233241,0.4869044995408631,-0.06179155188246099
als,6,version_32,0,stratified,480,42,1860,1860,0.5493673257023933,0.5645806451612904,0.557171696149844,-0.007408949011446397
als,6,version_32,0,stratified,480,43,1860,1860,0.5606763787721123,0.5647221644120708,0.522738813735692,-0.04198335067637882
als,6,version_32,0,stratified,480,44,1860,1860,0.5372362122788761,0.56769406867846,0.559302809573361,-0.00839125910509897
als,6,version_32,0,stratified,480,45,1860,1860,0.558347554630593,0.5590801248699272,0.49781061394380854,-0.06126951092611865
als,6,version_32,0,stratified,480,46,1860,1860,0.5776087408949011,0.5430364203954214,0.49255150884495313,-0.0504849115504683
als,6,version_33,0,stratified,24,42,2088,2088,0.6076364116792179,0.6078147707755318,0.5805489496630996,-0.027265821112432254
als,6,version_33,0,stratified,24,43,2088,2088,0.603824811732065,0.6123926542475888,0.5628352490421457,-0.04955740520544316
als,6,version_33,0,stratified,24,44,2088,2088,0.6277827321971199,0.5868641828511032,0.5671654115471001,-0.019698771304003104
als,6,version_33,0,stratified,24,45,2088,2088,0.6070402298850575,0.6063069758224336,0.5889499933941076,-0.017356982428326062
als,6,version_33,0,stratified,24,46,2088,2088,0.6010800634165676,0.6189638657682653,0.4137749372440217,-0.20518892852424364
als,6,version_33,0,stratified,48,42,2076,2076,0.6118012629890741,0.6060292692706071,0.537042667646764,-0.06898660162384307
als,6,version_33,0,stratified,48,43,2076,2076,0.5915065655384409,0.6227605332620536,0.6173176517758696,-0.0054428814861839925
als,6,version_33,0,stratified,48,44,2076,2076,0.6260516555848843,0.5911156403488256,0.5636255805406127,-0.02749005980821284
als,6,version_33,0,stratified,48,45,2076,2076,0.6291038791807277,0.5885579204116409,0.5394065956096095,-0.04915132480203144
als,6,version_33,0,stratified,48,46,2076,2076,0.6150990677937787,0.6059056433559423,0.45765144174546424,-0.1482542016104781
als,6,version_33,0,stratified,96,42,2052,2052,0.5881177114325775,0.629797202558052,0.595886768578366,-0.03391043397968607
als,6,version_33,0,stratified,96,43,2052,2052,0.601853561779693,0.611748914195821,0.6118532197941248,0.00010430559830376662
als,6,version_33,0,stratified,96,44,2052,2052,0.5948257583529974,0.6201976676584248,0.598635477582846,-0.021562190075578802
als,6,version_33,0,stratified,96,45,2052,2052,0.5872764269347833,0.6289969563284429,0.5764525837009677,-0.05254437262747513
als,6,version_33,0,stratified,96,46,2052,2052,0.6036182073116514,0.6201617591737628,0.4601484217366027,-0.16001333743716012
als,6,version_33,0,stratified,240,42,1980,1980,0.603089072543618,0.6130707070707071,0.5907952249770432,-0.022275482093663923
als,6,version_33,0,stratified,240,43,1980,1980,0.6274012855831038,0.5905674931129477,0.5680881542699724,-0.02247933884297526
als,6,version_33,0,stratified,240,44,1980,1980,0.6099247015610652,0.5988907254361799,0.5666905417814508,-0.0322001836547291
als,6,version_33,0,stratified,240,45,1980,1980,0.6186593204775024,0.5930817263544536,0.5752047750229569,-0.017876951331496693
als,6,version_33,0,stratified,240,46,1980,1980,0.6270431588613405,0.5963195592286501,0.5212984389348025,-0.07502112029384755
als,6,version_33,0,stratified,480,42,1860,1860,0.5975171696149844,0.6119542143600416,0.601044745057232,-0.01090946930280956
als,6,version_33,0,stratified,480,43,1860,1860,0.6143954214360041,0.6109843912591051,0.5769802289281998,-0.03400416233090531
als,6,version_33,0,stratified,480,44,1860,1860,0.5991238293444329,0.6102559833506763,0.5999604578563996,-0.010295525494276703
als,6,version_33,0,stratified,480,45,1860,1860,0.6130114464099896,0.6138896982310094,0.5925140478668054,-0.02137565036420397
als,6,version_33,0,stratified,480,46,1860,1860,0.6254609781477627,0.6016462018730488,0.5642372528616025,-0.03740894901144631
als,6,version_34,0,stratified,24,42,2088,2088,0.5630251684502576,0.5481701677896684,0.5633752807504294,0.015205112960760991
als,6,version_34,0,stratified,24,43,2088,2088,0.5727506936187079,0.5398194939886379,0.5219166996961289,-0.017902794292509072
als,6,version_34,0,stratified,24,44,2088,2088,0.574720901043731,0.5375553243493196,0.5315819460959176,-0.005973378253402051
als,6,version_34,0,stratified,24,45,2088,2088,0.5629698441009381,0.5475426080063417,0.5528851235301889,0.0053425155238472355
als,6,version_34,0,stratified,24,46,2088,2088,0.5451942132382085,0.570706995640111,0.4781245871317215,-0.09258240850838945
als,6,version_34,0,stratified,48,42,2076,2076,0.5659101540312073,0.5493016806441912,0.5418473721140031,-0.007454308530188025
als,6,version_34,0,stratified,48,43,2076,2076,0.5559624444518694,0.5606493701760834,0.5237244812723445,-0.036924888903738906
als,6,version_34,0,stratified,48,44,2076,2076,0.5760884092351899,0.5368781115306225,0.5310685288516155,-0.005809582679006997
als,6,version_34,0,stratified,48,45,2076,2076,0.571413177854255,0.539994654014501,0.5333823382004077,-0.0066123158140932725
als,6,version_34,0,stratified,48,46,2076,2076,0.5623759564302182,0.5567384476594607,0.46526111797921743,-0.09147732968024325
als,6,version_34,0,stratified,96,42,2052,2052,0.5616694025512123,0.5558445333606922,0.47667145446462156,-0.07917307889607061
als,6,version_34,0,stratified,96,43,2052,2052,0.5519151191819706,0.5610999965801442,0.5461235935843507,-0.014976402995793503
als,6,version_34,0,stratified,96,44,2052,2052,0.5490458602646968,0.5601792004377416,0.5680029752744434,0.007823774836701824
als,6,version_34,0,stratified,96,45,2052,2052,0.5382237269587223,0.570089942204439,0.5465288464826785,-0.02356109572176046
als,6,version_34,0,stratified,96,46,2052,2052,0.5510943538182689,0.5684432816935125,0.47803597688177557,-0.09040730481173698
als,6,version_34,0,stratified,240,42,1980,1980,0.5515270890725437,0.5628539944903581,0.543386593204775,-0.019467401285583108
als,6,version_34,0,stratified,240,43,1980,1980,0.5611955922865014,0.5483195592286502,0.5404407713498622,-0.00787878787878793
als,6,version_34,0,stratified,240,44,1980,1980,0.553238751147842,0.5609237832874197,0.5495684113865932,-0.011355371900826472
als,6,version_34,0,stratified,240,45,1980,1980,0.5541515151515152,0.5588640955004591,0.5431515151515152,-0.01571258034894396
als,6,version_34,0,stratified,240,46,1980,1980,0.5629788797061525,0.5553131313131313,0.520653810835629,-0.03465932047750231
als,6,version_34,0,stratified,480,42,1860,1860,0.5466940686784599,0.5580124869927159,0.5516004162330905,-0.0064120707596253546
als,6,version_34,0,stratified,480,43,1860,1860,0.5566493236212279,0.561678459937565,0.5439250780437045,-0.017753381893860554
als,6,version_34,0,stratified,480,44,1860,1860,0.5401644120707596,0.5683267429760667,0.5552528616024974,-0.01307388137356924
als,6,version_34,0,stratified,480,45,1860,1860,0.5521560874089491,0.5674828303850157,0.5530385015608741,-0.014444328824141595
als,6,version_34,0,stratified,480,46,1860,1860,0.5715515088449532,0.5518126951092612,0.5231446409989594,-0.02866805411030182
als,6,version_35,0,stratified,24,42,2088,2088,0.5336355529131986,0.5656064209274673,0.5748307240058133,0.009224303078345986
als,6,version_35,0,stratified,24,43,2088,2088,0.5719976218787158,0.5301724137931034,0.5198011626370722,-0.010371251156031214
als,6,version_35,0,stratified,24,44,2088,2088,0.5547066983749505,0.5456946095917559,0.5404809089708019,-0.005213700620953943
als,6,version_35,0,stratified,24,45,2088,2088,0.5500594530321046,0.5482543929184833,0.5583473708548025,0.010092977936319136
als,6,version_35,0,stratified,24,46,2088,2088,0.5433495177698506,0.5618592284317612,0.45735896419606287,-0.1045002642356983
als,6,version_35,0,stratified,48,42,2076,2076,0.5592268368472051,0.5404173209930169,0.5629606735941728,0.02254335260115592
als,6,version_35,0,stratified,48,43,2076,2076,0.5465919342443784,0.556807778408901,0.5648935814761602,0.008085803067259145
als,6,version_35,0,stratified,48,44,2076,2076,0.584638644792676,0.5177470012362592,0.5312380968291623,0.01349109559290318
als,6,version_35,0,stratified,48,45,2076,2076,0.5599318386848876,0.5387216412175482,0.536048648468041,-0.0026729927495071637
als,6,version_35,0,stratified,48,46,2076,2076,0.5625781015068997,0.5441060509873367,0.4933542717765378,-0.050751779210798875
als,6,version_35,0,stratified,96,42,2052,2052,0.5556000136794227,0.54712048151568,0.523502958175165,-0.023617523340515034
als,6,version_35,0,stratified,96,43,2052,2052,0.5382425361649739,0.5630501692828562,0.5736089737013098,0.010558804418453582
als,6,version_35,0,stratified,96,44,2052,2052,0.5299699052699975,0.5707055162272152,0.5750025648917616,0.004297048664546388
als,6,version_35,0,stratified,96,45,2052,2052,0.5340737320885058,0.5625132519407681,0.5285523750897712,-0.03396087685099691
als,6,version_35,0,stratified,96,46,2052,2052,0.540070449027051,0.5670855989877227,0.5167094148626928,-0.050376184125029866
als,6,version_35,0,stratified,240,42,1980,1980,0.5524609733700643,0.5482920110192837,0.54,-0.008292011019283674
als,6,version_35,0,stratified,240,43,1980,1980,0.5437704315886135,0.5504095500459137,0.5523048668503214,0.0018953168044076873
als,6,version_35,0,stratified,240,44,1980,1980,0.5474269972451791,0.5542148760330579,0.5459485766758494,-0.008266299357208462
als,6,version_35,0,stratified,240,45,1980,1980,0.5596161616161617,0.543208448117539,0.5085821854912764,-0.03462626262626256
als,6,version_35,0,stratified,240,46,1980,1980,0.5593149678604225,0.5476859504132232,0.5457796143250689,-0.0019063360881542701
als,6,version_35,0,stratified,480,42,1860,1860,0.5377710718002081,0.5530718002081165,0.5559354838709677,0.0028636836628511686
als,6,version_35,0,stratified,480,43,1860,1860,0.5470364203954214,0.5549157127991675,0.5338168574401665,-0.021098855359001023
als,6,version_35,0,stratified,480,44,1860,1860,0.5370718002081165,0.5625806451612902,0.5484391259105099,-0.014141519250780332
als,6,version_35,0,stratified,480,45,1860,1860,0.5492570239334027,0.5613028095733611,0.5453444328824142,-0.015958376690946907
als,6,version_35,0,stratified,480,46,1860,1860,0.5547658688865765,0.555904266389178,0.5254568158168574,-0.030447450572320567
als,6,version_36,0,stratified,24,42,2088,2088,0.5531080724005814,0.5523095851499538,0.5545085216012683,0.002198936451314526
als,6,version_36,0,stratified,24,43,2088,2088,0.5708630598493857,0.5370953890870657,0.5386064869863919,0.0015110978993262414
als,6,version_36,0,stratified,24,44,2088,2088,0.5696211520676443,0.536367089443784,0.5359261461223411,-0.00044094332144284376
als,6,version_36,0,stratified,24,45,2088,2088,0.554661282864315,0.5502031311930242,0.5503385519883737,0.00013542079534945017
als,6,version_36,0,stratified,24,46,2088,2088,0.5433974104901572,0.566975492138988,0.46271799445105033,-0.10425749768793768
als,6,version_36,0,stratified,48,42,2076,2076,0.564900263958034,0.5445587891342845,0.5142637575595577,-0.030295031574726794
als,6,version_36,0,stratified,48,43,2076,2076,0.5461575729225834,0.5633624578168333,0.5303919275618965,-0.03297053025493679
als,6,version_36,0,stratified,48,44,2076,2076,0.5922232617194025,0.5142303451501888,0.5219486117143907,0.0077182665642018256
als,6,version_36,0,stratified,48,45,2076,2076,0.5544998162317485,0.5512830365197634,0.5238982258010625,-0.027384810718700914
als,6,version_36,0,stratified,48,46,2076,2076,0.5638811854722844,0.5471566039627118,0.5045691469811888,-0.042587456981523
als,6,version_36,0,stratified,96,42,2052,2052,0.5624568243220136,0.5499204883553914,0.5079169659040389,-0.042003522451352526
als,6,version_36,0,stratified,96,43,2052,2052,0.543664717348928,0.564327485380117,0.5559197701856982,-0.008407715194418852
als,6,version_36,0,stratified,96,44,2052,2052,0.5513132245819227,0.5516996682739987,0.5407869087924491,-0.010912759481549683
als,6,version_36,0,stratified,96,45,2052,2052,0.5351629561232516,0.570319072535139,0.5160049245921822,-0.05431414794295686
als,6,version_36,0,stratified,96,46,2052,2052,0.5382237269587223,0.571379227796587,0.528925139359119,-0.04245408843746801
als,6,version_36,0,stratified,240,42,1980,1980,0.553961432506887,0.5568962350780533,0.5499669421487603,-0.006929292929293007
als,6,version_36,0,stratified,240,43,1980,1980,0.549188246097337,0.5548668503213958,0.5392323232323233,-0.015634527089072536
als,6,version_36,0,stratified,240,44,1980,1980,0.5439136822773186,0.5549880624426079,0.5568429752066115,0.0018549127640036245
als,6,version_36,0,stratified,240,45,1980,1980,0.5658053259871442,0.544119375573921,0.5069256198347107,-0.037193755739210244
als,6,version_36,0,stratified,240,46,1980,1980,0.5561836547291092,0.5511955922865013,0.5387796143250688,-0.012415977961432456
als,6,version_36,0,stratified,480,42,1860,1860,0.542894901144641,0.5602247658688866,0.5624391259105099,0.002214360041623342
als,6,version_36,0,stratified,480,43,1860,1860,0.5528137356919876,0.5581477627471384,0.512156087408949,-0.045991675338189375
als,6,version_36,0,stratified,480,44,1860,1860,0.5267762747138397,0.568299687825182,0.566258064516129,-0.002041623309052998
als,6,version_36,0,stratified,480,45,1860,1860,0.5499250780437045,0.5684765868886577,0.49447034339229967,-0.07400624349635798
als,6,version_36,0,stratified,480,46,1860,1860,0.5596732570239334,0.5511550468262227,0.5205785639958377,-0.030576482830385054
als,6,version_37,0,stratified,24,42,2088,2088,0.5531427533359756,0.5734261461223412,0.5948804333465452,0.02145428722420395
als,6,version_37,0,stratified,24,43,2088,2088,0.579567974633373,0.5504657154181529,0.5357940282732198,-0.014671687144933165
als,6,version_37,0,stratified,24,44,2088,2088,0.5683825472321311,0.5608188003699299,0.5486672611969877,-0.012151539172942205
als,6,version_37,0,stratified,24,45,2088,2088,0.5654429250891795,0.5618658343242172,0.5640920200819131,0.002226185757695842
als,6,version_37,0,stratified,24,46,2088,2088,0.5549874488043335,0.5785737878187343,0.43424329501915704,-0.14433049279957721
als,6,version_37,0,stratified,48,42,2076,2076,0.5670419993985767,0.5624193925623977,0.5558872665307896,-0.006532126031608132
als,6,version_37,0,stratified,48,43,2076,2076,0.5620217848909085,0.5690985331952287,0.5628437301613819,-0.006254803033846845
als,6,version_37,0,stratified,48,44,2076,2076,0.5949680911490528,0.5349226502723111,0.5461767850579705,0.011254134785659398
als,6,version_37,0,stratified,48,45,2076,2076,0.5678355441210865,0.5598850613117712,0.5362207223762906,-0.02366433893548059
als,6,version_37,0,stratified,48,46,2076,2076,0.5692121353870827,0.5644024190584384,0.4944719168699255,-0.06993050218851288
als,6,version_37,0,stratified,96,42,2052,2052,0.5700779727095516,0.5611846380082761,0.5376466263123696,-0.023538011695906524
als,6,version_37,0,stratified,96,43,2052,2052,0.5561129920317363,0.5743305632502309,0.561639478813994,-0.012691084436236899
als,6,version_37,0,stratified,96,44,2052,2052,0.5448428576314079,0.5825689955883862,0.5919564994357238,0.009387503847337664
als,6,version_37,0,stratified,96,45,2052,2052,0.5477463151055025,0.576650935330529,0.5296997366711125,-0.04695119865941655
als,6,version_37,0,stratified,96,46,2052,2052,0.5560736636913922,0.5773160972606955,0.5573099415204679,-0.020006155740227682
als,6,version_37,0,stratified,240,42,1980,1980,0.5566023875114785,0.576732782369146,0.5601147842056933,-0.016617998163452774
als,6,version_37,0,stratified,240,43,1980,1980,0.5598898071625344,0.5669972451790634,0.5508723599632691,-0.01612488521579425
als,6,version_37,0,stratified,240,44,1980,1980,0.5590119375573921,0.5660679522497705,0.5550073461891644,-0.011060606060606104
als,6,version_37,0,stratified,240,45,1980,1980,0.5651533516988063,0.5641359044995409,0.5354380165289256,-0.028697887970615232
als,6,version_37,0,stratified,240,46,1980,1980,0.5794747474747475,0.5525032139577594,0.5449338842975207,-0.007569329660238711
als,6,version_37,0,stratified,480,42,1860,1860,0.5492570239334027,0.5732174817898023,0.5685619146722164,-0.004655567117585857
als,6,version_37,0,stratified,480,43,1860,1860,0.5741956295525494,0.5646534859521332,0.5326056191467221,-0.03204786680541105
als,6,version_37,0,stratified,480,44,1860,1860,0.5454401664932362,0.5741560874089491,0.5770176899063475,0.002861602497398419
als,6,version_37,0,stratified,480,45,1860,1860,0.5671446409989593,0.5704599375650364,0.5621748178980228,-0.008285119667013618
als,6,version_37,0,stratified,480,46,1860,1860,0.5730260145681583,0.5619042663891779,0.5530093652445369,-0.008894901144640976
als,6,version_38,0,stratified,24,42,2088,2088,0.5580847866296738,0.5652364909499273,0.5800774540890474,0.014840963139120089
als,6,version_38,0,stratified,24,43,2088,2088,0.5649904214559387,0.560448044655833,0.5290593209142556,-0.03138872374157742
als,6,version_38,0,stratified,24,44,2088,2088,0.5692214955740521,0.5553309552120491,0.5550980975029726,-0.00023285770907655046
als,6,version_38,0,stratified,24,45,2088,2088,0.5623786167261198,0.559616527942925,0.5637732857709076,0.004156757827982527
als,6,version_38,0,stratified,24,46,2088,2088,0.5466524639978861,0.579657979918087,0.4943783855198837,-0.08527959439820326
als,6,version_38,0,stratified,48,42,2076,2076,0.5743618229810552,0.5517909051421698,0.5542133048214106,0.0024223996792408498
als,6,version_38,0,stratified,48,43,2076,2076,0.5527623709445688,0.574992482207892,0.5950299041063851,0.020037421898493113
als,6,version_38,0,stratified,48,44,2076,2076,0.5979250893781951,0.5262153763907915,0.5068119549600721,-0.01940342143071938
als,6,version_38,0,stratified,48,45,2076,2076,0.570181095258779,0.5518493768585652,0.5322229275953089,-0.019626449263256296
als,6,version_38,0,stratified,48,46,2076,2076,0.5698319355808746,0.55789201109292,0.4840372214240369,-0.07385478966888309
als,6,version_38,0,stratified,96,42,2052,2052,0.5690776649225403,0.5594576108888205,0.514898601279026,-0.04455900960979453
als,6,version_38,0,stratified,96,43,2052,2052,0.5556461817311309,0.5706319893300502,0.5533488936766868,-0.01728309565336339
als,6,version_38,0,stratified,96,44,2052,2052,0.5485807598919326,0.5721281761909647,0.5409955199890565,-0.031132656201908193
als,6,version_38,0,stratified,96,45,2052,2052,0.5442221538251085,0.5755634212236245,0.5354143155158853,-0.04014910570773922
als,6,version_38,0,stratified,96,46,2052,2052,0.5383186279539004,0.5883340173044698,0.5736654013200643,-0.014668615984405498
als,6,version_38,0,stratified,240,42,1980,1980,0.5679329660238751,0.5595179063360882,0.5441854912764004,-0.015332415059687854
als,6,version_38,0,stratified,240,43,1980,1980,0.5487584940312213,0.5699449035812673,0.5661230486685032,-0.0038218549127641
als,6,version_38,0,stratified,240,44,1980,1980,0.5576409550045914,0.5604683195592286,0.551196510560147,-0.009271808999081643
als,6,version_38,0,stratified,240,45,1980,1980,0.5636786042240588,0.5593149678604225,0.548119375573921,-0.011195592286501466
als,6,version_38,0,stratified,240,46,1980,1980,0.5661551882460973,0.560346189164371,0.5163838383838384,-0.043962350780532566
als,6,version_38,0,stratified,480,42,1860,1860,0.5557658688865765,0.5678106139438086,0.5568595213319459,-0.010951092611862667
als,6,version_38,0,stratified,480,43,1860,1860,0.5687835587929241,0.5545671175858481,0.5519063475546306,-0.002660770031217452
als,6,version_38,0,stratified,480,44,1860,1860,0.5425182101977107,0.5673298647242456,0.560522372528616,-0.006807492195629594
als,6,version_38,0,stratified,480,45,1860,1860,0.5535067637877211,0.5780613943808532,0.5610093652445369,-0.017052029136316316
als,6,version_38,0,stratified,480,46,1860,1860,0.5707221644120708,0.5616774193548387,0.5265098855359001,-0.03516753381893867
als,6,version_39,0,stratified,24,42,2088,2088,0.5425848857180605,0.5394503897476549,0.5159243295019157,-0.023526060245739222
als,6,version_39,0,stratified,24,43,2088,2088,0.5549874488043335,0.5274673008323425,0.5411629673668913,0.01369566653454879
als,6,version_39,0,stratified,24,44,2088,2088,0.5602275729951116,0.5233353151010702,0.5039965649359228,-0.01933875016514741
als,6,version_39,0,stratified,24,45,2088,2088,0.542353679482098,0.5370772228828115,0.5378335975690316,0.0007563746862201404
als,6,version_39,0,stratified,24,46,2088,2088,0.5316868146386577,0.5528999867882152,0.4744302417756639,-0.07846974501255127
als,6,version_39,0,stratified,48,42,2076,2076,0.5520632162785258,0.5326606301580407,0.5053793979083832,-0.027281232249657505
als,6,version_39,0,stratified,48,43,2076,2076,0.5299642487219753,0.5536352701393298,0.5424287480370209,-0.01120652210230888
als,6,version_39,0,stratified,48,44,2076,2076,0.5698118881352534,0.5148635103077284,0.5155543118714291,0.0006908015637007159
als,6,version_39,0,stratified,48,45,2076,2076,0.5422299442012763,0.5369507835209997,0.5288900397607671,-0.00806074376023258
als,6,version_39,0,stratified,48,46,2076,2076,0.5443499615757291,0.5414664706471983,0.46890975308229477,-0.07255671756490356
als,6,version_39,0,stratified,96,42,2052,2052,0.5390752710235629,0.5493057692965357,0.487454259430252,-0.06185150986628374
als,6,version_39,0,stratified,96,43,2052,2052,0.5329981874764885,0.5488782873362744,0.5489432645942341,6.497725795973075e-05
als,6,version_39,0,stratified,96,44,2052,2052,0.5280975342840533,0.5537840703122328,0.5477916281932903,-0.005992442118942454
als,6,version_39,0,stratified,96,45,2052,2052,0.5257292842242058,0.5505830853937964,0.5268048288362231,-0.023778256557573263
als,6,version_39,0,stratified,96,46,2052,2052,0.5216887247358161,0.5639359119045176,0.5039832769057145,-0.0599526349988031
als,6,version_39,0,stratified,240,42,1980,1980,0.5339669421487603,0.5480697887970615,0.5303434343434343,-0.017726354453627136
als,6,version_39,0,stratified,240,43,1980,1980,0.5456161616161616,0.5340330578512397,0.5272782369146006,-0.006754820936639039
als,6,version_39,0,stratified,240,44,1980,1980,0.5386831955922865,0.5411680440771349,0.536910927456382,-0.004257116620752899
als,6,version_39,0,stratified,240,45,1980,1980,0.5460312213039485,0.532394857667585,0.5159687786960514,-0.016426078971533586
als,6,version_39,0,stratified,240,46,1980,1980,0.5533370064279155,0.5318953168044077,0.48241322314049595,-0.049482093663911764
als,6,version_39,0,stratified,480,42,1860,1860,0.5323891779396461,0.5490884495317377,0.5472539021852237,-0.0018345473465140039
als,6,version_39,0,stratified,480,43,1860,1860,0.543207075962539,0.5422559833506764,0.5076087408949012,-0.03464724245577522
als,6,version_39,0,stratified,480,44,1860,1860,0.5299313215400624,0.5477793964620187,0.5397565036420395,-0.008022892819979144
als,6,version_39,0,stratified,480,45,1860,1860,0.5328865764828304,0.5523433922996879,0.49402289281997913,-0.05832049947970874
als,6,version_39,0,stratified,480,46,1860,1860,0.5650530697190427,0.523573361082206,0.4730489073881373,-0.05052445369406866
als,6,version_40,0,stratified,24,42,2088,2088,0.5449514466904479,0.5629376403752147,0.5022047166072137,-0.06073292376800099
als,6,version_40,0,stratified,24,43,2088,2088,0.5762419077817412,0.533209472849782,0.5326009050072664,-0.0006085678425156171
als,6,version_40,0,stratified,24,44,2088,2088,0.5730644735103713,0.5354571277579601,0.5259760206103845,-0.009481107147575552
als,6,version_40,0,stratified,24,45,2088,2088,0.5531642224864579,0.5532253269916766,0.5565728629937905,0.0033475360021139045
als,6,version_40,0,stratified,24,46,2088,2088,0.5472321310609063,0.5639549478134496,0.4849963667591492,-0.07895858105430037
als,6,version_40,0,stratified,48,42,2076,2076,0.5600504527381469,0.5519863677369775,0.4823331885462261,-0.06965317919075142
als,6,version_40,0,stratified,48,43,2076,2076,0.5439707307293928,0.5660529920812589,0.5452972033813359,-0.020755788699923006
als,6,version_40,0,stratified,48,44,2076,2076,0.5955327608673862,0.5141702028133248,0.516163253032176,0.001993050218851211
als,6,version_40,0,stratified,48,45,2076,2076,0.553164155167229,0.5549166360386247,0.5468308329713656,-0.008085803067259145
als,6,version_40,0,stratified,48,46,2076,2076,0.5658809181730095,0.5469210464766614,0.48560760466437236,-0.06131344181228904
als,6,version_40,0,stratified,96,42,2052,2052,0.5605263157894737,0.554397934407168,0.47171266372559073,-0.08268527068157727
als,6,version_40,0,stratified,96,43,2052,2052,0.5440152525563421,0.5630946274067234,0.5594028931979071,-0.0036917342088162997
als,6,version_40,0,stratified,96,44,2052,2052,0.5500991758147806,0.5568397113641804,0.5619096474128792,0.005069936048698764
als,6,version_40,0,stratified,96,45,2052,2052,0.5344806949146745,0.5705977907732295,0.5468332136383844,-0.023764577134845033
als,6,version_40,0,stratified,96,46,2052,2052,0.5351082384323381,0.5768851954447523,0.5049912793680107,-0.07189391607674156
als,6,version_40,0,stratified,240,42,1980,1980,0.549842056932966,0.5631129476584023,0.5150964187327823,-0.04801652892561992
als,6,version_40,0,stratified,240,43,1980,1980,0.5497832874196511,0.5534967860422406,0.5496712580348944,-0.003825528007346257
als,6,version_40,0,stratified,240,44,1980,1980,0.5483103764921947,0.5553572084481175,0.5475188246097337,-0.007838383838383867
als,6,version_40,0,stratified,240,45,1980,1980,0.5587640036730946,0.5484573002754821,0.5300202020202021,-0.01843709825528006
als,6,version_40,0,stratified,240,46,1980,1980,0.5695610651974289,0.5430339761248852,0.5253314967860422,-0.017702479338843058
als,6,version_40,0,stratified,480,42,1860,1860,0.5401956295525494,0.5638730489073881,0.5550135275754422,-0.008859521331945897
als,6,version_40,0,stratified,480,43,1860,1860,0.5542018730489074,0.5569386056191468,0.5384536940686785,-0.018484911550468275
als,6,version_40,0,stratified,480,44,1860,1860,0.5410343392299687,0.5573673257023933,0.5570385015608741,-0.0003288241415192461
als,6,version_40,0,stratified,480,45,1860,1860,0.5606264308012487,0.5569677419354839,0.49673777315296574,-0.060229968782518184
als,6,version_40,0,stratified,480,46,1860,1860,0.5660083246618106,0.5509781477627471,0.4876586888657648,-0.06331945889698232
als,7,version_31,0,stratified,24,42,2088,2088,0.5260040956533227,0.5361672611969877,0.5328940414850046,-0.003273219711983022
als,7,version_31,0,stratified,24,43,2088,2088,0.531815629541551,0.532182256572863,0.5436253137798917,0.01144305720702865
als,7,version_31,0,stratified,24,44,2088,2088,0.5316802087462016,0.5308478662967366,0.5489265424758885,0.01807867617915182
als,7,version_31,0,stratified,24,45,2088,2088,0.5598609459637998,0.5033739595719382,0.44889846743295014,-0.05447549213898806
als,7,version_31,0,stratified,24,46,2088,2088,0.5154313647773814,0.5451231998943057,0.5813623001717532,0.03623910027744748
als,7,version_31,0,stratified,48,42,2076,2076,0.520902803301146,0.5438571285375389,0.5607053359617762,0.016848207424237316
als,7,version_31,0,stratified,48,43,2076,2076,0.5293177186006883,0.5372448127234455,0.541967656787731,0.00472284406428547
als,7,version_31,0,stratified,48,44,2076,2076,0.5296017240803235,0.533225299876374,0.5340372214240369,0.0008119215476628527
als,7,version_31,0,stratified,48,45,2076,2076,0.5329463062581442,0.5320324768619065,0.4418857963847773,-0.09014668047712915
als,7,version_31,0,stratified,48,46,2076,2076,0.5214106719235524,0.5384660362858766,0.4830089545257108,-0.05545708176016584
als,7,version_31,0,stratified,96,42,2052,2052,0.5267313019390581,0.5335624636640335,0.5742553264252248,0.04069286276119133
als,7,version_31,0,stratified,96,43,2052,2052,0.5206713176703943,0.5464416401627852,0.5631647344482064,0.01672309428542118
als,7,version_31,0,stratified,96,44,2052,2052,0.5478882391163092,0.5200642932868232,0.5405526486782257,0.02048835539140248
als,7,version_31,0,stratified,96,45,2052,2052,0.5580947983995075,0.5091429841660682,0.5172164084675627,0.008073424301494492
als,7,version_31,0,stratified,96,46,2052,2052,0.5345644813788858,0.5277982969118703,0.49920402858999346,-0.028594268321876837
als,7,version_31,0,stratified,240,42,1980,1980,0.5315831037649219,0.5277300275482094,0.5734793388429752,0.04574931129476578
als,7,version_31,0,stratified,240,43,1980,1980,0.551921028466483,0.5160385674931129,0.5968797061524335,0.08084113865932052
als,7,version_31,0,stratified,240,44,1980,1980,0.5320330578512397,0.5342809917355371,0.5312819100091828,-0.0029990817263543246
als,7,version_31,0,stratified,240,45,1980,1980,0.5266629935720845,0.5311404958677686,0.5679063360881543,0.03676584022038576
als,7,version_31,0,stratified,240,46,1980,1980,0.5253792470156107,0.5386611570247933,0.5106464646464647,-0.028014692378328654
als,7,version_31,0,stratified,480,42,1860,1860,0.5340561914672217,0.5314693028095734,0.5787284079084287,0.047259105098855336
als,7,version_31,0,stratified,480,43,1860,1860,0.5151238293444329,0.5458501560874089,0.5783975026014568,0.03254734651404789
als,7,version_31,0,stratified,480,44,1860,1860,0.533063475546306,0.5353423517169614,0.5682497398543183,0.03290738813735683
als,7,version_31,0,stratified,480,45,1860,1860,0.5201935483870967,0.5293361082206035,0.563063475546306,0.03372736732570247
als,7,version_31,0,stratified,480,46,1860,1860,0.5113381893860562,0.561993756503642,0.5666826222684703,0.004688865764828298
als,7,version_32,0,stratified,24,42,2088,2088,0.5117287620557538,0.5168070418813582,0.5601119698771304,0.043304927995772236
als,7,version_32,0,stratified,24,43,2088,2088,0.5212833597569031,0.509517439556084,0.5347222222222221,0.025204782666138126
als,7,version_32,0,stratified,24,44,2088,2088,0.5084249900911614,0.520238803012287,0.5319427929713305,0.011703989959043537
als,7,version_32,0,stratified,24,45,2088,2088,0.5451752212973973,0.4855231866825208,0.4892934998018232,0.003770313119302371
als,7,version_32,0,stratified,24,46,2088,2088,0.5125842251288149,0.5155965120887832,0.5672000924824944,0.05160358039371116
als,7,version_32,0,stratified,48,42,2076,2076,0.5016430552307127,0.529225834474924,0.5442096294563801,0.014983794981456078
als,7,version_32,0,stratified,48,43,2076,2076,0.5165742256674128,0.5190191787229776,0.541276019913796,0.02225684119081839
als,7,version_32,0,stratified,48,44,2076,2076,0.5084341274349293,0.5209195095058304,0.5335894951384945,0.012669985632664083
als,7,version_32,0,stratified,48,45,2076,2076,0.5212285742924923,0.5104129773797988,0.46301246282869457,-0.04740051455110428
als,7,version_32,0,stratified,48,46,2076,2076,0.5082294764275452,0.5202270373216612,0.5042483878512479,-0.015978649470413275
als,7,version_32,0,stratified,96,42,2052,2052,0.519223008789029,0.509478130022913,0.5173779966485413,0.00789986662562836
als,7,version_32,0,stratified,96,43,2052,2052,0.5146292876440615,0.5181953421565609,0.5596132143223557,0.041417872165794734
als,7,version_32,0,stratified,96,44,2052,2052,0.5295150644642797,0.5057350979788653,0.5294603467733662,0.023725248794500886
als,7,version_32,0,stratified,96,45,2052,2052,0.5326254232071406,0.4993724564823364,0.5270767073629493,0.027704250880612902
als,7,version_32,0,stratified,96,46,2052,2052,0.5143462945863684,0.5165743305632502,0.49497281214732736,-0.021601518415922838
als,7,version_32,0,stratified,240,42,1980,1980,0.5209017447199266,0.5052323232323233,0.5520844811753903,0.046852157943067074
als,7,version_32,0,stratified,240,43,1980,1980,0.525921028466483,0.5049173553719009,0.5895169880624427,0.08459963269054183
als,7,version_32,0,stratified,240,44,1980,1980,0.5037741046831956,0.5323324150596878,0.5025215794306703,-0.02981083562901743
als,7,version_32,0,stratified,240,45,1980,1980,0.5245381083562901,0.5001561065197428,0.5680376492194674,0.06788154269972457
als,7,version_32,0,stratified,240,46,1980,1980,0.521178145087236,0.5127346189164371,0.49038383838383837,-0.022350780532598757
als,7,version_32,0,stratified,480,42,1860,1860,0.5162060353798127,0.5129646201873048,0.5455171696149844,0.0325525494276796
als,7,version_32,0,stratified,480,43,1860,1860,0.5046139438085327,0.5275712799167533,0.5670749219562955,0.03950364203954215
als,7,version_32,0,stratified,480,44,1860,1860,0.5139084287200832,0.5239729448491155,0.512630593132154,-0.011342351716961518
als,7,version_32,0,stratified,480,45,1860,1860,0.500726326742976,0.5174484911550469,0.5572008324661811,0.039752341311134254
als,7,version_32,0,stratified,480,46,1860,1860,0.49766285119667014,0.5357377731529657,0.5445244536940687,0.008786680541102987
als,7,version_33,0,stratified,24,42,2088,2088,0.5890986259743691,0.5786860879904876,0.5265292641035805,-0.05215682388690712
als,7,version_33,0,stratified,24,43,2088,2088,0.583761064869864,0.584517439556084,0.5178061831153389,-0.06671125644074516
als,7,version_33,0,stratified,24,44,2088,2088,0.5787950852160126,0.5884611573523583,0.5394652530056812,-0.04899590434667711
als,7,version_33,0,stratified,24,45,2088,2088,0.6042773153653058,0.563442991148104,0.5235549610252345,-0.03988803012286957
als,7,version_33,0,stratified,24,46,2088,2088,0.5705740520544325,0.5933396089311666,0.6034614876469812,0.010121878715814603
als,7,version_33,0,stratified,48,42,2076,2076,0.5795265461592435,0.5917020281332487,0.4839135955093722,-0.1077884326238765
als,7,version_33,0,stratified,48,43,2076,2076,0.5886932406695846,0.583213605533095,0.5164673059574325,-0.06674629957566247
als,7,version_33,0,stratified,48,44,2076,2076,0.5801580406963146,0.5864512680009356,0.5644625613953023,-0.021988706605633346
als,7,version_33,0,stratified,48,45,2076,2076,0.5864913628921781,0.5825553810685289,0.43811687660797227,-0.14443850446055662
als,7,version_33,0,stratified,48,46,2076,2076,0.5861388619733369,0.5785592569080157,0.5684219319055097,-0.01013732500250597
als,7,version_33,0,stratified,96,42,2052,2052,0.576758660784515,0.5893317601997197,0.5558240142265997,-0.03350774597312001
als,7,version_33,0,stratified,96,43,2052,2052,0.5802383639410417,0.5920163469101605,0.5754300468520228,-0.01658630005813766
als,7,version_33,0,stratified,96,44,2052,2052,0.5951814233439349,0.5738107451865531,0.5514688280154578,-0.022341917171095238
als,7,version_33,0,stratified,96,45,2052,2052,0.5966365719366643,0.5685475872918163,0.5051109743168838,-0.06343661297493253
als,7,version_33,0,stratified,96,46,2052,2052,0.5704028589993503,0.5961082042337814,0.5464638692247187,-0.049644335009062734
als,7,version_33,0,stratified,240,42,1980,1980,0.5942589531680441,0.5709348025711662,0.5598255280073462,-0.011109274563820049
als,7,version_33,0,stratified,240,43,1980,1980,0.5932617079889807,0.5802277318640956,0.597623507805326,0.01739577594123043
als,7,version_33,0,stratified,240,44,1980,1980,0.5998310376492194,0.5656951331496786,0.565979797979798,0.0002846648301194632
als,7,version_33,0,stratified,240,45,1980,1980,0.5827291092745639,0.5750707070707071,0.5539430670339761,-0.021127640036730955
als,7,version_33,0,stratified,240,46,1980,1980,0.5932543617998164,0.5785270890725436,0.5180027548209366,-0.06052433425160697
als,7,version_33,0,stratified,480,42,1860,1860,0.5817544224765869,0.5913132154006243,0.5589739854318418,-0.03233922996878247
als,7,version_33,0,stratified,480,43,1860,1860,0.575369406867846,0.5939188345473465,0.6038834547346514,0.009964620187304929
als,7,version_33,0,stratified,480,44,1860,1860,0.5871716961498439,0.5829760665972945,0.5881789802289281,0.00520291363163361
als,7,version_33,0,stratified,480,45,1860,1860,0.5671488033298647,0.5865452653485952,0.577429760665973,-0.009115504682622233
als,7,version_33,0,stratified,480,46,1860,1860,0.5676878251821019,0.6032320499479709,0.582468262226847,-0.02076378772112386
als,7,version_34,0,stratified,24,42,2088,2088,0.539359558726384,0.5625099088386841,0.6073292376800106,0.044819328841326445
als,7,version_34,0,stratified,24,43,2088,2088,0.557274739067248,0.5447466640243097,0.5429548156956004,-0.0017918483287092668
als,7,version_34,0,stratified,24,44,2088,2088,0.552982560443916,0.5475624256837098,0.5982824679614216,0.05072004227771176
als,7,version_34,0,stratified,24,45,2088,2088,0.5741015986259743,0.5294523715153917,0.4306711586735368,-0.09878121284185493
als,7,version_34,0,stratified,24,46,2088,2088,0.5450819130664553,0.5567660853481305,0.6039899590434669,0.047223873695336316
als,7,version_34,0,stratified,48,42,2076,2076,0.5442062882154433,0.5607471014734873,0.603757225433526,0.04301012396003867
als,7,version_34,0,stratified,48,43,2076,2076,0.5546242774566474,0.5525844498646798,0.5224656687493735,-0.030118781115306303
als,7,version_34,0,stratified,48,44,2076,2076,0.5446657088442648,0.5558989608740685,0.5879280964950382,0.03202913562096965
als,7,version_34,0,stratified,48,45,2076,2076,0.5585920010691972,0.5459053092318487,0.443665007183668,-0.10224030204818063
als,7,version_34,0,stratified,48,46,2076,2076,0.5484596879280965,0.5531023422098967,0.540629489792509,-0.012472852417387714
als,7,version_34,0,stratified,96,42,2052,2052,0.5511148729523614,0.5505865052494784,0.6104305598303752,0.05984405458089681
als,7,version_34,0,stratified,96,43,2052,2052,0.5385195444752231,0.5675609589275333,0.5828767825997743,0.015315823672240936
als,7,version_34,0,stratified,96,44,2052,2052,0.5724599021921275,0.5324749495571287,0.5936048698744913,0.06112992031736264
als,7,version_34,0,stratified,96,45,2052,2052,0.5654662973222531,0.5388410109093397,0.6043945145514859,0.06555350364214618
als,7,version_34,0,stratified,96,46,2052,2052,0.5614052186997709,0.5429345781608016,0.5627885503231764,0.019853972162374833
als,7,version_34,0,stratified,240,42,1980,1980,0.5438126721763085,0.5520422405876951,0.6030817263544536,0.05103948576675843
als,7,version_34,0,stratified,240,43,1980,1980,0.5583948576675849,0.5439871441689623,0.6064885215794307,0.06250137741046835
als,7,version_34,0,stratified,240,44,1980,1980,0.5414159779614325,0.5602258953168044,0.5788411386593204,0.018615243342515964
als,7,version_34,0,stratified,240,45,1980,1980,0.5551955922865013,0.5400844811753903,0.6075849403122131,0.06750045913682279
als,7,version_34,0,stratified,240,46,1980,1980,0.5567603305785124,0.5503489439853078,0.5589972451790634,0.008648301193755592
als,7,version_34,0,stratified,480,42,1860,1860,0.5370655567117586,0.5628387096774194,0.6178251821019771,0.054986472424557675
als,7,version_34,0,stratified,480,43,1860,1860,0.5385744016649323,0.5631383975026014,0.5942851196670136,0.031146722164412166
als,7,version_34,0,stratified,480,44,1860,1860,0.544786680541103,0.5580062434963579,0.5962268470343393,0.0382206035379814
als,7,version_34,0,stratified,480,45,1860,1860,0.5289177939646201,0.5577606659729448,0.5872091571279917,0.029448491155046885
als,7,version_34,0,stratified,480,46,1860,1860,0.534894901144641,0.5794588969823101,0.6048782518210198,0.025419354838709718
als,7,version_35,0,stratified,24,42,2088,2088,0.5111078081648831,0.5088997886114415,0.47509248249438496,-0.03380730611705651
als,7,version_35,0,stratified,24,43,2088,2088,0.5073259347337825,0.5154420993526225,0.53898797727573,0.023545877923107472
als,7,version_35,0,stratified,24,44,2088,2088,0.49374504558065796,0.528273219711983,0.545707821376668,0.017434601664684912
als,7,version_35,0,stratified,24,45,2088,2088,0.5300634165675784,0.4919812722948871,0.4345471660721364,-0.05743410622275069
als,7,version_35,0,stratified,24,46,2088,2088,0.5003344233055886,0.5203841326463206,0.5557586867485798,0.035374554102259204
als,7,version_35,0,stratified,48,42,2076,2076,0.5078068094490293,0.5142570750776838,0.5905158876006549,0.07625881252297106
als,7,version_35,0,stratified,48,43,2076,2076,0.508550235557486,0.5169192087941462,0.5171856727588626,0.0002664639647164124
als,7,version_35,0,stratified,48,44,2076,2076,0.5047470680610779,0.5174011827992916,0.5436750309064787,0.026273848107187137
als,7,version_35,0,stratified,48,45,2076,2076,0.5016522436432891,0.5218258211099602,0.45222526646396466,-0.06960055464599557
als,7,version_35,0,stratified,48,46,2076,2076,0.5036219051755823,0.5160012028467372,0.48554913294797686,-0.03045206989876037
als,7,version_35,0,stratified,96,42,2052,2052,0.5155517937143053,0.5040414144523101,0.60791867583188,0.10387726137956987
als,7,version_35,0,stratified,96,43,2052,2052,0.4999316028863582,0.5248418316747032,0.5580024622960911,0.033160630621387854
als,7,version_35,0,stratified,96,44,2052,2052,0.5220512294381177,0.5048348209705551,0.563249375876338,0.058414554905782956
als,7,version_35,0,stratified,96,45,2052,2052,0.5293064532676721,0.49574569953147973,0.5926977531548169,0.09695205362333714
als,7,version_35,0,stratified,96,46,2052,2052,0.5160964057316781,0.5033052905167401,0.5102424677678602,0.006937177251120086
als,7,version_35,0,stratified,240,42,1980,1980,0.5166629935720846,0.5031441689623507,0.598289256198347,0.09514508723599635
als,7,version_35,0,stratified,240,43,1980,1980,0.5260973370064279,0.49734618916437096,0.6187456382001837,0.12139944903581273
als,7,version_35,0,stratified,240,44,1980,1980,0.4915775941230487,0.534811753902663,0.5542460973370065,0.01943434343434347
als,7,version_35,0,stratified,240,45,1980,1980,0.5048769513314968,0.5075408631772269,0.5915922865013774,0.0840514233241505
als,7,version_35,0,stratified,240,46,1980,1980,0.5111074380165289,0.5080348943985308,0.5331000918273645,0.02506519742883373
als,7,version_35,0,stratified,480,42,1860,1860,0.5115567117585847,0.5120978147762747,0.5937481789802289,0.08165036420395422
als,7,version_35,0,stratified,480,43,1860,1860,0.49798126951092614,0.5238574401664933,0.602321540062435,0.07846409989594172
als,7,version_35,0,stratified,480,44,1860,1860,0.5125931321540063,0.5197023933402706,0.5875067637877212,0.06780437044745058
als,7,version_35,0,stratified,480,45,1860,1860,0.4987471383975026,0.5143163371488033,0.6031675338189386,0.0888511966701353
als,7,version_35,0,stratified,480,46,1860,1860,0.48973257023933403,0.5370863683662851,0.5841914672216441,0.04710509885535896
als,7,version_36,0,stratified,24,42,2088,2088,0.5219827586206897,0.5266911084687542,0.5283310212709738,0.0016399128022195342
als,7,version_36,0,stratified,24,43,2088,2088,0.5231470471660722,0.5272113224996697,0.5329501915708813,0.005738869071211572
als,7,version_36,0,stratified,24,44,2088,2088,0.5196029858633902,0.5287851763773286,0.5878930506011363,0.0591078742238077
als,7,version_36,0,stratified,24,45,2088,2088,0.5435543004359888,0.505131126965253,0.42609162372836573,-0.07903950323688724
als,7,version_36,0,stratified,24,46,2088,2088,0.5194378385519884,0.5280849517769851,0.6167360285374553,0.08865107676047024
als,7,version_36,0,stratified,48,42,2076,2076,0.5213388352434093,0.5300594740886765,0.4299776136857229,-0.10008186040295358
als,7,version_36,0,stratified,48,43,2076,2076,0.517462995756624,0.5367319322396338,0.5356660763807679,-0.0010658558588658718
als,7,version_36,0,stratified,48,44,2076,2076,0.5146480002672993,0.5325069330749441,0.5800101907848576,0.04750325770991348
als,7,version_36,0,stratified,48,45,2076,2076,0.515478298640115,0.5337966520765812,0.4211166427211066,-0.11268000935547462
als,7,version_36,0,stratified,48,46,2076,2076,0.5184870861037789,0.5280747769721674,0.5657288917103812,0.037654114738213784
als,7,version_36,0,stratified,96,42,2052,2052,0.5320132690400464,0.5160921309120755,0.6149533189699394,0.09886118805786392
als,7,version_36,0,stratified,96,43,2052,2052,0.5219452139119729,0.5337659450771177,0.584458465852741,0.05069252077562325
als,7,version_36,0,stratified,96,44,2052,2052,0.5410810163811087,0.5105895831195923,0.5962851817653295,0.08569559864573717
als,7,version_36,0,stratified,96,45,2052,2052,0.5476608187134503,0.5009558496631441,0.588965835641736,0.08800998597859189
als,7,version_36,0,stratified,96,46,2052,2052,0.5312677405013508,0.517930303341199,0.5233678738757225,0.005437570534523428
als,7,version_36,0,stratified,240,42,1980,1980,0.5275794306703397,0.5164444444444445,0.5843562901744719,0.0679118457300274
als,7,version_36,0,stratified,240,43,1980,1980,0.5469035812672177,0.5074710743801653,0.6337116620752985,0.12624058769513324
als,7,version_36,0,stratified,240,44,1980,1980,0.5018824609733701,0.5457098255280073,0.5887125803489439,0.04300275482093663
als,7,version_36,0,stratified,240,45,1980,1980,0.5328466483011938,0.5055078053259872,0.600595041322314,0.09508723599632685
als,7,version_36,0,stratified,240,46,1980,1980,0.5352764003673094,0.5174159779614325,0.5849008264462809,0.06748484848484848
als,7,version_36,0,stratified,480,42,1860,1860,0.5244890738813736,0.5274755463059313,0.6134838709677419,0.08600832466181063
als,7,version_36,0,stratified,480,43,1860,1860,0.5220249739854319,0.5308199791883454,0.6099198751300728,0.0790998959417274
als,7,version_36,0,stratified,480,44,1860,1860,0.5229115504682622,0.5248511966701352,0.6098480749219563,0.084996878251821
als,7,version_36,0,stratified,480,45,1860,1860,0.5042060353798128,0.5298938605619147,0.6039021852237253,0.07400832466181062
als,7,version_36,0,stratified,480,46,1860,1860,0.5127221644120707,0.5500561914672216,0.6025723204994797,0.05251612903225811
als,7,version_37,0,stratified,24,42,2088,2088,0.5258455542343771,0.5247910886510767,0.6022212313383538,0.0774301426872771
als,7,version_37,0,stratified,24,43,2088,2088,0.5231470471660722,0.529563845950588,0.5264698110714758,-0.003094034879112195
als,7,version_37,0,stratified,24,44,2088,2088,0.5172934007134364,0.533206169903554,0.5916501519355265,0.05844398203197254
als,7,version_37,0,stratified,24,45,2088,2088,0.549818337957458,0.5036819593077025,0.4241849980182323,-0.07949696128947026
als,7,version_37,0,stratified,24,46,2088,2088,0.5262204386312591,0.5243559254855331,0.6092267802880169,0.0848708548024838
als,7,version_37,0,stratified,48,42,2076,2076,0.5123375321594441,0.5401049149654181,0.6028550903805674,0.06275017541514927
als,7,version_37,0,stratified,48,43,2076,2076,0.5228682882822681,0.5327124193925624,0.562969026696515,0.030256607303952632
als,7,version_37,0,stratified,48,44,2076,2076,0.5129523204918307,0.5382513615556818,0.5816231748471381,0.04337181329145634
als,7,version_37,0,stratified,48,45,2076,2076,0.53029169033379,0.5242565738915433,0.4305589896087406,-0.09369758428280273
als,7,version_37,0,stratified,48,46,2076,2076,0.519133616225066,0.5308254535734571,0.5092285074676735,-0.021596946105783665
als,7,version_37,0,stratified,96,42,2052,2052,0.5244186245340446,0.5272511200027359,0.6047672788208338,0.07751615881809792
als,7,version_37,0,stratified,96,43,2052,2052,0.5124534044663316,0.5444786430012654,0.5924515235457064,0.04797288054444104
als,7,version_37,0,stratified,96,44,2052,2052,0.5505582914401013,0.5051468828015457,0.589157347559933,0.08401046475838725
als,7,version_37,0,stratified,96,45,2052,2052,0.5366651277316097,0.5174566533292295,0.5875876338018536,0.07013098047262412
als,7,version_37,0,stratified,96,46,2052,2052,0.5379296193700626,0.5143693786122225,0.5471700694230703,0.0328006908108478
als,7,version_37,0,stratified,240,42,1980,1980,0.532,0.5148815426997245,0.6056528925619834,0.09077134986225888
als,7,version_37,0,stratified,240,43,1980,1980,0.5372378328741965,0.5166574839302112,0.619129476584022,0.1024719926538108
als,7,version_37,0,stratified,240,44,1980,1980,0.5087006427915519,0.5483617998163453,0.576969696969697,0.02860789715335177
als,7,version_37,0,stratified,240,45,1980,1980,0.5298879706152433,0.5102920110192838,0.5956951331496786,0.0854031221303948
als,7,version_37,0,stratified,240,46,1980,1980,0.5298503213957759,0.5265674931129476,0.5150266299357209,-0.01154086317722669
als,7,version_37,0,stratified,480,42,1860,1860,0.5222840790842872,0.5322726326742976,0.6079063475546307,0.0756337148803331
als,7,version_37,0,stratified,480,43,1860,1860,0.515411030176899,0.5372861602497399,0.6104578563995837,0.07317169614984387
als,7,version_37,0,stratified,480,44,1860,1860,0.5295275754422476,0.5306420395421436,0.602449531737773,0.07180749219562943
als,7,version_37,0,stratified,480,45,1860,1860,0.5130884495317378,0.519146722164412,0.5841893860561915,0.06504266389177948
als,7,version_37,0,stratified,480,46,1860,1860,0.5110239334027055,0.5528231009365245,0.5994151925078044,0.04659209157127986
als,7,version_38,0,stratified,24,42,2088,2088,0.5298734971594662,0.5297141300039636,0.47869764830228567,-0.05101648170167794
als,7,version_38,0,stratified,24,43,2088,2088,0.5242857378781874,0.5351152728233584,0.5614967300832342,0.02638145725987584
als,7,version_38,0,stratified,24,44,2088,2088,0.5167591491610517,0.5395073655700886,0.5776844695468358,0.03817710397674723
als,7,version_38,0,stratified,24,45,2088,2088,0.5562945897740785,0.5028331021270974,0.4547050469018364,-0.048128055225261035
als,7,version_38,0,stratified,24,46,2088,2088,0.5290485863390144,0.5291270313119303,0.5653289734443123,0.03620194213238204
als,7,version_38,0,stratified,48,42,2076,2076,0.5298172341207524,0.5320308062414381,0.5419684920979652,0.009937685856527101
als,7,version_38,0,stratified,48,43,2076,2076,0.5275360018710948,0.5351239600387584,0.5512462828694576,0.016122322830699254
als,7,version_38,0,stratified,48,44,2076,2076,0.5229827257843563,0.5326071703030505,0.5723512312472853,0.03974406094423477
als,7,version_38,0,stratified,48,45,2076,2076,0.527869290654549,0.5333464198603362,0.5273129740385579,-0.006033445821778227
als,7,version_38,0,stratified,48,46,2076,2076,0.5247076414180227,0.5340614454208293,0.48051388285609276,-0.053547562564736584
als,7,version_38,0,stratified,96,42,2052,2052,0.5322509490099517,0.5286840395335317,0.5910852912007113,0.06240125166717958
als,7,version_38,0,stratified,96,43,2052,2052,0.526045620874799,0.537473923600424,0.5663434903047092,0.0288695667042852
als,7,version_38,0,stratified,96,44,2052,2052,0.5498443965664649,0.5058556478916589,0.5763226291850484,0.07046698129338946
als,7,version_38,0,stratified,96,45,2052,2052,0.5487363633254677,0.5144010122772819,0.5679431278000068,0.05354211552272492
als,7,version_38,0,stratified,96,46,2052,2052,0.5364094935193735,0.522553948223385,0.5150610444239253,-0.00749290379945966
als,7,version_38,0,stratified,240,42,1980,1980,0.5292561983471074,0.5268135904499541,0.5733370064279156,0.0465234159779615
als,7,version_38,0,stratified,240,43,1980,1980,0.542674012855831,0.5193131313131313,0.6003746556473829,0.08106152433425162
als,7,version_38,0,stratified,240,44,1980,1980,0.502941230486685,0.5477116620752984,0.579010101010101,0.03129843893480255
als,7,version_38,0,stratified,240,45,1980,1980,0.5286473829201102,0.5234251606978879,0.6098089990817264,0.08638383838383845
als,7,version_38,0,stratified,240,46,1980,1980,0.5282506887052342,0.5322607897153352,0.4778200183654729,-0.054440771349862305
als,7,version_38,0,stratified,480,42,1860,1860,0.5165629552549428,0.544726326742976,0.5826472424557753,0.03792091571279921
als,7,version_38,0,stratified,480,43,1860,1860,0.5308720083246617,0.5302622268470343,0.5944661810613945,0.0642039542143602
als,7,version_38,0,stratified,480,44,1860,1860,0.524690946930281,0.5311779396462019,0.6069219562955255,0.07574401664932362
als,7,version_38,0,stratified,480,45,1860,1860,0.5099989594172737,0.5351977107180022,0.6016108220603538,0.06641311134235162
als,7,version_38,0,stratified,480,46,1860,1860,0.5085931321540063,0.5607762747138397,0.5774027055150884,0.016626430801248704
als,7,version_39,0,stratified,24,42,2088,2088,0.5335942660853481,0.5421307306117057,0.5261304333465452,-0.0160002972651605
als,7,version_39,0,stratified,24,43,2088,2088,0.5401720834984806,0.5371102523450919,0.5219150482230149,-0.015195204122076977
als,7,version_39,0,stratified,24,44,2088,2088,0.5330757035275466,0.5432041881358172,0.5586305984938565,0.015426410358039377
als,7,version_39,0,stratified,24,45,2088,2088,0.5625710133439028,0.5151407055093143,0.438717135685031,-0.07642356982428333
als,7,version_39,0,stratified,24,46,2088,2088,0.5316603910688334,0.542903620029066,0.5764549478134496,0.03355132778438363
als,7,version_39,0,stratified,48,42,2076,2076,0.5208543553075613,0.5567977546860904,0.5668415249423636,0.010043770256273232
als,7,version_39,0,stratified,48,43,2076,2076,0.5413445153530021,0.5400614788332386,0.5185914998830566,-0.02146997895018199
als,7,version_39,0,stratified,48,44,2076,2076,0.5469377526813458,0.5295499348458017,0.5653563433459186,0.03580640850011685
als,7,version_39,0,stratified,48,45,2076,2076,0.5458050720037422,0.5332085936716897,0.43134251060844,-0.10186608306324973
als,7,version_39,0,stratified,48,46,2076,2076,0.5327174312539676,0.5432740819940526,0.5054712820341475,-0.0378027999599051
als,7,version_39,0,stratified,96,42,2052,2052,0.5328562634656817,0.5414554905782976,0.5767723402072433,0.03531684962894577
als,7,version_39,0,stratified,96,43,2052,2052,0.5411169248657706,0.5392684928696009,0.5503094969392291,0.011041004069628269
als,7,version_39,0,stratified,96,44,2052,2052,0.5531804657843439,0.5269262337129372,0.5506720016415306,0.023745767928593398
als,7,version_39,0,stratified,96,45,2052,2052,0.5589566020313942,0.519488047604391,0.5173113094627406,-0.002176738141650425
als,7,version_39,0,stratified,96,46,2052,2052,0.5451677439212065,0.5324458807838309,0.4670770493485175,-0.06536883143531341
als,7,version_39,0,stratified,240,42,1980,1980,0.5388337924701562,0.5350009182736456,0.5664628099173554,0.03146189164370983
als,7,version_39,0,stratified,240,43,1980,1980,0.5523360881542699,0.5272157943067034,0.6068356290174471,0.07961983471074374
als,7,version_39,0,stratified,240,44,1980,1980,0.5216179981634527,0.5539651056014692,0.541406795224977,-0.012558310376492132
als,7,version_39,0,stratified,240,45,1980,1980,0.5465583103764922,0.5219889807162534,0.5649531680440771,0.0429641873278237
als,7,version_39,0,stratified,240,46,1980,1980,0.5475959595959596,0.5347089072543618,0.4647887970615243,-0.0699201101928375
als,7,version_39,0,stratified,480,42,1860,1860,0.5375046826222685,0.5410010405827264,0.5737606659729448,0.03275962539021848
als,7,version_39,0,stratified,480,43,1860,1860,0.5280145681581686,0.5510260145681581,0.5830072840790843,0.03198126951092617
als,7,version_39,0,stratified,480,44,1860,1860,0.527375650364204,0.551681581685744,0.5661893860561914,0.014507804370447408
als,7,version_39,0,stratified,480,45,1860,1860,0.5245764828303849,0.5359125910509885,0.568330905306972,0.032418314255983405
als,7,version_39,0,stratified,480,46,1860,1860,0.5213423517169615,0.5679479708636836,0.5702247658688866,0.0022767950052029473
als,7,version_40,0,stratified,24,42,2088,2088,0.5067933346545118,0.5220967102655569,0.5205278108072401,-0.0015688994583168414
als,7,version_40,0,stratified,24,43,2088,2088,0.5248257695864711,0.5050997489760867,0.5269751618443652,0.021875412868278543
als,7,version_40,0,stratified,24,44,2088,2088,0.507656229356586,0.5203288082970009,0.5520032368873035,0.03167442859030256
als,7,version_40,0,stratified,24,45,2088,2088,0.5326116395825076,0.4966359492667459,0.4691323160258951,-0.02750363324085081
als,7,version_40,0,stratified,24,46,2088,2088,0.5149185823754789,0.5128897476549081,0.5633290395032369,0.05043929184832874
als,7,version_40,0,stratified,48,42,2076,2076,0.4953874168866317,0.5352651274683417,0.5194911290053126,-0.01577399846302907
als,7,version_40,0,stratified,48,43,2076,2076,0.5246040629489792,0.5112382638912092,0.5242791272678673,0.013040863376658107
als,7,version_40,0,stratified,48,44,2076,2076,0.5077959504159845,0.5213304821410671,0.548983427444953,0.027652945303885845
als,7,version_40,0,stratified,48,45,2076,2076,0.5152335527414882,0.5151024090347154,0.43738347422232615,-0.07771893481238923
als,7,version_40,0,stratified,48,46,2076,2076,0.5048857295599586,0.5208476728256874,0.4888603027164289,-0.03198737010925856
als,7,version_40,0,stratified,96,42,2052,2052,0.5181431893574091,0.5118241510208269,0.5534797031565268,0.041655552135699936
als,7,version_40,0,stratified,96,43,2052,2052,0.5141530727403304,0.5209927841045108,0.5520023255018639,0.031009541397353124
als,7,version_40,0,stratified,96,44,2052,2052,0.5402670907287713,0.4955755617112958,0.5474462227693991,0.05187066105810334
als,7,version_40,0,stratified,96,45,2052,2052,0.5383451318354365,0.4939870387469649,0.5145395164324066,0.02055247768544166
als,7,version_40,0,stratified,96,46,2052,2052,0.524546869122123,0.5022194863376765,0.47442460928148833,-0.027794877056188216
als,7,version_40,0,stratified,240,42,1980,1980,0.5272203856749311,0.5040257116620752,0.5499889807162535,0.045963269054178246
als,7,version_40,0,stratified,240,43,1980,1980,0.5405179063360881,0.4954820936639118,0.5912966023875115,0.09581450872359965
als,7,version_40,0,stratified,240,44,1980,1980,0.5040459136822774,0.5246813590449954,0.540674012855831,0.0159926538108357
als,7,version_40,0,stratified,240,45,1980,1980,0.506356290174472,0.514959595959596,0.5493011937557392,0.03434159779614321
als,7,version_40,0,stratified,240,46,1980,1980,0.5123691460055096,0.513921028466483,0.4864830119375574,-0.027438016528925635
als,7,version_40,0,stratified,480,42,1860,1860,0.5143080124869928,0.5244932362122788,0.5114443288241416,-0.013048907388137243
als,7,version_40,0,stratified,480,43,1860,1860,0.5070655567117586,0.5277804370447451,0.5732882414151925,0.045507804370447436
als,7,version_40,0,stratified,480,44,1860,1860,0.5030322580645161,0.5269750260145681,0.5611092611862643,0.034134235171696115
als,7,version_40,0,stratified,480,45,1860,1860,0.5017232049947972,0.5187273673257025,0.5574620187304891,0.0387346514047866
als,7,version_40,0,stratified,480,46,1860,1860,0.4993371488033298,0.5333257023933403,0.5529583766909469,0.019632674297606623
als,8,version_31,0,stratified,24,42,2088,2088,0.543663297661514,0.5483287092086141,0.47951843043995246,-0.06881027876866164
als,8,version_31,0,stratified,24,43,2088,2088,0.5463312524772096,0.545430373893513,0.5231173206500198,-0.022313053243493197
als,8,version_31,0,stratified,24,44,2088,2088,0.5512270445237152,0.5387600739859955,0.5232808164883076,-0.01547925749768786
als,8,version_31,0,stratified,24,45,2088,2088,0.5569725194873827,0.5324952107279695,0.5217598097502972,-0.010735400977672227
als,8,version_31,0,stratified,24,46,2088,2088,0.5409127691901177,0.5475938036728762,0.5389499933941075,-0.008643810278768704
als,8,version_31,0,stratified,48,42,2076,2076,0.5576806776036619,0.5363042533997127,0.4627468341742123,-0.07355741922550035
als,8,version_31,0,stratified,48,43,2076,2076,0.544867018610712,0.5429683584483277,0.5207073407063383,-0.02226101774198941
als,8,version_31,0,stratified,48,44,2076,2076,0.5251278024658358,0.5641418022653614,0.5314895252096629,-0.03265227705569851
als,8,version_31,0,stratified,48,45,2076,2076,0.5368806174613252,0.5497661131344181,0.5314644659026362,-0.01830164723178196
als,8,version_31,0,stratified,48,46,2076,2076,0.540048113869491,0.5456914698118882,0.5467005245748271,0.001009054762938888
als,8,version_31,0,stratified,96,42,2052,2052,0.5302212646626312,0.5648293492014637,0.4589360828973017,-0.10589326630416196
als,8,version_31,0,stratified,96,43,2052,2052,0.5416897506925208,0.5456781573817585,0.534232755377723,-0.011445402004035543
als,8,version_31,0,stratified,96,44,2052,2052,0.5348192606272015,0.5507096200540337,0.5501008857426217,-0.0006087343114119514
als,8,version_31,0,stratified,96,45,2052,2052,0.5350039328340344,0.5502342601142232,0.5278188160459628,-0.02241544406826035
als,8,version_31,0,stratified,96,46,2052,2052,0.5492271126158477,0.5361017065079854,0.5358742861051263,-0.00022742040285905762
als,8,version_31,0,stratified,240,42,1980,1980,0.5507162534435261,0.5427134986225896,0.4920734618916437,-0.05064003673094586
als,8,version_31,0,stratified,240,43,1980,1980,0.5250321395775941,0.5583526170798899,0.5553572084481175,-0.0029954086317723894
als,8,version_31,0,stratified,240,44,1980,1980,0.5375720844811754,0.5443875114784206,0.5619678604224059,0.017580348943985302
als,8,version_31,0,stratified,240,45,1980,1980,0.5469090909090909,0.5298622589531681,0.5242901744719927,-0.00557208448117541
als,8,version_31,0,stratified,240,46,1980,1980,0.5471221303948577,0.5360808080808082,0.5414582185491277,0.005377410468319521
als,8,version_31,0,stratified,480,42,1860,1860,0.5532268470343393,0.5387075962539021,0.5249386056191467,-0.01376899063475534
als,8,version_31,0,stratified,480,43,1860,1860,0.536197710718002,0.5513423517169616,0.5638584807492195,0.012516129032257961
als,8,version_31,0,stratified,480,44,1860,1860,0.5497460978147763,0.5225879292403747,0.5363204994797086,0.013732570239333941
als,8,version_31,0,stratified,480,45,1860,1860,0.5262414151925078,0.5499375650364204,0.5215109261186264,-0.028426638917794067
als,8,version_31,0,stratified,480,46,1860,1860,0.542690946930281,0.5365119667013527,0.5157346514047867,-0.020777315296566012
als,8,version_32,0,stratified,24,42,2088,2088,0.5453560576033822,0.5317693882943586,0.45777513542079534,-0.07399425287356326
als,8,version_32,0,stratified,24,43,2088,2088,0.547585546307306,0.527328577090765,0.530036992997754,0.0027084159069890035
als,8,version_32,0,stratified,24,44,2088,2088,0.5387650284053376,0.5368261989694808,0.5060377857048487,-0.03078841326463211
als,8,version_32,0,stratified,24,45,2088,2088,0.5384099616858238,0.5356255780155899,0.5486358832078214,0.013010305192231564
als,8,version_32,0,stratified,24,46,2088,2088,0.5330657946888624,0.5409367155502708,0.5525383141762452,0.01160159862597443
als,8,version_32,0,stratified,48,42,2076,2076,0.5596411507233787,0.5197383808346421,0.49531558020648864,-0.02442280062815344
als,8,version_32,0,stratified,48,43,2076,2076,0.5373701092585786,0.5330565672090615,0.5252639580340138,-0.007792609175047649
als,8,version_32,0,stratified,48,44,2076,2076,0.5261535634334592,0.5512396003875839,0.47195028233485914,-0.07928931805272477
als,8,version_32,0,stratified,48,45,2076,2076,0.5188061746132514,0.5528383841758829,0.530654214975442,-0.022184169200440973
als,8,version_32,0,stratified,48,46,2076,2076,0.5233536035283505,0.5473787964850145,0.5519679909118246,0.00458919442681005
als,8,version_32,0,stratified,96,42,2052,2052,0.5174532334735474,0.5619233268356075,0.4788670018125235,-0.08305632502308402
als,8,version_32,0,stratified,96,43,2052,2052,0.5275777162203755,0.543592900379604,0.5441127184432817,0.000519818063677735
als,8,version_32,0,stratified,96,44,2052,2052,0.5279248315721077,0.5452686296638282,0.5420505454669813,-0.003218084196846882
als,8,version_32,0,stratified,96,45,2052,2052,0.5291593994733422,0.5414264218049999,0.5415837351663759,0.00015731336137603247
als,8,version_32,0,stratified,96,46,2052,2052,0.5353390786908793,0.534154098697035,0.5591327245990219,0.02497862590198685
als,8,version_32,0,stratified,240,42,1980,1980,0.5490909090909091,0.5313223140495867,0.5012176308539944,-0.03010468319559234
als,8,version_32,0,stratified,240,43,1980,1980,0.5185307621671258,0.54544536271809,0.5520091827364556,0.00656382001836564
als,8,version_32,0,stratified,240,44,1980,1980,0.5340055096418733,0.5404536271809,0.5463112947658403,0.005857667584940329
als,8,version_32,0,stratified,240,45,1980,1980,0.5464885215794307,0.5170817263544536,0.5348337924701562,0.01775206611570257
als,8,version_32,0,stratified,240,46,1980,1980,0.5443250688705235,0.521623507805326,0.5342699724517906,0.012646464646464683
als,8,version_32,0,stratified,480,42,1860,1860,0.5462081165452652,0.529837669094693,0.5296233090530698,-0.00021436004162322941
als,8,version_32,0,stratified,480,43,1860,1860,0.5332965660770032,0.5350072840790843,0.5593652445369407,0.02435796045785643
als,8,version_32,0,stratified,480,44,1860,1860,0.5391404786680541,0.5305390218522373,0.5509094693028096,0.02037044745057226
als,8,version_32,0,stratified,480,45,1860,1860,0.5178459937565036,0.5425161290322581,0.5458959417273673,0.00337981269510923
als,8,version_32,0,stratified,480,46,1860,1860,0.5312029136316339,0.5318751300728408,0.5241477627471385,-0.007727367325702339
als,8,version_33,0,stratified,24,42,2088,2088,0.6677797595455146,0.630600145329634,0.5472684634694147,-0.08333168186021933
als,8,version_33,0,stratified,24,43,2088,2088,0.6590005284713966,0.6373001717532039,0.585258950984278,-0.05204122076892581
als,8,version_33,0,stratified,24,44,2088,2088,0.6585678425155239,0.6385701545778836,0.49430076628352493,-0.14426938829435865
als,8,version_33,0,stratified,24,45,2088,2088,0.6497770511296076,0.6455410225921523,0.5678953626634958,-0.07764565992865646
als,8,version_33,0,stratified,24,46,2088,2088,0.6313168846611177,0.6632861012022724,0.6444626106486986,-0.018823490553573796
als,8,version_33,0,stratified,48,42,2076,2076,0.6515520064151825,0.6479768786127167,0.5961542316816466,-0.05182264693107008
als,8,version_33,0,stratified,48,43,2076,2076,0.6570433358949513,0.636267499749407,0.5922533328878345,-0.044014166861572446
als,8,version_33,0,stratified,48,44,2076,2076,0.6250309064786662,0.672489892746166,0.5897891676968827,-0.08270072504928327
als,8,version_33,0,stratified,48,45,2076,2076,0.6471064853486584,0.6475959771459121,0.5830615790704667,-0.06453439807544536
als,8,version_33,0,stratified,48,46,2076,2076,0.6389605399445354,0.6547779745397441,0.6410538273914932,-0.013724147148250876
als,8,version_33,0,stratified,96,42,2052,2052,0.639460004787798,0.6635255292226667,0.5958482952019425,-0.06767723402072423
als,8,version_33,0,stratified,96,43,2052,2052,0.640521869977087,0.6540730481173694,0.6316781231832017,-0.022394924934167726
als,8,version_33,0,stratified,96,44,2052,2052,0.6337129373140453,0.6627611914777196,0.6275589070141241,-0.03520228446359552
als,8,version_33,0,stratified,96,45,2052,2052,0.6317465202968434,0.6614787455969358,0.6315122601826203,-0.029966485414315458
als,8,version_33,0,stratified,96,46,2052,2052,0.633928388222017,0.6607879347491536,0.6048835539140248,-0.05590438083512883
als,8,version_33,0,stratified,240,42,1980,1980,0.6636088154269972,0.6404517906336089,0.6182938475665748,-0.022157943067034114
als,8,version_33,0,stratified,240,43,1980,1980,0.6505840220385675,0.6418163452708908,0.6202901744719926,-0.02152617079889818
als,8,version_33,0,stratified,240,44,1980,1980,0.6372249770431588,0.6592966023875115,0.6679173553719008,0.008620752984389246
als,8,version_33,0,stratified,240,45,1980,1980,0.6506005509641873,0.6351147842056933,0.615922865013774,-0.019191919191919316
als,8,version_33,0,stratified,240,46,1980,1980,0.6469568411386593,0.643584940312213,0.626455463728191,-0.017129476584021974
als,8,version_33,0,stratified,480,42,1860,1860,0.6504703433922996,0.6552445369406867,0.6539136316337149,-0.0013309053069718857
als,8,version_33,0,stratified,480,43,1860,1860,0.641105098855359,0.6596545265348597,0.671423517169615,0.011768990634755339
als,8,version_33,0,stratified,480,44,1860,1860,0.6548116545265348,0.6358563995837669,0.6423433922996878,0.006486992715920903
als,8,version_33,0,stratified,480,45,1860,1860,0.6438543184183142,0.6371446409989593,0.6359375650364204,-0.0012070759625388838
als,8,version_33,0,stratified,480,46,1860,1860,0.6628095733610823,0.6306472424557752,0.6138064516129031,-0.016840790842872044
als,8,version_34,0,stratified,24,42,2088,2088,0.5497498018232263,0.5489926014004491,0.44659961685823757,-0.10239298454221157
als,8,version_34,0,stratified,24,43,2088,2088,0.5574481437442198,0.5424354274012418,0.5332408508389483,-0.0091945765622935
als,8,version_34,0,stratified,24,44,2088,2088,0.5544457656229357,0.5420729290527151,0.5428540758356455,0.0007811467829303975
als,8,version_34,0,stratified,24,45,2088,2088,0.5547826661381953,0.5423148698639186,0.5179663760073986,-0.024348493856520048
als,8,version_34,0,stratified,24,46,2088,2088,0.5491717862333201,0.5467234773417888,0.5264466904478795,-0.020276786893909327
als,8,version_34,0,stratified,48,42,2076,2076,0.5730403621905176,0.5275618964883557,0.47310133983761565,-0.054460556650740066
als,8,version_34,0,stratified,48,43,2076,2076,0.5496558521835009,0.547459821577734,0.5458434962745163,-0.0016163253032176472
als,8,version_34,0,stratified,48,44,2076,2076,0.5275936382772561,0.5704099702629557,0.535042934946039,-0.03536703531691665
als,8,version_34,0,stratified,48,45,2076,2076,0.5404139797520799,0.5556450265628654,0.5174145477630391,-0.03823047879982633
als,8,version_34,0,stratified,48,46,2076,2076,0.5505262454475592,0.5424613251361556,0.5305857195362358,-0.011875605599919847
als,8,version_34,0,stratified,96,42,2052,2052,0.5341506788413528,0.5678345473821005,0.44320645668752773,-0.12462809069457276
als,8,version_34,0,stratified,96,43,2052,2052,0.547460757156048,0.5500085496392052,0.5267586607845149,-0.02324988885469026
als,8,version_34,0,stratified,96,44,2052,2052,0.5410835812728703,0.5538935056940597,0.5584949215143121,0.004601415820252419
als,8,version_34,0,stratified,96,45,2052,2052,0.5408895044629117,0.5562771451044766,0.5143787832153484,-0.04189836188912821
als,8,version_34,0,stratified,96,46,2052,2052,0.5452310112513252,0.5482028658390616,0.5483806983345303,0.00017783249546865498
als,8,version_34,0,stratified,240,42,1980,1980,0.5575656565656566,0.5448044077134986,0.48397245179063364,-0.060831955922864944
als,8,version_34,0,stratified,240,43,1980,1980,0.5210688705234159,0.5762001836547291,0.530912764003673,-0.04528741965105609
als,8,version_34,0,stratified,240,44,1980,1980,0.546793388429752,0.5466951331496785,0.55278145087236,0.0060863177226814225
als,8,version_34,0,stratified,240,45,1980,1980,0.5584159779614325,0.5334618916437098,0.5406097337006428,0.007147842056932974
als,8,version_34,0,stratified,240,46,1980,1980,0.5498310376492195,0.5433057851239669,0.5538916437098256,0.010585858585858698
als,8,version_34,0,stratified,480,42,1860,1860,0.5599719042663892,0.5391675338189386,0.5636586888657649,0.024491155046826307
als,8,version_34,0,stratified,480,43,1860,1860,0.53515296566077,0.5606389177939646,0.5729843912591052,0.012345473465140588
als,8,version_34,0,stratified,480,44,1860,1860,0.5592965660770032,0.5234214360041624,0.5291175858480749,0.005696149843912535
als,8,version_34,0,stratified,480,45,1860,1860,0.5286961498439127,0.5579188345473466,0.5384536940686785,-0.019465140478668097
als,8,version_34,0,stratified,480,46,1860,1860,0.5336378772112383,0.551531737773153,0.5322122788761706,-0.01931945889698239
als,8,version_35,0,stratified,24,42,2088,2088,0.5207127757960099,0.5251701017307439,0.4757233452239397,-0.049446756506804135
als,8,version_35,0,stratified,24,43,2088,2088,0.5240454485400977,0.5201810014532964,0.5032220240454486,-0.016958977407847797
als,8,version_35,0,stratified,24,44,2088,2088,0.5231486986391862,0.520618641828511,0.5141432157484476,-0.006475426080063462
als,8,version_35,0,stratified,24,45,2088,2088,0.5303986656097238,0.5120788743559255,0.5288603184040164,0.0167814440480909
als,8,version_35,0,stratified,24,46,2088,2088,0.5147773814242305,0.5279462280354076,0.5361061566917691,0.008159928656361504
als,8,version_35,0,stratified,48,42,2076,2076,0.5363593838751712,0.5121587757693207,0.5046476661432056,-0.00751110962611512
als,8,version_35,0,stratified,48,43,2076,2076,0.5213020815931037,0.5203615222693708,0.5150573022820675,-0.005304219987303349
als,8,version_35,0,stratified,48,44,2076,2076,0.49389722342878145,0.5502121687994921,0.4896688830231548,-0.060543285776337274
als,8,version_35,0,stratified,48,45,2076,2076,0.5142888168665842,0.5271058171004711,0.5332946306258144,0.006188813525343284
als,8,version_35,0,stratified,48,46,2076,2076,0.5117377794112734,0.5277322997761369,0.53646797420562,0.008735674429483087
als,8,version_35,0,stratified,96,42,2052,2052,0.5084213946171472,0.5425891727369105,0.45621729763004,-0.08637187510687055
als,8,version_35,0,stratified,96,43,2052,2052,0.5158099928183031,0.5258455593173968,0.5025135939263363,-0.023331965391060527
als,8,version_35,0,stratified,96,44,2052,2052,0.515237166991553,0.5266406757634827,0.543555281967101,0.016914606203618288
als,8,version_35,0,stratified,96,45,2052,2052,0.512092609691871,0.5274717006942307,0.5286412913375056,0.0011695906432749315
als,8,version_35,0,stratified,96,46,2052,2052,0.5341660681919224,0.5074142471187716,0.5287490167914914,0.021334769672719855
als,8,version_35,0,stratified,240,42,1980,1980,0.5360312213039486,0.514159779614325,0.5157887970615244,0.0016290174471993435
als,8,version_35,0,stratified,240,43,1980,1980,0.5125509641873278,0.5268888888888889,0.5127805325987145,-0.014108356290174373
als,8,version_35,0,stratified,240,44,1980,1980,0.51465564738292,0.524593204775023,0.5345307621671258,0.00993755739210278
als,8,version_35,0,stratified,240,45,1980,1980,0.5311129476584022,0.5007052341597796,0.5013370064279155,0.0006317722681358218
als,8,version_35,0,stratified,240,46,1980,1980,0.516238751147842,0.5223452708907255,0.5249917355371901,0.0026464646464646746
als,8,version_35,0,stratified,480,42,1860,1860,0.5308803329864724,0.5151071800208117,0.5123964620187305,-0.002710718002081225
als,8,version_35,0,stratified,480,43,1860,1860,0.5199375650364204,0.5238231009365244,0.5231612903225806,-0.0006618106139437696
als,8,version_35,0,stratified,480,44,1860,1860,0.5336253902185224,0.4987242455775234,0.5025223725286161,0.0037981269510927174
als,8,version_35,0,stratified,480,45,1860,1860,0.4994963579604579,0.5291862643080125,0.5311956295525495,0.002009365244536987
als,8,version_35,0,stratified,480,46,1860,1860,0.5221498439125911,0.5214027055150885,0.476738813735692,-0.0446638917793965
als,8,version_36,0,stratified,24,42,2088,2088,0.5327231140177038,0.5359707358964196,0.4820732593473378,-0.053897476549081835
als,8,version_36,0,stratified,24,43,2088,2088,0.5371069493988638,0.5330459770114944,0.5113010305192232,-0.02174494649227121
als,8,version_36,0,stratified,24,44,2088,2088,0.5328263310873299,0.534892323952966,0.5061129277315366,-0.028779396221429443
als,8,version_36,0,stratified,24,45,2088,2088,0.5384165675782798,0.5279990751750563,0.5115471000132118,-0.01645197516184449
als,8,version_36,0,stratified,24,46,2088,2088,0.5243006011362135,0.5429250891795482,0.5536175518562557,0.010692462676707537
als,8,version_36,0,stratified,48,42,2076,2076,0.5534022185839821,0.5183668014300511,0.5146897657790103,-0.0036770356510408275
als,8,version_36,0,stratified,48,43,2076,2076,0.5357855257442614,0.5319456045975475,0.5236192321828327,-0.008326372414714789
als,8,version_36,0,stratified,48,44,2076,2076,0.5126683150121956,0.5549383541047145,0.5528149954893247,-0.0021233586153898143
als,8,version_36,0,stratified,48,45,2076,2076,0.5243033512646598,0.5397991914196933,0.5190851682314812,-0.02071402318821214
als,8,version_36,0,stratified,48,46,2076,2076,0.5350821945270473,0.5292893180527247,0.5489475091048815,0.019658191052156826
als,8,version_36,0,stratified,96,42,2052,2052,0.5221179166239185,0.5506677268219281,0.46958294859956906,-0.08108477822235904
als,8,version_36,0,stratified,96,43,2052,2052,0.5273614103484833,0.5389094080229815,0.5262149037310626,-0.012694504291918873
als,8,version_36,0,stratified,96,44,2052,2052,0.5270066003214665,0.5380894976232002,0.5627030539311241,0.024613556307923834
als,8,version_36,0,stratified,96,45,2052,2052,0.5218802366540132,0.5399661434287473,0.524527204951951,-0.015438938476796227
als,8,version_36,0,stratified,96,46,2052,2052,0.5333512875756643,0.5325433466707705,0.5398601279026025,0.0073167812318319925
als,8,version_36,0,stratified,240,42,1980,1980,0.5501910009182737,0.521068870523416,0.5209127640036731,-0.00015610651974284906
als,8,version_36,0,stratified,240,43,1980,1980,0.5105886134067953,0.5519651056014692,0.5229348025711662,-0.029030303030302962
als,8,version_36,0,stratified,240,44,1980,1980,0.5342415059687787,0.5311092745638201,0.5476694214876033,0.01656014692378327
als,8,version_36,0,stratified,240,45,1980,1980,0.5394995408631772,0.5176473829201101,0.5244334251606979,0.006786042240587764
als,8,version_36,0,stratified,240,46,1980,1980,0.5377667584940312,0.529823691460055,0.5215518824609734,-0.008271808999081642
als,8,version_36,0,stratified,480,42,1860,1860,0.5394276795005203,0.5300530697190426,0.5605483870967742,0.03049531737773159
als,8,version_36,0,stratified,480,43,1860,1860,0.5312049947970865,0.5355182101977107,0.5431852237252861,0.007667013527575373
als,8,version_36,0,stratified,480,44,1860,1860,0.5388834547346515,0.5159209157127992,0.5395983350676379,0.02367741935483869
als,8,version_36,0,stratified,480,45,1860,1860,0.5166992715920916,0.531996878251821,0.5381831425598335,0.006186264308012501
als,8,version_36,0,stratified,480,46,1860,1860,0.5268803329864724,0.5398480749219563,0.5137180020811654,-0.02613007284079094
als,8,version_37,0,stratified,24,42,2088,2088,0.5286084687541287,0.533024507861012,0.4749388954947813,-0.058085612366230666
als,8,version_37,0,stratified,24,43,2088,2088,0.5301228695996829,0.5297942264499934,0.5270147971991016,-0.0027794292508918073
als,8,version_37,0,stratified,24,44,2088,2088,0.5329601004095653,0.5277810807240059,0.4867783062491742,-0.041002774474831694
als,8,version_37,0,stratified,24,45,2088,2088,0.5372175980975029,0.5209737085480248,0.5148087594133968,-0.006164949134628062
als,8,version_37,0,stratified,24,46,2088,2088,0.5193668252080856,0.538900449200687,0.5377576298057869,-0.0011428193949001297
als,8,version_37,0,stratified,48,42,2076,2076,0.5448795482642254,0.5186558187710916,0.4843863811019412,-0.03426943766915036
als,8,version_37,0,stratified,48,43,2076,2076,0.531111964983795,0.5249139630458752,0.522645260449731,-0.002268702596144201
als,8,version_37,0,stratified,48,44,2076,2076,0.5068846269504494,0.553239333088309,0.5032568746032277,-0.049982458485081316
als,8,version_37,0,stratified,48,45,2076,2076,0.5206973169835276,0.5358448327708911,0.5217347722944301,-0.014110060476461017
als,8,version_37,0,stratified,48,46,2076,2076,0.5190099903104013,0.5357395836813793,0.534343780279996,-0.0013958034013833442
als,8,version_37,0,stratified,96,42,2052,2052,0.5131339557470674,0.5518398823569645,0.45091139153927706,-0.1009284908176874
als,8,version_37,0,stratified,96,43,2052,2052,0.5207328750726719,0.5349304059368694,0.5171745152354571,-0.017755890701412258
als,8,version_37,0,stratified,96,44,2052,2052,0.5200147053794331,0.5361188057863959,0.5426387606443008,0.006519954857904908
als,8,version_37,0,stratified,96,45,2052,2052,0.5187100304367156,0.534304572347047,0.5255959098526042,-0.008708662494442798
als,8,version_37,0,stratified,96,46,2052,2052,0.5379005505967648,0.5174840121746862,0.5158117027461442,-0.0016723094285420181
als,8,version_37,0,stratified,240,42,1980,1980,0.5335206611570248,0.5299191919191919,0.4978007346189164,-0.032118457300275516
als,8,version_37,0,stratified,240,43,1980,1980,0.5094876033057851,0.545643709825528,0.5193259871441689,-0.026317722681359124
als,8,version_37,0,stratified,240,44,1980,1980,0.5233994490358127,0.5332837465564739,0.5255022956841138,-0.007781450872360152
als,8,version_37,0,stratified,240,45,1980,1980,0.5311404958677686,0.5161597796143251,0.5153590449954086,-0.0008007346189164988
als,8,version_37,0,stratified,240,46,1980,1980,0.5290449954086318,0.5232617079889808,0.5232837465564738,2.203856749305455e-05
als,8,version_37,0,stratified,480,42,1860,1860,0.5339021852237253,0.5261123829344432,0.5518449531737774,0.025732570239334174
als,8,version_37,0,stratified,480,43,1860,1860,0.5223288241415193,0.5365265348595213,0.5348178980228928,-0.0017086368366284743
als,8,version_37,0,stratified,480,44,1860,1860,0.5392237252861602,0.513885535900104,0.509748178980229,-0.004137356919875046
als,8,version_37,0,stratified,480,45,1860,1860,0.5111758584807492,0.5314380853277836,0.5254859521331946,-0.005952133194588982
als,8,version_37,0,stratified,480,46,1860,1860,0.5272507804370447,0.5257939646201873,0.499009365244537,-0.026784599375650364
als,8,version_38,0,stratified,24,42,2088,2088,0.5136040097767208,0.5089410754392918,0.47332458052582904,-0.03561649491346275
als,8,version_38,0,stratified,24,43,2088,2088,0.5169672347734179,0.5034185493460166,0.5099435196195006,0.0065249702734839765
als,8,version_38,0,stratified,24,44,2088,2088,0.5103497820055489,0.5105809882415114,0.48222189192759934,-0.02835909631391209
als,8,version_38,0,stratified,24,45,2088,2088,0.5141101862861672,0.5032534020346149,0.4942371845686352,-0.009016217465979692
als,8,version_38,0,stratified,24,46,2088,2088,0.4972511230017175,0.5223493856520016,0.5022641696393182,-0.020085216012683427
als,8,version_38,0,stratified,48,42,2076,2076,0.5246934411440408,0.4999423635938388,0.5037923084633633,0.003849944869524502
als,8,version_38,0,stratified,48,43,2076,2076,0.5142420394934678,0.5022528317016941,0.5041247619365832,0.0018719302348890743
als,8,version_38,0,stratified,48,44,2076,2076,0.4904691102275385,0.5312122022119015,0.4774207290587724,-0.053791473153129044
als,8,version_38,0,stratified,48,45,2076,2076,0.502211066189983,0.513577132547028,0.5025760967623376,-0.01100103578469036
als,8,version_38,0,stratified,48,46,2076,2076,0.49203030505529755,0.5243225634000468,0.519020014033212,-0.00530254936683483
als,8,version_38,0,stratified,96,42,2052,2052,0.4900302657227865,0.5352450326596218,0.4670573851783455,-0.06818764748127626
als,8,version_38,0,stratified,96,43,2052,2052,0.4962791970178858,0.5195957730583769,0.49318422762559416,-0.026411545432782735
als,8,version_38,0,stratified,96,44,2052,2052,0.5099150165863001,0.5092096713518689,0.5109332786156424,0.001723607263773519
als,8,version_38,0,stratified,96,45,2052,2052,0.492570363530659,0.5206422488970965,0.5005163982079955,-0.020125850689101
als,8,version_38,0,stratified,96,46,2052,2052,0.5160391231490031,0.4997093122670223,0.5023417461783113,0.0026324339112889783
als,8,version_38,0,stratified,240,42,1980,1980,0.5302708907254362,0.49778696051423327,0.4932497704315886,-0.004537190082644693
als,8,version_38,0,stratified,240,43,1980,1980,0.4891258034894399,0.5237594123048669,0.4911423324150597,-0.032617079889807166
als,8,version_38,0,stratified,240,44,1980,1980,0.49905417814508723,0.5205840220385675,0.5149155188246097,-0.005668503213957732
als,8,version_38,0,stratified,240,45,1980,1980,0.5175399449035812,0.49269788797061526,0.4886675849403122,-0.004030303030303051
als,8,version_38,0,stratified,240,46,1980,1980,0.512969696969697,0.500651974288338,0.5283213957759412,0.027669421487603207
als,8,version_38,0,stratified,480,42,1860,1860,0.5147845993756504,0.5065244536940687,0.5093569198751301,0.002832466181061366
als,8,version_38,0,stratified,480,43,1860,1860,0.5089802289281997,0.5056836628511967,0.5107783558792924,0.0050946930280957314
als,8,version_38,0,stratified,480,44,1860,1860,0.5030884495317378,0.507117585848075,0.5125182101977107,0.00540062434963573
als,8,version_38,0,stratified,480,45,1860,1860,0.4985015608740895,0.5096066597294485,0.5073652445369408,-0.0022414151925077563
als,8,version_38,0,stratified,480,46,1860,1860,0.4997294484911551,0.51474505723205,0.4813236212278876,-0.03342143600416242
als,8,version_39,0,stratified,24,42,2088,2088,0.5615355397014137,0.5311765094464262,0.5338469414717928,0.0026704320253665426
als,8,version_39,0,stratified,24,43,2088,2088,0.561857576958647,0.5305390408244154,0.512967366891267,-0.017571673933148402
als,8,version_39,0,stratified,24,44,2088,2088,0.5504508521601268,0.5418731008059189,0.5255507662835248,-0.016322334522394066
als,8,version_39,0,stratified,24,45,2088,2088,0.5491115074646584,0.5418499801823227,0.5199630070022461,-0.021886973180076597
als,8,version_39,0,stratified,24,46,2088,2088,0.5348725062755978,0.5564324877790989,0.5409961685823754,-0.015436319196723503
als,8,version_39,0,stratified,48,42,2076,2076,0.5640064820074175,0.529414614587858,0.5396588593003442,0.010244244712486195
als,8,version_39,0,stratified,48,43,2076,2076,0.5539961241605132,0.5346971165090715,0.5342226602960339,-0.00047445621303754404
als,8,version_39,0,stratified,48,44,2076,2076,0.5326706538808513,0.5607019947208394,0.502490895118447,-0.05821109960239235
als,8,version_39,0,stratified,48,45,2076,2076,0.5349343446155902,0.5551321460790537,0.5149929833940325,-0.04013916268502116
als,8,version_39,0,stratified,48,46,2076,2076,0.5255805406127836,0.5633549400247251,0.5757601323131412,0.012405192288416078
als,8,version_39,0,stratified,96,42,2052,2052,0.5312147327382785,0.5647276084949215,0.5090044800109436,-0.05572312848397798
als,8,version_39,0,stratified,96,43,2052,2052,0.5416059642283095,0.5466588009985979,0.5517389966143429,0.00508019561574502
als,8,version_39,0,stratified,96,44,2052,2052,0.5271929824561403,0.5629954515919429,0.5357588659758559,-0.027236585616086995
als,8,version_39,0,stratified,96,45,2052,2052,0.5411750624123662,0.5494613727300708,0.5332256078793476,-0.0162357648507232
als,8,version_39,0,stratified,96,46,2052,2052,0.5490202113470811,0.5411579631339557,0.5301460278376252,-0.011011935296330488
als,8,version_39,0,stratified,240,42,1980,1980,0.5596345270890726,0.5363526170798899,0.577821854912764,0.04146923783287415
als,8,version_39,0,stratified,240,43,1980,1980,0.5259118457300276,0.5590266299357208,0.5407089072543618,-0.018317722681359005
als,8,version_39,0,stratified,240,44,1980,1980,0.5289715335169881,0.5621505968778696,0.5737134986225896,0.011562901744719967
als,8,version_39,0,stratified,240,45,1980,1980,0.5616510560146923,0.523307621671258,0.5181395775941231,-0.005168044077134892
als,8,version_39,0,stratified,240,46,1980,1980,0.5499908172635445,0.5408246097337006,0.5562828282828283,0.015458218549127656
als,8,version_39,0,stratified,480,42,1860,1860,0.5474588969823102,0.541219562955255,0.5834172736732571,0.04219771071800216
als,8,version_39,0,stratified,480,43,1860,1860,0.545627471383975,0.5409469302809573,0.5707533818938606,0.029806451612903295
als,8,version_39,0,stratified,480,44,1860,1860,0.5437148803329864,0.5370176899063476,0.5568761706555672,0.019858480749219587
als,8,version_39,0,stratified,480,45,1860,1860,0.5352799167533818,0.5439479708636836,0.5446056191467221,0.0006576482830384922
als,8,version_39,0,stratified,480,46,1860,1860,0.5458896982310093,0.5431092611862642,0.5277523413111342,-0.015356919875129993
als,8,version_40,0,stratified,24,42,2088,2088,0.5601483022856388,0.5397889417360285,0.4597230479587792,-0.08006589377724932
als,8,version_40,0,stratified,24,43,2088,2088,0.5591243889549478,0.5395759017043202,0.5300155238472717,-0.009560377857048552
als,8,version_40,0,stratified,24,44,2088,2088,0.5553573787818735,0.5437987184568636,0.520434502576298,-0.023364215880565586
als,8,version_40,0,stratified,24,45,2088,2088,0.5544375082573656,0.5427533359756903,0.5547991808693354,0.01204584489364513
als,8,version_40,0,stratified,24,46,2088,2088,0.5320963799709341,0.5655502708415906,0.5626469811071475,-0.002903289734443093
als,8,version_40,0,stratified,48,42,2076,2076,0.5723027832537004,0.5292909886731931,0.49068796150890437,-0.03860302716428876
als,8,version_40,0,stratified,48,43,2076,2076,0.5542784590196799,0.5423485582545358,0.5352701393297471,-0.007078418924788665
als,8,version_40,0,stratified,48,44,2076,2076,0.5286461291723746,0.568600688295633,0.5460690300377561,-0.022531658257876952
als,8,version_40,0,stratified,48,45,2076,2076,0.5249841291055498,0.5695947074743559,0.5485465601924555,-0.02104814728190041
als,8,version_40,0,stratified,48,46,2076,2076,0.5351531958969562,0.5581509572655284,0.5691503224297505,0.010999365164222064
als,8,version_40,0,stratified,96,42,2052,2052,0.5415050784856879,0.5621062891145994,0.45667384836359903,-0.10543244075100033
als,8,version_40,0,stratified,96,43,2052,2052,0.5429294483772785,0.5527632433911289,0.5628518176532951,0.010088574262166139
als,8,version_40,0,stratified,96,44,2052,2052,0.5271262952703396,0.5661126500461681,0.5693871618617694,0.003274511815601344
als,8,version_40,0,stratified,96,45,2052,2052,0.5379501385041552,0.5545415683458158,0.5557539071851167,0.0012123388393009416
als,8,version_40,0,stratified,96,46,2052,2052,0.5535070620019835,0.539803700283848,0.5629851920248965,0.023181491741048443
als,8,version_40,0,stratified,240,42,1980,1980,0.562058769513315,0.5397300275482093,0.5346850321395776,-0.005044995408631681
als,8,version_40,0,stratified,240,43,1980,1980,0.525959595959596,0.5659632690541782,0.5665289256198347,0.0005656565656565471
als,8,version_40,0,stratified,240,44,1980,1980,0.5361891643709825,0.5583158861340679,0.5750358126721763,0.016719926538108387
als,8,version_40,0,stratified,240,45,1980,1980,0.5592635445362718,0.524,0.5345307621671258,0.010530762167125785
als,8,version_40,0,stratified,240,46,1980,1980,0.5514710743801653,0.5440091827364555,0.5540936639118458,0.010084481175390292
als,8,version_40,0,stratified,480,42,1860,1860,0.551279916753382,0.5468116545265349,0.5708095733610822,0.02399791883454727
als,8,version_40,0,stratified,480,43,1860,1860,0.5561269510926118,0.5450447450572321,0.564420395421436,0.019375650364203856
als,8,version_40,0,stratified,480,44,1860,1860,0.5465639958376691,0.5396919875130073,0.5439947970863684,0.004302809573361155
als,8,version_40,0,stratified,480,45,1860,1860,0.5384432882414152,0.5396628511966701,0.5350967741935484,-0.004566077003121727
als,8,version_40,0,stratified,480,46,1860,1860,0.5458626430801249,0.5533839750260146,0.5301269510926119,-0.023257023933402676
