paradigm,subject,fold,permute_k,split,calib_size,seed,n_val,baseline_auc,status,accepted,adapted_auc,deployed_auc,delta_auc,internal_val_auc,best_epoch
mi,99,version_27,0,stratified,10,42,2,0.7655038759689922,ungateable,,,0.7655038759689922,0.0,,
mi,99,version_27,0,stratified,10,43,2,0.735422986181328,ungateable,,,0.735422986181328,0.0,,
mi,99,version_27,0,stratified,10,44,2,0.7369396697000338,ungateable,,,0.7369396697000338,0.0,,
mi,99,version_27,0,stratified,10,45,2,0.73154701718908,ungateable,,,0.73154701718908,0.0,,
mi,99,version_27,0,stratified,10,46,2,0.7371081900910009,ungateable,,,0.7371081900910009,0.0,,
mi,99,version_27,0,stratified,20,42,5,0.7645971914264598,ungateable,,,0.7645971914264598,0.0,,
mi,99,version_27,0,stratified,20,43,5,0.7266260162601625,ungateable,,,0.7266260162601625,0.0,,
mi,99,version_27,0,stratified,20,44,5,0.7340169992609017,ungateable,,,0.7340169992609017,0.0,,
mi,99,version_27,0,stratified,20,45,5,0.7276422764227642,ungateable,,,0.7276422764227642,0.0,,
mi,99,version_27,0,stratified,20,46,5,0.7427937915742794,ungateable,,,0.7427937915742794,0.0,,
mi,99,version_27,0,stratified,50,42,12,0.7856163529851676,ok,1,0.7874859778137854,0.7874859778137854,0.0018696248286177441,0.45714285714285713,0
mi,99,version_27,0,stratified,50,43,12,0.7123270597033529,ok,1,0.7143213261872118,0.7143213261872118,0.0019942664838589197,0.942857142857143,2
mi,99,version_27,0,stratified,50,44,12,0.7574473389006607,ok,1,0.7519631060700486,0.7519631060700486,-0.005484232830612168,0.7714285714285715,15
mi,99,version_27,0,stratified,50,45,12,0.7524616726910133,ok,0,0.7562009223482488,0.7524616726910133,0.0,0.942857142857143,0
mi,99,version_27,0,stratified,50,46,12,0.7665461797332668,ok,1,0.7742739623582201,0.7742739623582201,0.007727782624953328,0.8571428571428572,1
mi,99,version_27,0,stratified,100,42,25,0.7786116322701689,ok,1,0.7553939962476547,0.7553939962476547,-0.023217636022514254,0.6666666666666666,11
mi,99,version_27,0,stratified,100,43,25,0.7117729831144465,ok,1,0.7091932457786116,0.7091932457786116,-0.0025797373358348308,0.9166666666666666,0
mi,99,version_27,0,stratified,100,44,25,0.7455440900562852,ok,1,0.751172607879925,0.751172607879925,0.0056285178236398226,0.8958333333333334,0
mi,99,version_27,0,stratified,100,45,25,0.7814258911819887,ok,1,0.7823639774859287,0.7823639774859287,0.0009380863039399889,0.7,6
mi,99,version_27,0,stratified,100,46,25,0.7917448405253282,ok,1,0.7779080675422139,0.7779080675422139,-0.013836772983114365,0.7266666666666667,12
mi,99,version_27,0,stratified,150,42,38,0.7127403846153847,ok,1,0.7091346153846153,0.7091346153846153,-0.0036057692307693845,0.9217391304347826,3
mi,99,version_27,0,stratified,150,43,38,0.6814903846153846,ok,1,0.6856971153846154,0.6856971153846154,0.0042067307692308376,0.6927536231884058,0
mi,99,version_27,0,stratified,150,44,38,0.7457932692307693,ok,1,0.7199519230769231,0.7199519230769231,-0.025841346153846145,0.7884057971014493,6
mi,99,version_27,0,stratified,150,45,38,0.7536057692307692,ok,0,0.7518028846153845,0.7536057692307692,0.0,0.6956521739130435,0
mi,99,version_27,0,stratified,150,46,38,0.7902644230769231,ok,1,0.7956730769230769,0.7956730769230769,0.005408653846153744,0.8057971014492753,9
mi,99,version_27,0,stratified,200,42,50,0.8095238095238095,ok,1,0.8461538461538461,0.8461538461538461,0.03663003663003661,0.6129032258064516,6
mi,99,version_27,0,stratified,200,43,50,0.6776556776556777,ok,1,0.6776556776556777,0.6776556776556777,0.0,0.7826825127334464,2
mi,99,version_27,0,stratified,200,44,50,0.706959706959707,ok,1,0.6813186813186813,0.6813186813186813,-0.02564102564102566,0.733446519524618,1
mi,99,version_27,0,stratified,200,45,50,0.8058608058608059,ok,0,0.8095238095238095,0.8058608058608059,0.0,0.7758913412563667,1
mi,99,version_27,0,stratified,200,46,50,0.8058608058608059,ok,1,0.8058608058608059,0.8058608058608059,0.0,0.7860780984719864,6
mi,99,version_27,0,temporal_array,10,42,2,0.7366906474820144,ungateable,,,0.7366906474820144,0.0,,
mi,99,version_27,0,temporal_array,10,43,2,0.7366906474820144,ungateable,,,0.7366906474820144,0.0,,
mi,99,version_27,0,temporal_array,10,44,2,0.7366906474820144,ungateable,,,0.7366906474820144,0.0,,
mi,99,version_27,0,temporal_array,10,45,2,0.7366906474820144,ungateable,,,0.7366906474820144,0.0,,
mi,99,version_27,0,temporal_array,10,46,2,0.7366906474820144,ungateable,,,0.7366906474820144,0.0,,
mi,99,version_27,0,temporal_array,20,42,5,0.7298507462686568,ungateable,,,0.7298507462686568,0.0,,
mi,99,version_27,0,temporal_array,20,43,5,0.7298507462686568,ungateable,,,0.7298507462686568,0.0,,
mi,99,version_27,0,temporal_array,20,44,5,0.7298507462686568,ungateable,,,0.7298507462686568,0.0,,
mi,99,version_27,0,temporal_array,20,45,5,0.7298507462686568,ungateable,,,0.7298507462686568,0.0,,
mi,99,version_27,0,temporal_array,20,46,5,0.7298507462686568,ungateable,,,0.7298507462686568,0.0,,
mi,99,version_27,0,temporal_array,50,42,12,0.714453125,ok,1,0.7410156250000001,0.7410156250000001,0.026562500000000044,0.888888888888889,23
mi,99,version_27,0,temporal_array,50,43,12,0.714453125,ok,0,0.71875,0.714453125,0.0,0.75,0
mi,99,version_27,0,temporal_array,50,44,12,0.714453125,ok,0,0.71875,0.714453125,0.0,0.9722222222222223,0
mi,99,version_27,0,temporal_array,50,45,12,0.714453125,ok,0,0.7178385416666666,0.714453125,0.0,0.888888888888889,0
mi,99,version_27,0,temporal_array,50,46,12,0.714453125,ok,0,0.7149739583333333,0.714453125,0.0,0.8333333333333333,0
mi,99,version_27,0,temporal_array,100,42,25,0.7686403508771931,ok,1,0.7072368421052632,0.7072368421052632,-0.061403508771929904,0.8012820512820513,12
mi,99,version_27,0,temporal_array,100,43,25,0.7686403508771931,ok,1,0.7804276315789472,0.7804276315789472,0.011787280701754166,0.782051282051282,3
mi,99,version_27,0,temporal_array,100,44,25,0.7686403508771931,ok,1,0.7453399122807017,0.7453399122807017,-0.023300438596491335,0.7628205128205128,7
mi,99,version_27,0,temporal_array,100,45,25,0.7686403508771931,ok,1,0.6825657894736842,0.6825657894736842,-0.08607456140350889,0.6474358974358975,19
mi,99,version_27,0,temporal_array,100,46,25,0.7686403508771931,ok,1,0.7502741228070176,0.7502741228070176,-0.018366228070175517,0.9038461538461539,7
mi,99,version_27,0,temporal_array,150,42,38,0.6828703703703703,ok,1,0.6585648148148149,0.6585648148148149,-0.02430555555555547,0.7583333333333334,5
mi,99,version_27,0,temporal_array,150,43,38,0.6828703703703703,ok,1,0.6678240740740742,0.6678240740740742,-0.015046296296296169,0.7694444444444445,8
mi,99,version_27,0,temporal_array,150,44,38,0.6828703703703703,ok,1,0.5868055555555556,0.5868055555555556,-0.09606481481481477,0.8416666666666667,23
mi,99,version_27,0,temporal_array,150,45,38,0.6828703703703703,ok,1,0.6574074074074074,0.6574074074074074,-0.02546296296296291,0.6555555555555554,11
mi,99,version_27,0,temporal_array,150,46,38,0.6828703703703703,ok,1,0.6608796296296295,0.6608796296296295,-0.02199074074074081,0.7861111111111112,10
mi,99,version_27,17,stratified,10,42,2,0.5596562184024267,ungateable,,,0.5596562184024267,0.0,,
mi,99,version_27,17,stratified,10,43,2,0.5356420626895855,ungateable,,,0.5356420626895855,0.0,,
mi,99,version_27,17,stratified,10,44,2,0.5722952477249748,ungateable,,,0.5722952477249748,0.0,,
mi,99,version_27,17,stratified,10,45,2,0.5385911695315133,ungateable,,,0.5385911695315133,0.0,,
mi,99,version_27,17,stratified,10,46,2,0.5317660936973373,ungateable,,,0.5317660936973373,0.0,,
mi,99,version_27,17,stratified,20,42,5,0.5505358462675536,ungateable,,,0.5505358462675536,0.0,,
mi,99,version_27,17,stratified,20,43,5,0.5238359201773836,ungateable,,,0.5238359201773836,0.0,,
mi,99,version_27,17,stratified,20,44,5,0.5787139689578713,ungateable,,,0.5787139689578713,0.0,,
mi,99,version_27,17,stratified,20,45,5,0.536770140428677,ungateable,,,0.536770140428677,0.0,,
mi,99,version_27,17,stratified,20,46,5,0.524759793052476,ungateable,,,0.524759793052476,0.0,,
mi,99,version_27,17,stratified,50,42,12,0.5650006232082762,ok,1,0.6228343512401845,0.6228343512401845,0.05783372803190834,0.45714285714285713,13
mi,99,version_27,17,stratified,50,43,12,0.5158918110432507,ok,1,0.5613860152062821,0.5613860152062821,0.045494204163031404,0.6000000000000001,18
mi,99,version_27,17,stratified,50,44,12,0.5820765299763181,ok,1,0.6923843948647638,0.6923843948647638,0.11030786488844568,0.4285714285714285,17
mi,99,version_27,17,stratified,50,45,12,0.5233703103577216,ok,0,0.5362084008475632,0.5233703103577216,0.0,0.5142857142857142,0
mi,99,version_27,17,stratified,50,46,12,0.5183846441480743,ok,0,0.5236195936682039,0.5183846441480743,0.0,0.4857142857142857,0
mi,99,version_27,17,stratified,100,42,25,0.5328330206378987,ok,1,0.5802063789868669,0.5802063789868669,0.047373358348968164,0.6319444444444444,9
mi,99,version_27,17,stratified,100,43,25,0.5225140712945591,ok,1,0.5827861163227017,0.5827861163227017,0.06027204502814265,0.7430555555555556,6
mi,99,version_27,17,stratified,100,44,25,0.6219512195121951,ok,1,0.7040337711069418,0.7040337711069418,0.08208255159474664,0.6805555555555555,46
mi,99,version_27,17,stratified,100,45,25,0.5297842401500938,ok,1,0.6135084427767354,0.6135084427767354,0.0837242026266416,0.72,30
mi,99,version_27,17,stratified,100,46,25,0.47326454033771104,ok,1,0.5562851782363978,0.5562851782363978,0.08302063789868674,0.6666666666666667,8
mi,99,version_27,17,stratified,150,42,38,0.47896634615384615,ok,1,0.5721153846153846,0.5721153846153846,0.09314903846153844,0.6811594202898551,62
mi,99,version_27,17,stratified,150,43,38,0.43810096153846156,ok,1,0.5895432692307693,0.5895432692307693,0.1514423076923077,0.7159420289855073,11
mi,99,version_27,17,stratified,150,44,38,0.5775240384615384,ok,1,0.6358173076923077,0.6358173076923077,0.058293269230769273,0.7623188405797101,20
mi,99,version_27,17,stratified,150,45,38,0.5805288461538461,ok,1,0.6664663461538461,0.6664663461538461,0.0859375,0.463768115942029,7
mi,99,version_27,17,stratified,150,46,38,0.4567307692307692,ok,1,0.5408653846153847,0.5408653846153847,0.08413461538461547,0.6289855072463768,13
mi,99,version_27,17,stratified,200,42,50,0.315018315018315,ok,1,0.6227106227106227,0.6227106227106227,0.3076923076923077,0.7385398981324278,11
mi,99,version_27,17,stratified,200,43,50,0.4102564102564103,ok,1,0.6117216117216118,0.6117216117216118,0.20146520146520147,0.6383701188455008,10
mi,99,version_27,17,stratified,200,44,50,0.5421245421245422,ok,1,0.6007326007326007,0.6007326007326007,0.05860805860805851,0.6196943972835314,41
mi,99,version_27,17,stratified,200,45,50,0.5164835164835165,ok,1,0.5384615384615384,0.5384615384615384,0.0219780219780219,0.7419354838709677,0
mi,99,version_27,17,stratified,200,46,50,0.347985347985348,ok,1,0.6593406593406593,0.6593406593406593,0.3113553113553113,0.6926994906621392,15
mi,99,version_27,17,temporal_array,10,42,2,0.5454930173508252,ungateable,,,0.5454930173508252,0.0,,
mi,99,version_27,17,temporal_array,10,43,2,0.5454930173508252,ungateable,,,0.5454930173508252,0.0,,
mi,99,version_27,17,temporal_array,10,44,2,0.5454930173508252,ungateable,,,0.5454930173508252,0.0,,
mi,99,version_27,17,temporal_array,10,45,2,0.5454930173508252,ungateable,,,0.5454930173508252,0.0,,
mi,99,version_27,17,temporal_array,10,46,2,0.5454930173508252,ungateable,,,0.5454930173508252,0.0,,
mi,99,version_27,17,temporal_array,20,42,5,0.5600746268656717,ungateable,,,0.5600746268656717,0.0,,
mi,99,version_27,17,temporal_array,20,43,5,0.5600746268656717,ungateable,,,0.5600746268656717,0.0,,
mi,99,version_27,17,temporal_array,20,44,5,0.5600746268656717,ungateable,,,0.5600746268656717,0.0,,
mi,99,version_27,17,temporal_array,20,45,5,0.5600746268656717,ungateable,,,0.5600746268656717,0.0,,
mi,99,version_27,17,temporal_array,20,46,5,0.5600746268656717,ungateable,,,0.5600746268656717,0.0,,
mi,99,version_27,17,temporal_array,50,42,12,0.5229166666666667,ok,0,0.5328125,0.5229166666666667,0.0,0.9166666666666667,0
mi,99,version_27,17,temporal_array,50,43,12,0.5229166666666667,ok,0,0.5760416666666667,0.5229166666666667,0.0,0.8055555555555556,13
mi,99,version_27,17,temporal_array,50,44,12,0.5229166666666667,ok,1,0.559765625,0.559765625,0.03684895833333335,1.0,6
mi,99,version_27,17,temporal_array,50,45,12,0.5229166666666667,ok,1,0.5678385416666667,0.5678385416666667,0.044921875,0.6388888888888888,13
mi,99,version_27,17,temporal_array,50,46,12,0.5229166666666667,ok,1,0.5627604166666667,0.5627604166666667,0.039843749999999956,0.75,10
mi,99,version_27,17,temporal_array,100,42,25,0.5364583333333334,ok,0,0.549890350877193,0.5364583333333334,0.0,0.7371794871794872,0
mi,99,version_27,17,temporal_array,100,43,25,0.5364583333333334,ok,1,0.5814144736842105,0.5814144736842105,0.04495614035087714,0.6474358974358974,4
mi,99,version_27,17,temporal_array,100,44,25,0.5364583333333334,ok,1,0.5545504385964912,0.5545504385964912,0.018092105263157854,0.6602564102564104,0
mi,99,version_27,17,temporal_array,100,45,25,0.5364583333333334,ok,0,0.5767543859649122,0.5364583333333334,0.0,0.6602564102564102,9
mi,99,version_27,17,temporal_array,100,46,25,0.5364583333333334,ok,1,0.5701754385964912,0.5701754385964912,0.033717105263157854,0.5641025641025642,42
mi,99,version_27,17,temporal_array,150,42,38,0.4340277777777778,ok,1,0.5381944444444444,0.5381944444444444,0.10416666666666663,0.5805555555555556,12
mi,99,version_27,17,temporal_array,150,43,38,0.4340277777777778,ok,0,0.47685185185185186,0.4340277777777778,0.0,0.7333333333333333,0
mi,99,version_27,17,temporal_array,150,44,38,0.4340277777777778,ok,0,0.4675925925925926,0.4340277777777778,0.0,0.8138888888888889,0
mi,99,version_27,17,temporal_array,150,45,38,0.4340277777777778,ok,0,0.46875000000000006,0.4340277777777778,0.0,0.7194444444444444,0
mi,99,version_27,17,temporal_array,150,46,38,0.4340277777777778,ok,1,0.5127314814814815,0.5127314814814815,0.07870370370370372,0.6722222222222223,4
mi,99,version_28,0,stratified,10,42,2,0.7298618132794068,ungateable,,,0.7298618132794068,0.0,,
mi,99,version_28,0,stratified,10,43,2,0.71056622851365,ungateable,,,0.71056622851365,0.0,,
mi,99,version_28,0,stratified,10,44,2,0.7104819683181665,ungateable,,,0.7104819683181665,0.0,,
mi,99,version_28,0,stratified,10,45,2,0.7082069430401079,ungateable,,,0.7082069430401079,0.0,,
mi,99,version_28,0,stratified,10,46,2,0.7089652847994606,ungateable,,,0.7089652847994606,0.0,,
mi,99,version_28,0,stratified,20,42,5,0.7317073170731706,ungateable,,,0.7317073170731706,0.0,,
mi,99,version_28,0,stratified,20,43,5,0.7015890613451589,ungateable,,,0.7015890613451589,0.0,,
mi,99,version_28,0,stratified,20,44,5,0.7096267553584626,ungateable,,,0.7096267553584626,0.0,,
mi,99,version_28,0,stratified,20,45,5,0.7053769401330378,ungateable,,,0.7053769401330378,0.0,,
mi,99,version_28,0,stratified,20,46,5,0.7121212121212122,ungateable,,,0.7121212121212122,0.0,,
mi,99,version_28,0,stratified,50,42,12,0.7498441979309485,ok,0,0.7549545057958371,0.7498441979309485,0.0,0.4857142857142857,0
mi,99,version_28,0,stratified,50,43,12,0.692509036520005,ok,0,0.6958743612115169,0.692509036520005,0.0,1.0,0
mi,99,version_28,0,stratified,50,44,12,0.7165648759815529,ok,1,0.7153184594291412,0.7153184594291412,-0.0012464165524117554,0.7142857142857143,17
mi,99,version_28,0,stratified,50,45,12,0.7158170260501059,ok,0,0.7194316340521002,0.7158170260501059,0.0,0.8,0
mi,99,version_28,0,stratified,50,46,12,0.7426149819269601,ok,0,0.7451078150317836,0.7426149819269601,0.0,0.8285714285714285,0
mi,99,version_28,0,stratified,100,42,25,0.7403846153846154,ok,1,0.6934803001876173,0.6934803001876173,-0.046904315196998114,0.6527777777777777,28
mi,99,version_28,0,stratified,100,43,25,0.6878517823639776,ok,1,0.6969981238273921,0.6969981238273921,0.009146341463414531,0.9375,1
mi,99,version_28,0,stratified,100,44,25,0.6761257035647279,ok,0,0.6735459662288931,0.6761257035647279,0.0,0.8125,0
mi,99,version_28,0,stratified,100,45,25,0.7563320825515948,ok,1,0.6444652908067543,0.6444652908067543,-0.11186679174484049,0.6533333333333333,38
mi,99,version_28,0,stratified,100,46,25,0.7814258911819887,ok,1,0.7582082551594747,0.7582082551594747,-0.023217636022514032,0.6400000000000001,15
mi,99,version_28,0,stratified,150,42,38,0.6652644230769231,ok,1,0.6598557692307693,0.6598557692307693,-0.005408653846153855,0.8782608695652174,2
mi,99,version_28,0,stratified,150,43,38,0.6820913461538461,ok,1,0.6911057692307693,0.6911057692307693,0.009014423076923128,0.7014492753623189,9
mi,99,version_28,0,stratified,150,44,38,0.6718750000000001,ok,1,0.6652644230769231,0.6652644230769231,-0.006610576923076983,0.7391304347826086,0
mi,99,version_28,0,stratified,150,45,38,0.7085336538461539,ok,1,0.688701923076923,0.688701923076923,-0.019831730769230838,0.7275362318840579,14
mi,99,version_28,0,stratified,150,46,38,0.7584134615384616,ok,1,0.7439903846153846,0.7439903846153846,-0.014423076923076983,0.7188405797101449,6
mi,99,version_28,0,stratified,200,42,50,0.783882783882784,ok,1,0.7875457875457875,0.7875457875457875,0.003663003663003539,0.5772495755517827,6
mi,99,version_28,0,stratified,200,43,50,0.7582417582417582,ok,1,0.7509157509157509,0.7509157509157509,-0.0073260073260073,0.7147707979626485,4
mi,99,version_28,0,stratified,200,44,50,0.6410256410256411,ok,1,0.63003663003663,0.63003663003663,-0.010989010989011061,0.7775891341256367,0
mi,99,version_28,0,stratified,200,45,50,0.7362637362637363,ok,0,0.7545787545787546,0.7362637362637363,0.0,0.7691001697792869,0
mi,99,version_28,0,stratified,200,46,50,0.7912087912087913,ok,1,0.7765567765567766,0.7765567765567766,-0.014652014652014711,0.7368421052631579,8
mi,99,version_28,0,temporal_array,10,42,2,0.7102835378755818,ungateable,,,0.7102835378755818,0.0,,
mi,99,version_28,0,temporal_array,10,43,2,0.7102835378755818,ungateable,,,0.7102835378755818,0.0,,
mi,99,version_28,0,temporal_array,10,44,2,0.7102835378755818,ungateable,,,0.7102835378755818,0.0,,
mi,99,version_28,0,temporal_array,10,45,2,0.7102835378755818,ungateable,,,0.7102835378755818,0.0,,
mi,99,version_28,0,temporal_array,10,46,2,0.7102835378755818,ungateable,,,0.7102835378755818,0.0,,
mi,99,version_28,0,temporal_array,20,42,5,0.705410447761194,ungateable,,,0.705410447761194,0.0,,
mi,99,version_28,0,temporal_array,20,43,5,0.705410447761194,ungateable,,,0.705410447761194,0.0,,
mi,99,version_28,0,temporal_array,20,44,5,0.705410447761194,ungateable,,,0.705410447761194,0.0,,
mi,99,version_28,0,temporal_array,20,45,5,0.705410447761194,ungateable,,,0.705410447761194,0.0,,
mi,99,version_28,0,temporal_array,20,46,5,0.705410447761194,ungateable,,,0.705410447761194,0.0,,
mi,99,version_28,0,temporal_array,50,42,12,0.7052083333333333,ok,1,0.7136718750000001,0.7136718750000001,0.00846354166666674,0.9444444444444444,3
mi,99,version_28,0,temporal_array,50,43,12,0.7052083333333333,ok,1,0.6890625,0.6890625,-0.016145833333333304,0.6944444444444444,27
mi,99,version_28,0,temporal_array,50,44,12,0.7052083333333333,ok,1,0.7087239583333333,0.7087239583333333,0.003515625000000022,0.9722222222222223,6
mi,99,version_28,0,temporal_array,50,45,12,0.7052083333333333,ok,1,0.7092447916666667,0.7092447916666667,0.004036458333333326,0.75,0
mi,99,version_28,0,temporal_array,50,46,12,0.7052083333333333,ok,1,0.7026041666666667,0.7026041666666667,-0.0026041666666666297,0.8333333333333333,6
mi,99,version_28,0,temporal_array,100,42,25,0.7785087719298246,ok,1,0.5970394736842106,0.5970394736842106,-0.18146929824561397,0.8974358974358975,22
mi,99,version_28,0,temporal_array,100,43,25,0.7785087719298246,ok,1,0.6452850877192983,0.6452850877192983,-0.13322368421052633,0.6923076923076923,10
mi,99,version_28,0,temporal_array,100,44,25,0.7785087719298246,ok,1,0.7118969298245613,0.7118969298245613,-0.06661184210526327,0.7948717948717948,5
mi,99,version_28,0,temporal_array,100,45,25,0.7785087719298246,ok,1,0.6082785087719298,0.6082785087719298,-0.1702302631578948,0.5512820512820513,29
mi,99,version_28,0,temporal_array,100,46,25,0.7785087719298246,ok,1,0.6422697368421052,0.6422697368421052,-0.1362390350877194,0.8076923076923077,9
mi,99,version_28,0,temporal_array,150,42,38,0.7418981481481481,ok,1,0.6099537037037036,0.6099537037037036,-0.13194444444444453,0.7888888888888889,29
mi,99,version_28,0,temporal_array,150,43,38,0.7418981481481481,ok,1,0.6238425925925926,0.6238425925925926,-0.11805555555555558,0.7944444444444445,16
mi,99,version_28,0,temporal_array,150,44,38,0.7418981481481481,ok,1,0.5671296296296297,0.5671296296296297,-0.1747685185185185,0.7972222222222223,31
mi,99,version_28,0,temporal_array,150,45,38,0.7418981481481481,ok,1,0.6932870370370371,0.6932870370370371,-0.04861111111111105,0.5916666666666667,6
mi,99,version_28,0,temporal_array,150,46,38,0.7418981481481481,ok,1,0.6990740740740741,0.6990740740740741,-0.04282407407407407,0.7333333333333333,7
mi,99,version_28,17,stratified,10,42,2,0.4441354903943377,ungateable,,,0.4441354903943377,0.0,,
mi,99,version_28,17,stratified,10,43,2,0.4378159757330637,ungateable,,,0.4378159757330637,0.0,,
mi,99,version_28,17,stratified,10,44,2,0.4570273003033367,ungateable,,,0.4570273003033367,0.0,,
mi,99,version_28,17,stratified,10,45,2,0.43166498146275695,ungateable,,,0.43166498146275695,0.0,,
mi,99,version_28,17,stratified,10,46,2,0.42020559487698017,ungateable,,,0.42020559487698017,0.0,,
mi,99,version_28,17,stratified,20,42,5,0.4403178122690317,ungateable,,,0.4403178122690317,0.0,,
mi,99,version_28,17,stratified,20,43,5,0.43588322246858835,ungateable,,,0.43588322246858835,0.0,,
mi,99,version_28,17,stratified,20,44,5,0.4596267553584627,ungateable,,,0.4596267553584627,0.0,,
mi,99,version_28,17,stratified,20,45,5,0.4275683665927569,ungateable,,,0.4275683665927569,0.0,,
mi,99,version_28,17,stratified,20,46,5,0.4049334811529934,ungateable,,,0.4049334811529934,0.0,,
mi,99,version_28,17,stratified,50,42,12,0.4614234077028543,ok,1,0.5603888819643524,0.5603888819643524,0.09896547426149815,0.4571428571428572,6
mi,99,version_28,17,stratified,50,43,12,0.4240309111304998,ok,1,0.5782126386638414,0.5782126386638414,0.15418172753334164,0.5714285714285715,43
mi,99,version_28,17,stratified,50,44,12,0.4654119406705721,ok,1,0.6687024803689393,0.6687024803689393,0.2032905396983672,0.9142857142857144,55
mi,99,version_28,17,stratified,50,45,12,0.41779882836844073,ok,0,0.4315094104449707,0.41779882836844073,0.0,0.42857142857142855,1
mi,99,version_28,17,stratified,50,46,12,0.41605384519506416,ok,0,0.422784494578088,0.41605384519506416,0.0,0.4571428571428572,0
mi,99,version_28,17,stratified,100,42,25,0.43855534709193245,ok,1,0.6615853658536586,0.6615853658536586,0.22303001876172612,0.6319444444444444,13
mi,99,version_28,17,stratified,100,43,25,0.41862101313320826,ok,1,0.5211069418386491,0.5211069418386491,0.10248592870544088,0.5972222222222222,7
mi,99,version_28,17,stratified,100,44,25,0.49437148217636023,ok,1,0.6210131332082552,0.6210131332082552,0.126641651031895,0.798611111111111,21
mi,99,version_28,17,stratified,100,45,25,0.4624765478424015,ok,1,0.597795497185741,0.597795497185741,0.1353189493433395,0.7266666666666667,50
mi,99,version_28,17,stratified,100,46,25,0.3829737335834897,ok,1,0.5970919324577861,0.5970919324577861,0.21411819887429645,0.7533333333333333,32
mi,99,version_28,17,stratified,150,42,38,0.4128605769230769,ok,1,0.6081730769230769,0.6081730769230769,0.19531249999999994,0.7507246376811594,39
mi,99,version_28,17,stratified,150,43,38,0.3942307692307693,ok,1,0.6177884615384616,0.6177884615384616,0.2235576923076923,0.6434782608695653,18
mi,99,version_28,17,stratified,150,44,38,0.4615384615384615,ok,1,0.6376201923076923,0.6376201923076923,0.17608173076923078,0.8144927536231884,7
mi,99,version_28,17,stratified,150,45,38,0.5294471153846154,ok,1,0.6370192307692307,0.6370192307692307,0.10757211538461531,0.591304347826087,45
mi,99,version_28,17,stratified,150,46,38,0.4044471153846154,ok,1,0.639423076923077,0.639423076923077,0.23497596153846156,0.7072463768115942,11
mi,99,version_28,17,stratified,200,42,50,0.336996336996337,ok,1,0.7948717948717949,0.7948717948717949,0.4578754578754579,0.6655348047538201,5
mi,99,version_28,17,stratified,200,43,50,0.38461538461538464,ok,1,0.73992673992674,0.73992673992674,0.3553113553113553,0.6791171477079796,9
mi,99,version_28,17,stratified,200,44,50,0.37362637362637363,ok,1,0.7106227106227108,0.7106227106227108,0.33699633699633713,0.6162988115449914,53
mi,99,version_28,17,stratified,200,45,50,0.4798534798534799,ok,1,0.6666666666666667,0.6666666666666667,0.18681318681318682,0.6587436332767402,4
mi,99,version_28,17,stratified,200,46,50,0.2380952380952381,ok,1,0.6703296703296704,0.6703296703296704,0.43223443223443225,0.7215619694397283,7
mi,99,version_28,17,temporal_array,10,42,2,0.4427422767668218,ungateable,,,0.4427422767668218,0.0,,
mi,99,version_28,17,temporal_array,10,43,2,0.4427422767668218,ungateable,,,0.4427422767668218,0.0,,
mi,99,version_28,17,temporal_array,10,44,2,0.4427422767668218,ungateable,,,0.4427422767668218,0.0,,
mi,99,version_28,17,temporal_array,10,45,2,0.4427422767668218,ungateable,,,0.4427422767668218,0.0,,
mi,99,version_28,17,temporal_array,10,46,2,0.4427422767668218,ungateable,,,0.4427422767668218,0.0,,
mi,99,version_28,17,temporal_array,20,42,5,0.4574626865671642,ungateable,,,0.4574626865671642,0.0,,
mi,99,version_28,17,temporal_array,20,43,5,0.4574626865671642,ungateable,,,0.4574626865671642,0.0,,
mi,99,version_28,17,temporal_array,20,44,5,0.4574626865671642,ungateable,,,0.4574626865671642,0.0,,
mi,99,version_28,17,temporal_array,20,45,5,0.4574626865671642,ungateable,,,0.4574626865671642,0.0,,
mi,99,version_28,17,temporal_array,20,46,5,0.4574626865671642,ungateable,,,0.4574626865671642,0.0,,
mi,99,version_28,17,temporal_array,50,42,12,0.4583333333333333,ok,0,0.4661458333333333,0.4583333333333333,0.0,0.5555555555555556,0
mi,99,version_28,17,temporal_array,50,43,12,0.4583333333333333,ok,1,0.607421875,0.607421875,0.14908854166666669,0.6111111111111112,20
mi,99,version_28,17,temporal_array,50,44,12,0.4583333333333333,ok,1,0.48307291666666663,0.48307291666666663,0.024739583333333315,0.7777777777777779,2
mi,99,version_28,17,temporal_array,50,45,12,0.4583333333333333,ok,1,0.6113281250000001,0.6113281250000001,0.1529947916666668,0.6388888888888888,38
mi,99,version_28,17,temporal_array,50,46,12,0.4583333333333333,ok,1,0.5352864583333333,0.5352864583333333,0.07695312500000001,0.6388888888888888,23
mi,99,version_28,17,temporal_array,100,42,25,0.4635416666666667,ok,1,0.5921052631578948,0.5921052631578948,0.12856359649122812,0.6666666666666666,12
mi,99,version_28,17,temporal_array,100,43,25,0.4635416666666667,ok,1,0.6447368421052632,0.6447368421052632,0.18119517543859648,0.6217948717948718,21
mi,99,version_28,17,temporal_array,100,44,25,0.4635416666666667,ok,1,0.590734649122807,0.590734649122807,0.12719298245614036,0.7628205128205128,20
mi,99,version_28,17,temporal_array,100,45,25,0.4635416666666667,ok,1,0.6359649122807017,0.6359649122807017,0.17242324561403505,0.6153846153846154,29
mi,99,version_28,17,temporal_array,100,46,25,0.4635416666666667,ok,1,0.5816885964912281,0.5816885964912281,0.11814692982456138,0.7051282051282052,32
mi,99,version_28,17,temporal_array,150,42,38,0.4120370370370371,ok,1,0.5613425925925926,0.5613425925925926,0.14930555555555547,0.675,50
mi,99,version_28,17,temporal_array,150,43,38,0.4120370370370371,ok,1,0.5173611111111112,0.5173611111111112,0.10532407407407407,0.638888888888889,32
mi,99,version_28,17,temporal_array,150,44,38,0.4120370370370371,ok,1,0.48148148148148145,0.48148148148148145,0.06944444444444436,0.7361111111111112,8
mi,99,version_28,17,temporal_array,150,45,38,0.4120370370370371,ok,0,0.5405092592592593,0.4120370370370371,0.0,0.5333333333333333,5
mi,99,version_28,17,temporal_array,150,46,38,0.4120370370370371,ok,1,0.47800925925925924,0.47800925925925924,0.06597222222222215,0.8,33
mi,99,version_29,0,stratified,10,42,2,0.7576676777890126,ungateable,,,0.7576676777890126,0.0,,
mi,99,version_29,0,stratified,10,43,2,0.7357600269632626,ungateable,,,0.7357600269632626,0.0,,
mi,99,version_29,0,stratified,10,44,2,0.7398887765419615,ungateable,,,0.7398887765419615,0.0,,
mi,99,version_29,0,stratified,10,45,2,0.7318840579710144,ungateable,,,0.7318840579710144,0.0,,
mi,99,version_29,0,stratified,10,46,2,0.7384563532187394,ungateable,,,0.7384563532187394,0.0,,
mi,99,version_29,0,stratified,20,42,5,0.7608093126385809,ungateable,,,0.7608093126385809,0.0,,
mi,99,version_29,0,stratified,20,43,5,0.7289356984478936,ungateable,,,0.7289356984478936,0.0,,
mi,99,version_29,0,stratified,20,44,5,0.741130820399113,ungateable,,,0.741130820399113,0.0,,
mi,99,version_29,0,stratified,20,45,5,0.7303215077605322,ungateable,,,0.7303215077605322,0.0,,
mi,99,version_29,0,stratified,20,46,5,0.7378972653362897,ungateable,,,0.7378972653362897,0.0,,
mi,99,version_29,0,stratified,50,42,12,0.7884831110557148,ok,1,0.8061822260999626,0.8061822260999626,0.017699115044247815,0.5142857142857143,12
mi,99,version_29,0,stratified,50,43,12,0.7292783248161536,ok,0,0.7348871993020069,0.7292783248161536,0.0,0.9428571428571428,0
mi,99,version_29,0,stratified,50,44,12,0.7665461797332668,ok,1,0.7676679546304375,0.7676679546304375,0.001121774897170691,0.6285714285714286,28
mi,99,version_29,0,stratified,50,45,12,0.7539573725539075,ok,0,0.7584444721425901,0.7539573725539075,0.0,1.0,0
mi,99,version_29,0,stratified,50,46,12,0.7603140969712078,ok,1,0.7773900037392497,0.7773900037392497,0.017075906768041937,0.8571428571428572,2
mi,99,version_29,0,stratified,100,42,25,0.7847091932457786,ok,1,0.7682926829268293,0.7682926829268293,-0.016416510318949307,0.7430555555555556,55
mi,99,version_29,0,stratified,100,43,25,0.728893058161351,ok,1,0.7474202626641651,0.7474202626641651,0.018527204502814087,0.9375,7
mi,99,version_29,0,stratified,100,44,25,0.7431988742964353,ok,1,0.7570356472795498,0.7570356472795498,0.013836772983114476,0.8611111111111112,4
mi,99,version_29,0,stratified,100,45,25,0.7976078799249531,ok,1,0.8142589118198874,0.8142589118198874,0.01665103189493433,0.64,2
mi,99,version_29,0,stratified,100,46,25,0.7926829268292683,ok,1,0.8144934333958724,0.8144934333958724,0.021810506566604104,0.7000000000000001,13
mi,99,version_29,0,stratified,150,42,38,0.7223557692307693,ok,1,0.7139423076923076,0.7139423076923076,-0.008413461538461675,0.9130434782608695,11
mi,99,version_29,0,stratified,150,43,38,0.6844951923076923,ok,1,0.7169471153846154,0.7169471153846154,0.03245192307692313,0.7043478260869565,10
mi,99,version_29,0,stratified,150,44,38,0.7584134615384615,ok,1,0.765625,0.765625,0.007211538461538547,0.7971014492753623,2
mi,99,version_29,0,stratified,150,45,38,0.7800480769230769,ok,1,0.7385817307692307,0.7385817307692307,-0.041466346153846145,0.8,23
mi,99,version_29,0,stratified,150,46,38,0.8239182692307693,ok,1,0.8100961538461539,0.8100961538461539,-0.013822115384615419,0.7391304347826086,7
mi,99,version_29,0,stratified,200,42,50,0.7619047619047619,ok,1,0.7692307692307692,0.7692307692307692,0.0073260073260073,0.6774193548387096,7
mi,99,version_29,0,stratified,200,43,50,0.6739926739926739,ok,1,0.695970695970696,0.695970695970696,0.021978021978022122,0.8030560271646859,1
mi,99,version_29,0,stratified,200,44,50,0.6886446886446886,ok,1,0.5934065934065935,0.5934065934065935,-0.09523809523809512,0.8471986417657045,5
mi,99,version_29,0,stratified,200,45,50,0.8278388278388278,ok,1,0.8388278388278388,0.8388278388278388,0.010989010989011061,0.8573853989813243,0
mi,99,version_29,0,stratified,200,46,50,0.8021978021978021,ok,1,0.7655677655677657,0.7655677655677657,-0.03663003663003639,0.7538200339558573,25
mi,99,version_29,0,temporal_array,10,42,2,0.7385526872619551,ungateable,,,0.7385526872619551,0.0,,
mi,99,version_29,0,temporal_array,10,43,2,0.7385526872619551,ungateable,,,0.7385526872619551,0.0,,
mi,99,version_29,0,temporal_array,10,44,2,0.7385526872619551,ungateable,,,0.7385526872619551,0.0,,
mi,99,version_29,0,temporal_array,10,45,2,0.7385526872619551,ungateable,,,0.7385526872619551,0.0,,
mi,99,version_29,0,temporal_array,10,46,2,0.7385526872619551,ungateable,,,0.7385526872619551,0.0,,
mi,99,version_29,0,temporal_array,20,42,5,0.7307835820895523,ungateable,,,0.7307835820895523,0.0,,
mi,99,version_29,0,temporal_array,20,43,5,0.7307835820895523,ungateable,,,0.7307835820895523,0.0,,
mi,99,version_29,0,temporal_array,20,44,5,0.7307835820895523,ungateable,,,0.7307835820895523,0.0,,
mi,99,version_29,0,temporal_array,20,45,5,0.7307835820895523,ungateable,,,0.7307835820895523,0.0,,
mi,99,version_29,0,temporal_array,20,46,5,0.7307835820895523,ungateable,,,0.7307835820895523,0.0,,
mi,99,version_29,0,temporal_array,50,42,12,0.7153645833333333,ok,1,0.7233072916666667,0.7233072916666667,0.007942708333333437,0.9166666666666667,0
mi,99,version_29,0,temporal_array,50,43,12,0.7153645833333333,ok,1,0.7256510416666667,0.7256510416666667,0.010286458333333415,0.888888888888889,1
mi,99,version_29,0,temporal_array,50,44,12,0.7153645833333333,ok,1,0.7384114583333333,0.7384114583333333,0.023046875000000022,0.9722222222222223,7
mi,99,version_29,0,temporal_array,50,45,12,0.7153645833333333,ok,0,0.7213541666666667,0.7153645833333333,0.0,0.6944444444444444,0
mi,99,version_29,0,temporal_array,50,46,12,0.7153645833333333,ok,0,0.7166666666666667,0.7153645833333333,0.0,0.8333333333333334,0
mi,99,version_29,0,temporal_array,100,42,25,0.7897478070175438,ok,1,0.7949561403508771,0.7949561403508771,0.00520833333333337,0.8461538461538463,5
mi,99,version_29,0,temporal_array,100,43,25,0.7897478070175438,ok,1,0.7889254385964913,0.7889254385964913,-0.0008223684210524329,0.858974358974359,8
mi,99,version_29,0,temporal_array,100,44,25,0.7897478070175438,ok,1,0.7891995614035088,0.7891995614035088,-0.0005482456140349923,0.75,6
mi,99,version_29,0,temporal_array,100,45,25,0.7897478070175438,ok,1,0.7425986842105262,0.7425986842105262,-0.04714912280701755,0.7948717948717949,22
mi,99,version_29,0,temporal_array,100,46,25,0.7897478070175438,ok,1,0.7735745614035088,0.7735745614035088,-0.016173245614034992,0.8717948717948718,10
mi,99,version_29,0,temporal_array,150,42,38,0.704861111111111,ok,1,0.5763888888888888,0.5763888888888888,-0.1284722222222222,0.8666666666666667,25
mi,99,version_29,0,temporal_array,150,43,38,0.704861111111111,ok,1,0.5694444444444445,0.5694444444444445,-0.13541666666666652,0.8861111111111111,36
mi,99,version_29,0,temporal_array,150,44,38,0.704861111111111,ok,1,0.6087962962962962,0.6087962962962962,-0.09606481481481488,0.8444444444444446,13
mi,99,version_29,0,temporal_array,150,45,38,0.704861111111111,ok,1,0.5983796296296297,0.5983796296296297,-0.1064814814814814,0.7583333333333333,23
mi,99,version_29,0,temporal_array,150,46,38,0.704861111111111,ok,1,0.6712962962962963,0.6712962962962963,-0.03356481481481477,0.8138888888888888,8
mi,99,version_29,17,stratified,10,42,2,0.48643410852713176,ungateable,,,0.48643410852713176,0.0,,
mi,99,version_29,17,stratified,10,43,2,0.47404785979103475,ungateable,,,0.47404785979103475,0.0,,
mi,99,version_29,17,stratified,10,44,2,0.48854061341422317,ungateable,,,0.48854061341422317,0.0,,
mi,99,version_29,17,stratified,10,45,2,0.46486349848331654,ungateable,,,0.46486349848331654,0.0,,
mi,99,version_29,17,stratified,10,46,2,0.4642736771149309,ungateable,,,0.4642736771149309,0.0,,
mi,99,version_29,17,stratified,20,42,5,0.47810421286031046,ungateable,,,0.47810421286031046,0.0,,
mi,99,version_29,17,stratified,20,43,5,0.47283813747228387,ungateable,,,0.47283813747228387,0.0,,
mi,99,version_29,17,stratified,20,44,5,0.4897450110864745,ungateable,,,0.4897450110864745,0.0,,
mi,99,version_29,17,stratified,20,45,5,0.4605506282335551,ungateable,,,0.4605506282335551,0.0,,
mi,99,version_29,17,stratified,20,46,5,0.46073540280857356,ungateable,,,0.46073540280857356,0.0,,
mi,99,version_29,17,stratified,50,42,12,0.5121525613860153,ok,1,0.555153932444223,0.555153932444223,0.04300137105820767,0.5142857142857143,3
mi,99,version_29,17,stratified,50,43,12,0.4574348747351365,ok,1,0.5343387760189455,0.5343387760189455,0.07690390128380903,0.8285714285714286,19
mi,99,version_29,17,stratified,50,44,12,0.5070422535211268,ok,1,0.5448086750592047,0.5448086750592047,0.037766421538077966,0.6,3
mi,99,version_29,17,stratified,50,45,12,0.46553658232581324,ok,1,0.4826124890938552,0.4826124890938552,0.017075906768041937,0.5714285714285714,0
mi,99,version_29,17,stratified,50,46,12,0.45606381652748346,ok,1,0.4685279820516016,0.4685279820516016,0.012464165524118165,0.5714285714285714,0
mi,99,version_29,17,stratified,100,42,25,0.5056285178236398,ok,1,0.5398686679174485,0.5398686679174485,0.03424015009380865,0.6875,17
mi,99,version_29,17,stratified,100,43,25,0.48100375234521575,ok,1,0.5450281425891181,0.5450281425891181,0.06402439024390238,0.7291666666666667,15
mi,99,version_29,17,stratified,100,44,25,0.5459662288930581,ok,1,0.5440900562851783,0.5440900562851783,-0.0018761726078798668,0.7638888888888888,23
mi,99,version_29,17,stratified,100,45,25,0.4697467166979362,ok,1,0.5891181988742964,0.5891181988742964,0.11937148217636018,0.56,45
mi,99,version_29,17,stratified,100,46,25,0.4467636022514072,ok,1,0.6686210131332083,0.6686210131332083,0.2218574108818011,0.7466666666666667,59
mi,99,version_29,17,stratified,150,42,38,0.4591346153846155,ok,1,0.5871394230769231,0.5871394230769231,0.12800480769230765,0.5971014492753624,22
mi,99,version_29,17,stratified,150,43,38,0.4098557692307692,ok,1,0.5174278846153846,0.5174278846153846,0.10757211538461536,0.6985507246376812,50
mi,99,version_29,17,stratified,150,44,38,0.5384615384615384,ok,1,0.5913461538461539,0.5913461538461539,0.05288461538461542,0.7246376811594203,49
mi,99,version_29,17,stratified,150,45,38,0.5516826923076923,ok,1,0.7175480769230769,0.7175480769230769,0.16586538461538458,0.5304347826086957,13
mi,99,version_29,17,stratified,150,46,38,0.4471153846153846,ok,1,0.6688701923076923,0.6688701923076923,0.2217548076923077,0.5884057971014494,21
mi,99,version_29,17,stratified,200,42,50,0.25641025641025644,ok,1,0.4871794871794872,0.4871794871794872,0.23076923076923078,0.6926994906621391,3
mi,99,version_29,17,stratified,200,43,50,0.32600732600732607,ok,1,0.4835164835164836,0.4835164835164836,0.1575091575091575,0.6825127334465196,13
mi,99,version_29,17,stratified,200,44,50,0.4578754578754579,ok,1,0.5824175824175823,0.5824175824175823,0.12454212454212443,0.5891341256366723,31
mi,99,version_29,17,stratified,200,45,50,0.46153846153846156,ok,1,0.6483516483516484,0.6483516483516484,0.18681318681318682,0.6604414261460102,7
mi,99,version_29,17,stratified,200,46,50,0.31501831501831506,ok,1,0.6703296703296704,0.6703296703296704,0.3553113553113553,0.5840407470288623,40
mi,99,version_29,17,temporal_array,10,42,2,0.4731273804485823,ungateable,,,0.4731273804485823,0.0,,
mi,99,version_29,17,temporal_array,10,43,2,0.4731273804485823,ungateable,,,0.4731273804485823,0.0,,
mi,99,version_29,17,temporal_array,10,44,2,0.4731273804485823,ungateable,,,0.4731273804485823,0.0,,
mi,99,version_29,17,temporal_array,10,45,2,0.4731273804485823,ungateable,,,0.4731273804485823,0.0,,
mi,99,version_29,17,temporal_array,10,46,2,0.4731273804485823,ungateable,,,0.4731273804485823,0.0,,
mi,99,version_29,17,temporal_array,20,42,5,0.478544776119403,ungateable,,,0.478544776119403,0.0,,
mi,99,version_29,17,temporal_array,20,43,5,0.478544776119403,ungateable,,,0.478544776119403,0.0,,
mi,99,version_29,17,temporal_array,20,44,5,0.478544776119403,ungateable,,,0.478544776119403,0.0,,
mi,99,version_29,17,temporal_array,20,45,5,0.478544776119403,ungateable,,,0.478544776119403,0.0,,
mi,99,version_29,17,temporal_array,20,46,5,0.478544776119403,ungateable,,,0.478544776119403,0.0,,
mi,99,version_29,17,temporal_array,50,42,12,0.47708333333333336,ok,0,0.49296874999999996,0.47708333333333336,0.0,0.6111111111111113,0
mi,99,version_29,17,temporal_array,50,43,12,0.47708333333333336,ok,1,0.4932291666666667,0.4932291666666667,0.01614583333333336,0.6944444444444444,0
mi,99,version_29,17,temporal_array,50,44,12,0.47708333333333336,ok,1,0.51640625,0.51640625,0.039322916666666596,0.8611111111111112,2
mi,99,version_29,17,temporal_array,50,45,12,0.47708333333333336,ok,0,0.4921875,0.47708333333333336,0.0,0.6944444444444446,0
mi,99,version_29,17,temporal_array,50,46,12,0.47708333333333336,ok,1,0.5337239583333334,0.5337239583333334,0.056640625000000056,0.7222222222222222,16
mi,99,version_29,17,temporal_array,100,42,25,0.4758771929824561,ok,1,0.5356359649122807,0.5356359649122807,0.059758771929824595,0.6538461538461539,24
mi,99,version_29,17,temporal_array,100,43,25,0.4758771929824561,ok,1,0.5603070175438596,0.5603070175438596,0.08442982456140347,0.6858974358974359,10
mi,99,version_29,17,temporal_array,100,44,25,0.4758771929824561,ok,1,0.5016447368421053,0.5016447368421053,0.02576754385964919,0.7115384615384616,21
mi,99,version_29,17,temporal_array,100,45,25,0.4758771929824561,ok,0,0.49588815789473684,0.4758771929824561,0.0,0.608974358974359,0
mi,99,version_29,17,temporal_array,100,46,25,0.4758771929824561,ok,1,0.5556469298245613,0.5556469298245613,0.0797697368421052,0.5448717948717949,6
mi,99,version_29,17,temporal_array,150,42,38,0.3553240740740741,ok,1,0.5127314814814814,0.5127314814814814,0.15740740740740727,0.6805555555555556,13
mi,99,version_29,17,temporal_array,150,43,38,0.3553240740740741,ok,1,0.5185185185185185,0.5185185185185185,0.16319444444444436,0.725,10
mi,99,version_29,17,temporal_array,150,44,38,0.3553240740740741,ok,0,0.4039351851851851,0.3553240740740741,0.0,0.6777777777777777,0
mi,99,version_29,17,temporal_array,150,45,38,0.3553240740740741,ok,1,0.3981481481481482,0.3981481481481482,0.04282407407407407,0.6888888888888889,0
mi,99,version_29,17,temporal_array,150,46,38,0.3553240740740741,ok,0,0.3993055555555555,0.3553240740740741,0.0,0.5888888888888889,0
mi,99,version_30,0,stratified,10,42,2,0.7737613751263902,ungateable,,,0.7737613751263902,0.0,,
mi,99,version_30,0,stratified,10,43,2,0.74561846983485,ungateable,,,0.74561846983485,0.0,,
mi,99,version_30,0,stratified,10,44,2,0.7495786990225817,ungateable,,,0.7495786990225817,0.0,,
mi,99,version_30,0,stratified,10,45,2,0.7462925513987192,ungateable,,,0.7462925513987192,0.0,,
mi,99,version_30,0,stratified,10,46,2,0.7462925513987192,ungateable,,,0.7462925513987192,0.0,,
mi,99,version_30,0,stratified,20,42,5,0.77549889135255,ungateable,,,0.77549889135255,0.0,,
mi,99,version_30,0,stratified,20,43,5,0.7387287509238729,ungateable,,,0.7387287509238729,0.0,,
mi,99,version_30,0,stratified,20,44,5,0.7433481152993349,ungateable,,,0.7433481152993349,0.0,,
mi,99,version_30,0,stratified,20,45,5,0.7451958610495195,ungateable,,,0.7451958610495195,0.0,,
mi,99,version_30,0,stratified,20,46,5,0.7466740576496674,ungateable,,,0.7466740576496674,0.0,,
mi,99,version_30,0,stratified,50,42,12,0.7911005858157797,ok,0,0.7912252274710209,0.7911005858157797,0.0,0.4857142857142857,0
mi,99,version_30,0,stratified,50,43,12,0.734388632681042,ok,0,0.7313972329552536,0.734388632681042,0.0,0.9142857142857143,0
mi,99,version_30,0,stratified,50,44,12,0.7608126635921726,ok,0,0.7608126635921725,0.7608126635921726,0.0,0.6571428571428571,0
mi,99,version_30,0,stratified,50,45,12,0.761809796834102,ok,0,0.7608126635921725,0.761809796834102,0.0,0.9428571428571428,0
mi,99,version_30,0,stratified,50,46,12,0.7558269973825252,ok,1,0.762557646765549,0.762557646765549,0.006730649383023812,0.9142857142857144,2
mi,99,version_30,0,stratified,100,42,25,0.7938555347091931,ok,1,0.7319418386491557,0.7319418386491557,-0.06191369606003738,0.8055555555555556,40
mi,99,version_30,0,stratified,100,43,25,0.7265478424015009,ok,1,0.7206848030018762,0.7206848030018762,-0.0058630393996247365,0.8958333333333333,1
mi,99,version_30,0,stratified,100,44,25,0.7453095684803003,ok,0,0.7443714821763602,0.7453095684803003,0.0,0.8680555555555556,0
mi,99,version_30,0,stratified,100,45,25,0.7840056285178236,ok,1,0.7659474671669794,0.7659474671669794,-0.01805816135084426,0.72,3
mi,99,version_30,0,stratified,100,46,25,0.773217636022514,ok,1,0.7446060037523453,0.7446060037523453,-0.02861163227016872,0.8666666666666667,16
mi,99,version_30,0,stratified,150,42,38,0.7445913461538463,ok,1,0.712139423076923,0.712139423076923,-0.03245192307692324,0.881159420289855,4
mi,99,version_30,0,stratified,150,43,38,0.6905048076923078,ok,0,0.6832932692307692,0.6905048076923078,0.0,0.7855072463768117,0
mi,99,version_30,0,stratified,150,44,38,0.7151442307692308,ok,1,0.7061298076923076,0.7061298076923076,-0.00901442307692324,0.8202898550724638,0
mi,99,version_30,0,stratified,150,45,38,0.7608173076923077,ok,1,0.7253605769230769,0.7253605769230769,-0.03545673076923084,0.7130434782608696,13
mi,99,version_30,0,stratified,150,46,38,0.774639423076923,ok,1,0.703125,0.703125,-0.07151442307692302,0.753623188405797,25
mi,99,version_30,0,stratified,200,42,50,0.8315018315018314,ok,1,0.8498168498168498,0.8498168498168498,0.01831501831501836,0.5959252971137521,19
mi,99,version_30,0,stratified,200,43,50,0.73992673992674,ok,1,0.7362637362637363,0.7362637362637363,-0.00366300366300365,0.7419354838709677,0
mi,99,version_30,0,stratified,200,44,50,0.673992673992674,ok,1,0.6410256410256411,0.6410256410256411,-0.03296703296703296,0.7436332767402377,0
mi,99,version_30,0,stratified,200,45,50,0.8644688644688645,ok,0,0.8754578754578755,0.8644688644688645,0.0,0.8590831918505941,0
mi,99,version_30,0,stratified,200,46,50,0.7912087912087913,ok,1,0.5897435897435898,0.5897435897435898,-0.20146520146520153,0.8471986417657046,47
mi,99,version_30,0,temporal_array,10,42,2,0.7492170969107067,ungateable,,,0.7492170969107067,0.0,,
mi,99,version_30,0,temporal_array,10,43,2,0.7492170969107067,ungateable,,,0.7492170969107067,0.0,,
mi,99,version_30,0,temporal_array,10,44,2,0.7492170969107067,ungateable,,,0.7492170969107067,0.0,,
mi,99,version_30,0,temporal_array,10,45,2,0.7492170969107067,ungateable,,,0.7492170969107067,0.0,,
mi,99,version_30,0,temporal_array,10,46,2,0.7492170969107067,ungateable,,,0.7492170969107067,0.0,,
mi,99,version_30,0,temporal_array,20,42,5,0.7529850746268657,ungateable,,,0.7529850746268657,0.0,,
mi,99,version_30,0,temporal_array,20,43,5,0.7529850746268657,ungateable,,,0.7529850746268657,0.0,,
mi,99,version_30,0,temporal_array,20,44,5,0.7529850746268657,ungateable,,,0.7529850746268657,0.0,,
mi,99,version_30,0,temporal_array,20,45,5,0.7529850746268657,ungateable,,,0.7529850746268657,0.0,,
mi,99,version_30,0,temporal_array,20,46,5,0.7529850746268657,ungateable,,,0.7529850746268657,0.0,,
mi,99,version_30,0,temporal_array,50,42,12,0.7434895833333334,ok,1,0.7447916666666666,0.7447916666666666,0.0013020833333332593,0.6666666666666667,9
mi,99,version_30,0,temporal_array,50,43,12,0.7434895833333334,ok,1,0.728515625,0.728515625,-0.01497395833333337,0.75,22
mi,99,version_30,0,temporal_array,50,44,12,0.7434895833333334,ok,0,0.7463541666666667,0.7434895833333334,0.0,0.888888888888889,0
mi,99,version_30,0,temporal_array,50,45,12,0.7434895833333334,ok,0,0.747265625,0.7434895833333334,0.0,0.7777777777777778,0
mi,99,version_30,0,temporal_array,50,46,12,0.7434895833333334,ok,0,0.7421875000000001,0.7434895833333334,0.0,0.8333333333333333,0
mi,99,version_30,0,temporal_array,100,42,25,0.7817982456140351,ok,1,0.6702302631578948,0.6702302631578948,-0.1115679824561403,0.7307692307692308,17
mi,99,version_30,0,temporal_array,100,43,25,0.7817982456140351,ok,1,0.7445175438596491,0.7445175438596491,-0.037280701754386025,0.7692307692307693,3
mi,99,version_30,0,temporal_array,100,44,25,0.7817982456140351,ok,1,0.6307565789473684,0.6307565789473684,-0.15104166666666674,0.7884615384615384,16
mi,99,version_30,0,temporal_array,100,45,25,0.7817982456140351,ok,1,0.6639254385964912,0.6639254385964912,-0.11787280701754388,0.717948717948718,13
mi,99,version_30,0,temporal_array,100,46,25,0.7817982456140351,ok,1,0.7617872807017543,0.7617872807017543,-0.020010964912280826,0.8653846153846153,2
mi,99,version_30,0,temporal_array,150,42,38,0.6967592592592593,ok,1,0.6261574074074073,0.6261574074074073,-0.07060185185185197,0.7611111111111111,42
mi,99,version_30,0,temporal_array,150,43,38,0.6967592592592593,ok,1,0.625,0.625,-0.0717592592592593,0.8638888888888889,15
mi,99,version_30,0,temporal_array,150,44,38,0.6967592592592593,ok,1,0.6956018518518519,0.6956018518518519,-0.0011574074074074403,0.7416666666666667,0
mi,99,version_30,0,temporal_array,150,45,38,0.6967592592592593,ok,1,0.6793981481481481,0.6793981481481481,-0.01736111111111116,0.6444444444444444,10
mi,99,version_30,0,temporal_array,150,46,38,0.6967592592592593,ok,1,0.6875,0.6875,-0.0092592592592593,0.8,8
mi,99,version_30,17,stratified,10,42,2,0.46671722278395683,ungateable,,,0.46671722278395683,0.0,,
mi,99,version_30,17,stratified,10,43,2,0.4556791371755982,ungateable,,,0.4556791371755982,0.0,,
mi,99,version_30,17,stratified,10,44,2,0.48432760364004046,ungateable,,,0.48432760364004046,0.0,,
mi,99,version_30,17,stratified,10,45,2,0.4568587799123694,ungateable,,,0.4568587799123694,0.0,,
mi,99,version_30,17,stratified,10,46,2,0.44261880687563193,ungateable,,,0.44261880687563193,0.0,,
mi,99,version_30,17,stratified,20,42,5,0.45990391722099044,ungateable,,,0.45990391722099044,0.0,,
mi,99,version_30,17,stratified,20,43,5,0.4496489283074649,ungateable,,,0.4496489283074649,0.0,,
mi,99,version_30,17,stratified,20,44,5,0.4825388026607539,ungateable,,,0.4825388026607539,0.0,,
mi,99,version_30,17,stratified,20,45,5,0.4495565410199557,ungateable,,,0.4495565410199557,0.0,,
mi,99,version_30,17,stratified,20,46,5,0.42590539541759054,ungateable,,,0.42590539541759054,0.0,,
mi,99,version_30,17,stratified,50,42,12,0.4765050479870372,ok,0,0.48747351364826125,0.4765050479870372,0.0,0.5428571428571429,0
mi,99,version_30,17,stratified,50,43,12,0.44073289293281814,ok,1,0.5583946154804936,0.5583946154804936,0.11766172254767548,0.4571428571428572,20
mi,99,version_30,17,stratified,50,44,12,0.4944534463417674,ok,1,0.6278200174498316,0.6278200174498316,0.1333665711080642,0.5714285714285714,11
mi,99,version_30,17,stratified,50,45,12,0.4490838838339773,ok,0,0.5603888819643525,0.4490838838339773,0.0,0.37142857142857144,8
mi,99,version_30,17,stratified,50,46,12,0.4148074286426524,ok,0,0.4187959616103702,0.4148074286426524,0.0,0.5428571428571429,0
mi,99,version_30,17,stratified,100,42,25,0.4702157598499062,ok,1,0.5755159474671669,0.5755159474671669,0.10530018761726073,0.7291666666666666,33
mi,99,version_30,17,stratified,100,43,25,0.4516885553470919,ok,1,0.6113977485928704,0.6113977485928704,0.15970919324577854,0.8263888888888888,10
mi,99,version_30,17,stratified,100,44,25,0.5619136960600375,ok,1,0.6097560975609756,0.6097560975609756,0.0478424015009381,0.7291666666666667,24
mi,99,version_30,17,stratified,100,45,25,0.4610694183864916,ok,1,0.5881801125703565,0.5881801125703565,0.1271106941838649,0.7666666666666667,23
mi,99,version_30,17,stratified,100,46,25,0.38907129455909945,ok,1,0.4817073170731707,0.4817073170731707,0.09263602251407127,0.7666666666666666,6
mi,99,version_30,17,stratified,150,42,38,0.40624999999999994,ok,1,0.5883413461538461,0.5883413461538461,0.1820913461538462,0.6057971014492753,9
mi,99,version_30,17,stratified,150,43,38,0.4212740384615385,ok,1,0.5588942307692308,0.5588942307692308,0.13762019230769235,0.6144927536231884,6
mi,99,version_30,17,stratified,150,44,38,0.5528846153846154,ok,1,0.548076923076923,0.548076923076923,-0.004807692307692402,0.7623188405797102,13
mi,99,version_30,17,stratified,150,45,38,0.5054086538461539,ok,1,0.5757211538461537,0.5757211538461537,0.07031249999999989,0.5826086956521739,40
mi,99,version_30,17,stratified,150,46,38,0.38822115384615385,ok,1,0.6087740384615384,0.6087740384615384,0.22055288461538458,0.7449275362318841,11
mi,99,version_30,17,stratified,200,42,50,0.315018315018315,ok,1,0.46520146520146527,0.46520146520146527,0.15018315018315026,0.696095076400679,2
mi,99,version_30,17,stratified,200,43,50,0.4139194139194139,ok,1,0.5531135531135531,0.5531135531135531,0.13919413919413925,0.6706281833616299,15
mi,99,version_30,17,stratified,200,44,50,0.63003663003663,ok,1,0.5677655677655677,0.5677655677655677,-0.06227106227106227,0.5093378607809848,9
mi,99,version_30,17,stratified,200,45,50,0.45054945054945056,ok,1,0.6153846153846154,0.6153846153846154,0.16483516483516486,0.634974533106961,18
mi,99,version_30,17,stratified,200,46,50,0.22344322344322345,ok,1,0.7216117216117217,0.7216117216117217,0.4981684981684983,0.6926994906621391,15
mi,99,version_30,17,temporal_array,10,42,2,0.4545916208209903,ungateable,,,0.4545916208209903,0.0,,
mi,99,version_30,17,temporal_array,10,43,2,0.4545916208209903,ungateable,,,0.4545916208209903,0.0,,
mi,99,version_30,17,temporal_array,10,44,2,0.4545916208209903,ungateable,,,0.4545916208209903,0.0,,
mi,99,version_30,17,temporal_array,10,45,2,0.4545916208209903,ungateable,,,0.4545916208209903,0.0,,
mi,99,version_30,17,temporal_array,10,46,2,0.4545916208209903,ungateable,,,0.4545916208209903,0.0,,
mi,99,version_30,17,temporal_array,20,42,5,0.47108208955223885,ungateable,,,0.47108208955223885,0.0,,
mi,99,version_30,17,temporal_array,20,43,5,0.47108208955223885,ungateable,,,0.47108208955223885,0.0,,
mi,99,version_30,17,temporal_array,20,44,5,0.47108208955223885,ungateable,,,0.47108208955223885,0.0,,
mi,99,version_30,17,temporal_array,20,45,5,0.47108208955223885,ungateable,,,0.47108208955223885,0.0,,
mi,99,version_30,17,temporal_array,20,46,5,0.47108208955223885,ungateable,,,0.47108208955223885,0.0,,
mi,99,version_30,17,temporal_array,50,42,12,0.4669270833333333,ok,1,0.49687500000000007,0.49687500000000007,0.02994791666666674,0.5555555555555556,5
mi,99,version_30,17,temporal_array,50,43,12,0.4669270833333333,ok,1,0.5233072916666667,0.5233072916666667,0.05638020833333335,0.49999999999999994,19
mi,99,version_30,17,temporal_array,50,44,12,0.4669270833333333,ok,1,0.54140625,0.54140625,0.07447916666666665,0.7222222222222222,13
mi,99,version_30,17,temporal_array,50,45,12,0.4669270833333333,ok,1,0.515625,0.515625,0.048697916666666674,0.7222222222222223,28
mi,99,version_30,17,temporal_array,50,46,12,0.4669270833333333,ok,1,0.48984375,0.48984375,0.022916666666666696,0.6111111111111112,24
mi,99,version_30,17,temporal_array,100,42,25,0.49451754385964913,ok,1,0.5709978070175438,0.5709978070175438,0.07648026315789463,0.6474358974358975,42
mi,99,version_30,17,temporal_array,100,43,25,0.49451754385964913,ok,1,0.621984649122807,0.621984649122807,0.1274671052631579,0.5,15
mi,99,version_30,17,temporal_array,100,44,25,0.49451754385964913,ok,0,0.5622258771929824,0.49451754385964913,0.0,0.5833333333333334,4
mi,99,version_30,17,temporal_array,100,45,25,0.49451754385964913,ok,1,0.5520833333333334,0.5520833333333334,0.05756578947368424,0.6282051282051282,3
mi,99,version_30,17,temporal_array,100,46,25,0.49451754385964913,ok,1,0.5575657894736843,0.5575657894736843,0.06304824561403516,0.532051282051282,22
mi,99,version_30,17,temporal_array,150,42,38,0.45949074074074076,ok,1,0.556712962962963,0.556712962962963,0.09722222222222227,0.6361111111111111,41
mi,99,version_30,17,temporal_array,150,43,38,0.45949074074074076,ok,0,0.6030092592592593,0.45949074074074076,0.0,0.5833333333333334,10
mi,99,version_30,17,temporal_array,150,44,38,0.45949074074074076,ok,1,0.505787037037037,0.505787037037037,0.046296296296296224,0.6583333333333333,7
mi,99,version_30,17,temporal_array,150,45,38,0.45949074074074076,ok,0,0.5752314814814814,0.45949074074074076,0.0,0.6611111111111111,2
mi,99,version_30,17,temporal_array,150,46,38,0.45949074074074076,ok,1,0.5208333333333333,0.5208333333333333,0.061342592592592504,0.6305555555555555,6
mi,99,version_41,0,stratified,10,42,2,0.7532861476238625,ungateable,,,0.7532861476238625,0.0,,
mi,99,version_41,0,stratified,10,43,2,0.728850690933603,ungateable,,,0.728850690933603,0.0,,
mi,99,version_41,0,stratified,10,44,2,0.7316312773845635,ungateable,,,0.7316312773845635,0.0,,
mi,99,version_41,0,stratified,10,45,2,0.7276710481968318,ungateable,,,0.7276710481968318,0.0,,
mi,99,version_41,0,stratified,10,46,2,0.7249747219413548,ungateable,,,0.7249747219413548,0.0,,
mi,99,version_41,0,stratified,20,42,5,0.7536954915003695,ungateable,,,0.7536954915003695,0.0,,
mi,99,version_41,0,stratified,20,43,5,0.7203436807095344,ungateable,,,0.7203436807095344,0.0,,
mi,99,version_41,0,stratified,20,44,5,0.7246858832224685,ungateable,,,0.7246858832224685,0.0,,
mi,99,version_41,0,stratified,20,45,5,0.7230229120473023,ungateable,,,0.7230229120473023,0.0,,
mi,99,version_41,0,stratified,20,46,5,0.7330007390983,ungateable,,,0.7330007390983,0.0,,
mi,99,version_41,0,stratified,50,42,12,0.7611865885578961,ok,1,0.7505920478623958,0.7505920478623958,-0.010594540695500365,0.6857142857142858,8
mi,99,version_41,0,stratified,50,43,12,0.7244173002617474,ok,0,0.7232955253645769,0.7244173002617474,0.0,0.8857142857142857,0
mi,99,version_41,0,stratified,50,44,12,0.7441106817898542,ok,1,0.7399975071668953,0.7399975071668953,-0.004113174622958904,0.6857142857142857,5
mi,99,version_41,0,stratified,50,45,12,0.7427396235822012,ok,0,0.7444846067555777,0.7427396235822012,0.0,0.942857142857143,0
mi,99,version_41,0,stratified,50,46,12,0.7519631060700486,ok,0,0.7550791474510782,0.7519631060700486,0.0,0.8571428571428572,0
mi,99,version_41,0,stratified,100,42,25,0.7565666041275797,ok,1,0.7443714821763602,0.7443714821763602,-0.012195121951219523,0.6805555555555556,48
mi,99,version_41,0,stratified,100,43,25,0.723030018761726,ok,1,0.7164634146341463,0.7164634146341463,-0.0065666041275797005,0.9375,1
mi,99,version_41,0,stratified,100,44,25,0.7286585365853658,ok,0,0.7288930581613509,0.7286585365853658,0.0,0.861111111111111,0
mi,99,version_41,0,stratified,100,45,25,0.7840056285178237,ok,1,0.6627579737335835,0.6627579737335835,-0.12124765478424027,0.7066666666666667,34
mi,99,version_41,0,stratified,100,46,25,0.7755628517823641,ok,1,0.7455440900562851,0.7455440900562851,-0.03001876172607898,0.9466666666666668,14
mi,99,version_41,0,stratified,150,42,38,0.6977163461538461,ok,1,0.6874999999999999,0.6874999999999999,-0.010216346153846256,0.9101449275362319,2
mi,99,version_41,0,stratified,150,43,38,0.7013221153846154,ok,0,0.696514423076923,0.7013221153846154,0.0,0.7072463768115943,4
mi,99,version_41,0,stratified,150,44,38,0.734375,ok,1,0.7259615384615384,0.7259615384615384,-0.008413461538461564,0.7942028985507247,1
mi,99,version_41,0,stratified,150,45,38,0.734375,ok,1,0.7079326923076923,0.7079326923076923,-0.02644230769230771,0.7710144927536232,18
mi,99,version_41,0,stratified,150,46,38,0.7584134615384617,ok,1,0.6923076923076923,0.6923076923076923,-0.06610576923076938,0.7855072463768116,6
mi,99,version_41,0,stratified,200,42,50,0.7985347985347985,ok,1,0.7875457875457875,0.7875457875457875,-0.01098901098901095,0.6027164685908319,7
mi,99,version_41,0,stratified,200,43,50,0.7252747252747253,ok,1,0.7289377289377289,0.7289377289377289,0.00366300366300365,0.7640067911714771,2
mi,99,version_41,0,stratified,200,44,50,0.673992673992674,ok,0,0.6630036630036631,0.673992673992674,0.0,0.7453310696095076,0
mi,99,version_41,0,stratified,200,45,50,0.7912087912087913,ok,0,0.8058608058608059,0.7912087912087913,0.0,0.8370118845500849,0
mi,99,version_41,0,stratified,200,46,50,0.8058608058608059,ok,1,0.728937728937729,0.728937728937729,-0.07692307692307687,0.7521222410865874,11
mi,99,version_41,0,temporal_array,10,42,2,0.727803639441388,ungateable,,,0.727803639441388,0.0,,
mi,99,version_41,0,temporal_array,10,43,2,0.727803639441388,ungateable,,,0.727803639441388,0.0,,
mi,99,version_41,0,temporal_array,10,44,2,0.727803639441388,ungateable,,,0.727803639441388,0.0,,
mi,99,version_41,0,temporal_array,10,45,2,0.727803639441388,ungateable,,,0.727803639441388,0.0,,
mi,99,version_41,0,temporal_array,10,46,2,0.727803639441388,ungateable,,,0.727803639441388,0.0,,
mi,99,version_41,0,temporal_array,20,42,5,0.721641791044776,ungateable,,,0.721641791044776,0.0,,
mi,99,version_41,0,temporal_array,20,43,5,0.721641791044776,ungateable,,,0.721641791044776,0.0,,
mi,99,version_41,0,temporal_array,20,44,5,0.721641791044776,ungateable,,,0.721641791044776,0.0,,
mi,99,version_41,0,temporal_array,20,45,5,0.721641791044776,ungateable,,,0.721641791044776,0.0,,
mi,99,version_41,0,temporal_array,20,46,5,0.721641791044776,ungateable,,,0.721641791044776,0.0,,
mi,99,version_41,0,temporal_array,50,42,12,0.7192708333333333,ok,1,0.7098958333333334,0.7098958333333334,-0.009374999999999911,1.0,21
mi,99,version_41,0,temporal_array,50,43,12,0.7192708333333333,ok,1,0.7127604166666667,0.7127604166666667,-0.00651041666666663,0.8333333333333333,34
mi,99,version_41,0,temporal_array,50,44,12,0.7192708333333333,ok,0,0.719140625,0.7192708333333333,0.0,0.9166666666666667,0
mi,99,version_41,0,temporal_array,50,45,12,0.7192708333333333,ok,1,0.723828125,0.723828125,0.004557291666666741,0.8333333333333333,6
mi,99,version_41,0,temporal_array,50,46,12,0.7192708333333333,ok,1,0.7192708333333334,0.7192708333333334,1.1102230246251565e-16,0.8333333333333334,2
mi,99,version_41,0,temporal_array,100,42,25,0.7702850877192983,ok,1,0.6304824561403508,0.6304824561403508,-0.13980263157894746,0.7756410256410257,33
mi,99,version_41,0,temporal_array,100,43,25,0.7702850877192983,ok,1,0.7628837719298245,0.7628837719298245,-0.0074013157894737835,0.8141025641025641,2
mi,99,version_41,0,temporal_array,100,44,25,0.7702850877192983,ok,1,0.7160087719298245,0.7160087719298245,-0.054276315789473784,0.7564102564102564,6
mi,99,version_41,0,temporal_array,100,45,25,0.7702850877192983,ok,1,0.649671052631579,0.649671052631579,-0.12061403508771928,0.6538461538461539,28
mi,99,version_41,0,temporal_array,100,46,25,0.7702850877192983,ok,1,0.747532894736842,0.747532894736842,-0.022752192982456232,0.8205128205128205,4
mi,99,version_41,0,temporal_array,150,42,38,0.7094907407407408,ok,1,0.6331018518518519,0.6331018518518519,-0.07638888888888895,0.7250000000000001,9
mi,99,version_41,0,temporal_array,150,43,38,0.7094907407407408,ok,0,0.7002314814814814,0.7094907407407408,0.0,0.7972222222222223,0
mi,99,version_41,0,temporal_array,150,44,38,0.7094907407407408,ok,1,0.6273148148148148,0.6273148148148148,-0.08217592592592604,0.8194444444444444,13
mi,99,version_41,0,temporal_array,150,45,38,0.7094907407407408,ok,1,0.5810185185185186,0.5810185185185186,-0.1284722222222222,0.6388888888888888,45
mi,99,version_41,0,temporal_array,150,46,38,0.7094907407407408,ok,1,0.5868055555555556,0.5868055555555556,-0.12268518518518523,0.8027777777777778,25
mi,99,version_41,17,stratified,10,42,2,0.4858442871587462,ungateable,,,0.4858442871587462,0.0,,
mi,99,version_41,17,stratified,10,43,2,0.47480620155038766,ungateable,,,0.47480620155038766,0.0,,
mi,99,version_41,17,stratified,10,44,2,0.4867711493090664,ungateable,,,0.4867711493090664,0.0,,
mi,99,version_41,17,stratified,10,45,2,0.4668014829794405,ungateable,,,0.4668014829794405,0.0,,
mi,99,version_41,17,stratified,10,46,2,0.4591338051904281,ungateable,,,0.4591338051904281,0.0,,
mi,99,version_41,17,stratified,20,42,5,0.4817997043606799,ungateable,,,0.4817997043606799,0.0,,
mi,99,version_41,17,stratified,20,43,5,0.4708980044345898,ungateable,,,0.4708980044345898,0.0,,
mi,99,version_41,17,stratified,20,44,5,0.48974501108647445,ungateable,,,0.48974501108647445,0.0,,
mi,99,version_41,17,stratified,20,45,5,0.4598115299334812,ungateable,,,0.4598115299334812,0.0,,
mi,99,version_41,17,stratified,20,46,5,0.4496489283074649,ungateable,,,0.4496489283074649,0.0,,
mi,99,version_41,17,stratified,50,42,12,0.49457808799700853,ok,0,0.5287299015330924,0.49457808799700853,0.0,0.4285714285714286,1
mi,99,version_41,17,stratified,50,43,12,0.45568989156176,ok,1,0.6141094353733018,0.6141094353733018,0.15841954381154177,0.7714285714285715,43
mi,99,version_41,17,stratified,50,44,12,0.5150193194565624,ok,1,0.7027296522497819,0.7027296522497819,0.18771033279321947,0.7428571428571429,25
mi,99,version_41,17,stratified,50,45,12,0.43948647638040633,ok,1,0.5859404212887948,0.5859404212887948,0.14645394490838842,0.48571428571428577,17
mi,99,version_41,17,stratified,50,46,12,0.4531970584569363,ok,1,0.5274834849806805,0.5274834849806805,0.07428642652374423,0.5428571428571429,4
mi,99,version_41,17,stratified,100,42,25,0.4772514071294559,ok,1,0.6592401500938087,0.6592401500938087,0.18198874296435275,0.7222222222222222,21
mi,99,version_41,17,stratified,100,43,25,0.4568480300187618,ok,1,0.6559568480300187,0.6559568480300187,0.19910881801125696,0.7986111111111112,15
mi,99,version_41,17,stratified,100,44,25,0.5637898686679174,ok,1,0.6815196998123827,0.6815196998123827,0.11772983114446534,0.7916666666666666,25
mi,99,version_41,17,stratified,100,45,25,0.450046904315197,ok,1,0.6878517823639775,0.6878517823639775,0.23780487804878048,0.66,57
mi,99,version_41,17,stratified,100,46,25,0.426125703564728,ok,1,0.6423545966228893,0.6423545966228893,0.2162288930581613,0.7266666666666667,12
mi,99,version_41,17,stratified,150,42,38,0.3912259615384615,ok,1,0.6586538461538461,0.6586538461538461,0.26742788461538464,0.6376811594202898,10
mi,99,version_41,17,stratified,150,43,38,0.430889423076923,ok,1,0.631610576923077,0.631610576923077,0.20072115384615397,0.6927536231884058,13
mi,99,version_41,17,stratified,150,44,38,0.5703125,ok,1,0.6640624999999999,0.6640624999999999,0.09374999999999989,0.7681159420289855,15
mi,99,version_41,17,stratified,150,45,38,0.5210336538461539,ok,1,0.7421875,0.7421875,0.22115384615384615,0.6260869565217391,54
mi,99,version_41,17,stratified,150,46,38,0.4387019230769231,ok,1,0.7487980769230769,0.7487980769230769,0.3100961538461538,0.6173913043478261,11
mi,99,version_41,17,stratified,200,42,50,0.24542124542124547,ok,1,0.8241758241758241,0.8241758241758241,0.5787545787545787,0.7860780984719865,19
mi,99,version_41,17,stratified,200,43,50,0.3992673992673993,ok,1,0.6923076923076923,0.6923076923076923,0.293040293040293,0.730050933786078,12
mi,99,version_41,17,stratified,200,44,50,0.5531135531135531,ok,1,0.6483516483516483,0.6483516483516483,0.09523809523809512,0.6044142614601018,15
mi,99,version_41,17,stratified,200,45,50,0.43223443223443225,ok,1,0.7435897435897436,0.7435897435897436,0.31135531135531136,0.7045840407470289,9
mi,99,version_41,17,stratified,200,46,50,0.2673992673992674,ok,1,0.7582417582417582,0.7582417582417582,0.4908424908424908,0.634974533106961,8
mi,99,version_41,17,temporal_array,10,42,2,0.4730427422767668,ungateable,,,0.4730427422767668,0.0,,
mi,99,version_41,17,temporal_array,10,43,2,0.4730427422767668,ungateable,,,0.4730427422767668,0.0,,
mi,99,version_41,17,temporal_array,10,44,2,0.4730427422767668,ungateable,,,0.4730427422767668,0.0,,
mi,99,version_41,17,temporal_array,10,45,2,0.4730427422767668,ungateable,,,0.4730427422767668,0.0,,
mi,99,version_41,17,temporal_array,10,46,2,0.4730427422767668,ungateable,,,0.4730427422767668,0.0,,
mi,99,version_41,17,temporal_array,20,42,5,0.4788246268656717,ungateable,,,0.4788246268656717,0.0,,
mi,99,version_41,17,temporal_array,20,43,5,0.4788246268656717,ungateable,,,0.4788246268656717,0.0,,
mi,99,version_41,17,temporal_array,20,44,5,0.4788246268656717,ungateable,,,0.4788246268656717,0.0,,
mi,99,version_41,17,temporal_array,20,45,5,0.4788246268656717,ungateable,,,0.4788246268656717,0.0,,
mi,99,version_41,17,temporal_array,20,46,5,0.4788246268656717,ungateable,,,0.4788246268656717,0.0,,
mi,99,version_41,17,temporal_array,50,42,12,0.45625000000000004,ok,0,0.4686197916666667,0.45625000000000004,0.0,0.75,0
mi,99,version_41,17,temporal_array,50,43,12,0.45625000000000004,ok,1,0.5361979166666667,0.5361979166666667,0.07994791666666667,0.638888888888889,16
mi,99,version_41,17,temporal_array,50,44,12,0.45625000000000004,ok,1,0.51875,0.51875,0.0625,0.8333333333333335,3
mi,99,version_41,17,temporal_array,50,45,12,0.45625000000000004,ok,1,0.5338541666666666,0.5338541666666666,0.07760416666666659,0.8611111111111112,12
mi,99,version_41,17,temporal_array,50,46,12,0.45625000000000004,ok,1,0.5326822916666667,0.5326822916666667,0.07643229166666665,0.8611111111111112,6
mi,99,version_41,17,temporal_array,100,42,25,0.4558662280701754,ok,1,0.6132127192982455,0.6132127192982455,0.1573464912280701,0.7692307692307693,19
mi,99,version_41,17,temporal_array,100,43,25,0.4558662280701754,ok,1,0.628015350877193,0.628015350877193,0.17214912280701755,0.6858974358974359,44
mi,99,version_41,17,temporal_array,100,44,25,0.4558662280701754,ok,1,0.6313048245614035,0.6313048245614035,0.17543859649122806,0.8076923076923077,36
mi,99,version_41,17,temporal_array,100,45,25,0.4558662280701754,ok,1,0.6192434210526315,0.6192434210526315,0.16337719298245612,0.6538461538461539,15
mi,99,version_41,17,temporal_array,100,46,25,0.4558662280701754,ok,1,0.6011513157894738,0.6011513157894738,0.14528508771929838,0.7051282051282051,42
mi,99,version_41,17,temporal_array,150,42,38,0.41550925925925924,ok,1,0.5486111111111112,0.5486111111111112,0.13310185185185192,0.6972222222222222,59
mi,99,version_41,17,temporal_array,150,43,38,0.41550925925925924,ok,1,0.6122685185185185,0.6122685185185185,0.19675925925925924,0.7444444444444445,16
mi,99,version_41,17,temporal_array,150,44,38,0.41550925925925924,ok,1,0.5416666666666667,0.5416666666666667,0.1261574074074075,0.7527777777777779,9
mi,99,version_41,17,temporal_array,150,45,38,0.41550925925925924,ok,1,0.5289351851851852,0.5289351851851852,0.11342592592592599,0.7416666666666667,4
mi,99,version_41,17,temporal_array,150,46,38,0.41550925925925924,ok,1,0.5543981481481481,0.5543981481481481,0.1388888888888889,0.6972222222222222,15
mi,101,version_27,0,stratified,10,42,2,0.7346646444219751,ungateable,,,0.7346646444219751,0.0,,
mi,101,version_27,0,stratified,10,43,2,0.7236265588136164,ungateable,,,0.7236265588136164,0.0,,
mi,101,version_27,0,stratified,10,44,2,0.7236265588136165,ungateable,,,0.7236265588136165,0.0,,
mi,101,version_27,0,stratified,10,45,2,0.7320525783619818,ungateable,,,0.7320525783619818,0.0,,
mi,101,version_27,0,stratified,10,46,2,0.7268284462419952,ungateable,,,0.7268284462419952,0.0,,
mi,101,version_27,0,stratified,20,42,5,0.7257021433850702,ungateable,,,0.7257021433850702,0.0,,
mi,101,version_27,0,stratified,20,43,5,0.7281966001478196,ungateable,,,0.7281966001478196,0.0,,
mi,101,version_27,0,stratified,20,44,5,0.7181263858093125,ungateable,,,0.7181263858093125,0.0,,
mi,101,version_27,0,stratified,20,45,5,0.7358647450110865,ungateable,,,0.7358647450110865,0.0,,
mi,101,version_27,0,stratified,20,46,5,0.73179970436068,ungateable,,,0.73179970436068,0.0,,
mi,101,version_27,0,stratified,50,42,12,0.7109560014956999,ok,0,0.7008600274211642,0.7109560014956999,0.0,1.0,0
mi,101,version_27,0,stratified,50,43,12,0.7146952511529353,ok,0,0.7092110183223234,0.7146952511529353,0.0,0.6000000000000001,0
mi,101,version_27,0,stratified,50,44,12,0.7140720428767294,ok,0,0.7031035772155054,0.7140720428767294,0.0,0.8285714285714286,0
mi,101,version_27,0,stratified,50,45,12,0.7454817399975071,ok,1,0.7370061074411068,0.7370061074411068,-0.00847563255640027,0.6857142857142857,0
mi,101,version_27,0,stratified,50,46,12,0.7424903402717188,ok,0,0.7332668577838715,0.7424903402717188,0.0,0.6571428571428571,0
mi,101,version_27,0,stratified,100,42,25,0.725609756097561,ok,0,0.7037992495309568,0.725609756097561,0.0,0.7222222222222222,0
mi,101,version_27,0,stratified,100,43,25,0.6855065666041276,ok,0,0.6622889305816135,0.6855065666041276,0.0,0.5347222222222222,0
mi,101,version_27,0,stratified,100,44,25,0.7103658536585367,ok,1,0.6709662288930582,0.6709662288930582,-0.039399624765478425,0.6805555555555556,33
mi,101,version_27,0,stratified,100,45,25,0.7804878048780488,ok,0,0.7694652908067542,0.7804878048780488,0.0,0.56,0
mi,101,version_27,0,stratified,100,46,25,0.7075515947467167,ok,0,0.6953564727954972,0.7075515947467167,0.0,0.5866666666666667,0
mi,101,version_27,0,stratified,150,42,38,0.6790865384615384,ok,1,0.6490384615384616,0.6490384615384616,-0.030048076923076872,0.8695652173913043,39
mi,101,version_27,0,stratified,150,43,38,0.7295673076923077,ok,0,0.7049278846153847,0.7295673076923077,0.0,0.6260869565217392,0
mi,101,version_27,0,stratified,150,44,38,0.7680288461538461,ok,0,0.7319711538461537,0.7680288461538461,0.0,0.7681159420289855,12
mi,101,version_27,0,stratified,150,45,38,0.7950721153846154,ok,0,0.7463942307692308,0.7950721153846154,0.0,0.727536231884058,7
mi,101,version_27,0,stratified,150,46,38,0.7091346153846154,ok,1,0.6893028846153846,0.6893028846153846,-0.019831730769230838,0.8289855072463769,0
mi,101,version_27,0,stratified,200,42,50,0.783882783882784,ok,1,0.7582417582417582,0.7582417582417582,-0.025641025641025772,0.6400679117147707,84
mi,101,version_27,0,stratified,200,43,50,0.8901098901098901,ok,1,0.7948717948717949,0.7948717948717949,-0.09523809523809512,0.7249575551782683,37
mi,101,version_27,0,stratified,200,44,50,0.8241758241758241,ok,0,0.8058608058608059,0.8241758241758241,0.0,0.6893039049235993,0
mi,101,version_27,0,stratified,200,45,50,0.7655677655677656,ok,0,0.6776556776556777,0.7655677655677656,0.0,0.7623089983022071,20
mi,101,version_27,0,stratified,200,46,50,0.684981684981685,ok,0,0.6703296703296704,0.684981684981685,0.0,0.7843803056027164,0
mi,101,version_27,0,temporal_array,10,42,2,0.7366906474820144,ungateable,,,0.7366906474820144,0.0,,
mi,101,version_27,0,temporal_array,10,43,2,0.7366906474820144,ungateable,,,0.7366906474820144,0.0,,
mi,101,version_27,0,temporal_array,10,44,2,0.7366906474820144,ungateable,,,0.7366906474820144,0.0,,
mi,101,version_27,0,temporal_array,10,45,2,0.7366906474820144,ungateable,,,0.7366906474820144,0.0,,
mi,101,version_27,0,temporal_array,10,46,2,0.7366906474820144,ungateable,,,0.7366906474820144,0.0,,
mi,101,version_27,0,temporal_array,20,42,5,0.7334888059701492,ungateable,,,0.7334888059701492,0.0,,
mi,101,version_27,0,temporal_array,20,43,5,0.7334888059701492,ungateable,,,0.7334888059701492,0.0,,
mi,101,version_27,0,temporal_array,20,44,5,0.7334888059701492,ungateable,,,0.7334888059701492,0.0,,
mi,101,version_27,0,temporal_array,20,45,5,0.7334888059701492,ungateable,,,0.7334888059701492,0.0,,
mi,101,version_27,0,temporal_array,20,46,5,0.7334888059701492,ungateable,,,0.7334888059701492,0.0,,
mi,101,version_27,0,temporal_array,50,42,12,0.7381510416666667,ok,0,0.7255208333333334,0.7381510416666667,0.0,0.5833333333333333,1
mi,101,version_27,0,temporal_array,50,43,12,0.7381510416666667,ok,0,0.7290364583333334,0.7381510416666667,0.0,0.6111111111111112,0
mi,101,version_27,0,temporal_array,50,44,12,0.7381510416666667,ok,0,0.7282552083333332,0.7381510416666667,0.0,0.5555555555555557,0
mi,101,version_27,0,temporal_array,50,45,12,0.7381510416666667,ok,0,0.7307291666666667,0.7381510416666667,0.0,0.6944444444444445,0
mi,101,version_27,0,temporal_array,50,46,12,0.7381510416666667,ok,0,0.7291666666666667,0.7381510416666667,0.0,0.75,0
mi,101,version_27,0,temporal_array,100,42,25,0.7653508771929823,ok,0,0.7549342105263157,0.7653508771929823,0.0,0.8525641025641025,0
mi,101,version_27,0,temporal_array,100,43,25,0.7653508771929823,ok,0,0.7582236842105263,0.7653508771929823,0.0,0.6858974358974359,0
mi,101,version_27,0,temporal_array,100,44,25,0.7653508771929823,ok,1,0.7017543859649124,0.7017543859649124,-0.06359649122806998,0.6987179487179487,17
mi,101,version_27,0,temporal_array,100,45,25,0.7653508771929823,ok,1,0.6968201754385964,0.6968201754385964,-0.06853070175438591,0.6666666666666667,19
mi,101,version_27,0,temporal_array,100,46,25,0.7653508771929823,ok,1,0.7113486842105263,0.7113486842105263,-0.05400219298245601,0.5576923076923077,22
mi,101,version_27,0,temporal_array,150,42,38,0.8275462962962963,ok,1,0.8159722222222222,0.8159722222222222,-0.01157407407407407,0.8527777777777777,10
mi,101,version_27,0,temporal_array,150,43,38,0.8275462962962963,ok,1,0.7881944444444444,0.7881944444444444,-0.03935185185185186,0.6694444444444445,2
mi,101,version_27,0,temporal_array,150,44,38,0.8275462962962963,ok,1,0.7465277777777778,0.7465277777777778,-0.08101851851851849,0.8111111111111111,14
mi,101,version_27,0,temporal_array,150,45,38,0.8275462962962963,ok,0,0.7696759259259259,0.8275462962962963,0.0,0.8250000000000001,4
mi,101,version_27,0,temporal_array,150,46,38,0.8275462962962963,ok,1,0.7627314814814814,0.7627314814814814,-0.06481481481481488,0.8027777777777778,24
mi,101,version_27,17,stratified,10,42,2,0.5857768790023593,ungateable,,,0.5857768790023593,0.0,,
mi,101,version_27,17,stratified,10,43,2,0.5784462419952814,ungateable,,,0.5784462419952814,0.0,,
mi,101,version_27,17,stratified,10,44,2,0.5867037411526794,ungateable,,,0.5867037411526794,0.0,,
mi,101,version_27,17,stratified,10,45,2,0.5987529491068418,ungateable,,,0.5987529491068418,0.0,,
mi,101,version_27,17,stratified,10,46,2,0.5913380519042803,ungateable,,,0.5913380519042803,0.0,,
mi,101,version_27,17,stratified,20,42,5,0.5914634146341464,ungateable,,,0.5914634146341464,0.0,,
mi,101,version_27,17,stratified,20,43,5,0.574279379157428,ungateable,,,0.574279379157428,0.0,,
mi,101,version_27,17,stratified,20,44,5,0.5851810790835181,ungateable,,,0.5851810790835181,0.0,,
mi,101,version_27,17,stratified,20,45,5,0.5879526977087952,ungateable,,,0.5879526977087952,0.0,,
mi,101,version_27,17,stratified,20,46,5,0.5874907612712491,ungateable,,,0.5874907612712491,0.0,,
mi,101,version_27,17,stratified,50,42,12,0.5838215131496947,ok,0,0.5802069051477003,0.5838215131496947,0.0,0.6571428571428571,0
mi,101,version_27,17,stratified,50,43,12,0.5648759815530351,ok,0,0.5596410320329054,0.5648759815530351,0.0,0.37142857142857144,0
mi,101,version_27,17,stratified,50,44,12,0.574473389006606,ok,0,0.5298516764302631,0.574473389006606,0.0,0.7714285714285714,6
mi,101,version_27,17,stratified,50,45,12,0.5800822634924592,ok,1,0.5844447214259005,0.5844447214259005,0.004362457933441366,0.5714285714285714,6
mi,101,version_27,17,stratified,50,46,12,0.5759690888695002,ok,0,0.5667456063816527,0.5759690888695002,0.0,0.9142857142857144,0
mi,101,version_27,17,stratified,100,42,25,0.5966228893058161,ok,1,0.5935741088180113,0.5935741088180113,-0.0030487804878047697,0.7916666666666667,40
mi,101,version_27,17,stratified,100,43,25,0.6174953095684803,ok,0,0.6081144465290806,0.6174953095684803,0.0,0.4027777777777778,0
mi,101,version_27,17,stratified,100,44,25,0.5825515947467167,ok,1,0.574812382739212,0.574812382739212,-0.007739212007504714,0.48611111111111105,0
mi,101,version_27,17,stratified,100,45,25,0.6064727954971858,ok,1,0.5590994371482176,0.5590994371482176,-0.047373358348968164,0.7266666666666667,7
mi,101,version_27,17,stratified,100,46,25,0.6076454033771107,ok,1,0.5719981238273921,0.5719981238273921,-0.03564727954971858,0.6266666666666667,34
mi,101,version_27,17,stratified,150,42,38,0.578125,ok,0,0.5625,0.578125,0.0,0.5739130434782609,0
mi,101,version_27,17,stratified,150,43,38,0.6021634615384616,ok,0,0.5967548076923077,0.6021634615384616,0.0,0.6231884057971014,0
mi,101,version_27,17,stratified,150,44,38,0.5474759615384616,ok,0,0.5378605769230769,0.5474759615384616,0.0,0.5449275362318841,4
mi,101,version_27,17,stratified,150,45,38,0.6484375,ok,1,0.5775240384615385,0.5775240384615385,-0.07091346153846145,0.5710144927536231,5
mi,101,version_27,17,stratified,150,46,38,0.5883413461538461,ok,0,0.584735576923077,0.5883413461538461,0.0,0.6115942028985507,0
mi,101,version_27,17,stratified,200,42,50,0.4945054945054946,ok,1,0.4725274725274725,0.4725274725274725,-0.021978021978022066,0.5500848896434636,2
mi,101,version_27,17,stratified,200,43,50,0.684981684981685,ok,0,0.684981684981685,0.684981684981685,0.0,0.48896434634974534,0
mi,101,version_27,17,stratified,200,44,50,0.5274725274725275,ok,1,0.380952380952381,0.380952380952381,-0.1465201465201465,0.7707979626485568,18
mi,101,version_27,17,stratified,200,45,50,0.6776556776556777,ok,1,0.684981684981685,0.684981684981685,0.0073260073260073,0.7758913412563667,33
mi,101,version_27,17,stratified,200,46,50,0.5970695970695971,ok,1,0.6959706959706959,0.6959706959706959,0.09890109890109888,0.6808149405772495,19
mi,101,version_27,17,temporal_array,10,42,2,0.6052475666525603,ungateable,,,0.6052475666525603,0.0,,
mi,101,version_27,17,temporal_array,10,43,2,0.6052475666525603,ungateable,,,0.6052475666525603,0.0,,
mi,101,version_27,17,temporal_array,10,44,2,0.6052475666525603,ungateable,,,0.6052475666525603,0.0,,
mi,101,version_27,17,temporal_array,10,45,2,0.6052475666525603,ungateable,,,0.6052475666525603,0.0,,
mi,101,version_27,17,temporal_array,10,46,2,0.6052475666525603,ungateable,,,0.6052475666525603,0.0,,
mi,101,version_27,17,temporal_array,20,42,5,0.6292910447761194,ungateable,,,0.6292910447761194,0.0,,
mi,101,version_27,17,temporal_array,20,43,5,0.6292910447761194,ungateable,,,0.6292910447761194,0.0,,
mi,101,version_27,17,temporal_array,20,44,5,0.6292910447761194,ungateable,,,0.6292910447761194,0.0,,
mi,101,version_27,17,temporal_array,20,45,5,0.6292910447761194,ungateable,,,0.6292910447761194,0.0,,
mi,101,version_27,17,temporal_array,20,46,5,0.6292910447761194,ungateable,,,0.6292910447761194,0.0,,
mi,101,version_27,17,temporal_array,50,42,12,0.6828124999999999,ok,0,0.6765625,0.6828124999999999,0.0,0.36111111111111116,0
mi,101,version_27,17,temporal_array,50,43,12,0.6828124999999999,ok,0,0.6765625,0.6828124999999999,0.0,0.19444444444444445,0
mi,101,version_27,17,temporal_array,50,44,12,0.6828124999999999,ok,1,0.4774739583333334,0.4774739583333334,-0.20533854166666654,0.5833333333333335,45
mi,101,version_27,17,temporal_array,50,45,12,0.6828124999999999,ok,0,0.6803385416666666,0.6828124999999999,0.0,0.5555555555555556,0
mi,101,version_27,17,temporal_array,50,46,12,0.6828124999999999,ok,0,0.6804687500000001,0.6828124999999999,0.0,0.41666666666666674,0
mi,101,version_27,17,temporal_array,100,42,25,0.7168311403508771,ok,1,0.5013706140350878,0.5013706140350878,-0.21546052631578938,0.6153846153846154,80
mi,101,version_27,17,temporal_array,100,43,25,0.7168311403508771,ok,1,0.7044956140350876,0.7044956140350876,-0.012335526315789491,0.6025641025641025,0
mi,101,version_27,17,temporal_array,100,44,25,0.7168311403508771,ok,1,0.5586622807017543,0.5586622807017543,-0.15816885964912286,0.4807692307692308,31
mi,101,version_27,17,temporal_array,100,45,25,0.7168311403508771,ok,0,0.7069627192982456,0.7168311403508771,0.0,0.5897435897435898,0
mi,101,version_27,17,temporal_array,100,46,25,0.7168311403508771,ok,1,0.5773026315789473,0.5773026315789473,-0.1395285087719298,0.5064102564102564,69
mi,101,version_27,17,temporal_array,150,42,38,0.806712962962963,ok,1,0.7141203703703703,0.7141203703703703,-0.09259259259259267,0.663888888888889,9
mi,101,version_27,17,temporal_array,150,43,38,0.806712962962963,ok,1,0.7731481481481481,0.7731481481481481,-0.03356481481481488,0.6111111111111112,0
mi,101,version_27,17,temporal_array,150,44,38,0.806712962962963,ok,1,0.5775462962962963,0.5775462962962963,-0.22916666666666674,0.5388888888888889,20
mi,101,version_27,17,temporal_array,150,45,38,0.806712962962963,ok,1,0.5706018518518519,0.5706018518518519,-0.23611111111111116,0.6916666666666668,25
mi,101,version_27,17,temporal_array,150,46,38,0.806712962962963,ok,1,0.642361111111111,0.642361111111111,-0.16435185185185197,0.5694444444444445,17
mi,101,version_28,0,stratified,10,42,2,0.7150320188742838,ungateable,,,0.7150320188742838,0.0,,
mi,101,version_28,0,stratified,10,43,2,0.70963936636333,ungateable,,,0.70963936636333,0.0,,
mi,101,version_28,0,stratified,10,44,2,0.7189922480620154,ungateable,,,0.7189922480620154,0.0,,
mi,101,version_28,0,stratified,10,45,2,0.7135995955510617,ungateable,,,0.7135995955510617,0.0,,
mi,101,version_28,0,stratified,10,46,2,0.7162959218065386,ungateable,,,0.7162959218065386,0.0,,
mi,101,version_28,0,stratified,20,42,5,0.7030672579453067,ungateable,,,0.7030672579453067,0.0,,
mi,101,version_28,0,stratified,20,43,5,0.7131374722838136,ungateable,,,0.7131374722838136,0.0,,
mi,101,version_28,0,stratified,20,44,5,0.7082409460458241,ungateable,,,0.7082409460458241,0.0,,
mi,101,version_28,0,stratified,20,45,5,0.7190502586844051,ungateable,,,0.7190502586844051,0.0,,
mi,101,version_28,0,stratified,20,46,5,0.7135070214338506,ungateable,,,0.7135070214338506,0.0,,
mi,101,version_28,0,stratified,50,42,12,0.6910133366571108,ok,0,0.6878972952760813,0.6910133366571108,0.0,1.0,0
mi,101,version_28,0,stratified,50,43,12,0.7184345008101708,ok,0,0.7171880842577589,0.7184345008101708,0.0,0.6857142857142857,0
mi,101,version_28,0,stratified,50,44,12,0.6935061697619345,ok,1,0.7301508164028417,0.7301508164028417,0.036644646640907275,0.6857142857142857,38
mi,101,version_28,0,stratified,50,45,12,0.7371307490963479,ok,1,0.7301508164028419,0.7301508164028419,-0.006979932693506052,0.8285714285714285,7
mi,101,version_28,0,stratified,50,46,12,0.719930200673065,ok,1,0.7402467904773775,0.7402467904773775,0.0203165898043125,0.8571428571428572,30
mi,101,version_28,0,stratified,100,42,25,0.7106003752345216,ok,1,0.7237335834896811,0.7237335834896811,0.013133208255159512,0.7152777777777778,22
mi,101,version_28,0,stratified,100,43,25,0.7209193245778612,ok,1,0.700984990619137,0.700984990619137,-0.019934333958724237,0.5902777777777778,31
mi,101,version_28,0,stratified,100,44,25,0.6948874296435272,ok,1,0.6833958724202627,0.6833958724202627,-0.011491557223264559,0.6666666666666667,4
mi,101,version_28,0,stratified,100,45,25,0.7788461538461537,ok,1,0.7462476547842403,0.7462476547842403,-0.03259849906191348,0.86,12
mi,101,version_28,0,stratified,100,46,25,0.6969981238273921,ok,1,0.7117729831144465,0.7117729831144465,0.014774859287054354,0.6333333333333334,12
mi,101,version_28,0,stratified,150,42,38,0.6899038461538461,ok,1,0.743389423076923,0.743389423076923,0.05348557692307687,0.7681159420289856,12
mi,101,version_28,0,stratified,150,43,38,0.7163461538461539,ok,0,0.7097355769230769,0.7163461538461539,0.0,0.6608695652173914,5
mi,101,version_28,0,stratified,150,44,38,0.7295673076923077,ok,1,0.71875,0.71875,-0.01081730769230771,0.7246376811594203,12
mi,101,version_28,0,stratified,150,45,38,0.783653846153846,ok,0,0.7764423076923077,0.783653846153846,0.0,0.6521739130434783,0
mi,101,version_28,0,stratified,150,46,38,0.6923076923076923,ok,0,0.6766826923076923,0.6923076923076923,0.0,0.7478260869565218,0
mi,101,version_28,0,stratified,200,42,50,0.783882783882784,ok,1,0.7216117216117217,0.7216117216117217,-0.06227106227106227,0.6095076400679117,15
mi,101,version_28,0,stratified,200,43,50,0.8351648351648352,ok,1,0.783882783882784,0.783882783882784,-0.05128205128205121,0.7419354838709677,53
mi,101,version_28,0,stratified,200,44,50,0.7912087912087912,ok,1,0.728937728937729,0.728937728937729,-0.06227106227106216,0.8234295415959253,4
mi,101,version_28,0,stratified,200,45,50,0.7875457875457876,ok,1,0.761904761904762,0.761904761904762,-0.02564102564102566,0.8556876061120543,12
mi,101,version_28,0,stratified,200,46,50,0.7179487179487181,ok,1,0.7106227106227107,0.7106227106227107,-0.007326007326007411,0.7623089983022071,4
mi,101,version_28,0,temporal_array,10,42,2,0.7189166314007617,ungateable,,,0.7189166314007617,0.0,,
mi,101,version_28,0,temporal_array,10,43,2,0.7189166314007617,ungateable,,,0.7189166314007617,0.0,,
mi,101,version_28,0,temporal_array,10,44,2,0.7189166314007617,ungateable,,,0.7189166314007617,0.0,,
mi,101,version_28,0,temporal_array,10,45,2,0.7189166314007617,ungateable,,,0.7189166314007617,0.0,,
mi,101,version_28,0,temporal_array,10,46,2,0.7189166314007617,ungateable,,,0.7189166314007617,0.0,,
mi,101,version_28,0,temporal_array,20,42,5,0.7199626865671642,ungateable,,,0.7199626865671642,0.0,,
mi,101,version_28,0,temporal_array,20,43,5,0.7199626865671642,ungateable,,,0.7199626865671642,0.0,,
mi,101,version_28,0,temporal_array,20,44,5,0.7199626865671642,ungateable,,,0.7199626865671642,0.0,,
mi,101,version_28,0,temporal_array,20,45,5,0.7199626865671642,ungateable,,,0.7199626865671642,0.0,,
mi,101,version_28,0,temporal_array,20,46,5,0.7199626865671642,ungateable,,,0.7199626865671642,0.0,,
mi,101,version_28,0,temporal_array,50,42,12,0.7154947916666666,ok,1,0.7213541666666666,0.7213541666666666,0.005859375,0.75,2
mi,101,version_28,0,temporal_array,50,43,12,0.7154947916666666,ok,1,0.7075520833333334,0.7075520833333334,-0.007942708333333215,0.6666666666666667,0
mi,101,version_28,0,temporal_array,50,44,12,0.7154947916666666,ok,1,0.6953125,0.6953125,-0.02018229166666663,0.7777777777777778,28
mi,101,version_28,0,temporal_array,50,45,12,0.7154947916666666,ok,1,0.7119791666666667,0.7119791666666667,-0.003515624999999911,0.7777777777777779,0
mi,101,version_28,0,temporal_array,50,46,12,0.7154947916666666,ok,1,0.7059895833333333,0.7059895833333333,-0.009505208333333348,0.7777777777777778,9
mi,101,version_28,0,temporal_array,100,42,25,0.7494517543859649,ok,1,0.7447916666666666,0.7447916666666666,-0.004660087719298267,0.8269230769230769,0
mi,101,version_28,0,temporal_array,100,43,25,0.7494517543859649,ok,1,0.7341008771929824,0.7341008771929824,-0.015350877192982448,0.7692307692307693,27
mi,101,version_28,0,temporal_array,100,44,25,0.7494517543859649,ok,1,0.7412280701754386,0.7412280701754386,-0.008223684210526327,0.858974358974359,21
mi,101,version_28,0,temporal_array,100,45,25,0.7494517543859649,ok,1,0.7563048245614036,0.7563048245614036,0.00685307017543868,0.8653846153846154,35
mi,101,version_28,0,temporal_array,100,46,25,0.7494517543859649,ok,1,0.7258771929824561,0.7258771929824561,-0.023574561403508776,0.7051282051282052,16
mi,101,version_28,0,temporal_array,150,42,38,0.8402777777777778,ok,1,0.8333333333333334,0.8333333333333334,-0.00694444444444442,0.8472222222222223,29
mi,101,version_28,0,temporal_array,150,43,38,0.8402777777777778,ok,1,0.7939814814814815,0.7939814814814815,-0.04629629629629628,0.7361111111111112,20
mi,101,version_28,0,temporal_array,150,44,38,0.8402777777777778,ok,1,0.8009259259259259,0.8009259259259259,-0.03935185185185186,0.8666666666666667,41
mi,101,version_28,0,temporal_array,150,45,38,0.8402777777777778,ok,1,0.8159722222222222,0.8159722222222222,-0.02430555555555558,0.8194444444444444,3
mi,101,version_28,0,temporal_array,150,46,38,0.8402777777777778,ok,1,0.8194444444444444,0.8194444444444444,-0.02083333333333337,0.8083333333333332,10
mi,101,version_28,17,stratified,10,42,2,0.5186215032018874,ungateable,,,0.5186215032018874,0.0,,
mi,101,version_28,17,stratified,10,43,2,0.5164307381193125,ungateable,,,0.5164307381193125,0.0,,
mi,101,version_28,17,stratified,10,44,2,0.5172733400741489,ungateable,,,0.5172733400741489,0.0,,
mi,101,version_28,17,stratified,10,45,2,0.5284799460734748,ungateable,,,0.5284799460734748,0.0,,
mi,101,version_28,17,stratified,10,46,2,0.5218233906302663,ungateable,,,0.5218233906302663,0.0,,
mi,101,version_28,17,stratified,20,42,5,0.513950480413895,ungateable,,,0.513950480413895,0.0,,
mi,101,version_28,17,stratified,20,43,5,0.5180155210643016,ungateable,,,0.5180155210643016,0.0,,
mi,101,version_28,17,stratified,20,44,5,0.5115484109386549,ungateable,,,0.5115484109386549,0.0,,
mi,101,version_28,17,stratified,20,45,5,0.5163525498891353,ungateable,,,0.5163525498891353,0.0,,
mi,101,version_28,17,stratified,20,46,5,0.5125646711012564,ungateable,,,0.5125646711012564,0.0,,
mi,101,version_28,17,stratified,50,42,12,0.5026797955876854,ok,1,0.623208276205908,0.623208276205908,0.12052848061822263,0.7428571428571429,18
mi,101,version_28,17,stratified,50,43,12,0.5228717437367568,ok,1,0.5562757073413935,0.5562757073413935,0.03340396360463671,0.5428571428571429,7
mi,101,version_28,17,stratified,50,44,12,0.5137729029041507,ok,1,0.5846940047363829,0.5846940047363829,0.07092110183223221,1.0,20
mi,101,version_28,17,stratified,50,45,12,0.526486351738751,ok,1,0.6067555777140722,0.6067555777140722,0.08026922597532116,0.5428571428571429,9
mi,101,version_28,17,stratified,50,46,12,0.5047987037267856,ok,1,0.5132743362831859,0.5132743362831859,0.00847563255640027,0.6857142857142857,0
mi,101,version_28,17,stratified,100,42,25,0.5436210131332082,ok,1,0.5626172607879925,0.5626172607879925,0.01899624765478425,0.4236111111111111,0
mi,101,version_28,17,stratified,100,43,25,0.5879455909943714,ok,1,0.6876172607879925,0.6876172607879925,0.09967166979362108,0.7083333333333334,23
mi,101,version_28,17,stratified,100,44,25,0.500703564727955,ok,1,0.6315666041275798,0.6315666041275798,0.13086303939962485,0.6527777777777779,14
mi,101,version_28,17,stratified,100,45,25,0.5914634146341464,ok,1,0.6876172607879925,0.6876172607879925,0.09615384615384603,0.78,45
mi,101,version_28,17,stratified,100,46,25,0.5300187617260788,ok,1,0.7145872420262664,0.7145872420262664,0.1845684803001877,0.6799999999999999,41
mi,101,version_28,17,stratified,150,42,38,0.5661057692307693,ok,1,0.6941105769230769,0.6941105769230769,0.1280048076923076,0.6260869565217391,19
mi,101,version_28,17,stratified,150,43,38,0.6298076923076923,ok,1,0.6820913461538461,0.6820913461538461,0.052283653846153855,0.6318840579710145,60
mi,101,version_28,17,stratified,150,44,38,0.501201923076923,ok,1,0.6394230769230769,0.6394230769230769,0.13822115384615385,0.6086956521739131,13
mi,101,version_28,17,stratified,150,45,38,0.6153846153846154,ok,1,0.6243990384615384,0.6243990384615384,0.009014423076923017,0.7565217391304349,35
mi,101,version_28,17,stratified,150,46,38,0.4735576923076923,ok,0,0.49278846153846156,0.4735576923076923,0.0,0.6956521739130435,0
mi,101,version_28,17,stratified,200,42,50,0.575091575091575,ok,1,0.717948717948718,0.717948717948718,0.1428571428571429,0.6808149405772496,35
mi,101,version_28,17,stratified,200,43,50,0.5897435897435899,ok,1,0.8241758241758242,0.8241758241758242,0.23443223443223438,0.565365025466893,70
mi,101,version_28,17,stratified,200,44,50,0.3772893772893773,ok,1,0.5421245421245422,0.5421245421245422,0.16483516483516492,0.8387096774193548,18
mi,101,version_28,17,stratified,200,45,50,0.6813186813186813,ok,1,0.6959706959706959,0.6959706959706959,0.0146520146520146,0.7317487266553481,48
mi,101,version_28,17,stratified,200,46,50,0.380952380952381,ok,1,0.7252747252747253,0.7252747252747253,0.34432234432234426,0.7181663837011885,48
mi,101,version_28,17,temporal_array,10,42,2,0.5333897587812103,ungateable,,,0.5333897587812103,0.0,,
mi,101,version_28,17,temporal_array,10,43,2,0.5333897587812103,ungateable,,,0.5333897587812103,0.0,,
mi,101,version_28,17,temporal_array,10,44,2,0.5333897587812103,ungateable,,,0.5333897587812103,0.0,,
mi,101,version_28,17,temporal_array,10,45,2,0.5333897587812103,ungateable,,,0.5333897587812103,0.0,,
mi,101,version_28,17,temporal_array,10,46,2,0.5333897587812103,ungateable,,,0.5333897587812103,0.0,,
mi,101,version_28,17,temporal_array,20,42,5,0.5501865671641791,ungateable,,,0.5501865671641791,0.0,,
mi,101,version_28,17,temporal_array,20,43,5,0.5501865671641791,ungateable,,,0.5501865671641791,0.0,,
mi,101,version_28,17,temporal_array,20,44,5,0.5501865671641791,ungateable,,,0.5501865671641791,0.0,,
mi,101,version_28,17,temporal_array,20,45,5,0.5501865671641791,ungateable,,,0.5501865671641791,0.0,,
mi,101,version_28,17,temporal_array,20,46,5,0.5501865671641791,ungateable,,,0.5501865671641791,0.0,,
mi,101,version_28,17,temporal_array,50,42,12,0.6141927083333333,ok,1,0.6481770833333333,0.6481770833333333,0.03398437500000007,0.6666666666666667,44
mi,101,version_28,17,temporal_array,50,43,12,0.6141927083333333,ok,1,0.7052083333333332,0.7052083333333332,0.09101562499999993,0.8055555555555556,32
mi,101,version_28,17,temporal_array,50,44,12,0.6141927083333333,ok,1,0.640234375,0.640234375,0.02604166666666674,0.5833333333333334,37
mi,101,version_28,17,temporal_array,50,45,12,0.6141927083333333,ok,1,0.6712239583333333,0.6712239583333333,0.05703124999999998,0.6111111111111113,23
mi,101,version_28,17,temporal_array,50,46,12,0.6141927083333333,ok,1,0.680859375,0.680859375,0.06666666666666676,0.4722222222222222,17
mi,101,version_28,17,temporal_array,100,42,25,0.6647478070175439,ok,1,0.6458333333333334,0.6458333333333334,-0.01891447368421051,0.8076923076923077,65
mi,101,version_28,17,temporal_array,100,43,25,0.6647478070175439,ok,1,0.5822368421052632,0.5822368421052632,-0.08251096491228072,0.6666666666666667,31
mi,101,version_28,17,temporal_array,100,44,25,0.6647478070175439,ok,1,0.6016995614035088,0.6016995614035088,-0.0630482456140351,0.7435897435897435,37
mi,101,version_28,17,temporal_array,100,45,25,0.6647478070175439,ok,1,0.5408442982456141,0.5408442982456141,-0.1239035087719298,0.7435897435897436,33
mi,101,version_28,17,temporal_array,100,46,25,0.6647478070175439,ok,1,0.6302083333333333,0.6302083333333333,-0.03453947368421062,0.7692307692307693,43
mi,101,version_28,17,temporal_array,150,42,38,0.71875,ok,1,0.6284722222222223,0.6284722222222223,-0.09027777777777768,0.7166666666666667,17
mi,101,version_28,17,temporal_array,150,43,38,0.71875,ok,1,0.704861111111111,0.704861111111111,-0.01388888888888895,0.6416666666666666,17
mi,101,version_28,17,temporal_array,150,44,38,0.71875,ok,1,0.6689814814814815,0.6689814814814815,-0.04976851851851849,0.5722222222222222,50
mi,101,version_28,17,temporal_array,150,45,38,0.71875,ok,1,0.681712962962963,0.681712962962963,-0.03703703703703698,0.7055555555555555,20
mi,101,version_28,17,temporal_array,150,46,38,0.71875,ok,1,0.6076388888888888,0.6076388888888888,-0.11111111111111116,0.6611111111111112,50
mi,101,version_29,0,stratified,10,42,2,0.704752275025278,ungateable,,,0.704752275025278,0.0,,
mi,101,version_29,0,stratified,10,43,2,0.6982642399730367,ungateable,,,0.6982642399730367,0.0,,
mi,101,version_29,0,stratified,10,44,2,0.7091338051904279,ungateable,,,0.7091338051904279,0.0,,
mi,101,version_29,0,stratified,10,45,2,0.7173913043478262,ungateable,,,0.7173913043478262,0.0,,
mi,101,version_29,0,stratified,10,46,2,0.7048365352207617,ungateable,,,0.7048365352207617,0.0,,
mi,101,version_29,0,stratified,20,42,5,0.6936437546193643,ungateable,,,0.6936437546193643,0.0,,
mi,101,version_29,0,stratified,20,43,5,0.7023281596452328,ungateable,,,0.7023281596452328,0.0,,
mi,101,version_29,0,stratified,20,44,5,0.7057464892830746,ungateable,,,0.7057464892830746,0.0,,
mi,101,version_29,0,stratified,20,45,5,0.7196969696969697,ungateable,,,0.7196969696969697,0.0,,
mi,101,version_29,0,stratified,20,46,5,0.7188654841093866,ungateable,,,0.7188654841093866,0.0,,
mi,101,version_29,0,stratified,50,42,12,0.6811666458930575,ok,1,0.672691013336657,0.672691013336657,-0.008475632556400492,1.0,2
mi,101,version_29,0,stratified,50,43,12,0.7008600274211642,ok,0,0.6977439860401347,0.7008600274211642,0.0,0.5714285714285714,0
mi,101,version_29,0,stratified,50,44,12,0.6978686276953758,ok,1,0.6871494453446341,0.6871494453446341,-0.010719182350741763,0.5714285714285714,1
mi,101,version_29,0,stratified,50,45,12,0.7244173002617476,ok,1,0.7114545681166645,0.7114545681166645,-0.012962732145083034,0.6285714285714286,2
mi,101,version_29,0,stratified,50,46,12,0.7348871993020067,ok,1,0.6269475258631434,0.6269475258631434,-0.10793967343886335,0.7714285714285715,22
mi,101,version_29,0,stratified,100,42,25,0.6794090056285179,ok,0,0.6613508442776735,0.6794090056285179,0.0,0.5694444444444444,0
mi,101,version_29,0,stratified,100,43,25,0.7002814258911819,ok,1,0.6360225140712945,0.6360225140712945,-0.06425891181988741,0.7013888888888888,17
mi,101,version_29,0,stratified,100,44,25,0.7037992495309568,ok,0,0.6974671669793621,0.7037992495309568,0.0,0.5347222222222222,0
mi,101,version_29,0,stratified,100,45,25,0.7797842401500937,ok,1,0.6024859287054409,0.6024859287054409,-0.1772983114446528,0.74,27
mi,101,version_29,0,stratified,100,46,25,0.6636960600375235,ok,0,0.6590056285178237,0.6636960600375235,0.0,0.6799999999999999,0
mi,101,version_29,0,stratified,150,42,38,0.7145432692307692,ok,1,0.7325721153846154,0.7325721153846154,0.018028846153846256,0.817391304347826,16
mi,101,version_29,0,stratified,150,43,38,0.7572115384615384,ok,1,0.7163461538461537,0.7163461538461537,-0.04086538461538469,0.5652173913043479,2
mi,101,version_29,0,stratified,150,44,38,0.7403846153846154,ok,1,0.7301682692307692,0.7301682692307692,-0.010216346153846256,0.7217391304347827,17
mi,101,version_29,0,stratified,150,45,38,0.7986778846153846,ok,1,0.6532451923076923,0.6532451923076923,-0.1454326923076923,0.6434782608695653,29
mi,101,version_29,0,stratified,150,46,38,0.6700721153846154,ok,0,0.6592548076923077,0.6700721153846154,0.0,0.8028985507246378,0
mi,101,version_29,0,stratified,200,42,50,0.7619047619047619,ok,0,0.7435897435897436,0.7619047619047619,0.0,0.6027164685908319,0
mi,101,version_29,0,stratified,200,43,50,0.8095238095238095,ok,1,0.673992673992674,0.673992673992674,-0.1355311355311355,0.7249575551782682,61
mi,101,version_29,0,stratified,200,44,50,0.7728937728937729,ok,0,0.7582417582417582,0.7728937728937729,0.0,0.7096774193548386,0
mi,101,version_29,0,stratified,200,45,50,0.7802197802197803,ok,0,0.7582417582417582,0.7802197802197803,0.0,0.7843803056027164,0
mi,101,version_29,0,stratified,200,46,50,0.6813186813186813,ok,1,0.7326007326007327,0.7326007326007327,0.05128205128205132,0.733446519524618,5
mi,101,version_29,0,temporal_array,10,42,2,0.7052898857384681,ungateable,,,0.7052898857384681,0.0,,
mi,101,version_29,0,temporal_array,10,43,2,0.7052898857384681,ungateable,,,0.7052898857384681,0.0,,
mi,101,version_29,0,temporal_array,10,44,2,0.7052898857384681,ungateable,,,0.7052898857384681,0.0,,
mi,101,version_29,0,temporal_array,10,45,2,0.7052898857384681,ungateable,,,0.7052898857384681,0.0,,
mi,101,version_29,0,temporal_array,10,46,2,0.7052898857384681,ungateable,,,0.7052898857384681,0.0,,
mi,101,version_29,0,temporal_array,20,42,5,0.7031716417910449,ungateable,,,0.7031716417910449,0.0,,
mi,101,version_29,0,temporal_array,20,43,5,0.7031716417910449,ungateable,,,0.7031716417910449,0.0,,
mi,101,version_29,0,temporal_array,20,44,5,0.7031716417910449,ungateable,,,0.7031716417910449,0.0,,
mi,101,version_29,0,temporal_array,20,45,5,0.7031716417910449,ungateable,,,0.7031716417910449,0.0,,
mi,101,version_29,0,temporal_array,20,46,5,0.7031716417910449,ungateable,,,0.7031716417910449,0.0,,
mi,101,version_29,0,temporal_array,50,42,12,0.6916666666666668,ok,1,0.678515625,0.678515625,-0.013151041666666807,0.9444444444444444,1
mi,101,version_29,0,temporal_array,50,43,12,0.6916666666666668,ok,0,0.6821614583333333,0.6916666666666668,0.0,0.7777777777777779,0
mi,101,version_29,0,temporal_array,50,44,12,0.6916666666666668,ok,1,0.6529947916666666,0.6529947916666666,-0.03867187500000013,0.5277777777777778,19
mi,101,version_29,0,temporal_array,50,45,12,0.6916666666666668,ok,1,0.6802083333333334,0.6802083333333334,-0.011458333333333348,0.7500000000000001,1
mi,101,version_29,0,temporal_array,50,46,12,0.6916666666666668,ok,1,0.6773437500000001,0.6773437500000001,-0.01432291666666663,0.6944444444444445,1
mi,101,version_29,0,temporal_array,100,42,25,0.7113486842105262,ok,1,0.6896929824561403,0.6896929824561403,-0.021655701754385914,0.8717948717948718,1
mi,101,version_29,0,temporal_array,100,43,25,0.7113486842105262,ok,0,0.700109649122807,0.7113486842105262,0.0,0.6794871794871795,0
mi,101,version_29,0,temporal_array,100,44,25,0.7113486842105262,ok,1,0.7047697368421053,0.7047697368421053,-0.0065789473684209065,0.8076923076923077,15
mi,101,version_29,0,temporal_array,100,45,25,0.7113486842105262,ok,1,0.6702302631578948,0.6702302631578948,-0.041118421052631415,0.7756410256410257,16
mi,101,version_29,0,temporal_array,100,46,25,0.7113486842105262,ok,0,0.6992872807017544,0.7113486842105262,0.0,0.5641025641025641,0
mi,101,version_29,0,temporal_array,150,42,38,0.7905092592592592,ok,1,0.7696759259259259,0.7696759259259259,-0.02083333333333326,0.8416666666666667,1
mi,101,version_29,0,temporal_array,150,43,38,0.7905092592592592,ok,1,0.7638888888888888,0.7638888888888888,-0.02662037037037035,0.7138888888888889,1
mi,101,version_29,0,temporal_array,150,44,38,0.7905092592592592,ok,1,0.7222222222222222,0.7222222222222222,-0.06828703703703698,0.7555555555555555,13
mi,101,version_29,0,temporal_array,150,45,38,0.7905092592592592,ok,1,0.7337962962962963,0.7337962962962963,-0.05671296296296291,0.8194444444444444,5
mi,101,version_29,0,temporal_array,150,46,38,0.7905092592592592,ok,1,0.7141203703703705,0.7141203703703705,-0.07638888888888873,0.7444444444444445,15
mi,101,version_29,17,stratified,10,42,2,0.5610886417256488,ungateable,,,0.5610886417256488,0.0,,
mi,101,version_29,17,stratified,10,43,2,0.5599089989888777,ungateable,,,0.5599089989888777,0.0,,
mi,101,version_29,17,stratified,10,44,2,0.567829457364341,ungateable,,,0.567829457364341,0.0,,
mi,101,version_29,17,stratified,10,45,2,0.5822379507920459,ungateable,,,0.5822379507920459,0.0,,
mi,101,version_29,17,stratified,10,46,2,0.5802999662959218,ungateable,,,0.5802999662959218,0.0,,
mi,101,version_29,17,stratified,20,42,5,0.5692904656319291,ungateable,,,0.5692904656319291,0.0,,
mi,101,version_29,17,stratified,20,43,5,0.5655949741315595,ungateable,,,0.5655949741315595,0.0,,
mi,101,version_29,17,stratified,20,44,5,0.5662416851441241,ungateable,,,0.5662416851441241,0.0,,
mi,101,version_29,17,stratified,20,45,5,0.5723392461197339,ungateable,,,0.5723392461197339,0.0,,
mi,101,version_29,17,stratified,20,46,5,0.5865668883961566,ungateable,,,0.5865668883961566,0.0,,
mi,101,version_29,17,stratified,50,42,12,0.5521625327184345,ok,0,0.5578960488595288,0.5521625327184345,0.0,0.8285714285714286,0
mi,101,version_29,17,stratified,50,43,12,0.5645020565873115,ok,1,0.6430262993892558,0.6430262993892558,0.07852424280194437,0.6285714285714286,43
mi,101,version_29,17,stratified,50,44,12,0.5539075158918111,ok,1,0.549794341268852,0.549794341268852,-0.004113174622959126,0.8857142857142857,2
mi,101,version_29,17,stratified,50,45,12,0.5674934563130998,ok,1,0.637542066558644,0.637542066558644,0.07004861024554421,0.7428571428571429,37
mi,101,version_29,17,stratified,50,46,12,0.5823258132868004,ok,0,0.5818272466658357,0.5823258132868004,0.0,0.6285714285714286,0
mi,101,version_29,17,stratified,100,42,25,0.576923076923077,ok,1,0.6758911819887429,0.6758911819887429,0.09896810506566589,0.7152777777777778,25
mi,101,version_29,17,stratified,100,43,25,0.6024859287054409,ok,1,0.700984990619137,0.700984990619137,0.09849906191369606,0.5694444444444444,30
mi,101,version_29,17,stratified,100,44,25,0.548311444652908,ok,1,0.6735459662288931,0.6735459662288931,0.12523452157598502,0.5347222222222222,23
mi,101,version_29,17,stratified,100,45,25,0.5942776735459663,ok,1,0.6313320825515948,0.6313320825515948,0.03705440900562851,0.7533333333333334,29
mi,101,version_29,17,stratified,100,46,25,0.5870075046904315,ok,1,0.6336772983114447,0.6336772983114447,0.0466697936210132,0.5533333333333332,14
mi,101,version_29,17,stratified,150,42,38,0.6177884615384616,ok,1,0.6893028846153846,0.6893028846153846,0.07151442307692302,0.6782608695652175,19
mi,101,version_29,17,stratified,150,43,38,0.6045673076923077,ok,1,0.7313701923076923,0.7313701923076923,0.12680288461538458,0.6666666666666666,27
mi,101,version_29,17,stratified,150,44,38,0.5522836538461539,ok,1,0.6995192307692307,0.6995192307692307,0.14723557692307687,0.655072463768116,14
mi,101,version_29,17,stratified,150,45,38,0.5769230769230769,ok,1,0.59375,0.59375,0.016826923076923128,0.7304347826086957,7
mi,101,version_29,17,stratified,150,46,38,0.618389423076923,ok,1,0.6989182692307692,0.6989182692307692,0.08052884615384615,0.7101449275362319,10
mi,101,version_29,17,stratified,200,42,50,0.6373626373626374,ok,1,0.7435897435897436,0.7435897435897436,0.10622710622710618,0.629881154499151,16
mi,101,version_29,17,stratified,200,43,50,0.761904761904762,ok,1,0.7728937728937729,0.7728937728937729,0.01098901098901095,0.7045840407470289,7
mi,101,version_29,17,stratified,200,44,50,0.46886446886446886,ok,1,0.4908424908424909,0.4908424908424909,0.02197802197802201,0.797962648556876,22
mi,101,version_29,17,stratified,200,45,50,0.6336996336996337,ok,1,0.7142857142857143,0.7142857142857143,0.08058608058608063,0.599320882852292,39
mi,101,version_29,17,stratified,200,46,50,0.45421245421245426,ok,1,0.6593406593406594,0.6593406593406594,0.20512820512820518,0.7894736842105263,22
mi,101,version_29,17,temporal_array,10,42,2,0.5834109183241643,ungateable,,,0.5834109183241643,0.0,,
mi,101,version_29,17,temporal_array,10,43,2,0.5834109183241643,ungateable,,,0.5834109183241643,0.0,,
mi,101,version_29,17,temporal_array,10,44,2,0.5834109183241643,ungateable,,,0.5834109183241643,0.0,,
mi,101,version_29,17,temporal_array,10,45,2,0.5834109183241643,ungateable,,,0.5834109183241643,0.0,,
mi,101,version_29,17,temporal_array,10,46,2,0.5834109183241643,ungateable,,,0.5834109183241643,0.0,,
mi,101,version_29,17,temporal_array,20,42,5,0.6037313432835821,ungateable,,,0.6037313432835821,0.0,,
mi,101,version_29,17,temporal_array,20,43,5,0.6037313432835821,ungateable,,,0.6037313432835821,0.0,,
mi,101,version_29,17,temporal_array,20,44,5,0.6037313432835821,ungateable,,,0.6037313432835821,0.0,,
mi,101,version_29,17,temporal_array,20,45,5,0.6037313432835821,ungateable,,,0.6037313432835821,0.0,,
mi,101,version_29,17,temporal_array,20,46,5,0.6037313432835821,ungateable,,,0.6037313432835821,0.0,,
mi,101,version_29,17,temporal_array,50,42,12,0.6704427083333333,ok,1,0.48997395833333335,0.48997395833333335,-0.18046874999999996,0.8333333333333333,80
mi,101,version_29,17,temporal_array,50,43,12,0.6704427083333333,ok,1,0.5036458333333333,0.5036458333333333,-0.16679687499999996,0.8333333333333333,50
mi,101,version_29,17,temporal_array,50,44,12,0.6704427083333333,ok,1,0.47330729166666663,0.47330729166666663,-0.19713541666666667,0.6666666666666667,62
mi,101,version_29,17,temporal_array,50,45,12,0.6704427083333333,ok,1,0.68359375,0.68359375,0.013151041666666696,0.4166666666666667,2
mi,101,version_29,17,temporal_array,50,46,12,0.6704427083333333,ok,1,0.67109375,0.67109375,0.0006510416666667407,0.22222222222222224,0
mi,101,version_29,17,temporal_array,100,42,25,0.7198464912280702,ok,1,0.4931469298245614,0.4931469298245614,-0.22669956140350883,0.6666666666666666,52
mi,101,version_29,17,temporal_array,100,43,25,0.7198464912280702,ok,1,0.7184758771929824,0.7184758771929824,-0.0013706140350877583,0.6410256410256411,0
mi,101,version_29,17,temporal_array,100,44,25,0.7198464912280702,ok,1,0.43804824561403505,0.43804824561403505,-0.28179824561403516,0.6794871794871795,71
mi,101,version_29,17,temporal_array,100,45,25,0.7198464912280702,ok,1,0.45202850877192974,0.45202850877192974,-0.26781798245614047,0.6730769230769231,34
mi,101,version_29,17,temporal_array,100,46,25,0.7198464912280702,ok,1,0.46408991228070173,0.46408991228070173,-0.2557565789473685,0.7884615384615384,50
mi,101,version_29,17,temporal_array,150,42,38,0.8067129629629629,ok,1,0.7986111111111112,0.7986111111111112,-0.008101851851851749,0.625,0
mi,101,version_29,17,temporal_array,150,43,38,0.8067129629629629,ok,0,0.7858796296296297,0.8067129629629629,0.0,0.6416666666666666,0
mi,101,version_29,17,temporal_array,150,44,38,0.8067129629629629,ok,1,0.5127314814814814,0.5127314814814814,-0.2939814814814815,0.7027777777777777,53
mi,101,version_29,17,temporal_array,150,45,38,0.8067129629629629,ok,1,0.5115740740740741,0.5115740740740741,-0.29513888888888884,0.7138888888888888,45
mi,101,version_29,17,temporal_array,150,46,38,0.8067129629629629,ok,1,0.6539351851851851,0.6539351851851851,-0.1527777777777778,0.5166666666666666,26
mi,101,version_30,0,stratified,10,42,2,0.7173913043478262,ungateable,,,0.7173913043478262,0.0,,
mi,101,version_30,0,stratified,10,43,2,0.7102291877317154,ungateable,,,0.7102291877317154,0.0,,
mi,101,version_30,0,stratified,10,44,2,0.7233737782271655,ungateable,,,0.7233737782271655,0.0,,
mi,101,version_30,0,stratified,10,45,2,0.7232052578361982,ungateable,,,0.7232052578361982,0.0,,
mi,101,version_30,0,stratified,10,46,2,0.7127569935962251,ungateable,,,0.7127569935962251,0.0,,
mi,101,version_30,0,stratified,20,42,5,0.7047302291204729,ungateable,,,0.7047302291204729,0.0,,
mi,101,version_30,0,stratified,20,43,5,0.7058388765705838,ungateable,,,0.7058388765705838,0.0,,
mi,101,version_30,0,stratified,20,44,5,0.7221914264597191,ungateable,,,0.7221914264597191,0.0,,
mi,101,version_30,0,stratified,20,45,5,0.7279194382852919,ungateable,,,0.7279194382852919,0.0,,
mi,101,version_30,0,stratified,20,46,5,0.7136917960088691,ungateable,,,0.7136917960088691,0.0,,
mi,101,version_30,0,stratified,50,42,12,0.700735385765923,ok,0,0.692509036520005,0.700735385765923,0.0,1.0,0
mi,101,version_30,0,stratified,50,43,12,0.7033528605259879,ok,0,0.6958743612115169,0.7033528605259879,0.0,0.6571428571428573,0
mi,101,version_30,0,stratified,50,44,12,0.7123270597033527,ok,1,0.6367942166271968,0.6367942166271968,-0.07553284307615593,0.7428571428571428,16
mi,101,version_30,0,stratified,50,45,12,0.7466035148946779,ok,1,0.6357970833852674,0.6357970833852674,-0.1108064315094105,0.7714285714285714,15
mi,101,version_30,0,stratified,50,46,12,0.725539075158918,ok,1,0.7194316340521002,0.7194316340521002,-0.006107441106817824,0.7142857142857143,0
mi,101,version_30,0,stratified,100,42,25,0.7227954971857411,ok,0,0.7021575984990619,0.7227954971857411,0.0,0.5486111111111112,0
mi,101,version_30,0,stratified,100,43,25,0.7061444652908068,ok,0,0.6890243902439024,0.7061444652908068,0.0,0.6527777777777778,0
mi,101,version_30,0,stratified,100,44,25,0.724202626641651,ok,0,0.7157598499061913,0.724202626641651,0.0,0.7291666666666666,0
mi,101,version_30,0,stratified,100,45,25,0.7922138836772983,ok,1,0.6819887429643527,0.6819887429643527,-0.11022514071294554,0.7066666666666668,59
mi,101,version_30,0,stratified,100,46,25,0.699343339587242,ok,1,0.6700281425891182,0.6700281425891182,-0.029315196998123794,0.6066666666666667,1
mi,101,version_30,0,stratified,150,42,38,0.7139423076923077,ok,0,0.6796875,0.7139423076923077,0.0,0.6782608695652175,0
mi,101,version_30,0,stratified,150,43,38,0.774639423076923,ok,0,0.7560096153846153,0.774639423076923,0.0,0.5826086956521739,0
mi,101,version_30,0,stratified,150,44,38,0.7554086538461537,ok,0,0.735576923076923,0.7554086538461537,0.0,0.6521739130434783,0
mi,101,version_30,0,stratified,150,45,38,0.829326923076923,ok,0,0.811298076923077,0.829326923076923,0.0,0.5942028985507246,0
mi,101,version_30,0,stratified,150,46,38,0.704326923076923,ok,0,0.6850961538461539,0.704326923076923,0.0,0.8231884057971014,0
mi,101,version_30,0,stratified,200,42,50,0.7692307692307692,ok,1,0.7142857142857143,0.7142857142857143,-0.05494505494505486,0.5908319185059423,45
mi,101,version_30,0,stratified,200,43,50,0.8681318681318682,ok,1,0.8388278388278387,0.8388278388278387,-0.029304029304029422,0.6910016977928691,68
mi,101,version_30,0,stratified,200,44,50,0.8095238095238095,ok,1,0.7692307692307693,0.7692307692307693,-0.04029304029304026,0.7809847198641766,6
mi,101,version_30,0,stratified,200,45,50,0.7948717948717949,ok,1,0.7765567765567766,0.7765567765567766,-0.01831501831501836,0.6960950764006792,65
mi,101,version_30,0,stratified,200,46,50,0.6923076923076923,ok,0,0.6813186813186813,0.6923076923076923,0.0,0.7096774193548386,0
mi,101,version_30,0,temporal_array,10,42,2,0.7195937367752856,ungateable,,,0.7195937367752856,0.0,,
mi,101,version_30,0,temporal_array,10,43,2,0.7195937367752856,ungateable,,,0.7195937367752856,0.0,,
mi,101,version_30,0,temporal_array,10,44,2,0.7195937367752856,ungateable,,,0.7195937367752856,0.0,,
mi,101,version_30,0,temporal_array,10,45,2,0.7195937367752856,ungateable,,,0.7195937367752856,0.0,,
mi,101,version_30,0,temporal_array,10,46,2,0.7195937367752856,ungateable,,,0.7195937367752856,0.0,,
mi,101,version_30,0,temporal_array,20,42,5,0.7236007462686567,ungateable,,,0.7236007462686567,0.0,,
mi,101,version_30,0,temporal_array,20,43,5,0.7236007462686567,ungateable,,,0.7236007462686567,0.0,,
mi,101,version_30,0,temporal_array,20,44,5,0.7236007462686567,ungateable,,,0.7236007462686567,0.0,,
mi,101,version_30,0,temporal_array,20,45,5,0.7236007462686567,ungateable,,,0.7236007462686567,0.0,,
mi,101,version_30,0,temporal_array,20,46,5,0.7236007462686567,ungateable,,,0.7236007462686567,0.0,,
mi,101,version_30,0,temporal_array,50,42,12,0.7165364583333332,ok,0,0.7101562499999999,0.7165364583333332,0.0,0.5833333333333334,0
mi,101,version_30,0,temporal_array,50,43,12,0.7165364583333332,ok,0,0.7108072916666667,0.7165364583333332,0.0,0.6111111111111112,0
mi,101,version_30,0,temporal_array,50,44,12,0.7165364583333332,ok,0,0.7097656250000001,0.7165364583333332,0.0,0.3055555555555555,0
mi,101,version_30,0,temporal_array,50,45,12,0.7165364583333332,ok,0,0.7100260416666667,0.7165364583333332,0.0,0.5833333333333334,0
mi,101,version_30,0,temporal_array,50,46,12,0.7165364583333332,ok,0,0.710546875,0.7165364583333332,0.0,0.6944444444444446,0
mi,101,version_30,0,temporal_array,100,42,25,0.7308114035087719,ok,0,0.7264254385964912,0.7308114035087719,0.0,0.8076923076923076,0
mi,101,version_30,0,temporal_array,100,43,25,0.7308114035087719,ok,1,0.6853070175438596,0.6853070175438596,-0.04550438596491235,0.7435897435897436,4
mi,101,version_30,0,temporal_array,100,44,25,0.7308114035087719,ok,0,0.7258771929824561,0.7308114035087719,0.0,0.7371794871794871,0
mi,101,version_30,0,temporal_array,100,45,25,0.7308114035087719,ok,0,0.7269736842105263,0.7308114035087719,0.0,0.5641025641025641,0
mi,101,version_30,0,temporal_array,100,46,25,0.7308114035087719,ok,0,0.724780701754386,0.7308114035087719,0.0,0.5256410256410257,0
mi,101,version_30,0,temporal_array,150,42,38,0.7766203703703705,ok,0,0.7650462962962963,0.7766203703703705,0.0,0.825,0
mi,101,version_30,0,temporal_array,150,43,38,0.7766203703703705,ok,1,0.7256944444444444,0.7256944444444444,-0.05092592592592604,0.7277777777777779,2
mi,101,version_30,0,temporal_array,150,44,38,0.7766203703703705,ok,0,0.7673611111111112,0.7766203703703705,0.0,0.6722222222222222,0
mi,101,version_30,0,temporal_array,150,45,38,0.7766203703703705,ok,0,0.7685185185185185,0.7766203703703705,0.0,0.7972222222222222,0
mi,101,version_30,0,temporal_array,150,46,38,0.7766203703703705,ok,1,0.7037037037037037,0.7037037037037037,-0.07291666666666674,0.7000000000000001,23
mi,101,version_30,17,stratified,10,42,2,0.5607516009437142,ungateable,,,0.5607516009437142,0.0,,
mi,101,version_30,17,stratified,10,43,2,0.5543478260869565,ungateable,,,0.5543478260869565,0.0,,
mi,101,version_30,17,stratified,10,44,2,0.5531681833501855,ungateable,,,0.5531681833501855,0.0,,
mi,101,version_30,17,stratified,10,45,2,0.566397034041119,ungateable,,,0.566397034041119,0.0,,
mi,101,version_30,17,stratified,10,46,2,0.5637849679811257,ungateable,,,0.5637849679811257,0.0,,
mi,101,version_30,17,stratified,20,42,5,0.5660569105691057,ungateable,,,0.5660569105691057,0.0,,
mi,101,version_30,17,stratified,20,43,5,0.5515521064301552,ungateable,,,0.5515521064301552,0.0,,
mi,101,version_30,17,stratified,20,44,5,0.550351071692535,ungateable,,,0.550351071692535,0.0,,
mi,101,version_30,17,stratified,20,45,5,0.5465631929046564,ungateable,,,0.5465631929046564,0.0,,
mi,101,version_30,17,stratified,20,46,5,0.5583887657058388,ungateable,,,0.5583887657058388,0.0,,
mi,101,version_30,17,stratified,50,42,12,0.5650006232082762,ok,0,0.5562757073413935,0.5650006232082762,0.0,0.8285714285714285,0
mi,101,version_30,17,stratified,50,43,12,0.5515393244422285,ok,1,0.5411940670572105,0.5411940670572105,-0.010345257385018014,0.5428571428571428,9
mi,101,version_30,17,stratified,50,44,12,0.5702355727284059,ok,0,0.5657484731397233,0.5702355727284059,0.0,0.657142857142857,0
mi,101,version_30,17,stratified,50,45,12,0.549046491337405,ok,0,0.5456811666458931,0.549046491337405,0.0,0.6857142857142857,0
mi,101,version_30,17,stratified,50,46,12,0.5547800074784993,ok,1,0.5492957746478874,0.5492957746478874,-0.005484232830611946,0.6571428571428571,0
mi,101,version_30,17,stratified,100,42,25,0.5647279549718573,ok,1,0.549953095684803,0.549953095684803,-0.014774859287054354,0.42361111111111116,0
mi,101,version_30,17,stratified,100,43,25,0.5787992495309568,ok,1,0.551594746716698,0.551594746716698,-0.027204502814258902,0.6388888888888888,11
mi,101,version_30,17,stratified,100,44,25,0.5846622889305817,ok,1,0.5537054409005628,0.5537054409005628,-0.030956848030018858,0.548611111111111,43
mi,101,version_30,17,stratified,100,45,25,0.5938086303939962,ok,0,0.5816135084427768,0.5938086303939962,0.0,0.5533333333333335,0
mi,101,version_30,17,stratified,100,46,25,0.5457317073170733,ok,0,0.5384615384615384,0.5457317073170733,0.0,0.5666666666666667,0
mi,101,version_30,17,stratified,150,42,38,0.5769230769230769,ok,1,0.5270432692307692,0.5270432692307692,-0.04987980769230771,0.591304347826087,2
mi,101,version_30,17,stratified,150,43,38,0.640625,ok,1,0.6177884615384616,0.6177884615384616,-0.022836538461538436,0.5333333333333333,44
mi,101,version_30,17,stratified,150,44,38,0.5889423076923077,ok,0,0.5721153846153846,0.5889423076923077,0.0,0.6086956521739131,0
mi,101,version_30,17,stratified,150,45,38,0.5943509615384616,ok,0,0.5606971153846154,0.5943509615384616,0.0,0.5652173913043479,4
mi,101,version_30,17,stratified,150,46,38,0.5745192307692308,ok,0,0.5673076923076923,0.5745192307692308,0.0,0.5681159420289855,0
mi,101,version_30,17,stratified,200,42,50,0.46886446886446886,ok,1,0.45421245421245426,0.45421245421245426,-0.0146520146520146,0.631578947368421,50
mi,101,version_30,17,stratified,200,43,50,0.641025641025641,ok,1,0.6336996336996338,0.6336996336996338,-0.007326007326007189,0.5534804753820033,59
mi,101,version_30,17,stratified,200,44,50,0.5457875457875458,ok,1,0.336996336996337,0.336996336996337,-0.20879120879120883,0.733446519524618,10
mi,101,version_30,17,stratified,200,45,50,0.6117216117216118,ok,1,0.5494505494505495,0.5494505494505495,-0.06227106227106227,0.6621392190152801,5
mi,101,version_30,17,stratified,200,46,50,0.4725274725274725,ok,0,0.47619047619047616,0.4725274725274725,0.0,0.5908319185059423,0
mi,101,version_30,17,temporal_array,10,42,2,0.5545493017350825,ungateable,,,0.5545493017350825,0.0,,
mi,101,version_30,17,temporal_array,10,43,2,0.5545493017350825,ungateable,,,0.5545493017350825,0.0,,
mi,101,version_30,17,temporal_array,10,44,2,0.5545493017350825,ungateable,,,0.5545493017350825,0.0,,
mi,101,version_30,17,temporal_array,10,45,2,0.5545493017350825,ungateable,,,0.5545493017350825,0.0,,
mi,101,version_30,17,temporal_array,10,46,2,0.5545493017350825,ungateable,,,0.5545493017350825,0.0,,
mi,101,version_30,17,temporal_array,20,42,5,0.5705223880597015,ungateable,,,0.5705223880597015,0.0,,
mi,101,version_30,17,temporal_array,20,43,5,0.5705223880597015,ungateable,,,0.5705223880597015,0.0,,
mi,101,version_30,17,temporal_array,20,44,5,0.5705223880597015,ungateable,,,0.5705223880597015,0.0,,
mi,101,version_30,17,temporal_array,20,45,5,0.5705223880597015,ungateable,,,0.5705223880597015,0.0,,
mi,101,version_30,17,temporal_array,20,46,5,0.5705223880597015,ungateable,,,0.5705223880597015,0.0,,
mi,101,version_30,17,temporal_array,50,42,12,0.62734375,ok,0,0.6234375000000002,0.62734375,0.0,0.19444444444444442,0
mi,101,version_30,17,temporal_array,50,43,12,0.62734375,ok,0,0.6239583333333333,0.62734375,0.0,0.2222222222222222,0
mi,101,version_30,17,temporal_array,50,44,12,0.62734375,ok,0,0.6238281250000001,0.62734375,0.0,0.3888888888888889,0
mi,101,version_30,17,temporal_array,50,45,12,0.62734375,ok,1,0.6248697916666667,0.6248697916666667,-0.0024739583333333037,0.41666666666666674,1
mi,101,version_30,17,temporal_array,50,46,12,0.62734375,ok,0,0.6240885416666667,0.62734375,0.0,0.5833333333333334,0
mi,101,version_30,17,temporal_array,100,42,25,0.6924342105263157,ok,1,0.41913377192982454,0.41913377192982454,-0.27330043859649117,0.7115384615384615,61
mi,101,version_30,17,temporal_array,100,43,25,0.6924342105263157,ok,1,0.4610745614035088,0.4610745614035088,-0.23135964912280693,0.5769230769230769,43
mi,101,version_30,17,temporal_array,100,44,25,0.6924342105263157,ok,1,0.41913377192982454,0.41913377192982454,-0.27330043859649117,0.6474358974358975,70
mi,101,version_30,17,temporal_array,100,45,25,0.6924342105263157,ok,0,0.6875,0.6924342105263157,0.0,0.42307692307692313,0
mi,101,version_30,17,temporal_array,100,46,25,0.6924342105263157,ok,0,0.6858552631578947,0.6924342105263157,0.0,0.3653846153846154,0
mi,101,version_30,17,temporal_array,150,42,38,0.7175925925925926,ok,0,0.7013888888888888,0.7175925925925926,0.0,0.4722222222222222,0
mi,101,version_30,17,temporal_array,150,43,38,0.7175925925925926,ok,1,0.40625,0.40625,-0.31134259259259256,0.6694444444444445,27
mi,101,version_30,17,temporal_array,150,44,38,0.7175925925925926,ok,1,0.44212962962962965,0.44212962962962965,-0.2754629629629629,0.4444444444444444,50
mi,101,version_30,17,temporal_array,150,45,38,0.7175925925925926,ok,1,0.4328703703703704,0.4328703703703704,-0.28472222222222215,0.6305555555555555,31
mi,101,version_30,17,temporal_array,150,46,38,0.7175925925925926,ok,1,0.4583333333333334,0.4583333333333334,-0.25925925925925913,0.5916666666666667,44
mi,101,version_41,0,stratified,10,42,2,0.7422480620155038,ungateable,,,0.7422480620155038,0.0,,
mi,101,version_41,0,stratified,10,43,2,0.7372767104819683,ungateable,,,0.7372767104819683,0.0,,
mi,101,version_41,0,stratified,10,44,2,0.7413211998651836,ungateable,,,0.7413211998651836,0.0,,
mi,101,version_41,0,stratified,10,45,2,0.7461240310077518,ungateable,,,0.7461240310077518,0.0,,
mi,101,version_41,0,stratified,10,46,2,0.7376980114593865,ungateable,,,0.7376980114593865,0.0,,
mi,101,version_41,0,stratified,20,42,5,0.7286585365853658,ungateable,,,0.7286585365853658,0.0,,
mi,101,version_41,0,stratified,20,43,5,0.734848484848485,ungateable,,,0.734848484848485,0.0,,
mi,101,version_41,0,stratified,20,44,5,0.7443643754619363,ungateable,,,0.7443643754619363,0.0,,
mi,101,version_41,0,stratified,20,45,5,0.7524944567627494,ungateable,,,0.7524944567627494,0.0,,
mi,101,version_41,0,stratified,20,46,5,0.7401145602365115,ungateable,,,0.7401145602365115,0.0,,
mi,101,version_41,0,stratified,50,42,12,0.7128256263243177,ok,1,0.7105820765299763,0.7105820765299763,-0.002243549794341382,1.0,0
mi,101,version_41,0,stratified,50,43,12,0.7252897918484358,ok,0,0.7259130001246417,0.7252897918484358,0.0,0.7142857142857143,0
mi,101,version_41,0,stratified,50,44,12,0.7262869250903652,ok,0,0.7235448086750592,0.7262869250903652,0.0,0.6285714285714286,0
mi,101,version_41,0,stratified,50,45,12,0.7619344384893432,ok,1,0.7452324566870249,0.7452324566870249,-0.0167019818023183,0.7142857142857143,4
mi,101,version_41,0,stratified,50,46,12,0.7376293157173128,ok,1,0.7210519755702356,0.7210519755702356,-0.016577340147077235,0.6285714285714286,26
mi,101,version_41,0,stratified,100,42,25,0.7089587242026266,ok,0,0.702861163227017,0.7089587242026266,0.0,0.8194444444444444,0
mi,101,version_41,0,stratified,100,43,25,0.7077861163227017,ok,0,0.6939493433395872,0.7077861163227017,0.0,0.6180555555555556,16
mi,101,version_41,0,stratified,100,44,25,0.7169324577861164,ok,1,0.7371013133208254,0.7371013133208254,0.02016885553470904,0.6527777777777778,19
mi,101,version_41,0,stratified,100,45,25,0.776735459662289,ok,1,0.7917448405253283,0.7917448405253283,0.015009380863039379,0.7266666666666668,10
mi,101,version_41,0,stratified,100,46,25,0.7080206378986867,ok,1,0.697701688555347,0.697701688555347,-0.010318949343339767,0.6933333333333332,2
mi,101,version_41,0,stratified,150,42,38,0.6772836538461537,ok,0,0.680889423076923,0.6772836538461537,0.0,0.7565217391304347,0
mi,101,version_41,0,stratified,150,43,38,0.7554086538461539,ok,1,0.8052884615384615,0.8052884615384615,0.0498798076923076,0.6608695652173913,45
mi,101,version_41,0,stratified,150,44,38,0.7674278846153846,ok,1,0.775841346153846,0.775841346153846,0.008413461538461453,0.7217391304347827,12
mi,101,version_41,0,stratified,150,45,38,0.8100961538461539,ok,0,0.8040865384615384,0.8100961538461539,0.0,0.6434782608695653,29
mi,101,version_41,0,stratified,150,46,38,0.6850961538461537,ok,0,0.6742788461538461,0.6850961538461537,0.0,0.8202898550724639,0
mi,101,version_41,0,stratified,200,42,50,0.7435897435897436,ok,1,0.7765567765567766,0.7765567765567766,0.03296703296703296,0.6383701188455009,42
mi,101,version_41,0,stratified,200,43,50,0.8644688644688645,ok,1,0.7985347985347986,0.7985347985347986,-0.06593406593406592,0.7317487266553481,16
mi,101,version_41,0,stratified,200,44,50,0.8131868131868132,ok,1,0.7838827838827839,0.7838827838827839,-0.02930402930402931,0.7419354838709676,19
mi,101,version_41,0,stratified,200,45,50,0.7619047619047619,ok,1,0.7875457875457876,0.7875457875457876,0.025641025641025772,0.8675721561969439,52
mi,101,version_41,0,stratified,200,46,50,0.6703296703296704,ok,1,0.695970695970696,0.695970695970696,0.02564102564102566,0.7758913412563667,4
mi,101,version_41,0,temporal_array,10,42,2,0.7367752856538299,ungateable,,,0.7367752856538299,0.0,,
mi,101,version_41,0,temporal_array,10,43,2,0.7367752856538299,ungateable,,,0.7367752856538299,0.0,,
mi,101,version_41,0,temporal_array,10,44,2,0.7367752856538299,ungateable,,,0.7367752856538299,0.0,,
mi,101,version_41,0,temporal_array,10,45,2,0.7367752856538299,ungateable,,,0.7367752856538299,0.0,,
mi,101,version_41,0,temporal_array,10,46,2,0.7367752856538299,ungateable,,,0.7367752856538299,0.0,,
mi,101,version_41,0,temporal_array,20,42,5,0.7310634328358209,ungateable,,,0.7310634328358209,0.0,,
mi,101,version_41,0,temporal_array,20,43,5,0.7310634328358209,ungateable,,,0.7310634328358209,0.0,,
mi,101,version_41,0,temporal_array,20,44,5,0.7310634328358209,ungateable,,,0.7310634328358209,0.0,,
mi,101,version_41,0,temporal_array,20,45,5,0.7310634328358209,ungateable,,,0.7310634328358209,0.0,,
mi,101,version_41,0,temporal_array,20,46,5,0.7310634328358209,ungateable,,,0.7310634328358209,0.0,,
mi,101,version_41,0,temporal_array,50,42,12,0.7101562500000002,ok,0,0.7075520833333333,0.7101562500000002,0.0,0.8611111111111112,0
mi,101,version_41,0,temporal_array,50,43,12,0.7101562500000002,ok,0,0.7015625,0.7101562500000002,0.0,0.75,0
mi,101,version_41,0,temporal_array,50,44,12,0.7101562500000002,ok,0,0.7027343749999999,0.7101562500000002,0.0,0.638888888888889,0
mi,101,version_41,0,temporal_array,50,45,12,0.7101562500000002,ok,0,0.7040364583333333,0.7101562500000002,0.0,0.7777777777777778,0
mi,101,version_41,0,temporal_array,50,46,12,0.7101562500000002,ok,1,0.6903645833333333,0.6903645833333333,-0.019791666666666874,0.888888888888889,3
mi,101,version_41,0,temporal_array,100,42,25,0.6987390350877193,ok,0,0.6864035087719298,0.6987390350877193,0.0,0.9166666666666667,0
mi,101,version_41,0,temporal_array,100,43,25,0.6987390350877193,ok,1,0.6927083333333333,0.6927083333333333,-0.006030701754386025,0.8012820512820513,0
mi,101,version_41,0,temporal_array,100,44,25,0.6987390350877193,ok,1,0.7086074561403509,0.7086074561403509,0.009868421052631637,0.9038461538461539,18
mi,101,version_41,0,temporal_array,100,45,25,0.6987390350877193,ok,1,0.736842105263158,0.736842105263158,0.03810307017543868,0.7307692307692308,41
mi,101,version_41,0,temporal_array,100,46,25,0.6987390350877193,ok,1,0.7236842105263158,0.7236842105263158,0.024945175438596534,0.8461538461538463,20
mi,101,version_41,0,temporal_array,150,42,38,0.8148148148148148,ok,1,0.8506944444444444,0.8506944444444444,0.03587962962962965,0.8444444444444444,9
mi,101,version_41,0,temporal_array,150,43,38,0.8148148148148148,ok,1,0.8078703703703703,0.8078703703703703,-0.00694444444444442,0.7694444444444445,1
mi,101,version_41,0,temporal_array,150,44,38,0.8148148148148148,ok,1,0.8263888888888888,0.8263888888888888,0.01157407407407407,0.875,24
mi,101,version_41,0,temporal_array,150,45,38,0.8148148148148148,ok,1,0.8379629629629629,0.8379629629629629,0.02314814814814814,0.8861111111111111,6
mi,101,version_41,0,temporal_array,150,46,38,0.8148148148148148,ok,1,0.8321759259259259,0.8321759259259259,0.01736111111111116,0.8083333333333333,9
mi,101,version_41,17,stratified,10,42,2,0.6203235591506572,ungateable,,,0.6203235591506572,0.0,,
mi,101,version_41,17,stratified,10,43,2,0.6220087630603304,ungateable,,,0.6220087630603304,0.0,,
mi,101,version_41,17,stratified,10,44,2,0.6188068756319515,ungateable,,,0.6188068756319515,0.0,,
mi,101,version_41,17,stratified,10,45,2,0.6223458038422649,ungateable,,,0.6223458038422649,0.0,,
mi,101,version_41,17,stratified,10,46,2,0.6242837883383889,ungateable,,,0.6242837883383889,0.0,,
mi,101,version_41,17,stratified,20,42,5,0.6174242424242424,ungateable,,,0.6174242424242424,0.0,,
mi,101,version_41,17,stratified,20,43,5,0.6135439763488544,ungateable,,,0.6135439763488544,0.0,,
mi,101,version_41,17,stratified,20,44,5,0.6170546932742054,ungateable,,,0.6170546932742054,0.0,,
mi,101,version_41,17,stratified,20,45,5,0.6076311899482632,ungateable,,,0.6076311899482632,0.0,,
mi,101,version_41,17,stratified,20,46,5,0.6258314855875832,ungateable,,,0.6258314855875832,0.0,,
mi,101,version_41,17,stratified,50,42,12,0.5980306618471893,ok,1,0.605384519506419,0.605384519506419,0.00735385765922969,0.6571428571428571,0
mi,101,version_41,17,stratified,50,43,12,0.6013959865387013,ok,1,0.6222111429639785,0.6222111429639785,0.020815156425277204,0.7999999999999999,12
mi,101,version_41,17,stratified,50,44,12,0.6311853421413436,ok,1,0.6336781752461673,0.6336781752461673,0.002492833104823733,0.8857142857142857,0
mi,101,version_41,17,stratified,50,45,12,0.6123644521999252,ok,0,0.620466159790602,0.6123644521999252,0.0,0.5142857142857142,10
mi,101,version_41,17,stratified,50,46,12,0.6253271843450081,ok,0,0.6234575595163904,0.6253271843450081,0.0,1.0,0
mi,101,version_41,17,stratified,100,42,25,0.6158536585365855,ok,1,0.6271106941838649,0.6271106941838649,0.011257035647279423,0.5208333333333333,3
mi,101,version_41,17,stratified,100,43,25,0.6320356472795498,ok,1,0.6564258911819887,0.6564258911819887,0.024390243902438935,0.5,9
mi,101,version_41,17,stratified,100,44,25,0.6580675422138836,ok,1,0.62218574108818,0.62218574108818,-0.035881801125703605,0.6319444444444444,50
mi,101,version_41,17,stratified,100,45,25,0.6299249530956847,ok,1,0.6165572232645403,0.6165572232645403,-0.013367729831144426,0.64,3
mi,101,version_41,17,stratified,100,46,25,0.6285178236397748,ok,1,0.6597091932457786,0.6597091932457786,0.03119136960600377,0.7133333333333334,20
mi,101,version_41,17,stratified,150,42,38,0.5739182692307694,ok,1,0.5799278846153846,0.5799278846153846,0.006009615384615197,0.6811594202898551,0
mi,101,version_41,17,stratified,150,43,38,0.6682692307692308,ok,1,0.6893028846153847,0.6893028846153847,0.021033653846153855,0.5739130434782609,6
mi,101,version_41,17,stratified,150,44,38,0.65625,ok,0,0.6688701923076923,0.65625,0.0,0.6956521739130436,0
mi,101,version_41,17,stratified,150,45,38,0.6508413461538461,ok,1,0.6460336538461539,0.6460336538461539,-0.004807692307692291,0.6347826086956522,19
mi,101,version_41,17,stratified,150,46,38,0.6478365384615384,ok,0,0.6616586538461537,0.6478365384615384,0.0,0.6202898550724638,0
mi,101,version_41,17,stratified,200,42,50,0.575091575091575,ok,1,0.6520146520146521,0.6520146520146521,0.0769230769230771,0.6740237691001698,34
mi,101,version_41,17,stratified,200,43,50,0.7032967032967034,ok,1,0.6996336996336996,0.6996336996336996,-0.003663003663003761,0.5619694397283531,0
mi,101,version_41,17,stratified,200,44,50,0.5970695970695971,ok,1,0.6483516483516484,0.6483516483516484,0.05128205128205132,0.767402376910017,4
mi,101,version_41,17,stratified,200,45,50,0.673992673992674,ok,1,0.7032967032967032,0.7032967032967032,0.0293040293040292,0.6757215619694397,13
mi,101,version_41,17,stratified,200,46,50,0.5091575091575091,ok,0,0.5531135531135531,0.5091575091575091,0.0,0.6926994906621392,0
mi,101,version_41,17,temporal_array,10,42,2,0.6240372407955987,ungateable,,,0.6240372407955987,0.0,,
mi,101,version_41,17,temporal_array,10,43,2,0.6240372407955987,ungateable,,,0.6240372407955987,0.0,,
mi,101,version_41,17,temporal_array,10,44,2,0.6240372407955987,ungateable,,,0.6240372407955987,0.0,,
mi,101,version_41,17,temporal_array,10,45,2,0.6240372407955987,ungateable,,,0.6240372407955987,0.0,,
mi,101,version_41,17,temporal_array,10,46,2,0.6240372407955987,ungateable,,,0.6240372407955987,0.0,,
mi,101,version_41,17,temporal_array,20,42,5,0.6416977611940298,ungateable,,,0.6416977611940298,0.0,,
mi,101,version_41,17,temporal_array,20,43,5,0.6416977611940298,ungateable,,,0.6416977611940298,0.0,,
mi,101,version_41,17,temporal_array,20,44,5,0.6416977611940298,ungateable,,,0.6416977611940298,0.0,,
mi,101,version_41,17,temporal_array,20,45,5,0.6416977611940298,ungateable,,,0.6416977611940298,0.0,,
mi,101,version_41,17,temporal_array,20,46,5,0.6416977611940298,ungateable,,,0.6416977611940298,0.0,,
mi,101,version_41,17,temporal_array,50,42,12,0.662109375,ok,1,0.664453125,0.664453125,0.002343749999999978,0.7222222222222222,26
mi,101,version_41,17,temporal_array,50,43,12,0.662109375,ok,1,0.6671875,0.6671875,0.005078125000000044,0.3055555555555556,0
mi,101,version_41,17,temporal_array,50,44,12,0.662109375,ok,0,0.6641927083333334,0.662109375,0.0,0.3055555555555556,0
mi,101,version_41,17,temporal_array,50,45,12,0.662109375,ok,1,0.6735677083333333,0.6735677083333333,0.011458333333333348,0.6111111111111112,2
mi,101,version_41,17,temporal_array,50,46,12,0.662109375,ok,0,0.673046875,0.662109375,0.0,0.6111111111111112,2
mi,101,version_41,17,temporal_array,100,42,25,0.7140899122807017,ok,1,0.634046052631579,0.634046052631579,-0.08004385964912275,0.6153846153846154,38
mi,101,version_41,17,temporal_array,100,43,25,0.7140899122807017,ok,1,0.7017543859649122,0.7017543859649122,-0.012335526315789491,0.5897435897435898,5
mi,101,version_41,17,temporal_array,100,44,25,0.7140899122807017,ok,1,0.49917763157894735,0.49917763157894735,-0.2149122807017544,0.7307692307692308,41
mi,101,version_41,17,temporal_array,100,45,25,0.7140899122807017,ok,1,0.4262609649122807,0.4262609649122807,-0.287828947368421,0.7307692307692307,54
mi,101,version_41,17,temporal_array,100,46,25,0.7140899122807017,ok,1,0.6082785087719298,0.6082785087719298,-0.10581140350877194,0.5512820512820513,55
mi,101,version_41,17,temporal_array,150,42,38,0.7766203703703703,ok,1,0.7453703703703703,0.7453703703703703,-0.03125,0.7194444444444444,3
mi,101,version_41,17,temporal_array,150,43,38,0.7766203703703703,ok,1,0.7673611111111112,0.7673611111111112,-0.00925925925925919,0.5694444444444444,1
mi,101,version_41,17,temporal_array,150,44,38,0.7766203703703703,ok,1,0.7002314814814814,0.7002314814814814,-0.07638888888888895,0.4916666666666667,10
mi,101,version_41,17,temporal_array,150,45,38,0.7766203703703703,ok,1,0.7395833333333333,0.7395833333333333,-0.03703703703703709,0.7472222222222222,4
mi,101,version_41,17,temporal_array,150,46,38,0.7766203703703703,ok,1,0.7442129629629629,0.7442129629629629,-0.03240740740740744,0.47222222222222227,8
mi,102,version_27,0,stratified,10,42,2,0.916076845298281,ungateable,,,0.916076845298281,0.0,,
mi,102,version_27,0,stratified,10,43,2,0.9162453656892484,ungateable,,,0.9162453656892484,0.0,,
mi,102,version_27,0,stratified,10,44,2,0.9186889113582744,ungateable,,,0.9186889113582744,0.0,,
mi,102,version_27,0,stratified,10,45,2,0.9196157735085946,ungateable,,,0.9196157735085946,0.0,,
mi,102,version_27,0,stratified,10,46,2,0.9166666666666667,ungateable,,,0.9166666666666667,0.0,,
mi,102,version_27,0,stratified,20,42,5,0.9135254988913526,ungateable,,,0.9135254988913526,0.0,,
mi,102,version_27,0,stratified,20,43,5,0.9126016260162602,ungateable,,,0.9126016260162602,0.0,,
mi,102,version_27,0,stratified,20,44,5,0.920639320029564,ungateable,,,0.920639320029564,0.0,,
mi,102,version_27,0,stratified,20,45,5,0.9185144124168514,ungateable,,,0.9185144124168514,0.0,,
mi,102,version_27,0,stratified,20,46,5,0.9177753141167776,ungateable,,,0.9177753141167776,0.0,,
mi,102,version_27,0,stratified,50,42,12,0.9086376667082139,ok,0,0.9082637417424904,0.9086376667082139,0.0,0.9714285714285715,0
mi,102,version_27,0,stratified,50,43,12,0.9147451078150317,ok,1,0.9166147326436495,0.9166147326436495,0.0018696248286177441,0.9714285714285715,0
mi,102,version_27,0,stratified,50,44,12,0.9214757571980556,ok,0,0.9216003988532968,0.9214757571980556,0.0,1.0,0
mi,102,version_27,0,stratified,50,45,12,0.9227221737504674,ok,0,0.9244671569238438,0.9227221737504674,0.0,0.8857142857142857,0
mi,102,version_27,0,stratified,50,46,12,0.9214757571980556,ok,0,0.921725040508538,0.9214757571980556,0.0,1.0,0
mi,102,version_27,0,stratified,100,42,25,0.9113508442776735,ok,0,0.9127579737335835,0.9113508442776735,0.0,0.9583333333333333,0
mi,102,version_27,0,stratified,100,43,25,0.9090056285178236,ok,1,0.9108818011257035,0.9108818011257035,0.0018761726078798668,0.8888888888888888,1
mi,102,version_27,0,stratified,100,44,25,0.9357410881801126,ok,1,0.9169793621013134,0.9169793621013134,-0.018761726078799223,0.875,11
mi,102,version_27,0,stratified,100,45,25,0.9181519699812382,ok,1,0.9061913696060038,0.9061913696060038,-0.011960600375234387,0.9133333333333333,7
mi,102,version_27,0,stratified,100,46,25,0.9136960600375235,ok,1,0.924249530956848,0.924249530956848,0.01055347091932457,0.9400000000000001,10
mi,102,version_27,0,stratified,150,42,38,0.9050480769230769,ok,1,0.9200721153846154,0.9200721153846154,0.015024038461538547,0.8840579710144927,7
mi,102,version_27,0,stratified,150,43,38,0.8984375,ok,1,0.8942307692307692,0.8942307692307692,-0.0042067307692308376,0.8695652173913044,2
mi,102,version_27,0,stratified,150,44,38,0.9459134615384616,ok,1,0.9609375,0.9609375,0.015024038461538436,0.9362318840579711,11
mi,102,version_27,0,stratified,150,45,38,0.9170673076923077,ok,1,0.9182692307692308,0.9182692307692308,0.0012019230769231282,0.9072463768115941,1
mi,102,version_27,0,stratified,150,46,38,0.9417067307692308,ok,1,0.9447115384615384,0.9447115384615384,0.0030048076923075984,0.9072463768115941,0
mi,102,version_27,0,stratified,200,42,50,0.9377289377289377,ok,1,0.9670329670329669,0.9670329670329669,0.0293040293040292,0.9728353140916809,10
mi,102,version_27,0,stratified,200,43,50,0.9010989010989011,ok,1,0.8937728937728937,0.8937728937728937,-0.007326007326007411,0.9083191850594228,3
mi,102,version_27,0,stratified,200,44,50,0.9743589743589743,ok,0,0.9743589743589743,0.9743589743589743,0.0,0.9694397283531409,0
mi,102,version_27,0,stratified,200,45,50,0.8717948717948718,ok,0,0.8754578754578755,0.8717948717948718,0.0,0.9898132427843803,0
mi,102,version_27,0,stratified,200,46,50,0.9487179487179488,ok,0,0.9487179487179488,0.9487179487179488,0.0,0.9558573853989814,0
mi,102,version_27,0,temporal_array,10,42,2,0.9235717308506136,ungateable,,,0.9235717308506136,0.0,,
mi,102,version_27,0,temporal_array,10,43,2,0.9235717308506136,ungateable,,,0.9235717308506136,0.0,,
mi,102,version_27,0,temporal_array,10,44,2,0.9235717308506136,ungateable,,,0.9235717308506136,0.0,,
mi,102,version_27,0,temporal_array,10,45,2,0.9235717308506136,ungateable,,,0.9235717308506136,0.0,,
mi,102,version_27,0,temporal_array,10,46,2,0.9235717308506136,ungateable,,,0.9235717308506136,0.0,,
mi,102,version_27,0,temporal_array,20,42,5,0.9303171641791046,ungateable,,,0.9303171641791046,0.0,,
mi,102,version_27,0,temporal_array,20,43,5,0.9303171641791046,ungateable,,,0.9303171641791046,0.0,,
mi,102,version_27,0,temporal_array,20,44,5,0.9303171641791046,ungateable,,,0.9303171641791046,0.0,,
mi,102,version_27,0,temporal_array,20,45,5,0.9303171641791046,ungateable,,,0.9303171641791046,0.0,,
mi,102,version_27,0,temporal_array,20,46,5,0.9303171641791046,ungateable,,,0.9303171641791046,0.0,,
mi,102,version_27,0,temporal_array,50,42,12,0.9203125,ok,1,0.9174479166666667,0.9174479166666667,-0.0028645833333332815,0.9166666666666667,15
mi,102,version_27,0,temporal_array,50,43,12,0.9203125,ok,1,0.9169270833333333,0.9169270833333333,-0.0033854166666666963,1.0,7
mi,102,version_27,0,temporal_array,50,44,12,0.9203125,ok,1,0.9104166666666667,0.9104166666666667,-0.009895833333333326,1.0,6
mi,102,version_27,0,temporal_array,50,45,12,0.9203125,ok,1,0.9134114583333333,0.9134114583333333,-0.0069010416666667185,1.0,18
mi,102,version_27,0,temporal_array,50,46,12,0.9203125,ok,0,0.9196614583333333,0.9203125,0.0,1.0,0
mi,102,version_27,0,temporal_array,100,42,25,0.9366776315789475,ok,0,0.9375,0.9366776315789475,0.0,0.858974358974359,0
mi,102,version_27,0,temporal_array,100,43,25,0.9366776315789475,ok,1,0.9413377192982456,0.9413377192982456,0.004660087719298156,0.903846153846154,9
mi,102,version_27,0,temporal_array,100,44,25,0.9366776315789475,ok,1,0.935032894736842,0.935032894736842,-0.001644736842105421,0.903846153846154,21
mi,102,version_27,0,temporal_array,100,45,25,0.9366776315789475,ok,1,0.9457236842105263,0.9457236842105263,0.009046052631578871,1.0,8
mi,102,version_27,0,temporal_array,100,46,25,0.9366776315789475,ok,1,0.9402412280701755,0.9402412280701755,0.0035635964912280604,0.9423076923076923,9
mi,102,version_27,0,temporal_array,150,42,38,0.9537037037037037,ok,1,0.9513888888888888,0.9513888888888888,-0.0023148148148148806,0.9027777777777778,1
mi,102,version_27,0,temporal_array,150,43,38,0.9537037037037037,ok,1,0.9479166666666666,0.9479166666666666,-0.0057870370370370905,0.8972222222222223,0
mi,102,version_27,0,temporal_array,150,44,38,0.9537037037037037,ok,1,0.9699074074074073,0.9699074074074073,0.01620370370370361,0.9027777777777778,15
mi,102,version_27,0,temporal_array,150,45,38,0.9537037037037037,ok,1,0.9548611111111112,0.9548611111111112,0.0011574074074074403,0.9194444444444445,0
mi,102,version_27,0,temporal_array,150,46,38,0.9537037037037037,ok,1,0.96875,0.96875,0.01504629629629628,0.9194444444444445,24
mi,102,version_27,17,stratified,10,42,2,0.7423323222109875,ungateable,,,0.7423323222109875,0.0,,
mi,102,version_27,17,stratified,10,43,2,0.7445230872935625,ungateable,,,0.7445230872935625,0.0,,
mi,102,version_27,17,stratified,10,44,2,0.7523592854735422,ungateable,,,0.7523592854735422,0.0,,
mi,102,version_27,17,stratified,10,45,2,0.7522750252780587,ungateable,,,0.7522750252780587,0.0,,
mi,102,version_27,17,stratified,10,46,2,0.752190765082575,ungateable,,,0.752190765082575,0.0,,
mi,102,version_27,17,stratified,20,42,5,0.7416851441241685,ungateable,,,0.7416851441241685,0.0,,
mi,102,version_27,17,stratified,20,43,5,0.7412232076866223,ungateable,,,0.7412232076866223,0.0,,
mi,102,version_27,17,stratified,20,44,5,0.745750184774575,ungateable,,,0.745750184774575,0.0,,
mi,102,version_27,17,stratified,20,45,5,0.7543422025129342,ungateable,,,0.7543422025129342,0.0,,
mi,102,version_27,17,stratified,20,46,5,0.7455654101995566,ungateable,,,0.7455654101995566,0.0,,
mi,102,version_27,17,stratified,50,42,12,0.7282811915742241,ok,0,0.7327682911629066,0.7282811915742241,0.0,0.7428571428571429,0
mi,102,version_27,17,stratified,50,43,12,0.7411192820640659,ok,1,0.8124143088620217,0.8124143088620217,0.07129502679795585,0.8,35
mi,102,version_27,17,stratified,50,44,12,0.7331422161286302,ok,1,0.8010719182350742,0.8010719182350742,0.067929702106444,1.0,11
mi,102,version_27,17,stratified,50,45,12,0.7544559391748722,ok,1,0.8343512401844696,0.8343512401844696,0.07989530100959741,0.8857142857142857,23
mi,102,version_27,17,stratified,50,46,12,0.7507166895176367,ok,0,0.7508413311728781,0.7507166895176367,0.0,0.8857142857142857,0
mi,102,version_27,17,stratified,100,42,25,0.7399155722326454,ok,1,0.8285647279549719,0.8285647279549719,0.08864915572232657,0.9097222222222222,14
mi,102,version_27,17,stratified,100,43,25,0.727954971857411,ok,1,0.8428705440900562,0.8428705440900562,0.11491557223264526,0.8958333333333333,15
mi,102,version_27,17,stratified,100,44,25,0.7324108818011257,ok,1,0.772045028142589,0.772045028142589,0.03963414634146334,0.9513888888888888,2
mi,102,version_27,17,stratified,100,45,25,0.7640712945590995,ok,1,0.8351313320825516,0.8351313320825516,0.07106003752345214,0.76,5
mi,102,version_27,17,stratified,100,46,25,0.7460131332082551,ok,1,0.876641651031895,0.876641651031895,0.13062851782363982,0.9266666666666667,35
mi,102,version_27,17,stratified,150,42,38,0.7133413461538461,ok,1,0.814903846153846,0.814903846153846,0.10156249999999989,0.8202898550724638,16
mi,102,version_27,17,stratified,150,43,38,0.7932692307692308,ok,1,0.8569711538461537,0.8569711538461537,0.0637019230769229,0.8144927536231885,10
mi,102,version_27,17,stratified,150,44,38,0.7506009615384616,ok,1,0.8347355769230769,0.8347355769230769,0.08413461538461531,0.8724637681159421,11
mi,102,version_27,17,stratified,150,45,38,0.7253605769230769,ok,1,0.8106971153846154,0.8106971153846154,0.08533653846153855,0.8144927536231884,45
mi,102,version_27,17,stratified,150,46,38,0.7349759615384615,ok,1,0.8701923076923077,0.8701923076923077,0.13521634615384626,0.9217391304347825,30
mi,102,version_27,17,stratified,200,42,50,0.8131868131868132,ok,1,0.8827838827838828,0.8827838827838828,0.06959706959706957,0.8675721561969439,10
mi,102,version_27,17,stratified,200,43,50,0.7545787545787546,ok,1,0.9084249084249084,0.9084249084249084,0.15384615384615385,0.7928692699490663,15
mi,102,version_27,17,stratified,200,44,50,0.7728937728937729,ok,1,0.9120879120879122,0.9120879120879122,0.13919413919413925,0.9473684210526315,11
mi,102,version_27,17,stratified,200,45,50,0.7326007326007327,ok,1,0.783882783882784,0.783882783882784,0.05128205128205132,0.8981324278438031,20
mi,102,version_27,17,stratified,200,46,50,0.8351648351648352,ok,1,0.9120879120879121,0.9120879120879121,0.07692307692307687,0.8353140916808149,4
mi,102,version_27,17,temporal_array,10,42,2,0.7465933135844266,ungateable,,,0.7465933135844266,0.0,,
mi,102,version_27,17,temporal_array,10,43,2,0.7465933135844266,ungateable,,,0.7465933135844266,0.0,,
mi,102,version_27,17,temporal_array,10,44,2,0.7465933135844266,ungateable,,,0.7465933135844266,0.0,,
mi,102,version_27,17,temporal_array,10,45,2,0.7465933135844266,ungateable,,,0.7465933135844266,0.0,,
mi,102,version_27,17,temporal_array,10,46,2,0.7465933135844266,ungateable,,,0.7465933135844266,0.0,,
mi,102,version_27,17,temporal_array,20,42,5,0.7515858208955224,ungateable,,,0.7515858208955224,0.0,,
mi,102,version_27,17,temporal_array,20,43,5,0.7515858208955224,ungateable,,,0.7515858208955224,0.0,,
mi,102,version_27,17,temporal_array,20,44,5,0.7515858208955224,ungateable,,,0.7515858208955224,0.0,,
mi,102,version_27,17,temporal_array,20,45,5,0.7515858208955224,ungateable,,,0.7515858208955224,0.0,,
mi,102,version_27,17,temporal_array,20,46,5,0.7515858208955224,ungateable,,,0.7515858208955224,0.0,,
mi,102,version_27,17,temporal_array,50,42,12,0.7268229166666667,ok,1,0.74375,0.74375,0.01692708333333337,0.7777777777777778,12
mi,102,version_27,17,temporal_array,50,43,12,0.7268229166666667,ok,1,0.707421875,0.707421875,-0.019401041666666674,1.0,1
mi,102,version_27,17,temporal_array,50,44,12,0.7268229166666667,ok,1,0.690625,0.690625,-0.03619791666666661,0.888888888888889,3
mi,102,version_27,17,temporal_array,50,45,12,0.7268229166666667,ok,1,0.6925781249999999,0.6925781249999999,-0.03424479166666672,0.8611111111111112,5
mi,102,version_27,17,temporal_array,50,46,12,0.7268229166666667,ok,0,0.7205729166666667,0.7268229166666667,0.0,0.9166666666666667,0
mi,102,version_27,17,temporal_array,100,42,25,0.7626096491228069,ok,1,0.8009868421052632,0.8009868421052632,0.03837719298245623,0.7307692307692307,11
mi,102,version_27,17,temporal_array,100,43,25,0.7626096491228069,ok,0,0.7439692982456141,0.7626096491228069,0.0,0.8012820512820513,0
mi,102,version_27,17,temporal_array,100,44,25,0.7626096491228069,ok,1,0.7883771929824561,0.7883771929824561,0.02576754385964919,0.8141025641025641,8
mi,102,version_27,17,temporal_array,100,45,25,0.7626096491228069,ok,1,0.7883771929824561,0.7883771929824561,0.02576754385964919,0.9615384615384615,23
mi,102,version_27,17,temporal_array,100,46,25,0.7626096491228069,ok,1,0.7785087719298246,0.7785087719298246,0.015899122807017663,0.9423076923076923,7
mi,102,version_27,17,temporal_array,150,42,38,0.8599537037037037,ok,1,0.7384259259259259,0.7384259259259259,-0.12152777777777779,0.8277777777777777,45
mi,102,version_27,17,temporal_array,150,43,38,0.8599537037037037,ok,1,0.7685185185185186,0.7685185185185186,-0.09143518518518512,0.8166666666666667,61
mi,102,version_27,17,temporal_array,150,44,38,0.8599537037037037,ok,1,0.8182870370370371,0.8182870370370371,-0.04166666666666663,0.7888888888888889,23
mi,102,version_27,17,temporal_array,150,45,38,0.8599537037037037,ok,1,0.7696759259259259,0.7696759259259259,-0.09027777777777779,0.7333333333333334,15
mi,102,version_27,17,temporal_array,150,46,38,0.8599537037037037,ok,1,0.7291666666666667,0.7291666666666667,-0.13078703703703698,0.8555555555555556,22
mi,102,version_28,0,stratified,10,42,2,0.9153185035389282,ungateable,,,0.9153185035389282,0.0,,
mi,102,version_28,0,stratified,10,43,2,0.9166666666666666,ungateable,,,0.9166666666666666,0.0,,
mi,102,version_28,0,stratified,10,44,2,0.9175092686215032,ungateable,,,0.9175092686215032,0.0,,
mi,102,version_28,0,stratified,10,45,2,0.9225648803505224,ungateable,,,0.9225648803505224,0.0,,
mi,102,version_28,0,stratified,10,46,2,0.9186889113582744,ungateable,,,0.9186889113582744,0.0,,
mi,102,version_28,0,stratified,20,42,5,0.9129711751662971,ungateable,,,0.9129711751662971,0.0,,
mi,102,version_28,0,stratified,20,43,5,0.9128787878787878,ungateable,,,0.9128787878787878,0.0,,
mi,102,version_28,0,stratified,20,44,5,0.9188839615668885,ungateable,,,0.9188839615668885,0.0,,
mi,102,version_28,0,stratified,20,45,5,0.9229490022172948,ungateable,,,0.9229490022172948,0.0,,
mi,102,version_28,0,stratified,20,46,5,0.9200849963045086,ungateable,,,0.9200849963045086,0.0,,
mi,102,version_28,0,stratified,50,42,12,0.9112551414682787,ok,0,0.9174872242303378,0.9112551414682787,0.0,0.9714285714285715,0
mi,102,version_28,0,stratified,50,43,12,0.9123769163654494,ok,0,0.9199800573351614,0.9123769163654494,0.0,0.9714285714285715,0
mi,102,version_28,0,stratified,50,44,12,0.9187336407827495,ok,0,0.9239685903028791,0.9187336407827495,0.0,1.0,0
mi,102,version_28,0,stratified,50,45,12,0.9214757571980555,ok,0,0.9272092733391499,0.9214757571980555,0.0,0.9142857142857144,0
mi,102,version_28,0,stratified,50,46,12,0.9262121400972205,ok,0,0.9299513897544559,0.9262121400972205,0.0,1.0,0
mi,102,version_28,0,stratified,100,42,25,0.900797373358349,ok,1,0.9099437148217635,0.9099437148217635,0.009146341463414531,0.9583333333333333,0
mi,102,version_28,0,stratified,100,43,25,0.9127579737335836,ok,1,0.9209662288930581,0.9209662288930581,0.008208255159474542,0.8888888888888888,16
mi,102,version_28,0,stratified,100,44,25,0.922842401500938,ok,1,0.9303470919324577,0.9303470919324577,0.007504690431519689,0.8680555555555556,1
mi,102,version_28,0,stratified,100,45,25,0.924484052532833,ok,1,0.925187617260788,0.925187617260788,0.000703564727955075,0.9400000000000001,1
mi,102,version_28,0,stratified,100,46,25,0.9151031894934334,ok,0,0.9261257035647279,0.9151031894934334,0.0,0.9333333333333333,0
mi,102,version_28,0,stratified,150,42,38,0.9104567307692308,ok,1,0.9296875,0.9296875,0.019230769230769162,0.9333333333333333,10
mi,102,version_28,0,stratified,150,43,38,0.9050480769230769,ok,1,0.9140625,0.9140625,0.009014423076923128,0.9072463768115941,0
mi,102,version_28,0,stratified,150,44,38,0.9320913461538461,ok,1,0.9519230769230769,0.9519230769230769,0.019831730769230727,0.9768115942028985,17
mi,102,version_28,0,stratified,150,45,38,0.9290865384615384,ok,0,0.9302884615384616,0.9290865384615384,0.0,0.9217391304347826,0
mi,102,version_28,0,stratified,150,46,38,0.947716346153846,ok,1,0.9609375,0.9609375,0.013221153846153966,0.9623188405797101,3
mi,102,version_28,0,stratified,200,42,50,0.9157509157509158,ok,1,0.9780219780219781,0.9780219780219781,0.06227106227106227,0.9745331069609507,13
mi,102,version_28,0,stratified,200,43,50,0.9157509157509158,ok,1,0.9157509157509158,0.9157509157509158,0.0,0.933786078098472,2
mi,102,version_28,0,stratified,200,44,50,0.9743589743589745,ok,0,0.9853479853479854,0.9743589743589745,0.0,0.9779286926994907,0
mi,102,version_28,0,stratified,200,45,50,0.8644688644688645,ok,1,0.8681318681318682,0.8681318681318682,0.00366300366300365,0.9898132427843802,0
mi,102,version_28,0,stratified,200,46,50,0.9413919413919414,ok,1,0.9523809523809523,0.9523809523809523,0.01098901098901095,0.9660441426146009,0
mi,102,version_28,0,temporal_array,10,42,2,0.9237410071942445,ungateable,,,0.9237410071942445,0.0,,
mi,102,version_28,0,temporal_array,10,43,2,0.9237410071942445,ungateable,,,0.9237410071942445,0.0,,
mi,102,version_28,0,temporal_array,10,44,2,0.9237410071942445,ungateable,,,0.9237410071942445,0.0,,
mi,102,version_28,0,temporal_array,10,45,2,0.9237410071942445,ungateable,,,0.9237410071942445,0.0,,
mi,102,version_28,0,temporal_array,10,46,2,0.9237410071942445,ungateable,,,0.9237410071942445,0.0,,
mi,102,version_28,0,temporal_array,20,42,5,0.9361940298507462,ungateable,,,0.9361940298507462,0.0,,
mi,102,version_28,0,temporal_array,20,43,5,0.9361940298507462,ungateable,,,0.9361940298507462,0.0,,
mi,102,version_28,0,temporal_array,20,44,5,0.9361940298507462,ungateable,,,0.9361940298507462,0.0,,
mi,102,version_28,0,temporal_array,20,45,5,0.9361940298507462,ungateable,,,0.9361940298507462,0.0,,
mi,102,version_28,0,temporal_array,20,46,5,0.9361940298507462,ungateable,,,0.9361940298507462,0.0,,
mi,102,version_28,0,temporal_array,50,42,12,0.9260416666666667,ok,1,0.930859375,0.930859375,0.0048177083333333925,0.9166666666666667,17
mi,102,version_28,0,temporal_array,50,43,12,0.9260416666666667,ok,1,0.9238281250000001,0.9238281250000001,-0.002213541666666541,1.0,5
mi,102,version_28,0,temporal_array,50,44,12,0.9260416666666667,ok,1,0.9151041666666667,0.9151041666666667,-0.010937499999999933,1.0,5
mi,102,version_28,0,temporal_array,50,45,12,0.9260416666666667,ok,1,0.9200520833333333,0.9200520833333333,-0.005989583333333326,1.0,8
mi,102,version_28,0,temporal_array,50,46,12,0.9260416666666667,ok,1,0.9287760416666666,0.9287760416666666,0.0027343749999999556,1.0,10
mi,102,version_28,0,temporal_array,100,42,25,0.9410635964912282,ok,1,0.9481907894736842,0.9481907894736842,0.00712719298245601,0.9230769230769231,1
mi,102,version_28,0,temporal_array,100,43,25,0.9410635964912282,ok,1,0.9533991228070176,0.9533991228070176,0.01233552631578938,0.9551282051282052,13
mi,102,version_28,0,temporal_array,100,44,25,0.9410635964912282,ok,1,0.9514802631578947,0.9514802631578947,0.010416666666666519,0.8974358974358975,9
mi,102,version_28,0,temporal_array,100,45,25,0.9410635964912282,ok,1,0.9512061403508772,0.9512061403508772,0.010142543859649078,0.9679487179487178,7
mi,102,version_28,0,temporal_array,100,46,25,0.9410635964912282,ok,1,0.9533991228070176,0.9533991228070176,0.01233552631578938,0.967948717948718,13
mi,102,version_28,0,temporal_array,150,42,38,0.9525462962962963,ok,1,0.9803240740740741,0.9803240740740741,0.02777777777777779,0.9805555555555556,10
mi,102,version_28,0,temporal_array,150,43,38,0.9525462962962963,ok,0,0.9583333333333334,0.9525462962962963,0.0,0.9194444444444445,0
mi,102,version_28,0,temporal_array,150,44,38,0.9525462962962963,ok,1,0.9791666666666666,0.9791666666666666,0.02662037037037035,0.9416666666666668,15
mi,102,version_28,0,temporal_array,150,45,38,0.9525462962962963,ok,1,0.9803240740740741,0.9803240740740741,0.02777777777777779,0.9361111111111111,11
mi,102,version_28,0,temporal_array,150,46,38,0.9525462962962963,ok,1,0.9768518518518519,0.9768518518518519,0.02430555555555558,0.9527777777777778,24
mi,102,version_28,17,stratified,10,42,2,0.7926356589147288,ungateable,,,0.7926356589147288,0.0,,
mi,102,version_28,17,stratified,10,43,2,0.7961745871250421,ungateable,,,0.7961745871250421,0.0,,
mi,102,version_28,17,stratified,10,44,2,0.7929726996966634,ungateable,,,0.7929726996966634,0.0,,
mi,102,version_28,17,stratified,10,45,2,0.8022413211998651,ungateable,,,0.8022413211998651,0.0,,
mi,102,version_28,17,stratified,10,46,2,0.7958375463431075,ungateable,,,0.7958375463431075,0.0,,
mi,102,version_28,17,stratified,20,42,5,0.7949926090169992,ungateable,,,0.7949926090169992,0.0,,
mi,102,version_28,17,stratified,20,43,5,0.7888026607538802,ungateable,,,0.7888026607538802,0.0,,
mi,102,version_28,17,stratified,20,44,5,0.7821507760532151,ungateable,,,0.7821507760532151,0.0,,
mi,102,version_28,17,stratified,20,45,5,0.8080192165558019,ungateable,,,0.8080192165558019,0.0,,
mi,102,version_28,17,stratified,20,46,5,0.7930524759793053,ungateable,,,0.7930524759793053,0.0,,
mi,102,version_28,17,stratified,50,42,12,0.7915991524367443,ok,1,0.8221363579708338,0.8221363579708338,0.030537205534089562,0.9428571428571428,4
mi,102,version_28,17,stratified,50,43,12,0.7856163529851676,ok,1,0.828368440732893,0.828368440732893,0.04275208774772532,0.8285714285714285,10
mi,102,version_28,17,stratified,50,44,12,0.787859902779509,ok,1,0.8197681665212514,0.8197681665212514,0.03190826374174238,0.9714285714285715,5
mi,102,version_28,17,stratified,50,45,12,0.8029415430636919,ok,1,0.8412065312227346,0.8412065312227346,0.03826498815904267,0.9142857142857143,10
mi,102,version_28,17,stratified,50,46,12,0.7935934189206032,ok,1,0.8286177240433753,0.8286177240433753,0.035024305122772104,0.9714285714285715,9
mi,102,version_28,17,stratified,100,42,25,0.8039399624765478,ok,1,0.8341932457786116,0.8341932457786116,0.030253283302063894,0.8541666666666667,4
mi,102,version_28,17,stratified,100,43,25,0.8076923076923077,ok,1,0.8424015009380863,0.8424015009380863,0.03470919324577859,0.8819444444444444,14
mi,102,version_28,17,stratified,100,44,25,0.7889305816135085,ok,1,0.8081613508442778,0.8081613508442778,0.019230769230769273,0.9097222222222222,5
mi,102,version_28,17,stratified,100,45,25,0.8081613508442776,ok,1,0.823639774859287,0.823639774859287,0.015478424015009318,0.8266666666666667,9
mi,102,version_28,17,stratified,100,46,25,0.7800187617260788,ok,1,0.8142589118198874,0.8142589118198874,0.03424015009380865,0.9066666666666667,2
mi,102,version_28,17,stratified,150,42,38,0.8245192307692307,ok,1,0.8215144230769231,0.8215144230769231,-0.0030048076923075984,0.8753623188405797,14
mi,102,version_28,17,stratified,150,43,38,0.834735576923077,ok,1,0.8515625,0.8515625,0.016826923076923017,0.7884057971014493,14
mi,102,version_28,17,stratified,150,44,38,0.8088942307692307,ok,1,0.7956730769230769,0.7956730769230769,-0.013221153846153855,0.9043478260869565,18
mi,102,version_28,17,stratified,150,45,38,0.7830528846153846,ok,0,0.8094951923076923,0.7830528846153846,0.0,0.846376811594203,0
mi,102,version_28,17,stratified,150,46,38,0.7554086538461537,ok,1,0.8082932692307692,0.8082932692307692,0.05288461538461542,0.9217391304347826,2
mi,102,version_28,17,stratified,200,42,50,0.9194139194139194,ok,1,0.9120879120879121,0.9120879120879121,-0.0073260073260073,0.864176570458404,15
mi,102,version_28,17,stratified,200,43,50,0.7582417582417582,ok,1,0.8461538461538461,0.8461538461538461,0.08791208791208793,0.8047538200339559,1
mi,102,version_28,17,stratified,200,44,50,0.8717948717948718,ok,1,0.8937728937728938,0.8937728937728938,0.02197802197802201,0.9151103565365026,2
mi,102,version_28,17,stratified,200,45,50,0.7692307692307692,ok,1,0.7875457875457875,0.7875457875457875,0.01831501831501836,0.8811544991511036,5
mi,102,version_28,17,stratified,200,46,50,0.8498168498168498,ok,1,0.8901098901098901,0.8901098901098901,0.04029304029304026,0.8930390492359932,1
mi,102,version_28,17,temporal_array,10,42,2,0.7966144731273804,ungateable,,,0.7966144731273804,0.0,,
mi,102,version_28,17,temporal_array,10,43,2,0.7966144731273804,ungateable,,,0.7966144731273804,0.0,,
mi,102,version_28,17,temporal_array,10,44,2,0.7966144731273804,ungateable,,,0.7966144731273804,0.0,,
mi,102,version_28,17,temporal_array,10,45,2,0.7966144731273804,ungateable,,,0.7966144731273804,0.0,,
mi,102,version_28,17,temporal_array,10,46,2,0.7966144731273804,ungateable,,,0.7966144731273804,0.0,,
mi,102,version_28,17,temporal_array,20,42,5,0.8018656716417911,ungateable,,,0.8018656716417911,0.0,,
mi,102,version_28,17,temporal_array,20,43,5,0.8018656716417911,ungateable,,,0.8018656716417911,0.0,,
mi,102,version_28,17,temporal_array,20,44,5,0.8018656716417911,ungateable,,,0.8018656716417911,0.0,,
mi,102,version_28,17,temporal_array,20,45,5,0.8018656716417911,ungateable,,,0.8018656716417911,0.0,,
mi,102,version_28,17,temporal_array,20,46,5,0.8018656716417911,ungateable,,,0.8018656716417911,0.0,,
mi,102,version_28,17,temporal_array,50,42,12,0.7890625,ok,1,0.8002604166666667,0.8002604166666667,0.011197916666666696,0.888888888888889,6
mi,102,version_28,17,temporal_array,50,43,12,0.7890625,ok,0,0.78671875,0.7890625,0.0,1.0,0
mi,102,version_28,17,temporal_array,50,44,12,0.7890625,ok,1,0.8178385416666667,0.8178385416666667,0.028776041666666696,0.9444444444444445,32
mi,102,version_28,17,temporal_array,50,45,12,0.7890625,ok,1,0.7986979166666667,0.7986979166666667,0.009635416666666674,0.888888888888889,9
mi,102,version_28,17,temporal_array,50,46,12,0.7890625,ok,0,0.7891927083333333,0.7890625,0.0,0.8055555555555556,0
mi,102,version_28,17,temporal_array,100,42,25,0.837171052631579,ok,1,0.8640350877192984,0.8640350877192984,0.026864035087719396,0.7948717948717949,12
mi,102,version_28,17,temporal_array,100,43,25,0.837171052631579,ok,1,0.8612938596491229,0.8612938596491229,0.02412280701754388,0.8397435897435896,9
mi,102,version_28,17,temporal_array,100,44,25,0.837171052631579,ok,1,0.8527960526315789,0.8527960526315789,0.015624999999999889,0.75,6
mi,102,version_28,17,temporal_array,100,45,25,0.837171052631579,ok,1,0.8629385964912281,0.8629385964912281,0.025767543859649078,0.9102564102564104,11
mi,102,version_28,17,temporal_array,100,46,25,0.837171052631579,ok,1,0.8585526315789473,0.8585526315789473,0.021381578947368363,0.9102564102564104,9
mi,102,version_28,17,temporal_array,150,42,38,0.8831018518518519,ok,1,0.8912037037037037,0.8912037037037037,0.00810185185185186,0.8333333333333334,6
mi,102,version_28,17,temporal_array,150,43,38,0.8831018518518519,ok,1,0.9097222222222222,0.9097222222222222,0.02662037037037035,0.7861111111111112,23
mi,102,version_28,17,temporal_array,150,44,38,0.8831018518518519,ok,1,0.8761574074074074,0.8761574074074074,-0.00694444444444442,0.7805555555555556,25
mi,102,version_28,17,temporal_array,150,45,38,0.8831018518518519,ok,1,0.8553240740740742,0.8553240740740742,-0.02777777777777768,0.7416666666666667,45
mi,102,version_28,17,temporal_array,150,46,38,0.8831018518518519,ok,1,0.8368055555555556,0.8368055555555556,-0.04629629629629628,0.8222222222222222,49
mi,102,version_29,0,stratified,10,42,2,0.9347826086956521,ungateable,,,0.9347826086956521,0.0,,
mi,102,version_29,0,stratified,10,43,2,0.9331816649814628,ungateable,,,0.9331816649814628,0.0,,
mi,102,version_29,0,stratified,10,44,2,0.937226154364678,ungateable,,,0.937226154364678,0.0,,
mi,102,version_29,0,stratified,10,45,2,0.9373946747556454,ungateable,,,0.9373946747556454,0.0,,
mi,102,version_29,0,stratified,10,46,2,0.933855746545332,ungateable,,,0.933855746545332,0.0,,
mi,102,version_29,0,stratified,20,42,5,0.9318181818181819,ungateable,,,0.9318181818181819,0.0,,
mi,102,version_29,0,stratified,20,43,5,0.9297856614929786,ungateable,,,0.9297856614929786,0.0,,
mi,102,version_29,0,stratified,20,44,5,0.937269031781227,ungateable,,,0.937269031781227,0.0,,
mi,102,version_29,0,stratified,20,45,5,0.9352365114560237,ungateable,,,0.9352365114560237,0.0,,
mi,102,version_29,0,stratified,20,46,5,0.9339430894308944,ungateable,,,0.9339430894308944,0.0,,
mi,102,version_29,0,stratified,50,42,12,0.9274585566496323,ok,0,0.9275831983048735,0.9274585566496323,0.0,0.9714285714285715,0
mi,102,version_29,0,stratified,50,43,12,0.9323195812040384,ok,1,0.9287049732020441,0.9287049732020441,-0.0036146080019942017,1.0,9
mi,102,version_29,0,stratified,50,44,12,0.9420416303128505,ok,1,0.9406705721051976,0.9406705721051976,-0.001371058207652931,1.0,4
mi,102,version_29,0,stratified,50,45,12,0.9359341892060327,ok,0,0.936183472516515,0.9359341892060327,0.0,0.8857142857142857,0
mi,102,version_29,0,stratified,50,46,12,0.931322447962109,ok,0,0.9319456562383149,0.931322447962109,0.0,1.0,0
mi,102,version_29,0,stratified,100,42,25,0.923076923076923,ok,1,0.924015009380863,0.924015009380863,0.0009380863039399889,0.9652777777777778,0
mi,102,version_29,0,stratified,100,43,25,0.9287054409005628,ok,0,0.9202626641651032,0.9287054409005628,0.0,0.9236111111111112,13
mi,102,version_29,0,stratified,100,44,25,0.9514540337711069,ok,1,0.9437148217636022,0.9437148217636022,-0.007739212007504714,0.8541666666666666,2
mi,102,version_29,0,stratified,100,45,25,0.9305816135084428,ok,1,0.9143996247654784,0.9143996247654784,-0.016181988742964393,0.9133333333333333,5
mi,102,version_29,0,stratified,100,46,25,0.9291744840525329,ok,0,0.9305816135084428,0.9291744840525329,0.0,0.9533333333333334,0
mi,102,version_29,0,stratified,150,42,38,0.9278846153846154,ok,0,0.9272836538461539,0.9278846153846154,0.0,0.9333333333333333,0
mi,102,version_29,0,stratified,150,43,38,0.9140625,ok,1,0.9140625,0.9140625,0.0,0.9014492753623189,1
mi,102,version_29,0,stratified,150,44,38,0.9669471153846154,ok,1,0.958533653846154,0.958533653846154,-0.008413461538461453,0.9681159420289855,8
mi,102,version_29,0,stratified,150,45,38,0.930889423076923,ok,0,0.930889423076923,0.930889423076923,0.0,0.9391304347826086,0
mi,102,version_29,0,stratified,150,46,38,0.953125,ok,0,0.9561298076923077,0.953125,0.0,0.9449275362318841,0
mi,102,version_29,0,stratified,200,42,50,0.9487179487179488,ok,0,0.9487179487179488,0.9487179487179488,0.0,0.9796264855687606,0
mi,102,version_29,0,stratified,200,43,50,0.9120879120879122,ok,1,0.9157509157509157,0.9157509157509157,0.003663003663003539,0.9422750424448217,1
mi,102,version_29,0,stratified,200,44,50,0.9816849816849818,ok,0,0.9890109890109889,0.9816849816849818,0.0,0.9813242784380305,0
mi,102,version_29,0,stratified,200,45,50,0.868131868131868,ok,0,0.8754578754578755,0.868131868131868,0.0,0.9881154499151104,0
mi,102,version_29,0,stratified,200,46,50,0.9597069597069597,ok,0,0.967032967032967,0.9597069597069597,0.0,0.9490662139219015,0
mi,102,version_29,0,temporal_array,10,42,2,0.9410918324164197,ungateable,,,0.9410918324164197,0.0,,
mi,102,version_29,0,temporal_array,10,43,2,0.9410918324164197,ungateable,,,0.9410918324164197,0.0,,
mi,102,version_29,0,temporal_array,10,44,2,0.9410918324164197,ungateable,,,0.9410918324164197,0.0,,
mi,102,version_29,0,temporal_array,10,45,2,0.9410918324164197,ungateable,,,0.9410918324164197,0.0,,
mi,102,version_29,0,temporal_array,10,46,2,0.9410918324164197,ungateable,,,0.9410918324164197,0.0,,
mi,102,version_29,0,temporal_array,20,42,5,0.951865671641791,ungateable,,,0.951865671641791,0.0,,
mi,102,version_29,0,temporal_array,20,43,5,0.951865671641791,ungateable,,,0.951865671641791,0.0,,
mi,102,version_29,0,temporal_array,20,44,5,0.951865671641791,ungateable,,,0.951865671641791,0.0,,
mi,102,version_29,0,temporal_array,20,45,5,0.951865671641791,ungateable,,,0.951865671641791,0.0,,
mi,102,version_29,0,temporal_array,20,46,5,0.951865671641791,ungateable,,,0.951865671641791,0.0,,
mi,102,version_29,0,temporal_array,50,42,12,0.945703125,ok,1,0.9471354166666668,0.9471354166666668,0.0014322916666668073,0.9444444444444445,6
mi,102,version_29,0,temporal_array,50,43,12,0.945703125,ok,0,0.9454427083333334,0.945703125,0.0,1.0,0
mi,102,version_29,0,temporal_array,50,44,12,0.945703125,ok,0,0.9460937500000001,0.945703125,0.0,1.0,0
mi,102,version_29,0,temporal_array,50,45,12,0.945703125,ok,0,0.9450520833333333,0.945703125,0.0,0.9722222222222223,0
mi,102,version_29,0,temporal_array,50,46,12,0.945703125,ok,0,0.9453125,0.945703125,0.0,1.0,0
mi,102,version_29,0,temporal_array,100,42,25,0.9564144736842106,ok,0,0.9591557017543859,0.9564144736842106,0.0,0.903846153846154,0
mi,102,version_29,0,temporal_array,100,43,25,0.9564144736842106,ok,1,0.9588815789473684,0.9588815789473684,0.002467105263157743,0.8782051282051282,0
mi,102,version_29,0,temporal_array,100,44,25,0.9564144736842106,ok,0,0.959155701754386,0.9564144736842106,0.0,0.903846153846154,0
mi,102,version_29,0,temporal_array,100,45,25,0.9564144736842106,ok,1,0.9580592105263158,0.9580592105263158,0.0016447368421051989,1.0,0
mi,102,version_29,0,temporal_array,100,46,25,0.9564144736842106,ok,1,0.9618969298245614,0.9618969298245614,0.005482456140350811,0.9487179487179488,4
mi,102,version_29,0,temporal_array,150,42,38,0.9791666666666666,ok,1,0.9837962962962963,0.9837962962962963,0.00462962962962965,0.9277777777777778,2
mi,102,version_29,0,temporal_array,150,43,38,0.9791666666666666,ok,1,0.9837962962962963,0.9837962962962963,0.00462962962962965,0.95,1
mi,102,version_29,0,temporal_array,150,44,38,0.9791666666666666,ok,1,0.9849537037037037,0.9849537037037037,0.0057870370370370905,0.9,4
mi,102,version_29,0,temporal_array,150,45,38,0.9791666666666666,ok,0,0.9849537037037037,0.9791666666666666,0.0,0.925,3
mi,102,version_29,0,temporal_array,150,46,38,0.9791666666666666,ok,1,0.9837962962962963,0.9837962962962963,0.00462962962962965,0.925,8
mi,102,version_29,17,stratified,10,42,2,0.8085608358611391,ungateable,,,0.8085608358611391,0.0,,
mi,102,version_29,17,stratified,10,43,2,0.8110043815301651,ungateable,,,0.8110043815301651,0.0,,
mi,102,version_29,17,stratified,10,44,2,0.8120997640714527,ungateable,,,0.8120997640714527,0.0,,
mi,102,version_29,17,stratified,10,45,2,0.816397034041119,ungateable,,,0.816397034041119,0.0,,
mi,102,version_29,17,stratified,10,46,2,0.8144590495449949,ungateable,,,0.8144590495449949,0.0,,
mi,102,version_29,17,stratified,20,42,5,0.8033998521803399,ungateable,,,0.8033998521803399,0.0,,
mi,102,version_29,17,stratified,20,43,5,0.8063562453806357,ungateable,,,0.8063562453806357,0.0,,
mi,102,version_29,17,stratified,20,44,5,0.8044161123429416,ungateable,,,0.8044161123429416,0.0,,
mi,102,version_29,17,stratified,20,45,5,0.8227087952697709,ungateable,,,0.8227087952697709,0.0,,
mi,102,version_29,17,stratified,20,46,5,0.8094050258684404,ungateable,,,0.8094050258684404,0.0,,
mi,102,version_29,17,stratified,50,42,12,0.7972080269225975,ok,0,0.7993269350616976,0.7972080269225975,0.0,0.8571428571428571,0
mi,102,version_29,17,stratified,50,43,12,0.8000747849931447,ok,0,0.7977065935435622,0.8000747849931447,0.0,0.9142857142857144,0
mi,102,version_29,17,stratified,50,44,12,0.8068054343761685,ok,1,0.784494578087997,0.784494578087997,-0.02231085628817142,0.9714285714285715,10
mi,102,version_29,17,stratified,50,45,12,0.8308612738377166,ok,1,0.8232581328680044,0.8232581328680044,-0.007603140969712152,0.8285714285714285,9
mi,102,version_29,17,stratified,50,46,12,0.7952137604387386,ok,0,0.7972080269225975,0.7952137604387386,0.0,0.9714285714285715,0
mi,102,version_29,17,stratified,100,42,25,0.8212945590994372,ok,1,0.8201219512195121,0.8201219512195121,-0.001172607879925014,0.875,6
mi,102,version_29,17,stratified,100,43,25,0.8151969981238274,ok,1,0.8112101313320825,0.8112101313320825,-0.00398686679174487,0.8472222222222222,2
mi,102,version_29,17,stratified,100,44,25,0.7940900562851783,ok,0,0.7898686679174485,0.7940900562851783,0.0,0.9027777777777778,0
mi,102,version_29,17,stratified,100,45,25,0.8480300187617261,ok,1,0.8438086303939962,0.8438086303939962,-0.004221388367729895,0.68,1
mi,102,version_29,17,stratified,100,46,25,0.7966697936210131,ok,0,0.8048780487804879,0.7966697936210131,0.0,0.8600000000000001,2
mi,102,version_29,17,stratified,150,42,38,0.8317307692307693,ok,0,0.828125,0.8317307692307693,0.0,0.8028985507246377,1
mi,102,version_29,17,stratified,150,43,38,0.8167067307692308,ok,1,0.8118990384615384,0.8118990384615384,-0.004807692307692402,0.7971014492753623,4
mi,102,version_29,17,stratified,150,44,38,0.8359375,ok,1,0.813701923076923,0.813701923076923,-0.022235576923076983,0.8521739130434782,1
mi,102,version_29,17,stratified,150,45,38,0.8233173076923077,ok,1,0.764423076923077,0.764423076923077,-0.058894230769230727,0.7884057971014493,14
mi,102,version_29,17,stratified,150,46,38,0.8106971153846154,ok,1,0.8341346153846154,0.8341346153846154,0.0234375,0.9072463768115941,22
mi,102,version_29,17,stratified,200,42,50,0.9010989010989011,ok,1,0.8717948717948718,0.8717948717948718,-0.02930402930402931,0.8862478777589133,15
mi,102,version_29,17,stratified,200,43,50,0.7802197802197802,ok,0,0.8131868131868132,0.7802197802197802,0.0,0.7453310696095077,0
mi,102,version_29,17,stratified,200,44,50,0.9047619047619048,ok,1,0.8791208791208792,0.8791208791208792,-0.02564102564102555,0.8641765704584041,2
mi,102,version_29,17,stratified,200,45,50,0.7838827838827839,ok,1,0.7582417582417582,0.7582417582417582,-0.02564102564102566,0.8573853989813243,0
mi,102,version_29,17,stratified,200,46,50,0.8644688644688644,ok,0,0.8644688644688645,0.8644688644688644,0.0,0.8081494057724957,0
mi,102,version_29,17,temporal_array,10,42,2,0.8072788827761321,ungateable,,,0.8072788827761321,0.0,,
mi,102,version_29,17,temporal_array,10,43,2,0.8072788827761321,ungateable,,,0.8072788827761321,0.0,,
mi,102,version_29,17,temporal_array,10,44,2,0.8072788827761321,ungateable,,,0.8072788827761321,0.0,,
mi,102,version_29,17,temporal_array,10,45,2,0.8072788827761321,ungateable,,,0.8072788827761321,0.0,,
mi,102,version_29,17,temporal_array,10,46,2,0.8072788827761321,ungateable,,,0.8072788827761321,0.0,,
mi,102,version_29,17,temporal_array,20,42,5,0.8149253731343283,ungateable,,,0.8149253731343283,0.0,,
mi,102,version_29,17,temporal_array,20,43,5,0.8149253731343283,ungateable,,,0.8149253731343283,0.0,,
mi,102,version_29,17,temporal_array,20,44,5,0.8149253731343283,ungateable,,,0.8149253731343283,0.0,,
mi,102,version_29,17,temporal_array,20,45,5,0.8149253731343283,ungateable,,,0.8149253731343283,0.0,,
mi,102,version_29,17,temporal_array,20,46,5,0.8149253731343283,ungateable,,,0.8149253731343283,0.0,,
mi,102,version_29,17,temporal_array,50,42,12,0.8065104166666667,ok,1,0.7977864583333333,0.7977864583333333,-0.008723958333333393,0.9722222222222223,7
mi,102,version_29,17,temporal_array,50,43,12,0.8065104166666667,ok,1,0.802734375,0.802734375,-0.003776041666666674,1.0,1
mi,102,version_29,17,temporal_array,50,44,12,0.8065104166666667,ok,1,0.7891927083333333,0.7891927083333333,-0.017317708333333348,1.0,4
mi,102,version_29,17,temporal_array,50,45,12,0.8065104166666667,ok,1,0.78671875,0.78671875,-0.019791666666666652,0.888888888888889,18
mi,102,version_29,17,temporal_array,50,46,12,0.8065104166666667,ok,0,0.8053385416666666,0.8065104166666667,0.0,0.8611111111111112,0
mi,102,version_29,17,temporal_array,100,42,25,0.8538925438596491,ok,1,0.8544407894736842,0.8544407894736842,0.0005482456140351033,0.717948717948718,0
mi,102,version_29,17,temporal_array,100,43,25,0.8538925438596491,ok,0,0.853344298245614,0.8538925438596491,0.0,0.8397435897435898,0
mi,102,version_29,17,temporal_array,100,44,25,0.8538925438596491,ok,1,0.8516995614035088,0.8516995614035088,-0.002192982456140302,0.7564102564102564,0
mi,102,version_29,17,temporal_array,100,45,25,0.8538925438596491,ok,1,0.8527960526315789,0.8527960526315789,-0.0010964912280702066,0.8525641025641025,6
mi,102,version_29,17,temporal_array,100,46,25,0.8538925438596491,ok,1,0.8338815789473684,0.8338815789473684,-0.020010964912280715,0.8717948717948718,20
mi,102,version_29,17,temporal_array,150,42,38,0.9502314814814815,ok,1,0.7615740740740741,0.7615740740740741,-0.18865740740740744,0.7722222222222223,13
mi,102,version_29,17,temporal_array,150,43,38,0.9502314814814815,ok,1,0.7488425925925926,0.7488425925925926,-0.20138888888888895,0.7194444444444444,20
mi,102,version_29,17,temporal_array,150,44,38,0.9502314814814815,ok,1,0.5949074074074073,0.5949074074074073,-0.3553240740740742,0.7305555555555556,29
mi,102,version_29,17,temporal_array,150,45,38,0.9502314814814815,ok,1,0.6435185185185186,0.6435185185185186,-0.3067129629629629,0.7361111111111112,37
mi,102,version_29,17,temporal_array,150,46,38,0.9502314814814815,ok,1,0.6087962962962963,0.6087962962962963,-0.34143518518518523,0.85,57
mi,102,version_30,0,stratified,10,42,2,0.9105156723963599,ungateable,,,0.9105156723963599,0.0,,
mi,102,version_30,0,stratified,10,43,2,0.9132119986518368,ungateable,,,0.9132119986518368,0.0,,
mi,102,version_30,0,stratified,10,44,2,0.9144759015840918,ungateable,,,0.9144759015840918,0.0,,
mi,102,version_30,0,stratified,10,45,2,0.9173407482305359,ungateable,,,0.9173407482305359,0.0,,
mi,102,version_30,0,stratified,10,46,2,0.9113582743511965,ungateable,,,0.9113582743511965,0.0,,
mi,102,version_30,0,stratified,20,42,5,0.9096452328159645,ungateable,,,0.9096452328159645,0.0,,
mi,102,version_30,0,stratified,20,43,5,0.911770140428677,ungateable,,,0.911770140428677,0.0,,
mi,102,version_30,0,stratified,20,44,5,0.9166666666666666,ungateable,,,0.9166666666666666,0.0,,
mi,102,version_30,0,stratified,20,45,5,0.9165742793791574,ungateable,,,0.9165742793791574,0.0,,
mi,102,version_30,0,stratified,20,46,5,0.912509238728751,ungateable,,,0.912509238728751,0.0,,
mi,102,version_30,0,stratified,50,42,12,0.9025302256013961,ok,1,0.9149943911255141,0.9149943911255141,0.012464165524117998,1.0,4
mi,102,version_30,0,stratified,50,43,12,0.912127633054967,ok,1,0.9263367817524616,0.9263367817524616,0.014209148697494567,0.9714285714285715,4
mi,102,version_30,0,stratified,50,44,12,0.9196061323694378,ok,1,0.9198554156799202,0.9198554156799202,0.0002492833104824621,1.0,0
mi,102,version_30,0,stratified,50,45,12,0.9159915243674436,ok,0,0.9193568490589554,0.9159915243674436,0.0,0.942857142857143,0
mi,102,version_30,0,stratified,50,46,12,0.9100087249158668,ok,0,0.9120029913997257,0.9100087249158668,0.0,1.0,0
mi,102,version_30,0,stratified,100,42,25,0.898921200750469,ok,1,0.9143996247654784,0.9143996247654784,0.015478424015009429,0.9791666666666666,6
mi,102,version_30,0,stratified,100,43,25,0.9031425891181989,ok,1,0.9167448405253283,0.9167448405253283,0.013602251407129451,0.9027777777777778,25
mi,102,version_30,0,stratified,100,44,25,0.9291744840525328,ok,1,0.9333958724202627,0.9333958724202627,0.004221388367729895,0.8333333333333334,9
mi,102,version_30,0,stratified,100,45,25,0.9097091932457786,ok,1,0.9181519699812382,0.9181519699812382,0.008442776735459567,0.9600000000000001,1
mi,102,version_30,0,stratified,100,46,25,0.8979831144465291,ok,1,0.9097091932457786,0.9097091932457786,0.011726078799249473,0.9733333333333334,1
mi,102,version_30,0,stratified,150,42,38,0.8780048076923076,ok,1,0.9266826923076924,0.9266826923076924,0.0486778846153848,0.9072463768115943,10
mi,102,version_30,0,stratified,150,43,38,0.8948317307692308,ok,1,0.9032451923076923,0.9032451923076923,0.008413461538461453,0.9246376811594204,3
mi,102,version_30,0,stratified,150,44,38,0.9375,ok,1,0.9495192307692307,0.9495192307692307,0.012019230769230727,0.9536231884057971,8
mi,102,version_30,0,stratified,150,45,38,0.9044471153846154,ok,1,0.9110576923076923,0.9110576923076923,0.006610576923076872,0.9449275362318841,0
mi,102,version_30,0,stratified,150,46,38,0.919471153846154,ok,1,0.9429086538461537,0.9429086538461537,0.023437499999999778,0.9652173913043478,4
mi,102,version_30,0,stratified,200,42,50,0.8901098901098902,ok,1,0.8974358974358975,0.8974358974358975,0.0073260073260073,0.9898132427843803,1
mi,102,version_30,0,stratified,200,43,50,0.9340659340659341,ok,1,0.9267399267399268,0.9267399267399268,-0.0073260073260073,0.9202037351443124,13
mi,102,version_30,0,stratified,200,44,50,0.9926739926739926,ok,1,0.9963369963369962,0.9963369963369962,0.00366300366300365,0.9779286926994907,2
mi,102,version_30,0,stratified,200,45,50,0.8791208791208791,ok,1,0.8791208791208791,0.8791208791208791,0.0,0.9966044142614602,0
mi,102,version_30,0,stratified,200,46,50,0.9377289377289377,ok,1,0.956043956043956,0.956043956043956,0.01831501831501825,0.9762308998302207,2
mi,102,version_30,0,temporal_array,10,42,2,0.9185780787134998,ungateable,,,0.9185780787134998,0.0,,
mi,102,version_30,0,temporal_array,10,43,2,0.9185780787134998,ungateable,,,0.9185780787134998,0.0,,
mi,102,version_30,0,temporal_array,10,44,2,0.9185780787134998,ungateable,,,0.9185780787134998,0.0,,
mi,102,version_30,0,temporal_array,10,45,2,0.9185780787134998,ungateable,,,0.9185780787134998,0.0,,
mi,102,version_30,0,temporal_array,10,46,2,0.9185780787134998,ungateable,,,0.9185780787134998,0.0,,
mi,102,version_30,0,temporal_array,20,42,5,0.9237873134328359,ungateable,,,0.9237873134328359,0.0,,
mi,102,version_30,0,temporal_array,20,43,5,0.9237873134328359,ungateable,,,0.9237873134328359,0.0,,
mi,102,version_30,0,temporal_array,20,44,5,0.9237873134328359,ungateable,,,0.9237873134328359,0.0,,
mi,102,version_30,0,temporal_array,20,45,5,0.9237873134328359,ungateable,,,0.9237873134328359,0.0,,
mi,102,version_30,0,temporal_array,20,46,5,0.9237873134328359,ungateable,,,0.9237873134328359,0.0,,
mi,102,version_30,0,temporal_array,50,42,12,0.9100260416666667,ok,0,0.9069010416666667,0.9100260416666667,0.0,0.9722222222222223,0
mi,102,version_30,0,temporal_array,50,43,12,0.9100260416666667,ok,1,0.8848958333333334,0.8848958333333334,-0.025130208333333237,1.0,7
mi,102,version_30,0,temporal_array,50,44,12,0.9100260416666667,ok,1,0.888671875,0.888671875,-0.021354166666666674,1.0,10
mi,102,version_30,0,temporal_array,50,45,12,0.9100260416666667,ok,1,0.9076822916666667,0.9076822916666667,-0.002343749999999978,1.0,23
mi,102,version_30,0,temporal_array,50,46,12,0.9100260416666667,ok,0,0.90625,0.9100260416666667,0.0,1.0,0
mi,102,version_30,0,temporal_array,100,42,25,0.9169407894736842,ok,1,0.9325657894736843,0.9325657894736843,0.01562500000000011,0.9358974358974359,3
mi,102,version_30,0,temporal_array,100,43,25,0.9169407894736842,ok,1,0.9353070175438597,0.9353070175438597,0.018366228070175517,0.9487179487179488,14
mi,102,version_30,0,temporal_array,100,44,25,0.9169407894736842,ok,1,0.9300986842105263,0.9300986842105263,0.013157894736842146,0.9102564102564104,4
mi,102,version_30,0,temporal_array,100,45,25,0.9169407894736842,ok,0,0.9188596491228072,0.9169407894736842,0.0,0.9935897435897436,0
mi,102,version_30,0,temporal_array,100,46,25,0.9169407894736842,ok,1,0.9380482456140351,0.9380482456140351,0.021107456140350922,0.9679487179487181,12
mi,102,version_30,0,temporal_array,150,42,38,0.9212962962962963,ok,1,0.951388888888889,0.951388888888889,0.03009259259259267,0.9555555555555555,8
mi,102,version_30,0,temporal_array,150,43,38,0.9212962962962963,ok,1,0.9189814814814815,0.9189814814814815,-0.0023148148148147696,0.9694444444444444,0
mi,102,version_30,0,temporal_array,150,44,38,0.9212962962962963,ok,1,0.9467592592592593,0.9467592592592593,0.02546296296296302,0.9,11
mi,102,version_30,0,temporal_array,150,45,38,0.9212962962962963,ok,1,0.9293981481481481,0.9293981481481481,0.00810185185185186,0.9444444444444444,3
mi,102,version_30,0,temporal_array,150,46,38,0.9212962962962963,ok,1,0.943287037037037,0.943287037037037,0.0219907407407407,0.9222222222222223,16
mi,102,version_30,17,stratified,10,42,2,0.7425851027974384,ungateable,,,0.7425851027974384,0.0,,
mi,102,version_30,17,stratified,10,43,2,0.7362655881361645,ungateable,,,0.7362655881361645,0.0,,
mi,102,version_30,17,stratified,10,44,2,0.7529491068419278,ungateable,,,0.7529491068419278,0.0,,
mi,102,version_30,17,stratified,10,45,2,0.750505561172902,ungateable,,,0.750505561172902,0.0,,
mi,102,version_30,17,stratified,10,46,2,0.7423323222109874,ungateable,,,0.7423323222109874,0.0,,
mi,102,version_30,17,stratified,20,42,5,0.7555432372505544,ungateable,,,0.7555432372505544,0.0,,
mi,102,version_30,17,stratified,20,43,5,0.7278270509977827,ungateable,,,0.7278270509977827,0.0,,
mi,102,version_30,17,stratified,20,44,5,0.7451958610495195,ungateable,,,0.7451958610495195,0.0,,
mi,102,version_30,17,stratified,20,45,5,0.7564671101256467,ungateable,,,0.7564671101256467,0.0,,
mi,102,version_30,17,stratified,20,46,5,0.7348484848484849,ungateable,,,0.7348484848484849,0.0,,
mi,102,version_30,17,stratified,50,42,12,0.7451078150317836,ok,1,0.7970833852673564,0.7970833852673564,0.051975570235572865,0.9142857142857143,10
mi,102,version_30,17,stratified,50,43,12,0.7289043998504301,ok,1,0.7747725289791848,0.7747725289791848,0.04586812912875471,0.8857142857142857,7
mi,102,version_30,17,stratified,50,44,12,0.751589181104325,ok,1,0.800324068303627,0.800324068303627,0.04873488719930197,0.9142857142857144,9
mi,102,version_30,17,stratified,50,45,12,0.772778262495326,ok,0,0.7825003116041381,0.772778262495326,0.0,0.8571428571428572,0
mi,102,version_30,17,stratified,50,46,12,0.7397482238564128,ok,1,0.7484731397232955,0.7484731397232955,0.008724915866882732,1.0,2
mi,102,version_30,17,stratified,100,42,25,0.7783771106941839,ok,1,0.8449812382739212,0.8449812382739212,0.06660412757973733,0.9027777777777778,10
mi,102,version_30,17,stratified,100,43,25,0.721857410881801,ok,1,0.8210600375234521,0.8210600375234521,0.09920262664165114,0.8263888888888888,14
mi,102,version_30,17,stratified,100,44,25,0.7495309568480301,ok,1,0.8137898686679175,0.8137898686679175,0.06425891181988741,0.9097222222222222,9
mi,102,version_30,17,stratified,100,45,25,0.7760318949343341,ok,1,0.7891651031894934,0.7891651031894934,0.01313320825515929,0.8400000000000001,0
mi,102,version_30,17,stratified,100,46,25,0.7305347091932458,ok,1,0.8212945590994372,0.8212945590994372,0.09075984990619135,0.9066666666666667,15
mi,102,version_30,17,stratified,150,42,38,0.7578125,ok,1,0.8209134615384616,0.8209134615384616,0.06310096153846156,0.8927536231884057,11
mi,102,version_30,17,stratified,150,43,38,0.7445913461538461,ok,1,0.8209134615384616,0.8209134615384616,0.07632211538461542,0.8753623188405797,7
mi,102,version_30,17,stratified,150,44,38,0.748798076923077,ok,1,0.7842548076923077,0.7842548076923077,0.035456730769230727,0.9130434782608696,51
mi,102,version_30,17,stratified,150,45,38,0.7698317307692307,ok,1,0.8431490384615385,0.8431490384615385,0.07331730769230782,0.8144927536231884,10
mi,102,version_30,17,stratified,150,46,38,0.7085336538461539,ok,1,0.8371394230769231,0.8371394230769231,0.12860576923076927,0.9014492753623189,35
mi,102,version_30,17,stratified,200,42,50,0.7802197802197802,ok,1,0.8827838827838828,0.8827838827838828,0.10256410256410253,0.8590831918505942,26
mi,102,version_30,17,stratified,200,43,50,0.6373626373626373,ok,1,0.8241758241758242,0.8241758241758242,0.18681318681318693,0.7826825127334466,27
mi,102,version_30,17,stratified,200,44,50,0.728937728937729,ok,1,0.8717948717948718,0.8717948717948718,0.1428571428571428,0.8794567062818335,9
mi,102,version_30,17,stratified,200,45,50,0.783882783882784,ok,1,0.8534798534798536,0.8534798534798536,0.06959706959706957,0.8471986417657045,8
mi,102,version_30,17,stratified,200,46,50,0.7875457875457875,ok,1,0.901098901098901,0.901098901098901,0.11355311355311348,0.8353140916808148,10
mi,102,version_30,17,temporal_array,10,42,2,0.7432924248836226,ungateable,,,0.7432924248836226,0.0,,
mi,102,version_30,17,temporal_array,10,43,2,0.7432924248836226,ungateable,,,0.7432924248836226,0.0,,
mi,102,version_30,17,temporal_array,10,44,2,0.7432924248836226,ungateable,,,0.7432924248836226,0.0,,
mi,102,version_30,17,temporal_array,10,45,2,0.7432924248836226,ungateable,,,0.7432924248836226,0.0,,
mi,102,version_30,17,temporal_array,10,46,2,0.7432924248836226,ungateable,,,0.7432924248836226,0.0,,
mi,102,version_30,17,temporal_array,20,42,5,0.7441231343283583,ungateable,,,0.7441231343283583,0.0,,
mi,102,version_30,17,temporal_array,20,43,5,0.7441231343283583,ungateable,,,0.7441231343283583,0.0,,
mi,102,version_30,17,temporal_array,20,44,5,0.7441231343283583,ungateable,,,0.7441231343283583,0.0,,
mi,102,version_30,17,temporal_array,20,45,5,0.7441231343283583,ungateable,,,0.7441231343283583,0.0,,
mi,102,version_30,17,temporal_array,20,46,5,0.7441231343283583,ungateable,,,0.7441231343283583,0.0,,
mi,102,version_30,17,temporal_array,50,42,12,0.7205729166666667,ok,1,0.7216145833333334,0.7216145833333334,0.0010416666666667185,0.7777777777777779,1
mi,102,version_30,17,temporal_array,50,43,12,0.7205729166666667,ok,0,0.7240885416666667,0.7205729166666667,0.0,1.0,0
mi,102,version_30,17,temporal_array,50,44,12,0.7205729166666667,ok,1,0.7233072916666666,0.7233072916666666,0.0027343749999999556,0.9722222222222223,2
mi,102,version_30,17,temporal_array,50,45,12,0.7205729166666667,ok,1,0.7217447916666666,0.7217447916666666,0.0011718749999999334,0.9722222222222223,3
mi,102,version_30,17,temporal_array,50,46,12,0.7205729166666667,ok,0,0.7244791666666667,0.7205729166666667,0.0,0.8333333333333334,0
mi,102,version_30,17,temporal_array,100,42,25,0.7382127192982456,ok,1,0.8108552631578948,0.8108552631578948,0.07264254385964919,0.7307692307692308,10
mi,102,version_30,17,temporal_array,100,43,25,0.7382127192982456,ok,0,0.7447916666666666,0.7382127192982456,0.0,0.8717948717948718,0
mi,102,version_30,17,temporal_array,100,44,25,0.7382127192982456,ok,1,0.7571271929824561,0.7571271929824561,0.01891447368421051,0.8012820512820513,2
mi,102,version_30,17,temporal_array,100,45,25,0.7382127192982456,ok,0,0.7439692982456141,0.7382127192982456,0.0,0.9358974358974359,0
mi,102,version_30,17,temporal_array,100,46,25,0.7382127192982456,ok,1,0.8199013157894737,0.8199013157894737,0.08168859649122806,0.9423076923076923,18
mi,102,version_30,17,temporal_array,150,42,38,0.8217592592592592,ok,1,0.8402777777777778,0.8402777777777778,0.0185185185185186,0.7611111111111111,16
mi,102,version_30,17,temporal_array,150,43,38,0.8217592592592592,ok,1,0.8090277777777777,0.8090277777777777,-0.01273148148148151,0.7388888888888889,0
mi,102,version_30,17,temporal_array,150,44,38,0.8217592592592592,ok,1,0.8530092592592593,0.8530092592592593,0.03125000000000011,0.7416666666666667,16
mi,102,version_30,17,temporal_array,150,45,38,0.8217592592592592,ok,1,0.8449074074074074,0.8449074074074074,0.02314814814814825,0.75,15
mi,102,version_30,17,temporal_array,150,46,38,0.8217592592592592,ok,1,0.8564814814814815,0.8564814814814815,0.03472222222222232,0.7777777777777778,56
mi,102,version_41,0,stratified,10,42,2,0.9310751600943714,ungateable,,,0.9310751600943714,0.0,,
mi,102,version_41,0,stratified,10,43,2,0.9288001348163126,ungateable,,,0.9288001348163126,0.0,,
mi,102,version_41,0,stratified,10,44,2,0.9301482979440512,ungateable,,,0.9301482979440512,0.0,,
mi,102,version_41,0,stratified,10,45,2,0.934361307718234,ungateable,,,0.934361307718234,0.0,,
mi,102,version_41,0,stratified,10,46,2,0.9286316144253455,ungateable,,,0.9286316144253455,0.0,,
mi,102,version_41,0,stratified,20,42,5,0.9303399852180341,ungateable,,,0.9303399852180341,0.0,,
mi,102,version_41,0,stratified,20,43,5,0.9263673318551366,ungateable,,,0.9263673318551366,0.0,,
mi,102,version_41,0,stratified,20,44,5,0.9332963784183297,ungateable,,,0.9332963784183297,0.0,,
mi,102,version_41,0,stratified,20,45,5,0.9334811529933481,ungateable,,,0.9334811529933481,0.0,,
mi,102,version_41,0,stratified,20,46,5,0.9295084996304509,ungateable,,,0.9295084996304509,0.0,,
mi,102,version_41,0,stratified,50,42,12,0.9249657235448087,ok,0,0.9272092733391499,0.9249657235448087,0.0,1.0,0
mi,102,version_41,0,stratified,50,43,12,0.9263367817524617,ok,0,0.928704973202044,0.9263367817524617,0.0,1.0,0
mi,102,version_41,0,stratified,50,44,12,0.9378038140346505,ok,0,0.9399227221737505,0.9378038140346505,0.0,1.0,0
mi,102,version_41,0,stratified,50,45,12,0.9388009472765797,ok,0,0.9409198554156799,0.9388009472765797,0.0,0.9142857142857144,0
mi,102,version_41,0,stratified,50,46,12,0.9284556898915618,ok,1,0.9309485229963854,0.9309485229963854,0.002492833104823622,0.9714285714285715,0
mi,102,version_41,0,stratified,100,42,25,0.9209662288930581,ok,1,0.9298780487804877,0.9298780487804877,0.008911819887429617,0.9722222222222222,1
mi,102,version_41,0,stratified,100,43,25,0.9186210131332082,ok,0,0.9226078799249531,0.9186210131332082,0.0,0.8958333333333333,0
mi,102,version_41,0,stratified,100,44,25,0.9455909943714822,ok,1,0.9272983114446529,0.9272983114446529,-0.018292682926829285,0.9027777777777778,13
mi,102,version_41,0,stratified,100,45,25,0.9366791744840525,ok,0,0.9380863039399624,0.9366791744840525,0.0,0.92,0
mi,102,version_41,0,stratified,100,46,25,0.9228424015009381,ok,1,0.9333958724202627,0.9333958724202627,0.01055347091932457,0.9666666666666667,9
mi,102,version_41,0,stratified,150,42,38,0.908653846153846,ok,1,0.9242788461538461,0.9242788461538461,0.01562500000000011,0.9043478260869566,1
mi,102,version_41,0,stratified,150,43,38,0.9188701923076923,ok,1,0.9128605769230769,0.9128605769230769,-0.006009615384615419,0.9101449275362319,3
mi,102,version_41,0,stratified,150,44,38,0.950721153846154,ok,1,0.9561298076923077,0.9561298076923077,0.005408653846153744,0.9536231884057971,11
mi,102,version_41,0,stratified,150,45,38,0.9356971153846154,ok,0,0.9344951923076923,0.9356971153846154,0.0,0.9420289855072463,0
mi,102,version_41,0,stratified,150,46,38,0.9543269230769231,ok,1,0.9627403846153846,0.9627403846153846,0.008413461538461453,0.9565217391304348,13
mi,102,version_41,0,stratified,200,42,50,0.9304029304029304,ok,1,0.9706959706959707,0.9706959706959707,0.04029304029304026,0.9796264855687606,20
mi,102,version_41,0,stratified,200,43,50,0.945054945054945,ok,1,0.9597069597069597,0.9597069597069597,0.014652014652014711,0.9490662139219015,1
mi,102,version_41,0,stratified,200,44,50,0.967032967032967,ok,1,0.9780219780219781,0.9780219780219781,0.010989010989011061,0.9779286926994907,0
mi,102,version_41,0,stratified,200,45,50,0.9120879120879121,ok,1,0.8974358974358975,0.8974358974358975,-0.0146520146520146,0.9915110356536503,0
mi,102,version_41,0,stratified,200,46,50,0.9523809523809523,ok,0,0.9670329670329669,0.9523809523809523,0.0,0.9626485568760611,0
mi,102,version_41,0,temporal_array,10,42,2,0.9369445619974609,ungateable,,,0.9369445619974609,0.0,,
mi,102,version_41,0,temporal_array,10,43,2,0.9369445619974609,ungateable,,,0.9369445619974609,0.0,,
mi,102,version_41,0,temporal_array,10,44,2,0.9369445619974609,ungateable,,,0.9369445619974609,0.0,,
mi,102,version_41,0,temporal_array,10,45,2,0.9369445619974609,ungateable,,,0.9369445619974609,0.0,,
mi,102,version_41,0,temporal_array,10,46,2,0.9369445619974609,ungateable,,,0.9369445619974609,0.0,,
mi,102,version_41,0,temporal_array,20,42,5,0.9459888059701493,ungateable,,,0.9459888059701493,0.0,,
mi,102,version_41,0,temporal_array,20,43,5,0.9459888059701493,ungateable,,,0.9459888059701493,0.0,,
mi,102,version_41,0,temporal_array,20,44,5,0.9459888059701493,ungateable,,,0.9459888059701493,0.0,,
mi,102,version_41,0,temporal_array,20,45,5,0.9459888059701493,ungateable,,,0.9459888059701493,0.0,,
mi,102,version_41,0,temporal_array,20,46,5,0.9459888059701493,ungateable,,,0.9459888059701493,0.0,,
mi,102,version_41,0,temporal_array,50,42,12,0.9365885416666666,ok,1,0.9462239583333334,0.9462239583333334,0.009635416666666785,0.9166666666666667,11
mi,102,version_41,0,temporal_array,50,43,12,0.9365885416666666,ok,0,0.93828125,0.9365885416666666,0.0,0.9722222222222223,0
mi,102,version_41,0,temporal_array,50,44,12,0.9365885416666666,ok,0,0.9384114583333334,0.9365885416666666,0.0,0.9722222222222223,0
mi,102,version_41,0,temporal_array,50,45,12,0.9365885416666666,ok,1,0.9398437500000001,0.9398437500000001,0.0032552083333334814,0.9722222222222223,9
mi,102,version_41,0,temporal_array,50,46,12,0.9365885416666666,ok,0,0.9385416666666667,0.9365885416666666,0.0,1.0,0
mi,102,version_41,0,temporal_array,100,42,25,0.9487390350877193,ok,1,0.9632675438596491,0.9632675438596491,0.014528508771929793,0.9230769230769231,4
mi,102,version_41,0,temporal_array,100,43,25,0.9487390350877193,ok,1,0.953125,0.953125,0.004385964912280715,0.9038461538461539,0
mi,102,version_41,0,temporal_array,100,44,25,0.9487390350877193,ok,1,0.9618969298245614,0.9618969298245614,0.013157894736842146,0.9294871794871795,3
mi,102,version_41,0,temporal_array,100,45,25,0.9487390350877193,ok,0,0.9528508771929824,0.9487390350877193,0.0,1.0,0
mi,102,version_41,0,temporal_array,100,46,25,0.9487390350877193,ok,0,0.9536732456140351,0.9487390350877193,0.0,0.9358974358974359,0
mi,102,version_41,0,temporal_array,150,42,38,0.9641203703703703,ok,1,0.9861111111111112,0.9861111111111112,0.02199074074074081,0.9583333333333334,14
mi,102,version_41,0,temporal_array,150,43,38,0.9641203703703703,ok,1,0.9791666666666667,0.9791666666666667,0.015046296296296391,0.9194444444444445,1
mi,102,version_41,0,temporal_array,150,44,38,0.9641203703703703,ok,1,0.9884259259259259,0.9884259259259259,0.02430555555555558,0.9111111111111111,6
mi,102,version_41,0,temporal_array,150,45,38,0.9641203703703703,ok,1,0.982638888888889,0.982638888888889,0.0185185185185186,0.925,17
mi,102,version_41,0,temporal_array,150,46,38,0.9641203703703703,ok,1,0.9675925925925926,0.9675925925925926,0.00347222222222221,0.9416666666666667,27
mi,102,version_41,17,stratified,10,42,2,0.7151162790697675,ungateable,,,0.7151162790697675,0.0,,
mi,102,version_41,17,stratified,10,43,2,0.7183181664981462,ungateable,,,0.7183181664981462,0.0,,
mi,102,version_41,17,stratified,10,44,2,0.7210144927536231,ungateable,,,0.7210144927536231,0.0,,
mi,102,version_41,17,stratified,10,45,2,0.7208459723626559,ungateable,,,0.7208459723626559,0.0,,
mi,102,version_41,17,stratified,10,46,2,0.722278395685878,ungateable,,,0.722278395685878,0.0,,
mi,102,version_41,17,stratified,20,42,5,0.7175720620842573,ungateable,,,0.7175720620842573,0.0,,
mi,102,version_41,17,stratified,20,43,5,0.7113821138211381,ungateable,,,0.7113821138211381,0.0,,
mi,102,version_41,17,stratified,20,44,5,0.7129526977087953,ungateable,,,0.7129526977087953,0.0,,
mi,102,version_41,17,stratified,20,45,5,0.7292128603104213,ungateable,,,0.7292128603104213,0.0,,
mi,102,version_41,17,stratified,20,46,5,0.7141537324464153,ungateable,,,0.7141537324464153,0.0,,
mi,102,version_41,17,stratified,50,42,12,0.7026050105945407,ok,1,0.7431135485479248,0.7431135485479248,0.04050853795338405,0.7999999999999999,4
mi,102,version_41,17,stratified,50,43,12,0.7032282188707466,ok,0,0.7104574348747352,0.7032282188707466,0.0,0.7428571428571429,0
mi,102,version_41,17,stratified,50,44,12,0.7049732020441232,ok,1,0.7350118409572479,0.7350118409572479,0.03003863891312475,0.9714285714285715,10
mi,102,version_41,17,stratified,50,45,12,0.7291536831609123,ok,1,0.7611865885578961,0.7611865885578961,0.03203290539698378,0.7999999999999999,2
mi,102,version_41,17,stratified,50,46,12,0.7083385267356351,ok,1,0.7568241306244546,0.7568241306244546,0.048485603888819506,0.9714285714285715,20
mi,102,version_41,17,stratified,100,42,25,0.7155253283302064,ok,1,0.823405253283302,0.823405253283302,0.10787992495309562,0.875,16
mi,102,version_41,17,stratified,100,43,25,0.6899624765478424,ok,1,0.7985459662288931,0.7985459662288931,0.1085834896810507,0.8263888888888888,39
mi,102,version_41,17,stratified,100,44,25,0.7131801125703565,ok,1,0.725375234521576,0.725375234521576,0.012195121951219523,0.8611111111111112,2
mi,102,version_41,17,stratified,100,45,25,0.7399155722326455,ok,1,0.772279549718574,0.772279549718574,0.03236397748592856,0.6533333333333333,1
mi,102,version_41,17,stratified,100,46,25,0.7113039399624765,ok,1,0.8140243902439024,0.8140243902439024,0.10272045028142585,0.8533333333333334,18
mi,102,version_41,17,stratified,150,42,38,0.6820913461538461,ok,1,0.7926682692307692,0.7926682692307692,0.11057692307692302,0.7797101449275363,12
mi,102,version_41,17,stratified,150,43,38,0.7590144230769231,ok,1,0.8311298076923077,0.8311298076923077,0.07211538461538458,0.7797101449275362,12
mi,102,version_41,17,stratified,150,44,38,0.7457932692307693,ok,1,0.7782451923076923,0.7782451923076923,0.03245192307692302,0.8666666666666667,20
mi,102,version_41,17,stratified,150,45,38,0.705528846153846,ok,1,0.7626201923076923,0.7626201923076923,0.057091346153846256,0.7768115942028986,40
mi,102,version_41,17,stratified,150,46,38,0.6790865384615384,ok,1,0.8167067307692307,0.8167067307692307,0.1376201923076923,0.9159420289855071,15
mi,102,version_41,17,stratified,200,42,50,0.8205128205128205,ok,1,0.9010989010989012,0.9010989010989012,0.08058608058608074,0.8692699490662139,25
mi,102,version_41,17,stratified,200,43,50,0.673992673992674,ok,1,0.8717948717948718,0.8717948717948718,0.19780219780219777,0.7538200339558574,17
mi,102,version_41,17,stratified,200,44,50,0.8351648351648352,ok,1,0.8571428571428572,0.8571428571428572,0.02197802197802201,0.8896434634974533,9
mi,102,version_41,17,stratified,200,45,50,0.6483516483516484,ok,1,0.7655677655677656,0.7655677655677656,0.11721611721611724,0.8098471986417657,9
mi,102,version_41,17,stratified,200,46,50,0.7545787545787546,ok,1,0.8534798534798536,0.8534798534798536,0.098901098901099,0.8064516129032258,30
mi,102,version_41,17,temporal_array,10,42,2,0.7084214980956411,ungateable,,,0.7084214980956411,0.0,,
mi,102,version_41,17,temporal_array,10,43,2,0.7084214980956411,ungateable,,,0.7084214980956411,0.0,,
mi,102,version_41,17,temporal_array,10,44,2,0.7084214980956411,ungateable,,,0.7084214980956411,0.0,,
mi,102,version_41,17,temporal_array,10,45,2,0.7084214980956411,ungateable,,,0.7084214980956411,0.0,,
mi,102,version_41,17,temporal_array,10,46,2,0.7084214980956411,ungateable,,,0.7084214980956411,0.0,,
mi,102,version_41,17,temporal_array,20,42,5,0.7089552238805971,ungateable,,,0.7089552238805971,0.0,,
mi,102,version_41,17,temporal_array,20,43,5,0.7089552238805971,ungateable,,,0.7089552238805971,0.0,,
mi,102,version_41,17,temporal_array,20,44,5,0.7089552238805971,ungateable,,,0.7089552238805971,0.0,,
mi,102,version_41,17,temporal_array,20,45,5,0.7089552238805971,ungateable,,,0.7089552238805971,0.0,,
mi,102,version_41,17,temporal_array,20,46,5,0.7089552238805971,ungateable,,,0.7089552238805971,0.0,,
mi,102,version_41,17,temporal_array,50,42,12,0.6923177083333333,ok,1,0.7259114583333333,0.7259114583333333,0.03359374999999998,0.6944444444444444,16
mi,102,version_41,17,temporal_array,50,43,12,0.6923177083333333,ok,1,0.7098958333333333,0.7098958333333333,0.017578125,0.888888888888889,8
mi,102,version_41,17,temporal_array,50,44,12,0.6923177083333333,ok,1,0.6759114583333333,0.6759114583333333,-0.016406249999999956,0.9722222222222223,30
mi,102,version_41,17,temporal_array,50,45,12,0.6923177083333333,ok,1,0.715234375,0.715234375,0.022916666666666696,0.9444444444444445,31
mi,102,version_41,17,temporal_array,50,46,12,0.6923177083333333,ok,1,0.6955729166666667,0.6955729166666667,0.0032552083333333703,0.7777777777777779,0
mi,102,version_41,17,temporal_array,100,42,25,0.7431469298245614,ok,1,0.8401864035087718,0.8401864035087718,0.0970394736842104,0.6923076923076923,20
mi,102,version_41,17,temporal_array,100,43,25,0.7431469298245614,ok,1,0.8585526315789475,0.8585526315789475,0.11540570175438603,0.8653846153846153,20
mi,102,version_41,17,temporal_array,100,44,25,0.7431469298245614,ok,1,0.7787828947368421,0.7787828947368421,0.035635964912280715,0.5705128205128205,2
mi,102,version_41,17,temporal_array,100,45,25,0.7431469298245614,ok,1,0.8549890350877193,0.8549890350877193,0.11184210526315785,0.7628205128205128,24
mi,102,version_41,17,temporal_array,100,46,25,0.7431469298245614,ok,1,0.827576754385965,0.827576754385965,0.08442982456140358,0.8717948717948718,8
mi,102,version_41,17,temporal_array,150,42,38,0.8981481481481481,ok,1,0.8587962962962964,0.8587962962962964,-0.03935185185185175,0.8777777777777778,17
mi,102,version_41,17,temporal_array,150,43,38,0.8981481481481481,ok,1,0.9444444444444444,0.9444444444444444,0.04629629629629628,0.711111111111111,24
mi,102,version_41,17,temporal_array,150,44,38,0.8981481481481481,ok,1,0.8715277777777778,0.8715277777777778,-0.02662037037037035,0.8444444444444444,16
mi,102,version_41,17,temporal_array,150,45,38,0.8981481481481481,ok,1,0.8738425925925926,0.8738425925925926,-0.02430555555555558,0.7805555555555556,54
mi,102,version_41,17,temporal_array,150,46,38,0.8981481481481481,ok,1,0.8159722222222222,0.8159722222222222,-0.08217592592592593,0.6583333333333333,37
mi,103,version_27,0,stratified,10,42,2,0.8280249410178632,ungateable,,,0.8280249410178632,0.0,,
mi,103,version_27,0,stratified,10,43,2,0.8295416245365689,ungateable,,,0.8295416245365689,0.0,,
mi,103,version_27,0,stratified,10,44,2,0.8349342770475228,ungateable,,,0.8349342770475228,0.0,,
mi,103,version_27,0,stratified,10,45,2,0.8381361644759016,ungateable,,,0.8381361644759016,0.0,,
mi,103,version_27,0,stratified,10,46,2,0.8396528479946073,ungateable,,,0.8396528479946073,0.0,,
mi,103,version_27,0,stratified,20,42,5,0.8312084257206208,ungateable,,,0.8312084257206208,0.0,,
mi,103,version_27,0,stratified,20,43,5,0.827790096082779,ungateable,,,0.827790096082779,0.0,,
mi,103,version_27,0,stratified,20,44,5,0.8333333333333333,ungateable,,,0.8333333333333333,0.0,,
mi,103,version_27,0,stratified,20,45,5,0.8302845528455284,ungateable,,,0.8302845528455284,0.0,,
mi,103,version_27,0,stratified,20,46,5,0.8325942350332595,ungateable,,,0.8325942350332595,0.0,,
mi,103,version_27,0,stratified,50,42,12,0.8278698741119283,ok,1,0.8395861897045993,0.8395861897045993,0.011716315592671056,0.9142857142857144,12
mi,103,version_27,0,stratified,50,43,12,0.8341019568739872,ok,0,0.8374672815654992,0.8341019568739872,0.0,0.7999999999999999,10
mi,103,version_27,0,stratified,50,44,12,0.8343512401844696,ok,0,0.8352237317711579,0.8343512401844696,0.0,1.0,0
mi,103,version_27,0,stratified,50,45,12,0.8584070796460177,ok,1,0.8673812788233827,0.8673812788233827,0.008974199177364972,0.7428571428571429,10
mi,103,version_27,0,stratified,50,46,12,0.8196435248660102,ok,1,0.8227595662470398,0.8227595662470398,0.0031160413810296106,0.9714285714285715,1
mi,103,version_27,0,stratified,100,42,25,0.8405253283302063,ok,0,0.8477954971857411,0.8405253283302063,0.0,0.9097222222222222,0
mi,103,version_27,0,stratified,100,43,25,0.8353658536585366,ok,1,0.8433395872420263,0.8433395872420263,0.00797373358348974,0.9583333333333333,11
mi,103,version_27,0,stratified,100,44,25,0.801360225140713,ok,1,0.8030018761726079,0.8030018761726079,0.0016416510318948419,0.9097222222222222,1
mi,103,version_27,0,stratified,100,45,25,0.8363039399624765,ok,1,0.8431050656660413,0.8431050656660413,0.0068011257035647255,0.8733333333333334,0
mi,103,version_27,0,stratified,100,46,25,0.8646810506566605,ok,0,0.8728893058161351,0.8646810506566605,0.0,0.7866666666666667,1
mi,103,version_27,0,stratified,150,42,38,0.8173076923076923,ok,1,0.8407451923076923,0.8407451923076923,0.0234375,0.9072463768115941,19
mi,103,version_27,0,stratified,150,43,38,0.8701923076923077,ok,0,0.8768028846153846,0.8701923076923077,0.0,0.8086956521739131,0
mi,103,version_27,0,stratified,150,44,38,0.8125,ok,1,0.8167067307692308,0.8167067307692308,0.0042067307692308376,0.8666666666666667,1
mi,103,version_27,0,stratified,150,45,38,0.8155048076923077,ok,0,0.8203125,0.8155048076923077,0.0,0.8811594202898552,0
mi,103,version_27,0,stratified,150,46,38,0.8497596153846154,ok,1,0.8707932692307692,0.8707932692307692,0.021033653846153744,0.7884057971014493,16
mi,103,version_27,0,stratified,200,42,50,0.8461538461538463,ok,1,0.8424908424908425,0.8424908424908425,-0.003663003663003761,0.8692699490662139,1
mi,103,version_27,0,stratified,200,43,50,0.8608058608058609,ok,1,0.8498168498168498,0.8498168498168498,-0.010989010989011061,0.8726655348047538,19
mi,103,version_27,0,stratified,200,44,50,0.8754578754578755,ok,1,0.8901098901098902,0.8901098901098902,0.014652014652014711,0.9320882852292021,13
mi,103,version_27,0,stratified,200,45,50,0.8608058608058609,ok,0,0.8571428571428572,0.8608058608058609,0.0,0.7707979626485568,13
mi,103,version_27,0,stratified,200,46,50,0.7802197802197802,ok,1,0.8021978021978022,0.8021978021978022,0.02197802197802201,0.8777589134125636,2
mi,103,version_27,0,temporal_array,10,42,2,0.8369868810833685,ungateable,,,0.8369868810833685,0.0,,
mi,103,version_27,0,temporal_array,10,43,2,0.8369868810833685,ungateable,,,0.8369868810833685,0.0,,
mi,103,version_27,0,temporal_array,10,44,2,0.8369868810833685,ungateable,,,0.8369868810833685,0.0,,
mi,103,version_27,0,temporal_array,10,45,2,0.8369868810833685,ungateable,,,0.8369868810833685,0.0,,
mi,103,version_27,0,temporal_array,10,46,2,0.8369868810833685,ungateable,,,0.8369868810833685,0.0,,
mi,103,version_27,0,temporal_array,20,42,5,0.8277985074626865,ungateable,,,0.8277985074626865,0.0,,
mi,103,version_27,0,temporal_array,20,43,5,0.8277985074626865,ungateable,,,0.8277985074626865,0.0,,
mi,103,version_27,0,temporal_array,20,44,5,0.8277985074626865,ungateable,,,0.8277985074626865,0.0,,
mi,103,version_27,0,temporal_array,20,45,5,0.8277985074626865,ungateable,,,0.8277985074626865,0.0,,
mi,103,version_27,0,temporal_array,20,46,5,0.8277985074626865,ungateable,,,0.8277985074626865,0.0,,
mi,103,version_27,0,temporal_array,50,42,12,0.8165364583333333,ok,1,0.8170572916666667,0.8170572916666667,0.0005208333333334147,0.888888888888889,3
mi,103,version_27,0,temporal_array,50,43,12,0.8165364583333333,ok,1,0.817578125,0.817578125,0.0010416666666667185,1.0,0
mi,103,version_27,0,temporal_array,50,44,12,0.8165364583333333,ok,0,0.8178385416666667,0.8165364583333333,0.0,0.9166666666666667,0
mi,103,version_27,0,temporal_array,50,45,12,0.8165364583333333,ok,1,0.8022135416666667,0.8022135416666667,-0.01432291666666663,0.8611111111111112,17
mi,103,version_27,0,temporal_array,50,46,12,0.8165364583333333,ok,1,0.8214843749999999,0.8214843749999999,0.0049479166666666075,0.9444444444444445,5
mi,103,version_27,0,temporal_array,100,42,25,0.8368969298245613,ok,0,0.8390899122807018,0.8368969298245613,0.0,0.7692307692307693,0
mi,103,version_27,0,temporal_array,100,43,25,0.8368969298245613,ok,1,0.837719298245614,0.837719298245614,0.000822368421052655,0.9935897435897436,7
mi,103,version_27,0,temporal_array,100,44,25,0.8368969298245613,ok,1,0.8399122807017544,0.8399122807017544,0.003015350877193068,0.8525641025641026,0
mi,103,version_27,0,temporal_array,100,45,25,0.8368969298245613,ok,1,0.8264802631578947,0.8264802631578947,-0.01041666666666663,0.8717948717948718,17
mi,103,version_27,0,temporal_array,100,46,25,0.8368969298245613,ok,1,0.8421052631578948,0.8421052631578948,0.005208333333333481,0.9423076923076923,2
mi,103,version_27,0,temporal_array,150,42,38,0.9259259259259259,ok,1,0.8761574074074074,0.8761574074074074,-0.04976851851851849,0.8388888888888888,2
mi,103,version_27,0,temporal_array,150,43,38,0.9259259259259259,ok,1,0.9016203703703703,0.9016203703703703,-0.02430555555555558,0.925,0
mi,103,version_27,0,temporal_array,150,44,38,0.9259259259259259,ok,1,0.8171296296296297,0.8171296296296297,-0.10879629629629628,0.9111111111111112,55
mi,103,version_27,0,temporal_array,150,45,38,0.9259259259259259,ok,1,0.8645833333333333,0.8645833333333333,-0.06134259259259267,0.9305555555555556,7
mi,103,version_27,0,temporal_array,150,46,38,0.9259259259259259,ok,1,0.8622685185185185,0.8622685185185185,-0.06365740740740744,0.9833333333333333,6
mi,103,version_27,17,stratified,10,42,2,0.6296764408493427,ungateable,,,0.6296764408493427,0.0,,
mi,103,version_27,17,stratified,10,43,2,0.645685877991237,ungateable,,,0.645685877991237,0.0,,
mi,103,version_27,17,stratified,10,44,2,0.6644759015840916,ungateable,,,0.6644759015840916,0.0,,
mi,103,version_27,17,stratified,10,45,2,0.6472025615099427,ungateable,,,0.6472025615099427,0.0,,
mi,103,version_27,17,stratified,10,46,2,0.6564711830131447,ungateable,,,0.6564711830131447,0.0,,
mi,103,version_27,17,stratified,20,42,5,0.6312823355506282,ungateable,,,0.6312823355506282,0.0,,
mi,103,version_27,17,stratified,20,43,5,0.6335920177383592,ungateable,,,0.6335920177383592,0.0,,
mi,103,version_27,17,stratified,20,44,5,0.6733185513673319,ungateable,,,0.6733185513673319,0.0,,
mi,103,version_27,17,stratified,20,45,5,0.6440317812269032,ungateable,,,0.6440317812269032,0.0,,
mi,103,version_27,17,stratified,20,46,5,0.6601071692535108,ungateable,,,0.6601071692535108,0.0,,
mi,103,version_27,17,stratified,50,42,12,0.6222111429639786,ok,0,0.6235822011716315,0.6222111429639786,0.0,0.8,0
mi,103,version_27,17,stratified,50,43,12,0.620466159790602,ok,0,0.6180979683410196,0.620466159790602,0.0,0.8285714285714286,0
mi,103,version_27,17,stratified,50,44,12,0.6577340147077153,ok,0,0.6522497818771033,0.6577340147077153,0.0,0.7428571428571429,0
mi,103,version_27,17,stratified,50,45,12,0.6493830238065562,ok,1,0.6690764053346628,0.6690764053346628,0.019693381528106624,0.48571428571428577,26
mi,103,version_27,17,stratified,50,46,12,0.6612239810544684,ok,0,0.6531222734637917,0.6612239810544684,0.0,0.5428571428571429,0
mi,103,version_27,17,stratified,100,42,25,0.6142120075046904,ok,0,0.6135084427767354,0.6142120075046904,0.0,0.8402777777777778,0
mi,103,version_27,17,stratified,100,43,25,0.6181988742964352,ok,1,0.6036585365853658,0.6036585365853658,-0.014540337711069329,0.7152777777777777,22
mi,103,version_27,17,stratified,100,44,25,0.6186679174484053,ok,1,0.5935741088180113,0.5935741088180113,-0.02509380863039401,0.8055555555555556,26
mi,103,version_27,17,stratified,100,45,25,0.6151500938086304,ok,0,0.6165572232645404,0.6151500938086304,0.0,0.78,0
mi,103,version_27,17,stratified,100,46,25,0.6974671669793621,ok,1,0.723264540337711,0.723264540337711,0.025797373358348974,0.5800000000000001,47
mi,103,version_27,17,stratified,150,42,38,0.7127403846153846,ok,1,0.7007211538461537,0.7007211538461537,-0.012019230769230838,0.672463768115942,57
mi,103,version_27,17,stratified,150,43,38,0.6652644230769231,ok,1,0.6544471153846154,0.6544471153846154,-0.01081730769230771,0.7217391304347827,0
mi,103,version_27,17,stratified,150,44,38,0.7055288461538461,ok,1,0.7169471153846154,0.7169471153846154,0.011418269230769273,0.681159420289855,19
mi,103,version_27,17,stratified,150,45,38,0.5931490384615384,ok,1,0.5961538461538461,0.5961538461538461,0.0030048076923077094,0.6463768115942029,0
mi,103,version_27,17,stratified,150,46,38,0.6844951923076923,ok,1,0.7205528846153847,0.7205528846153847,0.0360576923076924,0.6579710144927536,32
mi,103,version_27,17,stratified,200,42,50,0.7948717948717949,ok,0,0.7838827838827839,0.7948717948717949,0.0,0.7062818336162988,0
mi,103,version_27,17,stratified,200,43,50,0.5934065934065935,ok,1,0.6996336996336996,0.6996336996336996,0.10622710622710607,0.7317487266553481,24
mi,103,version_27,17,stratified,200,44,50,0.7106227106227107,ok,1,0.6190476190476191,0.6190476190476191,-0.09157509157509158,0.767402376910017,7
mi,103,version_27,17,stratified,200,45,50,0.5824175824175823,ok,1,0.6373626373626373,0.6373626373626373,0.05494505494505497,0.5789473684210527,2
mi,103,version_27,17,stratified,200,46,50,0.608058608058608,ok,1,0.6996336996336997,0.6996336996336997,0.0915750915750917,0.833616298811545,19
mi,103,version_27,17,temporal_array,10,42,2,0.6504443504020313,ungateable,,,0.6504443504020313,0.0,,
mi,103,version_27,17,temporal_array,10,43,2,0.6504443504020313,ungateable,,,0.6504443504020313,0.0,,
mi,103,version_27,17,temporal_array,10,44,2,0.6504443504020313,ungateable,,,0.6504443504020313,0.0,,
mi,103,version_27,17,temporal_array,10,45,2,0.6504443504020313,ungateable,,,0.6504443504020313,0.0,,
mi,103,version_27,17,temporal_array,10,46,2,0.6504443504020313,ungateable,,,0.6504443504020313,0.0,,
mi,103,version_27,17,temporal_array,20,42,5,0.6448694029850746,ungateable,,,0.6448694029850746,0.0,,
mi,103,version_27,17,temporal_array,20,43,5,0.6448694029850746,ungateable,,,0.6448694029850746,0.0,,
mi,103,version_27,17,temporal_array,20,44,5,0.6448694029850746,ungateable,,,0.6448694029850746,0.0,,
mi,103,version_27,17,temporal_array,20,45,5,0.6448694029850746,ungateable,,,0.6448694029850746,0.0,,
mi,103,version_27,17,temporal_array,20,46,5,0.6448694029850746,ungateable,,,0.6448694029850746,0.0,,
mi,103,version_27,17,temporal_array,50,42,12,0.6421875,ok,0,0.6394531250000001,0.6421875,0.0,0.8333333333333334,0
mi,103,version_27,17,temporal_array,50,43,12,0.6421875,ok,1,0.637890625,0.637890625,-0.004296874999999978,0.888888888888889,41
mi,103,version_27,17,temporal_array,50,44,12,0.6421875,ok,1,0.615234375,0.615234375,-0.026953125000000022,0.7222222222222223,41
mi,103,version_27,17,temporal_array,50,45,12,0.6421875,ok,1,0.6338541666666666,0.6338541666666666,-0.008333333333333415,0.8055555555555557,11
mi,103,version_27,17,temporal_array,50,46,12,0.6421875,ok,1,0.6372395833333334,0.6372395833333334,-0.0049479166666666075,0.7500000000000001,13
mi,103,version_27,17,temporal_array,100,42,25,0.6488486842105263,ok,1,0.6304824561403508,0.6304824561403508,-0.018366228070175517,0.717948717948718,61
mi,103,version_27,17,temporal_array,100,43,25,0.6488486842105263,ok,1,0.5904605263157895,0.5904605263157895,-0.058388157894736836,0.7820512820512822,18
mi,103,version_27,17,temporal_array,100,44,25,0.6488486842105263,ok,1,0.6510416666666666,0.6510416666666666,0.002192982456140302,0.6730769230769231,9
mi,103,version_27,17,temporal_array,100,45,25,0.6488486842105263,ok,1,0.6537828947368421,0.6537828947368421,0.004934210526315819,0.6666666666666666,9
mi,103,version_27,17,temporal_array,100,46,25,0.6488486842105263,ok,1,0.6351425438596491,0.6351425438596491,-0.01370614035087725,0.6794871794871795,8
mi,103,version_27,17,temporal_array,150,42,38,0.6215277777777778,ok,1,0.7152777777777778,0.7152777777777778,0.09375,0.4666666666666667,18
mi,103,version_27,17,temporal_array,150,43,38,0.6215277777777778,ok,1,0.7326388888888888,0.7326388888888888,0.11111111111111105,0.825,29
mi,103,version_27,17,temporal_array,150,44,38,0.6215277777777778,ok,1,0.7037037037037037,0.7037037037037037,0.08217592592592593,0.7722222222222221,23
mi,103,version_27,17,temporal_array,150,45,38,0.6215277777777778,ok,0,0.6215277777777778,0.6215277777777778,0.0,0.7000000000000001,0
mi,103,version_27,17,temporal_array,150,46,38,0.6215277777777778,ok,1,0.6840277777777777,0.6840277777777777,0.06249999999999989,0.7083333333333334,15
mi,103,version_28,0,stratified,10,42,2,0.8693124368048534,ungateable,,,0.8693124368048534,0.0,,
mi,103,version_28,0,stratified,10,43,2,0.8684698348500169,ungateable,,,0.8684698348500169,0.0,,
mi,103,version_28,0,stratified,10,44,2,0.8733569261880687,ungateable,,,0.8733569261880687,0.0,,
mi,103,version_28,0,stratified,10,45,2,0.8724300640377486,ungateable,,,0.8724300640377486,0.0,,
mi,103,version_28,0,stratified,10,46,2,0.881614425345467,ungateable,,,0.881614425345467,0.0,,
mi,103,version_28,0,stratified,20,42,5,0.8723207686622321,ungateable,,,0.8723207686622321,0.0,,
mi,103,version_28,0,stratified,20,43,5,0.8673318551367332,ungateable,,,0.8673318551367332,0.0,,
mi,103,version_28,0,stratified,20,44,5,0.8703806356245379,ungateable,,,0.8703806356245379,0.0,,
mi,103,version_28,0,stratified,20,45,5,0.868070953436807,ungateable,,,0.868070953436807,0.0,,
mi,103,version_28,0,stratified,20,46,5,0.8776792313377679,ungateable,,,0.8776792313377679,0.0,,
mi,103,version_28,0,stratified,50,42,12,0.8747351364826125,ok,1,0.8777265362084008,0.8777265362084008,0.002991399725788324,1.0,2
mi,103,version_28,0,stratified,50,43,12,0.8810918608999128,ok,0,0.8794715193817775,0.8810918608999128,0.0,0.8571428571428571,0
mi,103,version_28,0,stratified,50,44,12,0.8633927458556651,ok,0,0.8622709709584944,0.8633927458556651,0.0,1.0,0
mi,103,version_28,0,stratified,50,45,12,0.8842079022809424,ok,0,0.8864514520752835,0.8842079022809424,0.0,0.7999999999999999,0
mi,103,version_28,0,stratified,50,46,12,0.8724915866882712,ok,0,0.872990153309236,0.8724915866882712,0.0,1.0,0
mi,103,version_28,0,stratified,100,42,25,0.9031425891181989,ok,1,0.9012664165103189,0.9012664165103189,-0.0018761726078799779,0.8680555555555556,9
mi,103,version_28,0,stratified,100,43,25,0.9019699812382739,ok,0,0.901031894934334,0.9019699812382739,0.0,0.9722222222222222,0
mi,103,version_28,0,stratified,100,44,25,0.8334896810506566,ok,0,0.8400562851782365,0.8334896810506566,0.0,0.9513888888888888,2
mi,103,version_28,0,stratified,100,45,25,0.8677298311444652,ok,1,0.8717166979362101,0.8717166979362101,0.00398686679174487,0.9066666666666667,21
mi,103,version_28,0,stratified,100,46,25,0.9061913696060038,ok,0,0.9099437148217637,0.9061913696060038,0.0,0.8066666666666666,0
mi,103,version_28,0,stratified,150,42,38,0.9200721153846154,ok,1,0.8858173076923077,0.8858173076923077,-0.03425480769230771,0.9478260869565218,17
mi,103,version_28,0,stratified,150,43,38,0.9368990384615384,ok,0,0.9308894230769231,0.9368990384615384,0.0,0.8318840579710145,0
mi,103,version_28,0,stratified,150,44,38,0.8569711538461539,ok,0,0.852764423076923,0.8569711538461539,0.0,0.855072463768116,0
mi,103,version_28,0,stratified,150,45,38,0.850360576923077,ok,0,0.8557692307692308,0.850360576923077,0.0,0.9101449275362319,0
mi,103,version_28,0,stratified,150,46,38,0.8780048076923076,ok,1,0.8876201923076923,0.8876201923076923,0.009615384615384692,0.8521739130434783,6
mi,103,version_28,0,stratified,200,42,50,0.945054945054945,ok,1,0.8901098901098902,0.8901098901098902,-0.05494505494505486,0.9235993208828523,12
mi,103,version_28,0,stratified,200,43,50,0.9304029304029304,ok,1,0.9047619047619049,0.9047619047619049,-0.02564102564102555,0.9303904923599321,7
mi,103,version_28,0,stratified,200,44,50,0.9157509157509157,ok,1,0.9047619047619047,0.9047619047619047,-0.010989010989011061,0.9151103565365026,2
mi,103,version_28,0,stratified,200,45,50,0.8974358974358975,ok,0,0.8754578754578755,0.8974358974358975,0.0,0.8081494057724957,13
mi,103,version_28,0,stratified,200,46,50,0.8754578754578755,ok,1,0.8461538461538463,0.8461538461538463,-0.0293040293040292,0.8930390492359932,16
mi,103,version_28,0,temporal_array,10,42,2,0.875666525603047,ungateable,,,0.875666525603047,0.0,,
mi,103,version_28,0,temporal_array,10,43,2,0.875666525603047,ungateable,,,0.875666525603047,0.0,,
mi,103,version_28,0,temporal_array,10,44,2,0.875666525603047,ungateable,,,0.875666525603047,0.0,,
mi,103,version_28,0,temporal_array,10,45,2,0.875666525603047,ungateable,,,0.875666525603047,0.0,,
mi,103,version_28,0,temporal_array,10,46,2,0.875666525603047,ungateable,,,0.875666525603047,0.0,,
mi,103,version_28,0,temporal_array,20,42,5,0.8717350746268657,ungateable,,,0.8717350746268657,0.0,,
mi,103,version_28,0,temporal_array,20,43,5,0.8717350746268657,ungateable,,,0.8717350746268657,0.0,,
mi,103,version_28,0,temporal_array,20,44,5,0.8717350746268657,ungateable,,,0.8717350746268657,0.0,,
mi,103,version_28,0,temporal_array,20,45,5,0.8717350746268657,ungateable,,,0.8717350746268657,0.0,,
mi,103,version_28,0,temporal_array,20,46,5,0.8717350746268657,ungateable,,,0.8717350746268657,0.0,,
mi,103,version_28,0,temporal_array,50,42,12,0.8701822916666667,ok,0,0.8700520833333334,0.8701822916666667,0.0,0.9166666666666667,0
mi,103,version_28,0,temporal_array,50,43,12,0.8701822916666667,ok,0,0.8695312500000001,0.8701822916666667,0.0,1.0,0
mi,103,version_28,0,temporal_array,50,44,12,0.8701822916666667,ok,0,0.8696614583333332,0.8701822916666667,0.0,0.9166666666666667,0
mi,103,version_28,0,temporal_array,50,45,12,0.8701822916666667,ok,1,0.8697916666666667,0.8697916666666667,-0.0003906249999999778,0.8333333333333334,0
mi,103,version_28,0,temporal_array,50,46,12,0.8701822916666667,ok,1,0.8464843750000001,0.8464843750000001,-0.023697916666666652,0.75,17
mi,103,version_28,0,temporal_array,100,42,25,0.8829495614035088,ok,1,0.8708881578947368,0.8708881578947368,-0.01206140350877194,0.8461538461538461,4
mi,103,version_28,0,temporal_array,100,43,25,0.8829495614035088,ok,1,0.8843201754385965,0.8843201754385965,0.0013706140350877583,0.9871794871794871,0
mi,103,version_28,0,temporal_array,100,44,25,0.8829495614035088,ok,1,0.8774671052631579,0.8774671052631579,-0.005482456140350922,0.8974358974358976,2
mi,103,version_28,0,temporal_array,100,45,25,0.8829495614035088,ok,1,0.871984649122807,0.871984649122807,-0.010964912280701733,0.9166666666666666,13
mi,103,version_28,0,temporal_array,100,46,25,0.8829495614035088,ok,0,0.8848684210526316,0.8829495614035088,0.0,0.9615384615384616,0
mi,103,version_28,0,temporal_array,150,42,38,0.9085648148148149,ok,1,0.8912037037037037,0.8912037037037037,-0.01736111111111116,0.8916666666666666,2
mi,103,version_28,0,temporal_array,150,43,38,0.9085648148148149,ok,1,0.8946759259259258,0.8946759259259258,-0.013888888888889062,0.9583333333333333,1
mi,103,version_28,0,temporal_array,150,44,38,0.9085648148148149,ok,1,0.9050925925925926,0.9050925925925926,-0.003472222222222321,0.9361111111111112,0
mi,103,version_28,0,temporal_array,150,45,38,0.9085648148148149,ok,1,0.8715277777777779,0.8715277777777779,-0.03703703703703698,0.9416666666666668,18
mi,103,version_28,0,temporal_array,150,46,38,0.9085648148148149,ok,1,0.8703703703703703,0.8703703703703703,-0.03819444444444453,0.9833333333333334,23
mi,103,version_28,17,stratified,10,42,2,0.5637007077856421,ungateable,,,0.5637007077856421,0.0,,
mi,103,version_28,17,stratified,10,43,2,0.5752443545669026,ungateable,,,0.5752443545669026,0.0,,
mi,103,version_28,17,stratified,10,44,2,0.5797944051230199,ungateable,,,0.5797944051230199,0.0,,
mi,103,version_28,17,stratified,10,45,2,0.5653859116953152,ungateable,,,0.5653859116953152,0.0,,
mi,103,version_28,17,stratified,10,46,2,0.5711156049882036,ungateable,,,0.5711156049882036,0.0,,
mi,103,version_28,17,stratified,20,42,5,0.5690133037694014,ungateable,,,0.5690133037694014,0.0,,
mi,103,version_28,17,stratified,20,43,5,0.5752956393200295,ungateable,,,0.5752956393200295,0.0,,
mi,103,version_28,17,stratified,20,44,5,0.5819475240206948,ungateable,,,0.5819475240206948,0.0,,
mi,103,version_28,17,stratified,20,45,5,0.5720620842572062,ungateable,,,0.5720620842572062,0.0,,
mi,103,version_28,17,stratified,20,46,5,0.5772357723577235,ungateable,,,0.5772357723577235,0.0,,
mi,103,version_28,17,stratified,50,42,12,0.5531596659603639,ok,1,0.5991524367443599,0.5991524367443599,0.045992770783995995,0.7714285714285715,2
mi,103,version_28,17,stratified,50,43,12,0.5841954381154182,ok,1,0.6618471893306743,0.6618471893306743,0.07765175121525614,0.6857142857142857,6
mi,103,version_28,17,stratified,50,44,12,0.5787112052848062,ok,1,0.6315592671070672,0.6315592671070672,0.05284806182226098,0.5428571428571429,6
mi,103,version_28,17,stratified,50,45,12,0.5749719556275708,ok,1,0.6866508787236695,0.6866508787236695,0.11167892309609873,0.5714285714285714,10
mi,103,version_28,17,stratified,50,46,12,0.6149819269599901,ok,1,0.5247413685653746,0.5247413685653746,-0.09024055839461553,0.9428571428571428,45
mi,103,version_28,17,stratified,100,42,25,0.5187617260787993,ok,1,0.599671669793621,0.599671669793621,0.08090994371482163,0.6458333333333333,2
mi,103,version_28,17,stratified,100,43,25,0.5787992495309568,ok,1,0.7197467166979362,0.7197467166979362,0.14094746716697937,0.75,56
mi,103,version_28,17,stratified,100,44,25,0.5295497185741087,ok,1,0.5865384615384616,0.5865384615384616,0.056988742964352856,0.6944444444444444,3
mi,103,version_28,17,stratified,100,45,25,0.5586303939962477,ok,1,0.7033302063789869,0.7033302063789869,0.1446998123827392,0.8133333333333334,16
mi,103,version_28,17,stratified,100,46,25,0.62453095684803,ok,1,0.6941838649155723,0.6941838649155723,0.06965290806754232,0.56,2
mi,103,version_28,17,stratified,150,42,38,0.6394230769230769,ok,1,0.7427884615384616,0.7427884615384616,0.10336538461538469,0.7565217391304347,40
mi,103,version_28,17,stratified,150,43,38,0.53125,ok,1,0.5901442307692308,0.5901442307692308,0.05889423076923084,0.7130434782608697,2
mi,103,version_28,17,stratified,150,44,38,0.5847355769230769,ok,1,0.7542067307692307,0.7542067307692307,0.16947115384615385,0.7710144927536231,24
mi,103,version_28,17,stratified,150,45,38,0.5450721153846153,ok,1,0.665264423076923,0.665264423076923,0.12019230769230771,0.6434782608695653,7
mi,103,version_28,17,stratified,150,46,38,0.6129807692307692,ok,0,0.6520432692307692,0.6129807692307692,0.0,0.6028985507246377,0
mi,103,version_28,17,stratified,200,42,50,0.6996336996336997,ok,1,0.6886446886446888,0.6886446886446888,-0.01098901098901095,0.8132427843803056,8
mi,103,version_28,17,stratified,200,43,50,0.5347985347985348,ok,1,0.7875457875457876,0.7875457875457876,0.25274725274725285,0.7792869269949066,23
mi,103,version_28,17,stratified,200,44,50,0.5384615384615385,ok,1,0.6886446886446886,0.6886446886446886,0.1501831501831501,0.8862478777589133,33
mi,103,version_28,17,stratified,200,45,50,0.4908424908424909,ok,1,0.8388278388278388,0.8388278388278388,0.34798534798534797,0.6400679117147707,19
mi,103,version_28,17,stratified,200,46,50,0.5860805860805861,ok,1,0.7509157509157509,0.7509157509157509,0.1648351648351648,0.8132427843803056,5
mi,103,version_28,17,temporal_array,10,42,2,0.5767245027507406,ungateable,,,0.5767245027507406,0.0,,
mi,103,version_28,17,temporal_array,10,43,2,0.5767245027507406,ungateable,,,0.5767245027507406,0.0,,
mi,103,version_28,17,temporal_array,10,44,2,0.5767245027507406,ungateable,,,0.5767245027507406,0.0,,
mi,103,version_28,17,temporal_array,10,45,2,0.5767245027507406,ungateable,,,0.5767245027507406,0.0,,
mi,103,version_28,17,temporal_array,10,46,2,0.5767245027507406,ungateable,,,0.5767245027507406,0.0,,
mi,103,version_28,17,temporal_array,20,42,5,0.5870335820895523,ungateable,,,0.5870335820895523,0.0,,
mi,103,version_28,17,temporal_array,20,43,5,0.5870335820895523,ungateable,,,0.5870335820895523,0.0,,
mi,103,version_28,17,temporal_array,20,44,5,0.5870335820895523,ungateable,,,0.5870335820895523,0.0,,
mi,103,version_28,17,temporal_array,20,45,5,0.5870335820895523,ungateable,,,0.5870335820895523,0.0,,
mi,103,version_28,17,temporal_array,20,46,5,0.5870335820895523,ungateable,,,0.5870335820895523,0.0,,
mi,103,version_28,17,temporal_array,50,42,12,0.5934895833333333,ok,1,0.673828125,0.673828125,0.08033854166666665,0.8333333333333335,13
mi,103,version_28,17,temporal_array,50,43,12,0.5934895833333333,ok,1,0.690625,0.690625,0.0971354166666667,0.8611111111111112,26
mi,103,version_28,17,temporal_array,50,44,12,0.5934895833333333,ok,1,0.7010416666666667,0.7010416666666667,0.10755208333333333,0.5555555555555556,68
mi,103,version_28,17,temporal_array,50,45,12,0.5934895833333333,ok,1,0.7010416666666667,0.7010416666666667,0.10755208333333333,0.5833333333333335,46
mi,103,version_28,17,temporal_array,50,46,12,0.5934895833333333,ok,1,0.6455729166666666,0.6455729166666666,0.05208333333333326,0.6944444444444444,23
mi,103,version_28,17,temporal_array,100,42,25,0.6129385964912281,ok,1,0.7097039473684211,0.7097039473684211,0.09676535087719307,0.6153846153846154,45
mi,103,version_28,17,temporal_array,100,43,25,0.6129385964912281,ok,1,0.637609649122807,0.637609649122807,0.024671052631578982,0.8397435897435896,59
mi,103,version_28,17,temporal_array,100,44,25,0.6129385964912281,ok,1,0.7335526315789473,0.7335526315789473,0.12061403508771928,0.6217948717948718,21
mi,103,version_28,17,temporal_array,100,45,25,0.6129385964912281,ok,1,0.7088815789473685,0.7088815789473685,0.09594298245614041,0.7243589743589743,16
mi,103,version_28,17,temporal_array,100,46,25,0.6129385964912281,ok,1,0.6408991228070176,0.6408991228070176,0.02796052631578949,0.7564102564102565,9
mi,103,version_28,17,temporal_array,150,42,38,0.6030092592592593,ok,1,0.6666666666666666,0.6666666666666666,0.06365740740740733,0.6027777777777779,46
mi,103,version_28,17,temporal_array,150,43,38,0.6030092592592593,ok,1,0.5983796296296297,0.5983796296296297,-0.00462962962962965,0.7861111111111111,21
mi,103,version_28,17,temporal_array,150,44,38,0.6030092592592593,ok,1,0.6550925925925926,0.6550925925925926,0.05208333333333326,0.7972222222222223,19
mi,103,version_28,17,temporal_array,150,45,38,0.6030092592592593,ok,1,0.5787037037037037,0.5787037037037037,-0.02430555555555558,0.6333333333333333,41
mi,103,version_28,17,temporal_array,150,46,38,0.6030092592592593,ok,1,0.6273148148148149,0.6273148148148149,0.02430555555555558,0.7472222222222222,29
mi,103,version_29,0,stratified,10,42,2,0.8394000674081563,ungateable,,,0.8394000674081563,0.0,,
mi,103,version_29,0,stratified,10,43,2,0.8434445567913718,ungateable,,,0.8434445567913718,0.0,,
mi,103,version_29,0,stratified,10,44,2,0.8443714189416919,ungateable,,,0.8443714189416919,0.0,,
mi,103,version_29,0,stratified,10,45,2,0.8489214694978092,ungateable,,,0.8489214694978092,0.0,,
mi,103,version_29,0,stratified,10,46,2,0.853808560835861,ungateable,,,0.853808560835861,0.0,,
mi,103,version_29,0,stratified,20,42,5,0.8396156688839617,ungateable,,,0.8396156688839617,0.0,,
mi,103,version_29,0,stratified,20,43,5,0.8410014781966001,ungateable,,,0.8410014781966001,0.0,,
mi,103,version_29,0,stratified,20,44,5,0.8404471544715447,ungateable,,,0.8404471544715447,0.0,,
mi,103,version_29,0,stratified,20,45,5,0.8416481892091648,ungateable,,,0.8416481892091648,0.0,,
mi,103,version_29,0,stratified,20,46,5,0.8468218773096822,ungateable,,,0.8468218773096822,0.0,,
mi,103,version_29,0,stratified,50,42,12,0.8380904898417052,ok,0,0.8395861897045993,0.8380904898417052,0.0,0.9142857142857143,0
mi,103,version_29,0,stratified,50,43,12,0.846940047363829,ok,1,0.8525489218496821,0.8525489218496821,0.005608874485853121,0.7714285714285715,5
mi,103,version_29,0,stratified,50,44,12,0.8388383397731523,ok,0,0.8398354730150817,0.8388383397731523,0.0,1.0,0
mi,103,version_29,0,stratified,50,45,12,0.8626448959242179,ok,0,0.8643898790975943,0.8626448959242179,0.0,0.7142857142857143,0
mi,103,version_29,0,stratified,50,46,12,0.8385890564626698,ok,0,0.8404586812912875,0.8385890564626698,0.0,0.9142857142857143,0
mi,103,version_29,0,stratified,100,42,25,0.8562382739212008,ok,1,0.8623358348968105,0.8623358348968105,0.0060975609756097615,0.9375,2
mi,103,version_29,0,stratified,100,43,25,0.850609756097561,ok,1,0.8616322701688556,0.8616322701688556,0.01102251407129462,0.9791666666666666,4
mi,103,version_29,0,stratified,100,44,25,0.801125703564728,ok,1,0.8030018761726079,0.8030018761726079,0.0018761726078798668,0.875,1
mi,103,version_29,0,stratified,100,45,25,0.8407598499061913,ok,1,0.8653846153846154,0.8653846153846154,0.02462476547842407,0.9066666666666667,6
mi,103,version_29,0,stratified,100,46,25,0.8712476547842402,ok,0,0.876172607879925,0.8712476547842402,0.0,0.78,0
mi,103,version_29,0,stratified,150,42,38,0.8515625,ok,1,0.8395432692307692,0.8395432692307692,-0.012019230769230838,0.9217391304347827,28
mi,103,version_29,0,stratified,150,43,38,0.8900240384615384,ok,0,0.8900240384615385,0.8900240384615384,0.0,0.8115942028985508,0
mi,103,version_29,0,stratified,150,44,38,0.8293269230769229,ok,0,0.8191105769230769,0.8293269230769229,0.0,0.8231884057971015,3
mi,103,version_29,0,stratified,150,45,38,0.8407451923076923,ok,1,0.8473557692307693,0.8473557692307693,0.006610576923076983,0.9072463768115941,0
mi,103,version_29,0,stratified,150,46,38,0.8653846153846154,ok,1,0.865985576923077,0.865985576923077,0.0006009615384615641,0.7884057971014493,25
mi,103,version_29,0,stratified,200,42,50,0.9084249084249085,ok,1,0.8205128205128205,0.8205128205128205,-0.08791208791208804,0.8862478777589133,14
mi,103,version_29,0,stratified,200,43,50,0.9010989010989011,ok,1,0.8791208791208791,0.8791208791208791,-0.02197802197802201,0.8896434634974533,30
mi,103,version_29,0,stratified,200,44,50,0.8461538461538461,ok,1,0.8644688644688645,0.8644688644688645,0.01831501831501836,0.9117147707979627,10
mi,103,version_29,0,stratified,200,45,50,0.8315018315018315,ok,0,0.8351648351648352,0.8315018315018315,0.0,0.7843803056027164,0
mi,103,version_29,0,stratified,200,46,50,0.8205128205128206,ok,1,0.8388278388278388,0.8388278388278388,0.01831501831501825,0.8828522920203735,0
mi,103,version_29,0,temporal_array,10,42,2,0.8503597122302158,ungateable,,,0.8503597122302158,0.0,,
mi,103,version_29,0,temporal_array,10,43,2,0.8503597122302158,ungateable,,,0.8503597122302158,0.0,,
mi,103,version_29,0,temporal_array,10,44,2,0.8503597122302158,ungateable,,,0.8503597122302158,0.0,,
mi,103,version_29,0,temporal_array,10,45,2,0.8503597122302158,ungateable,,,0.8503597122302158,0.0,,
mi,103,version_29,0,temporal_array,10,46,2,0.8503597122302158,ungateable,,,0.8503597122302158,0.0,,
mi,103,version_29,0,temporal_array,20,42,5,0.8427238805970149,ungateable,,,0.8427238805970149,0.0,,
mi,103,version_29,0,temporal_array,20,43,5,0.8427238805970149,ungateable,,,0.8427238805970149,0.0,,
mi,103,version_29,0,temporal_array,20,44,5,0.8427238805970149,ungateable,,,0.8427238805970149,0.0,,
mi,103,version_29,0,temporal_array,20,45,5,0.8427238805970149,ungateable,,,0.8427238805970149,0.0,,
mi,103,version_29,0,temporal_array,20,46,5,0.8427238805970149,ungateable,,,0.8427238805970149,0.0,,
mi,103,version_29,0,temporal_array,50,42,12,0.8364583333333333,ok,1,0.83203125,0.83203125,-0.004427083333333304,0.9166666666666667,4
mi,103,version_29,0,temporal_array,50,43,12,0.8364583333333333,ok,1,0.8378906250000001,0.8378906250000001,0.0014322916666668073,1.0,2
mi,103,version_29,0,temporal_array,50,44,12,0.8364583333333333,ok,1,0.836328125,0.836328125,-0.00013020833333332593,0.9166666666666667,1
mi,103,version_29,0,temporal_array,50,45,12,0.8364583333333333,ok,1,0.8369791666666666,0.8369791666666666,0.0005208333333333037,0.8611111111111112,13
mi,103,version_29,0,temporal_array,50,46,12,0.8364583333333333,ok,0,0.8367187500000001,0.8364583333333333,0.0,0.8611111111111112,0
mi,103,version_29,0,temporal_array,100,42,25,0.8530701754385965,ok,1,0.8700657894736842,0.8700657894736842,0.016995614035087647,0.8012820512820513,2
mi,103,version_29,0,temporal_array,100,43,25,0.8530701754385965,ok,1,0.8758223684210527,0.8758223684210527,0.02275219298245612,0.9487179487179488,4
mi,103,version_29,0,temporal_array,100,44,25,0.8530701754385965,ok,0,0.8582785087719299,0.8530701754385965,0.0,0.8397435897435896,0
mi,103,version_29,0,temporal_array,100,45,25,0.8530701754385965,ok,1,0.8706140350877193,0.8706140350877193,0.01754385964912275,0.9102564102564104,13
mi,103,version_29,0,temporal_array,100,46,25,0.8530701754385965,ok,0,0.8648574561403509,0.8530701754385965,0.0,0.9102564102564104,0
mi,103,version_29,0,temporal_array,150,42,38,0.925925925925926,ok,1,0.9189814814814815,0.9189814814814815,-0.006944444444444531,0.875,1
mi,103,version_29,0,temporal_array,150,43,38,0.925925925925926,ok,1,0.9097222222222222,0.9097222222222222,-0.01620370370370383,0.8916666666666666,1
mi,103,version_29,0,temporal_array,150,44,38,0.925925925925926,ok,1,0.9074074074074074,0.9074074074074074,-0.0185185185185186,0.9222222222222223,4
mi,103,version_29,0,temporal_array,150,45,38,0.925925925925926,ok,1,0.8969907407407407,0.8969907407407407,-0.02893518518518534,0.913888888888889,20
mi,103,version_29,0,temporal_array,150,46,38,0.925925925925926,ok,1,0.8993055555555555,0.8993055555555555,-0.026620370370370572,0.9777777777777777,40
mi,103,version_29,17,stratified,10,42,2,0.6462756993596226,ungateable,,,0.6462756993596226,0.0,,
mi,103,version_29,17,stratified,10,43,2,0.668520390967307,ungateable,,,0.668520390967307,0.0,,
mi,103,version_29,17,stratified,10,44,2,0.6723120997640715,ungateable,,,0.6723120997640715,0.0,,
mi,103,version_29,17,stratified,10,45,2,0.6664138860802157,ungateable,,,0.6664138860802157,0.0,,
mi,103,version_29,17,stratified,10,46,2,0.6643073811931243,ungateable,,,0.6643073811931243,0.0,,
mi,103,version_29,17,stratified,20,42,5,0.6402439024390243,ungateable,,,0.6402439024390243,0.0,,
mi,103,version_29,17,stratified,20,43,5,0.673780487804878,ungateable,,,0.673780487804878,0.0,,
mi,103,version_29,17,stratified,20,44,5,0.6732261640798226,ungateable,,,0.6732261640798226,0.0,,
mi,103,version_29,17,stratified,20,45,5,0.6664818920916481,ungateable,,,0.6664818920916481,0.0,,
mi,103,version_29,17,stratified,20,46,5,0.6576127124907613,ungateable,,,0.6576127124907613,0.0,,
mi,103,version_29,17,stratified,50,42,12,0.6345506668328555,ok,1,0.6507540820142093,0.6507540820142093,0.01620341518135371,0.6285714285714286,1
mi,103,version_29,17,stratified,50,43,12,0.6553658232581329,ok,1,0.7027296522497818,0.7027296522497818,0.047363828991648926,0.9142857142857144,12
mi,103,version_29,17,stratified,50,44,12,0.665087872366945,ok,0,0.6728156549918982,0.665087872366945,0.0,0.7714285714285715,0
mi,103,version_29,17,stratified,50,45,12,0.6703228218870747,ok,1,0.7495949146204662,0.7495949146204662,0.07927209273339153,0.7428571428571429,52
mi,103,version_29,17,stratified,50,46,12,0.6665835722298391,ok,1,0.6804187959616103,0.6804187959616103,0.013835223731771151,0.5714285714285715,3
mi,103,version_29,17,stratified,100,42,25,0.6184333958724202,ok,0,0.6292213883677298,0.6184333958724202,0.0,0.8333333333333333,0
mi,103,version_29,17,stratified,100,43,25,0.6289868667917449,ok,1,0.6601782363977485,0.6601782363977485,0.03119136960600366,0.798611111111111,12
mi,103,version_29,17,stratified,100,44,25,0.6092870544090055,ok,1,0.6306285178236397,0.6306285178236397,0.021341463414634165,0.6736111111111112,1
mi,103,version_29,17,stratified,100,45,25,0.624765478424015,ok,1,0.6456378986866792,0.6456378986866792,0.020872420262664226,0.8333333333333334,1
mi,103,version_29,17,stratified,100,46,25,0.6789399624765479,ok,1,0.7317073170731707,0.7317073170731707,0.05276735459662285,0.6733333333333333,21
mi,103,version_29,17,stratified,150,42,38,0.6526442307692307,ok,1,0.7049278846153847,0.7049278846153847,0.052283653846153966,0.6405797101449275,21
mi,103,version_29,17,stratified,150,43,38,0.6442307692307693,ok,1,0.6622596153846153,0.6622596153846153,0.018028846153846034,0.7159420289855073,1
mi,103,version_29,17,stratified,150,44,38,0.6838942307692307,ok,1,0.7548076923076923,0.7548076923076923,0.07091346153846156,0.7014492753623189,23
mi,103,version_29,17,stratified,150,45,38,0.6051682692307692,ok,1,0.6784855769230768,0.6784855769230768,0.0733173076923076,0.7159420289855072,7
mi,103,version_29,17,stratified,150,46,38,0.6496394230769231,ok,0,0.6688701923076924,0.6496394230769231,0.0,0.6376811594202899,0
mi,103,version_29,17,stratified,200,42,50,0.8058608058608059,ok,0,0.7912087912087913,0.8058608058608059,0.0,0.7181663837011885,0
mi,103,version_29,17,stratified,200,43,50,0.5934065934065934,ok,1,0.7362637362637363,0.7362637362637363,0.1428571428571429,0.797962648556876,68
mi,103,version_29,17,stratified,200,44,50,0.5970695970695971,ok,1,0.63003663003663,0.63003663003663,0.03296703296703296,0.8370118845500849,9
mi,103,version_29,17,stratified,200,45,50,0.5421245421245422,ok,1,0.7692307692307692,0.7692307692307692,0.22710622710622697,0.601018675721562,24
mi,103,version_29,17,stratified,200,46,50,0.6666666666666667,ok,0,0.717948717948718,0.6666666666666667,0.0,0.7300509337860781,0
mi,103,version_29,17,temporal_array,10,42,2,0.6594159966144731,ungateable,,,0.6594159966144731,0.0,,
mi,103,version_29,17,temporal_array,10,43,2,0.6594159966144731,ungateable,,,0.6594159966144731,0.0,,
mi,103,version_29,17,temporal_array,10,44,2,0.6594159966144731,ungateable,,,0.6594159966144731,0.0,,
mi,103,version_29,17,temporal_array,10,45,2,0.6594159966144731,ungateable,,,0.6594159966144731,0.0,,
mi,103,version_29,17,temporal_array,10,46,2,0.6594159966144731,ungateable,,,0.6594159966144731,0.0,,
mi,103,version_29,17,temporal_array,20,42,5,0.6532649253731343,ungateable,,,0.6532649253731343,0.0,,
mi,103,version_29,17,temporal_array,20,43,5,0.6532649253731343,ungateable,,,0.6532649253731343,0.0,,
mi,103,version_29,17,temporal_array,20,44,5,0.6532649253731343,ungateable,,,0.6532649253731343,0.0,,
mi,103,version_29,17,temporal_array,20,45,5,0.6532649253731343,ungateable,,,0.6532649253731343,0.0,,
mi,103,version_29,17,temporal_array,20,46,5,0.6532649253731343,ungateable,,,0.6532649253731343,0.0,,
mi,103,version_29,17,temporal_array,50,42,12,0.6290364583333334,ok,0,0.6329427083333333,0.6290364583333334,0.0,0.8333333333333334,0
mi,103,version_29,17,temporal_array,50,43,12,0.6290364583333334,ok,1,0.64765625,0.64765625,0.018619791666666607,1.0,10
mi,103,version_29,17,temporal_array,50,44,12,0.6290364583333334,ok,1,0.6505208333333333,0.6505208333333333,0.02148437499999989,0.7222222222222223,11
mi,103,version_29,17,temporal_array,50,45,12,0.6290364583333334,ok,1,0.6575520833333333,0.6575520833333333,0.028515624999999822,0.8611111111111112,18
mi,103,version_29,17,temporal_array,50,46,12,0.6290364583333334,ok,1,0.6704427083333333,0.6704427083333333,0.04140624999999987,0.75,34
mi,103,version_29,17,temporal_array,100,42,25,0.6140350877192983,ok,1,0.6373355263157895,0.6373355263157895,0.023300438596491224,0.6538461538461539,3
mi,103,version_29,17,temporal_array,100,43,25,0.6140350877192983,ok,1,0.6324013157894737,0.6324013157894737,0.018366228070175405,0.8205128205128206,8
mi,103,version_29,17,temporal_array,100,44,25,0.6140350877192983,ok,1,0.6252741228070176,0.6252741228070176,0.011239035087719285,0.6858974358974359,1
mi,103,version_29,17,temporal_array,100,45,25,0.6140350877192983,ok,1,0.6496710526315789,0.6496710526315789,0.035635964912280604,0.8141025641025641,8
mi,103,version_29,17,temporal_array,100,46,25,0.6140350877192983,ok,1,0.6228070175438597,0.6228070175438597,0.00877192982456143,0.8397435897435896,3
mi,103,version_29,17,temporal_array,150,42,38,0.630787037037037,ok,1,0.681712962962963,0.681712962962963,0.05092592592592604,0.55,23
mi,103,version_29,17,temporal_array,150,43,38,0.630787037037037,ok,1,0.6585648148148148,0.6585648148148148,0.02777777777777779,0.8694444444444444,55
mi,103,version_29,17,temporal_array,150,44,38,0.630787037037037,ok,1,0.6435185185185185,0.6435185185185185,0.01273148148148151,0.7888888888888889,7
mi,103,version_29,17,temporal_array,150,45,38,0.630787037037037,ok,1,0.6469907407407407,0.6469907407407407,0.01620370370370372,0.725,52
mi,103,version_29,17,temporal_array,150,46,38,0.630787037037037,ok,1,0.6898148148148149,0.6898148148148149,0.0590277777777779,0.7916666666666666,46
mi,103,version_30,0,stratified,10,42,2,0.8561678463094035,ungateable,,,0.8561678463094035,0.0,,
mi,103,version_30,0,stratified,10,43,2,0.8541456016177957,ungateable,,,0.8541456016177957,0.0,,
mi,103,version_30,0,stratified,10,44,2,0.8588641725648803,ungateable,,,0.8588641725648803,0.0,,
mi,103,version_30,0,stratified,10,45,2,0.8614762386248737,ungateable,,,0.8614762386248737,0.0,,
mi,103,version_30,0,stratified,10,46,2,0.8638355240984159,ungateable,,,0.8638355240984159,0.0,,
mi,103,version_30,0,stratified,20,42,5,0.8563377679231339,ungateable,,,0.8563377679231339,0.0,,
mi,103,version_30,0,stratified,20,43,5,0.8527346637102735,ungateable,,,0.8527346637102735,0.0,,
mi,103,version_30,0,stratified,20,44,5,0.8612342941611234,ungateable,,,0.8612342941611234,0.0,,
mi,103,version_30,0,stratified,20,45,5,0.8606799704360679,ungateable,,,0.8606799704360679,0.0,,
mi,103,version_30,0,stratified,20,46,5,0.8620657797487066,ungateable,,,0.8620657797487066,0.0,,
mi,103,version_30,0,stratified,50,42,12,0.8581577963355352,ok,0,0.857908513025053,0.8581577963355352,0.0,0.942857142857143,0
mi,103,version_30,0,stratified,50,43,12,0.8660102206157299,ok,0,0.8672566371681416,0.8660102206157299,0.0,0.7714285714285714,0
mi,103,version_30,0,stratified,50,44,12,0.8506792970210645,ok,0,0.846316839087623,0.8506792970210645,0.0,1.0,0
mi,103,version_30,0,stratified,50,45,12,0.8842079022809423,ok,0,0.8845818272466658,0.8842079022809423,0.0,0.7142857142857143,0
mi,103,version_30,0,stratified,50,46,12,0.8468154057085878,ok,1,0.8372179982550169,0.8372179982550169,-0.00959740745357096,0.8857142857142858,14
mi,103,version_30,0,stratified,100,42,25,0.8792213883677298,ok,1,0.8815666041275797,0.8815666041275797,0.002345215759849917,0.9513888888888888,10
mi,103,version_30,0,stratified,100,43,25,0.8700750469043153,ok,0,0.8714821763602252,0.8700750469043153,0.0,1.0,0
mi,103,version_30,0,stratified,100,44,25,0.8018292682926829,ok,0,0.8041744840525329,0.8018292682926829,0.0,0.9722222222222222,0
mi,103,version_30,0,stratified,100,45,25,0.8665572232645403,ok,1,0.875234521575985,0.875234521575985,0.008677298311444703,0.8666666666666666,0
mi,103,version_30,0,stratified,100,46,25,0.8681988742964352,ok,0,0.8728893058161351,0.8681988742964352,0.0,0.7933333333333333,0
mi,103,version_30,0,stratified,150,42,38,0.8804086538461539,ok,1,0.8719951923076923,0.8719951923076923,-0.008413461538461564,0.881159420289855,18
mi,103,version_30,0,stratified,150,43,38,0.9332932692307692,ok,1,0.921875,0.921875,-0.011418269230769162,0.7942028985507247,0
mi,103,version_30,0,stratified,150,44,38,0.8233173076923077,ok,0,0.8094951923076923,0.8233173076923077,0.0,0.8521739130434782,1
mi,103,version_30,0,stratified,150,45,38,0.8503605769230769,ok,0,0.8551682692307692,0.8503605769230769,0.0,0.8753623188405797,0
mi,103,version_30,0,stratified,150,46,38,0.8503605769230769,ok,1,0.8395432692307693,0.8395432692307693,-0.010817307692307598,0.8318840579710145,23
mi,103,version_30,0,stratified,200,42,50,0.9010989010989012,ok,1,0.8717948717948718,0.8717948717948718,-0.029304029304029422,0.8794567062818336,1
mi,103,version_30,0,stratified,200,43,50,0.9523809523809524,ok,1,0.8424908424908425,0.8424908424908425,-0.10989010989010994,0.9337860780984719,27
mi,103,version_30,0,stratified,200,44,50,0.8534798534798536,ok,1,0.8571428571428572,0.8571428571428572,0.00366300366300365,0.9083191850594228,1
mi,103,version_30,0,stratified,200,45,50,0.8498168498168499,ok,0,0.8827838827838829,0.8498168498168499,0.0,0.8217317487266553,1
mi,103,version_30,0,stratified,200,46,50,0.8461538461538461,ok,1,0.8534798534798536,0.8534798534798536,0.007326007326007411,0.8879456706281834,2
mi,103,version_30,0,temporal_array,10,42,2,0.8608548455353365,ungateable,,,0.8608548455353365,0.0,,
mi,103,version_30,0,temporal_array,10,43,2,0.8608548455353365,ungateable,,,0.8608548455353365,0.0,,
mi,103,version_30,0,temporal_array,10,44,2,0.8608548455353365,ungateable,,,0.8608548455353365,0.0,,
mi,103,version_30,0,temporal_array,10,45,2,0.8608548455353365,ungateable,,,0.8608548455353365,0.0,,
mi,103,version_30,0,temporal_array,10,46,2,0.8608548455353365,ungateable,,,0.8608548455353365,0.0,,
mi,103,version_30,0,temporal_array,20,42,5,0.8569029850746269,ungateable,,,0.8569029850746269,0.0,,
mi,103,version_30,0,temporal_array,20,43,5,0.8569029850746269,ungateable,,,0.8569029850746269,0.0,,
mi,103,version_30,0,temporal_array,20,44,5,0.8569029850746269,ungateable,,,0.8569029850746269,0.0,,
mi,103,version_30,0,temporal_array,20,45,5,0.8569029850746269,ungateable,,,0.8569029850746269,0.0,,
mi,103,version_30,0,temporal_array,20,46,5,0.8569029850746269,ungateable,,,0.8569029850746269,0.0,,
mi,103,version_30,0,temporal_array,50,42,12,0.8486979166666666,ok,1,0.8316406249999999,0.8316406249999999,-0.017057291666666696,0.888888888888889,12
mi,103,version_30,0,temporal_array,50,43,12,0.8486979166666666,ok,1,0.8481770833333333,0.8481770833333333,-0.0005208333333333037,1.0,0
mi,103,version_30,0,temporal_array,50,44,12,0.8486979166666666,ok,0,0.8454427083333333,0.8486979166666666,0.0,0.888888888888889,0
mi,103,version_30,0,temporal_array,50,45,12,0.8486979166666666,ok,1,0.8436197916666667,0.8436197916666667,-0.005078124999999933,0.9444444444444444,4
mi,103,version_30,0,temporal_array,50,46,12,0.8486979166666666,ok,1,0.8489583333333334,0.8489583333333334,0.0002604166666667629,0.9722222222222223,5
mi,103,version_30,0,temporal_array,100,42,25,0.8467653508771931,ok,1,0.8385416666666666,0.8385416666666666,-0.008223684210526438,0.7948717948717948,1
mi,103,version_30,0,temporal_array,100,43,25,0.8467653508771931,ok,1,0.8393640350877193,0.8393640350877193,-0.0074013157894737835,1.0,4
mi,103,version_30,0,temporal_array,100,44,25,0.8467653508771931,ok,1,0.8281249999999999,0.8281249999999999,-0.01864035087719318,0.8846153846153846,4
mi,103,version_30,0,temporal_array,100,45,25,0.8467653508771931,ok,1,0.8385416666666666,0.8385416666666666,-0.008223684210526438,0.8846153846153846,5
mi,103,version_30,0,temporal_array,100,46,25,0.8467653508771931,ok,0,0.8475877192982456,0.8467653508771931,0.0,0.9423076923076923,1
mi,103,version_30,0,temporal_array,150,42,38,0.8773148148148148,ok,1,0.8101851851851852,0.8101851851851852,-0.06712962962962954,0.9055555555555554,3
mi,103,version_30,0,temporal_array,150,43,38,0.8773148148148148,ok,1,0.7951388888888888,0.7951388888888888,-0.08217592592592593,0.9444444444444445,5
mi,103,version_30,0,temporal_array,150,44,38,0.8773148148148148,ok,1,0.8159722222222221,0.8159722222222221,-0.06134259259259267,0.9333333333333333,4
mi,103,version_30,0,temporal_array,150,45,38,0.8773148148148148,ok,1,0.7986111111111112,0.7986111111111112,-0.07870370370370361,0.9166666666666666,12
mi,103,version_30,0,temporal_array,150,46,38,0.8773148148148148,ok,1,0.7881944444444444,0.7881944444444444,-0.08912037037037035,1.0,10
mi,103,version_30,17,stratified,10,42,2,0.6349005729693292,ungateable,,,0.6349005729693292,0.0,,
mi,103,version_30,17,stratified,10,43,2,0.6458543983822043,ungateable,,,0.6458543983822043,0.0,,
mi,103,version_30,17,stratified,10,44,2,0.6527637344118639,ungateable,,,0.6527637344118639,0.0,,
mi,103,version_30,17,stratified,10,45,2,0.6434951129086619,ungateable,,,0.6434951129086619,0.0,,
mi,103,version_30,17,stratified,10,46,2,0.6480451634647793,ungateable,,,0.6480451634647793,0.0,,
mi,103,version_30,17,stratified,20,42,5,0.650129342202513,ungateable,,,0.650129342202513,0.0,,
mi,103,version_30,17,stratified,20,43,5,0.6440317812269032,ungateable,,,0.6440317812269032,0.0,,
mi,103,version_30,17,stratified,20,44,5,0.6580746489283075,ungateable,,,0.6580746489283075,0.0,,
mi,103,version_30,17,stratified,20,45,5,0.6552106430155211,ungateable,,,0.6552106430155211,0.0,,
mi,103,version_30,17,stratified,20,46,5,0.6519770879526976,ungateable,,,0.6519770879526976,0.0,,
mi,103,version_30,17,stratified,50,42,12,0.6359217250405085,ok,1,0.6397856163529851,0.6397856163529851,0.003863891312476664,0.6857142857142857,1
mi,103,version_30,17,stratified,50,43,12,0.6457684158045618,ok,1,0.6466409073912501,0.6466409073912501,0.0008724915866883398,0.8,0
mi,103,version_30,17,stratified,50,44,12,0.6390377664215381,ok,0,0.6370434999376792,0.6390377664215381,0.0,0.7428571428571429,0
mi,103,version_30,17,stratified,50,45,12,0.6655864389879098,ok,1,0.7041007104574349,0.7041007104574349,0.03851427146952513,0.6285714285714286,48
mi,103,version_30,17,stratified,50,46,12,0.6701981802318334,ok,1,0.621837217998255,0.621837217998255,-0.04836096223357844,0.6000000000000001,8
mi,103,version_30,17,stratified,100,42,25,0.6315666041275798,ok,1,0.6301594746716698,0.6301594746716698,-0.001407129455910039,0.8333333333333334,0
mi,103,version_30,17,stratified,100,43,25,0.6196060037523452,ok,1,0.7042682926829268,0.7042682926829268,0.08466228893058159,0.7152777777777777,58
mi,103,version_30,17,stratified,100,44,25,0.5659005628517824,ok,1,0.5963883677298312,0.5963883677298312,0.030487804878048808,0.7361111111111112,23
mi,103,version_30,17,stratified,100,45,25,0.6604127579737336,ok,1,0.6653377110694184,0.6653377110694184,0.004924953095684859,0.8200000000000001,6
mi,103,version_30,17,stratified,100,46,25,0.676360225140713,ok,1,0.7251407129455909,0.7251407129455909,0.04878048780487787,0.5933333333333334,42
mi,103,version_30,17,stratified,150,42,38,0.6953125,ok,1,0.7445913461538461,0.7445913461538461,0.049278846153846145,0.7768115942028986,64
mi,103,version_30,17,stratified,150,43,38,0.6766826923076923,ok,1,0.7109375,0.7109375,0.03425480769230771,0.744927536231884,30
mi,103,version_30,17,stratified,150,44,38,0.6484375,ok,0,0.6352163461538463,0.6484375,0.0,0.7072463768115942,0
mi,103,version_30,17,stratified,150,45,38,0.6165865384615384,ok,0,0.7013221153846153,0.6165865384615384,0.0,0.6840579710144927,18
mi,103,version_30,17,stratified,150,46,38,0.6478365384615385,ok,0,0.6376201923076923,0.6478365384615385,0.0,0.6811594202898551,0
mi,103,version_30,17,stratified,200,42,50,0.7509157509157509,ok,1,0.6556776556776557,0.6556776556776557,-0.09523809523809523,0.7470288624787775,12
mi,103,version_30,17,stratified,200,43,50,0.6117216117216118,ok,1,0.7032967032967034,0.7032967032967034,0.09157509157509158,0.8081494057724957,67
mi,103,version_30,17,stratified,200,44,50,0.6263736263736264,ok,1,0.6007326007326008,0.6007326007326008,-0.02564102564102555,0.7843803056027164,1
mi,103,version_30,17,stratified,200,45,50,0.6263736263736264,ok,1,0.7142857142857142,0.7142857142857142,0.08791208791208782,0.6468590831918506,38
mi,103,version_30,17,stratified,200,46,50,0.6263736263736264,ok,1,0.7948717948717949,0.7948717948717949,0.16849816849816857,0.8573853989813243,92
mi,103,version_30,17,temporal_array,10,42,2,0.6465509944985188,ungateable,,,0.6465509944985188,0.0,,
mi,103,version_30,17,temporal_array,10,43,2,0.6465509944985188,ungateable,,,0.6465509944985188,0.0,,
mi,103,version_30,17,temporal_array,10,44,2,0.6465509944985188,ungateable,,,0.6465509944985188,0.0,,
mi,103,version_30,17,temporal_array,10,45,2,0.6465509944985188,ungateable,,,0.6465509944985188,0.0,,
mi,103,version_30,17,temporal_array,10,46,2,0.6465509944985188,ungateable,,,0.6465509944985188,0.0,,
mi,103,version_30,17,temporal_array,20,42,5,0.6318097014925373,ungateable,,,0.6318097014925373,0.0,,
mi,103,version_30,17,temporal_array,20,43,5,0.6318097014925373,ungateable,,,0.6318097014925373,0.0,,
mi,103,version_30,17,temporal_array,20,44,5,0.6318097014925373,ungateable,,,0.6318097014925373,0.0,,
mi,103,version_30,17,temporal_array,20,45,5,0.6318097014925373,ungateable,,,0.6318097014925373,0.0,,
mi,103,version_30,17,temporal_array,20,46,5,0.6318097014925373,ungateable,,,0.6318097014925373,0.0,,
mi,103,version_30,17,temporal_array,50,42,12,0.6358072916666666,ok,0,0.633984375,0.6358072916666666,0.0,0.8055555555555556,0
mi,103,version_30,17,temporal_array,50,43,12,0.6358072916666666,ok,1,0.6615885416666667,0.6615885416666667,0.02578125000000009,0.888888888888889,19
mi,103,version_30,17,temporal_array,50,44,12,0.6358072916666666,ok,1,0.6345052083333333,0.6345052083333333,-0.0013020833333332593,0.7222222222222223,7
mi,103,version_30,17,temporal_array,50,45,12,0.6358072916666666,ok,1,0.6545572916666667,0.6545572916666667,0.018750000000000044,0.7222222222222223,13
mi,103,version_30,17,temporal_array,50,46,12,0.6358072916666666,ok,1,0.6539062499999999,0.6539062499999999,0.018098958333333304,0.8611111111111112,14
mi,103,version_30,17,temporal_array,100,42,25,0.6362390350877193,ok,1,0.6392543859649122,0.6392543859649122,0.003015350877192957,0.7115384615384616,26
mi,103,version_30,17,temporal_array,100,43,25,0.6362390350877193,ok,1,0.6263706140350878,0.6263706140350878,-0.009868421052631526,0.9230769230769231,4
mi,103,version_30,17,temporal_array,100,44,25,0.6362390350877193,ok,1,0.6584429824561403,0.6584429824561403,0.022203947368421018,0.8333333333333334,52
mi,103,version_30,17,temporal_array,100,45,25,0.6362390350877193,ok,1,0.6477521929824561,0.6477521929824561,0.011513157894736836,0.8589743589743589,38
mi,103,version_30,17,temporal_array,100,46,25,0.6362390350877193,ok,1,0.6324013157894737,0.6324013157894737,-0.003837719298245612,0.8205128205128205,5
mi,103,version_30,17,temporal_array,150,42,38,0.5752314814814814,ok,1,0.6643518518518519,0.6643518518518519,0.08912037037037046,0.6666666666666667,23
mi,103,version_30,17,temporal_array,150,43,38,0.5752314814814814,ok,1,0.6354166666666667,0.6354166666666667,0.06018518518518534,0.7944444444444445,23
mi,103,version_30,17,temporal_array,150,44,38,0.5752314814814814,ok,1,0.6041666666666667,0.6041666666666667,0.02893518518518534,0.8527777777777777,10
mi,103,version_30,17,temporal_array,150,45,38,0.5752314814814814,ok,1,0.6631944444444444,0.6631944444444444,0.08796296296296302,0.8027777777777778,15
mi,103,version_30,17,temporal_array,150,46,38,0.5752314814814814,ok,1,0.6678240740740741,0.6678240740740741,0.09259259259259267,0.7472222222222222,61
mi,103,version_41,0,stratified,10,42,2,0.8174081563869228,ungateable,,,0.8174081563869228,0.0,,
mi,103,version_41,0,stratified,10,43,2,0.8210313447927199,ungateable,,,0.8210313447927199,0.0,,
mi,103,version_41,0,stratified,10,44,2,0.8278564206268959,ungateable,,,0.8278564206268959,0.0,,
mi,103,version_41,0,stratified,10,45,2,0.8301314459049545,ungateable,,,0.8301314459049545,0.0,,
mi,103,version_41,0,stratified,10,46,2,0.8302157061004382,ungateable,,,0.8302157061004382,0.0,,
mi,103,version_41,0,stratified,20,42,5,0.8213229859571323,ungateable,,,0.8213229859571323,0.0,,
mi,103,version_41,0,stratified,20,43,5,0.8198447893569845,ungateable,,,0.8198447893569845,0.0,,
mi,103,version_41,0,stratified,20,44,5,0.8240946045824095,ungateable,,,0.8240946045824095,0.0,,
mi,103,version_41,0,stratified,20,45,5,0.8315779748706578,ungateable,,,0.8315779748706578,0.0,,
mi,103,version_41,0,stratified,20,46,5,0.823170731707317,ungateable,,,0.823170731707317,0.0,,
mi,103,version_41,0,stratified,50,42,12,0.8247538327308988,ok,1,0.8439486476380407,0.8439486476380407,0.01919481490714192,0.8857142857142857,3
mi,103,version_41,0,stratified,50,43,12,0.8246291910756576,ok,1,0.8368440732892933,0.8368440732892933,0.012214882213635758,0.7428571428571428,1
mi,103,version_41,0,stratified,50,44,12,0.8117911005858157,ok,0,0.8151564252773277,0.8117911005858157,0.0,1.0,0
mi,103,version_41,0,stratified,50,45,12,0.8498068054343761,ok,0,0.8529228468154056,0.8498068054343761,0.0,0.6857142857142858,0
mi,103,version_41,0,stratified,50,46,12,0.8034401096846566,ok,0,0.8066807927209273,0.8034401096846566,0.0,0.9142857142857144,0
mi,103,version_41,0,stratified,100,42,25,0.8492026266416511,ok,0,0.8592870544090055,0.8492026266416511,0.0,0.9027777777777778,0
mi,103,version_41,0,stratified,100,43,25,0.8168386491557224,ok,1,0.8550656660412758,0.8550656660412758,0.03822701688555341,1.0,4
mi,103,version_41,0,stratified,100,44,25,0.7572701688555347,ok,1,0.7835365853658535,0.7835365853658535,0.026266416510318802,0.9444444444444444,3
mi,103,version_41,0,stratified,100,45,25,0.8311444652908068,ok,1,0.8670262664165103,0.8670262664165103,0.035881801125703494,0.8666666666666666,8
mi,103,version_41,0,stratified,100,46,25,0.8320825515947468,ok,0,0.8421669793621013,0.8320825515947468,0.0,0.7666666666666666,0
mi,103,version_41,0,stratified,150,42,38,0.8419471153846154,ok,1,0.8677884615384615,0.8677884615384615,0.025841346153846034,0.8956521739130435,28
mi,103,version_41,0,stratified,150,43,38,0.8707932692307692,ok,0,0.8894230769230769,0.8707932692307692,0.0,0.8260869565217391,0
mi,103,version_41,0,stratified,150,44,38,0.7728365384615384,ok,1,0.7830528846153846,0.7830528846153846,0.010216346153846145,0.8579710144927536,0
mi,103,version_41,0,stratified,150,45,38,0.8100961538461539,ok,1,0.8359375,0.8359375,0.025841346153846145,0.9043478260869565,1
mi,103,version_41,0,stratified,150,46,38,0.8094951923076923,ok,1,0.8575721153846153,0.8575721153846153,0.04807692307692302,0.8289855072463769,14
mi,103,version_41,0,stratified,200,42,50,0.8974358974358975,ok,1,0.8717948717948718,0.8717948717948718,-0.02564102564102566,0.8828522920203735,5
mi,103,version_41,0,stratified,200,43,50,0.8827838827838828,ok,1,0.8937728937728938,0.8937728937728938,0.010989010989011061,0.8879456706281834,4
mi,103,version_41,0,stratified,200,44,50,0.8351648351648351,ok,1,0.8681318681318682,0.8681318681318682,0.03296703296703307,0.9049235993208828,6
mi,103,version_41,0,stratified,200,45,50,0.8058608058608059,ok,1,0.8278388278388278,0.8278388278388278,0.0219780219780219,0.801358234295416,0
mi,103,version_41,0,stratified,200,46,50,0.7106227106227105,ok,1,0.761904761904762,0.761904761904762,0.05128205128205143,0.8828522920203735,1
mi,103,version_41,0,temporal_array,10,42,2,0.8330935251798561,ungateable,,,0.8330935251798561,0.0,,
mi,103,version_41,0,temporal_array,10,43,2,0.8330935251798561,ungateable,,,0.8330935251798561,0.0,,
mi,103,version_41,0,temporal_array,10,44,2,0.8330935251798561,ungateable,,,0.8330935251798561,0.0,,
mi,103,version_41,0,temporal_array,10,45,2,0.8330935251798561,ungateable,,,0.8330935251798561,0.0,,
mi,103,version_41,0,temporal_array,10,46,2,0.8330935251798561,ungateable,,,0.8330935251798561,0.0,,
mi,103,version_41,0,temporal_array,20,42,5,0.8218283582089553,ungateable,,,0.8218283582089553,0.0,,
mi,103,version_41,0,temporal_array,20,43,5,0.8218283582089553,ungateable,,,0.8218283582089553,0.0,,
mi,103,version_41,0,temporal_array,20,44,5,0.8218283582089553,ungateable,,,0.8218283582089553,0.0,,
mi,103,version_41,0,temporal_array,20,45,5,0.8218283582089553,ungateable,,,0.8218283582089553,0.0,,
mi,103,version_41,0,temporal_array,20,46,5,0.8218283582089553,ungateable,,,0.8218283582089553,0.0,,
mi,103,version_41,0,temporal_array,50,42,12,0.8071614583333334,ok,1,0.8243489583333333,0.8243489583333333,0.01718749999999991,0.888888888888889,3
mi,103,version_41,0,temporal_array,50,43,12,0.8071614583333334,ok,1,0.8338541666666667,0.8338541666666667,0.02669270833333326,1.0,6
mi,103,version_41,0,temporal_array,50,44,12,0.8071614583333334,ok,0,0.8143229166666666,0.8071614583333334,0.0,0.9444444444444444,0
mi,103,version_41,0,temporal_array,50,45,12,0.8071614583333334,ok,1,0.8433593749999999,0.8433593749999999,0.036197916666666496,0.8611111111111112,13
mi,103,version_41,0,temporal_array,50,46,12,0.8071614583333334,ok,1,0.8315104166666667,0.8315104166666667,0.02434895833333328,0.888888888888889,5
mi,103,version_41,0,temporal_array,100,42,25,0.8177083333333334,ok,1,0.8374451754385966,0.8374451754385966,0.019736842105263275,0.8333333333333334,3
mi,103,version_41,0,temporal_array,100,43,25,0.8177083333333334,ok,1,0.8516995614035088,0.8516995614035088,0.033991228070175405,0.9935897435897436,12
mi,103,version_41,0,temporal_array,100,44,25,0.8177083333333334,ok,1,0.8418311403508771,0.8418311403508771,0.024122807017543768,0.858974358974359,2
mi,103,version_41,0,temporal_array,100,45,25,0.8177083333333334,ok,1,0.8453947368421052,0.8453947368421052,0.02768640350877183,0.8012820512820513,9
mi,103,version_41,0,temporal_array,100,46,25,0.8177083333333334,ok,0,0.8308662280701753,0.8177083333333334,0.0,0.9102564102564101,0
mi,103,version_41,0,temporal_array,150,42,38,0.9178240740740741,ok,1,0.8738425925925927,0.8738425925925927,-0.0439814814814814,0.888888888888889,3
mi,103,version_41,0,temporal_array,150,43,38,0.9178240740740741,ok,1,0.8298611111111112,0.8298611111111112,-0.08796296296296291,0.9361111111111111,11
mi,103,version_41,0,temporal_array,150,44,38,0.9178240740740741,ok,1,0.8657407407407408,0.8657407407407408,-0.05208333333333326,0.9305555555555556,5
mi,103,version_41,0,temporal_array,150,45,38,0.9178240740740741,ok,1,0.8344907407407407,0.8344907407407407,-0.08333333333333337,0.8944444444444445,22
mi,103,version_41,0,temporal_array,150,46,38,0.9178240740740741,ok,1,0.8425925925925926,0.8425925925925926,-0.07523148148148151,0.9583333333333334,13
mi,103,version_41,17,stratified,10,42,2,0.6807381193124368,ungateable,,,0.6807381193124368,0.0,,
mi,103,version_41,17,stratified,10,43,2,0.6927873272665992,ungateable,,,0.6927873272665992,0.0,,
mi,103,version_41,17,stratified,10,44,2,0.7082069430401079,ungateable,,,0.7082069430401079,0.0,,
mi,103,version_41,17,stratified,10,45,2,0.6934614088304685,ungateable,,,0.6934614088304685,0.0,,
mi,103,version_41,17,stratified,10,46,2,0.7045837546343107,ungateable,,,0.7045837546343107,0.0,,
mi,103,version_41,17,stratified,20,42,5,0.687361419068736,ungateable,,,0.687361419068736,0.0,,
mi,103,version_41,17,stratified,20,43,5,0.6905025868440502,ungateable,,,0.6905025868440502,0.0,,
mi,103,version_41,17,stratified,20,44,5,0.7200665188470066,ungateable,,,0.7200665188470066,0.0,,
mi,103,version_41,17,stratified,20,45,5,0.693920916481892,ungateable,,,0.693920916481892,0.0,,
mi,103,version_41,17,stratified,20,46,5,0.7075942350332595,ungateable,,,0.7075942350332595,0.0,,
mi,103,version_41,17,stratified,50,42,12,0.6831609123769163,ok,1,0.7276579832980182,0.7276579832980182,0.04449707092110189,0.7714285714285715,25
mi,103,version_41,17,stratified,50,43,12,0.6892683534837343,ok,1,0.7168141592920353,0.7168141592920353,0.027545805808301016,0.8285714285714286,6
mi,103,version_41,17,stratified,50,44,12,0.7178112925339649,ok,0,0.7181852174996883,0.7178112925339649,0.0,0.7428571428571429,0
mi,103,version_41,17,stratified,50,45,12,0.7156923843948648,ok,1,0.68989156175994,0.68989156175994,-0.02580082263492478,0.7428571428571429,33
mi,103,version_41,17,stratified,50,46,12,0.7191823507416178,ok,0,0.7146952511529353,0.7191823507416178,0.0,0.7142857142857143,0
mi,103,version_41,17,stratified,100,42,25,0.6702626641651032,ok,1,0.7042682926829269,0.7042682926829269,0.03400562851782374,0.8402777777777778,19
mi,103,version_41,17,stratified,100,43,25,0.6840994371482176,ok,1,0.7033302063789868,0.7033302063789868,0.019230769230769162,0.7986111111111112,6
mi,103,version_41,17,stratified,100,44,25,0.6782363977485929,ok,0,0.6843339587242027,0.6782363977485929,0.0,0.6875,2
mi,103,version_41,17,stratified,100,45,25,0.6848030018761726,ok,1,0.7061444652908068,0.7061444652908068,0.021341463414634165,0.8333333333333334,4
mi,103,version_41,17,stratified,100,46,25,0.7476547842401501,ok,1,0.7216228893058161,0.7216228893058161,-0.026031894934334,0.6200000000000001,57
mi,103,version_41,17,stratified,150,42,38,0.703125,ok,1,0.7163461538461539,0.7163461538461539,0.013221153846153855,0.6753623188405797,0
mi,103,version_41,17,stratified,150,43,38,0.6911057692307692,ok,1,0.7085336538461539,0.7085336538461539,0.017427884615384692,0.7217391304347825,6
mi,103,version_41,17,stratified,150,44,38,0.7530048076923077,ok,1,0.7728365384615384,0.7728365384615384,0.019831730769230727,0.672463768115942,3
mi,103,version_41,17,stratified,150,45,38,0.6550480769230769,ok,1,0.6959134615384616,0.6959134615384616,0.04086538461538469,0.7333333333333333,13
mi,103,version_41,17,stratified,150,46,38,0.7301682692307693,ok,1,0.7524038461538461,0.7524038461538461,0.022235576923076872,0.6376811594202899,25
mi,103,version_41,17,stratified,200,42,50,0.7655677655677656,ok,1,0.728937728937729,0.728937728937729,-0.03663003663003661,0.7215619694397284,1
mi,103,version_41,17,stratified,200,43,50,0.652014652014652,ok,1,0.684981684981685,0.684981684981685,0.03296703296703296,0.7283531409168081,9
mi,103,version_41,17,stratified,200,44,50,0.673992673992674,ok,1,0.6849816849816851,0.6849816849816851,0.010989010989011061,0.8047538200339558,5
mi,103,version_41,17,stratified,200,45,50,0.6263736263736264,ok,1,0.7582417582417582,0.7582417582417582,0.13186813186813184,0.5585738539898132,23
mi,103,version_41,17,stratified,200,46,50,0.728937728937729,ok,1,0.7509157509157509,0.7509157509157509,0.0219780219780219,0.797962648556876,0
mi,103,version_41,17,temporal_array,10,42,2,0.697672450275074,ungateable,,,0.697672450275074,0.0,,
mi,103,version_41,17,temporal_array,10,43,2,0.697672450275074,ungateable,,,0.697672450275074,0.0,,
mi,103,version_41,17,temporal_array,10,44,2,0.697672450275074,ungateable,,,0.697672450275074,0.0,,
mi,103,version_41,17,temporal_array,10,45,2,0.697672450275074,ungateable,,,0.697672450275074,0.0,,
mi,103,version_41,17,temporal_array,10,46,2,0.697672450275074,ungateable,,,0.697672450275074,0.0,,
mi,103,version_41,17,temporal_array,20,42,5,0.6891791044776119,ungateable,,,0.6891791044776119,0.0,,
mi,103,version_41,17,temporal_array,20,43,5,0.6891791044776119,ungateable,,,0.6891791044776119,0.0,,
mi,103,version_41,17,temporal_array,20,44,5,0.6891791044776119,ungateable,,,0.6891791044776119,0.0,,
mi,103,version_41,17,temporal_array,20,45,5,0.6891791044776119,ungateable,,,0.6891791044776119,0.0,,
mi,103,version_41,17,temporal_array,20,46,5,0.6891791044776119,ungateable,,,0.6891791044776119,0.0,,
mi,103,version_41,17,temporal_array,50,42,12,0.6774739583333333,ok,1,0.696484375,0.696484375,0.019010416666666696,0.9166666666666667,13
mi,103,version_41,17,temporal_array,50,43,12,0.6774739583333333,ok,1,0.6912760416666666,0.6912760416666666,0.013802083333333215,1.0,6
mi,103,version_41,17,temporal_array,50,44,12,0.6774739583333333,ok,1,0.6940104166666666,0.6940104166666666,0.01653645833333328,0.6388888888888888,27
mi,103,version_41,17,temporal_array,50,45,12,0.6774739583333333,ok,1,0.7066406249999999,0.7066406249999999,0.029166666666666563,0.8055555555555556,11
mi,103,version_41,17,temporal_array,50,46,12,0.6774739583333333,ok,0,0.6821614583333333,0.6774739583333333,0.0,0.7222222222222223,0
mi,103,version_41,17,temporal_array,100,42,25,0.6880482456140351,ok,1,0.6981907894736842,0.6981907894736842,0.010142543859649078,0.6602564102564104,6
mi,103,version_41,17,temporal_array,100,43,25,0.6880482456140351,ok,1,0.6916118421052632,0.6916118421052632,0.0035635964912280604,0.8653846153846154,7
mi,103,version_41,17,temporal_array,100,44,25,0.6880482456140351,ok,1,0.6965460526315789,0.6965460526315789,0.008497807017543768,0.6602564102564102,3
mi,103,version_41,17,temporal_array,100,45,25,0.6880482456140351,ok,1,0.6836622807017543,0.6836622807017543,-0.004385964912280826,0.8397435897435898,23
mi,103,version_41,17,temporal_array,100,46,25,0.6880482456140351,ok,0,0.6896929824561404,0.6880482456140351,0.0,0.891025641025641,0
mi,103,version_41,17,temporal_array,150,42,38,0.6655092592592592,ok,1,0.6863425925925926,0.6863425925925926,0.02083333333333337,0.4972222222222223,1
mi,103,version_41,17,temporal_array,150,43,38,0.6655092592592592,ok,1,0.6805555555555556,0.6805555555555556,0.015046296296296391,0.8111111111111111,10
mi,103,version_41,17,temporal_array,150,44,38,0.6655092592592592,ok,1,0.7199074074074074,0.7199074074074074,0.05439814814814825,0.8250000000000001,14
mi,103,version_41,17,temporal_array,150,45,38,0.6655092592592592,ok,0,0.6666666666666667,0.6655092592592592,0.0,0.7333333333333334,0
mi,103,version_41,17,temporal_array,150,46,38,0.6655092592592592,ok,1,0.6365740740740741,0.6365740740740741,-0.02893518518518512,0.7722222222222221,9
mi,104,version_27,0,stratified,10,42,2,0.9077380952380952,ungateable,,,0.9077380952380952,0.0,,
mi,104,version_27,0,stratified,10,43,2,0.8974964985994398,ungateable,,,0.8974964985994398,0.0,,
mi,104,version_27,0,stratified,10,44,2,0.8964460784313726,ungateable,,,0.8964460784313726,0.0,,
mi,104,version_27,0,stratified,10,45,2,0.8961834733893558,ungateable,,,0.8961834733893558,0.0,,
mi,104,version_27,0,stratified,10,46,2,0.9037114845938375,ungateable,,,0.9037114845938375,0.0,,
mi,104,version_27,0,stratified,20,42,5,0.9028846153846153,ungateable,,,0.9028846153846153,0.0,,
mi,104,version_27,0,stratified,20,43,5,0.8942307692307692,ungateable,,,0.8942307692307692,0.0,,
mi,104,version_27,0,stratified,20,44,5,0.9017307692307692,ungateable,,,0.9017307692307692,0.0,,
mi,104,version_27,0,stratified,20,45,5,0.8938461538461538,ungateable,,,0.8938461538461538,0.0,,
mi,104,version_27,0,stratified,20,46,5,0.9036538461538461,ungateable,,,0.9036538461538461,0.0,,
mi,104,version_27,0,stratified,50,42,12,0.9062540801671237,ok,0,0.9083431257344301,0.9062540801671237,0.0,0.9428571428571428,0
mi,104,version_27,0,stratified,50,43,12,0.9002480741611176,ok,0,0.9028593811202507,0.9002480741611176,0.0,0.7142857142857142,0
mi,104,version_27,0,stratified,50,44,12,0.9087348217783,ok,0,0.9091265178221701,0.9087348217783,0.0,1.0,0
mi,104,version_27,0,stratified,50,45,12,0.9037733385559472,ok,1,0.9062540801671236,0.9062540801671236,0.002480741611176396,0.8857142857142857,32
mi,104,version_27,0,stratified,50,46,12,0.9223136179657918,ok,1,0.923358140749445,0.923358140749445,0.00104452278365319,0.7428571428571429,7
mi,104,version_27,0,stratified,100,42,25,0.91575,ok,1,0.9172499999999999,0.9172499999999999,0.0014999999999999458,0.9375,8
mi,104,version_27,0,stratified,100,43,25,0.91325,ok,1,0.905,0.905,-0.00824999999999998,0.9027777777777778,14
mi,104,version_27,0,stratified,100,44,25,0.909,ok,1,0.9039999999999999,0.9039999999999999,-0.0050000000000001155,0.9583333333333333,1
mi,104,version_27,0,stratified,100,45,25,0.9065,ok,1,0.89975,0.89975,-0.006749999999999923,0.9733333333333334,8
mi,104,version_27,0,stratified,100,46,25,0.925,ok,0,0.925,0.925,0.0,0.9066666666666667,0
mi,104,version_27,0,stratified,150,42,38,0.9289005924950625,ok,1,0.9190256747860435,0.9190256747860435,-0.009874917709019049,0.8273809523809523,22
mi,104,version_27,0,stratified,150,43,38,0.9308755760368663,ok,1,0.9289005924950626,0.9289005924950626,-0.0019749835418036987,0.9464285714285714,17
mi,104,version_27,0,stratified,150,44,38,0.8986175115207373,ok,0,0.89137590520079,0.8986175115207373,0.0,0.9464285714285714,0
mi,104,version_27,0,stratified,150,45,38,0.9341672152732061,ok,1,0.890059249506254,0.890059249506254,-0.044107965766952084,0.9642857142857142,30
mi,104,version_27,0,stratified,150,46,38,0.9447004608294931,ok,1,0.9473337722185649,0.9473337722185649,0.0026333113890717463,0.8898809523809523,6
mi,104,version_27,0,stratified,200,42,50,0.9569377990430623,ok,1,0.9473684210526316,0.9473684210526316,-0.009569377990430672,0.8658743633276741,6
mi,104,version_27,0,stratified,200,43,50,0.8851674641148325,ok,1,0.8851674641148325,0.8851674641148325,0.0,0.937181663837012,2
mi,104,version_27,0,stratified,200,44,50,0.784688995215311,ok,1,0.799043062200957,0.799043062200957,0.014354066985646008,0.9168081494057725,2
mi,104,version_27,0,stratified,200,45,50,0.937799043062201,ok,1,0.9473684210526315,0.9473684210526315,0.009569377990430561,0.9066213921901528,5
mi,104,version_27,0,stratified,200,46,50,0.8468899521531101,ok,0,0.9282296650717703,0.8468899521531101,0.0,0.9660441426146009,5
mi,104,version_27,0,temporal_array,10,42,2,0.9022953126374109,ungateable,,,0.9022953126374109,0.0,,
mi,104,version_27,0,temporal_array,10,43,2,0.9022953126374109,ungateable,,,0.9022953126374109,0.0,,
mi,104,version_27,0,temporal_array,10,44,2,0.9022953126374109,ungateable,,,0.9022953126374109,0.0,,
mi,104,version_27,0,temporal_array,10,45,2,0.9022953126374109,ungateable,,,0.9022953126374109,0.0,,
mi,104,version_27,0,temporal_array,10,46,2,0.9022953126374109,ungateable,,,0.9022953126374109,0.0,,
mi,104,version_27,0,temporal_array,20,42,5,0.9088966588966589,ungateable,,,0.9088966588966589,0.0,,
mi,104,version_27,0,temporal_array,20,43,5,0.9088966588966589,ungateable,,,0.9088966588966589,0.0,,
mi,104,version_27,0,temporal_array,20,44,5,0.9088966588966589,ungateable,,,0.9088966588966589,0.0,,
mi,104,version_27,0,temporal_array,20,45,5,0.9088966588966589,ungateable,,,0.9088966588966589,0.0,,
mi,104,version_27,0,temporal_array,20,46,5,0.9088966588966589,ungateable,,,0.9088966588966589,0.0,,
mi,104,version_27,0,temporal_array,50,42,12,0.9115636960087479,ok,0,0.9085565882996173,0.9115636960087479,0.0,0.9444444444444444,0
mi,104,version_27,0,temporal_array,50,43,12,0.9115636960087479,ok,0,0.9100601421541826,0.9115636960087479,0.0,0.8055555555555556,0
mi,104,version_27,0,temporal_array,50,44,12,0.9115636960087479,ok,0,0.9117003827227993,0.9115636960087479,0.0,0.8611111111111112,0
mi,104,version_27,0,temporal_array,50,45,12,0.9115636960087479,ok,0,0.9129305631492619,0.9115636960087479,0.0,0.8055555555555556,0
mi,104,version_27,0,temporal_array,50,46,12,0.9115636960087479,ok,0,0.9106068890103882,0.9115636960087479,0.0,0.9444444444444444,0
mi,104,version_27,0,temporal_array,100,42,25,0.9184397163120568,ok,1,0.9205082742316785,0.9205082742316785,0.002068557919621683,0.8846153846153847,0
mi,104,version_27,0,temporal_array,100,43,25,0.9184397163120568,ok,0,0.9196217494089836,0.9184397163120568,0.0,0.7692307692307693,0
mi,104,version_27,0,temporal_array,100,44,25,0.9184397163120568,ok,1,0.9021867612293144,0.9021867612293144,-0.016252955082742382,0.9615384615384616,26
mi,104,version_27,0,temporal_array,100,45,25,0.9184397163120568,ok,0,0.9202127659574468,0.9184397163120568,0.0,0.9294871794871795,0
mi,104,version_27,0,temporal_array,100,46,25,0.9184397163120568,ok,1,0.9216903073286051,0.9216903073286051,0.003250591016548343,0.8717948717948718,7
mi,104,version_27,0,temporal_array,150,42,38,0.8742857142857143,ok,1,0.8914285714285715,0.8914285714285715,0.017142857142857126,0.8916666666666666,5
mi,104,version_27,0,temporal_array,150,43,38,0.8742857142857143,ok,0,0.8728571428571429,0.8742857142857143,0.0,0.9194444444444444,0
mi,104,version_27,0,temporal_array,150,44,38,0.8742857142857143,ok,1,0.8814285714285713,0.8814285714285713,0.0071428571428570065,0.9861111111111112,10
mi,104,version_27,0,temporal_array,150,45,38,0.8742857142857143,ok,1,0.8771428571428571,0.8771428571428571,0.0028571428571427804,0.9333333333333333,0
mi,104,version_27,0,temporal_array,150,46,38,0.8742857142857143,ok,1,0.8914285714285713,0.8914285714285713,0.017142857142857015,0.9277777777777778,5
mi,104,version_27,17,stratified,10,42,2,0.6415441176470588,ungateable,,,0.6415441176470588,0.0,,
mi,104,version_27,17,stratified,10,43,2,0.6419817927170868,ungateable,,,0.6419817927170868,0.0,,
mi,104,version_27,17,stratified,10,44,2,0.6330532212885154,ungateable,,,0.6330532212885154,0.0,,
mi,104,version_27,17,stratified,10,45,2,0.6420693277310925,ungateable,,,0.6420693277310925,0.0,,
mi,104,version_27,17,stratified,10,46,2,0.6360294117647058,ungateable,,,0.6360294117647058,0.0,,
mi,104,version_27,17,stratified,20,42,5,0.6372115384615384,ungateable,,,0.6372115384615384,0.0,,
mi,104,version_27,17,stratified,20,43,5,0.64,ungateable,,,0.64,0.0,,
mi,104,version_27,17,stratified,20,44,5,0.635,ungateable,,,0.635,0.0,,
mi,104,version_27,17,stratified,20,45,5,0.6483653846153846,ungateable,,,0.6483653846153846,0.0,,
mi,104,version_27,17,stratified,20,46,5,0.6337499999999999,ungateable,,,0.6337499999999999,0.0,,
mi,104,version_27,17,stratified,50,42,12,0.6226661444052748,ok,0,0.6137877007442225,0.6226661444052748,0.0,0.6285714285714287,0
mi,104,version_27,17,stratified,50,43,12,0.6384645515080297,ok,1,0.6107846977412195,0.6107846977412195,-0.02767985376681026,0.6857142857142857,2
mi,104,version_27,17,stratified,50,44,12,0.6721504112808461,ok,0,0.6583104843974409,0.6721504112808461,0.0,0.6000000000000001,0
mi,104,version_27,17,stratified,50,45,12,0.6447316882099492,ok,0,0.6306306306306306,0.6447316882099492,0.0,0.3142857142857143,0
mi,104,version_27,17,stratified,50,46,12,0.6254080167123646,ok,1,0.5879357618488054,0.5879357618488054,-0.03747225486355921,0.7428571428571429,9
mi,104,version_27,17,stratified,100,42,25,0.63125,ok,0,0.63075,0.63125,0.0,0.5972222222222222,12
mi,104,version_27,17,stratified,100,43,25,0.6485,ok,1,0.6047499999999999,0.6047499999999999,-0.04375000000000007,0.5625,1
mi,104,version_27,17,stratified,100,44,25,0.65125,ok,0,0.62975,0.65125,0.0,0.7569444444444444,0
mi,104,version_27,17,stratified,100,45,25,0.65475,ok,1,0.5985,0.5985,-0.05625000000000002,0.6666666666666665,4
mi,104,version_27,17,stratified,100,46,25,0.56975,ok,1,0.5375,0.5375,-0.03225,0.6333333333333333,6
mi,104,version_27,17,stratified,150,42,38,0.6438446346280448,ok,1,0.6451612903225807,0.6451612903225807,0.0013166556945359842,0.6726190476190477,70
mi,104,version_27,17,stratified,150,43,38,0.6346280447662936,ok,1,0.619486504279131,0.619486504279131,-0.015141540487162652,0.5773809523809523,29
mi,104,version_27,17,stratified,150,44,38,0.6609611586570111,ok,1,0.653061224489796,0.653061224489796,-0.007899934167215128,0.6458333333333334,14
mi,104,version_27,17,stratified,150,45,38,0.6761026991441738,ok,1,0.7182356813693219,0.7182356813693219,0.04213298222514816,0.6607142857142857,44
mi,104,version_27,17,stratified,150,46,38,0.5707702435813035,ok,1,0.6129032258064516,0.6129032258064516,0.04213298222514816,0.7321428571428572,54
mi,104,version_27,17,stratified,200,42,50,0.5837320574162679,ok,1,0.7655502392344498,0.7655502392344498,0.18181818181818188,0.7113752122241086,82
mi,104,version_27,17,stratified,200,43,50,0.5358851674641149,ok,1,0.5598086124401914,0.5598086124401914,0.02392344497607657,0.5721561969439728,40
mi,104,version_27,17,stratified,200,44,50,0.5119617224880382,ok,1,0.5645933014354066,0.5645933014354066,0.052631578947368474,0.66383701188455,55
mi,104,version_27,17,stratified,200,45,50,0.645933014354067,ok,1,0.6842105263157895,0.6842105263157895,0.038277511961722466,0.5789473684210527,32
mi,104,version_27,17,stratified,200,46,50,0.5311004784688995,ok,1,0.5311004784688995,0.5311004784688995,0.0,0.8471986417657047,38
mi,104,version_27,17,temporal_array,10,42,2,0.6344208952598716,ungateable,,,0.6344208952598716,0.0,,
mi,104,version_27,17,temporal_array,10,43,2,0.6344208952598716,ungateable,,,0.6344208952598716,0.0,,
mi,104,version_27,17,temporal_array,10,44,2,0.6344208952598716,ungateable,,,0.6344208952598716,0.0,,
mi,104,version_27,17,temporal_array,10,45,2,0.6344208952598716,ungateable,,,0.6344208952598716,0.0,,
mi,104,version_27,17,temporal_array,10,46,2,0.6344208952598716,ungateable,,,0.6344208952598716,0.0,,
mi,104,version_27,17,temporal_array,20,42,5,0.6318958818958819,ungateable,,,0.6318958818958819,0.0,,
mi,104,version_27,17,temporal_array,20,43,5,0.6318958818958819,ungateable,,,0.6318958818958819,0.0,,
mi,104,version_27,17,temporal_array,20,44,5,0.6318958818958819,ungateable,,,0.6318958818958819,0.0,,
mi,104,version_27,17,temporal_array,20,45,5,0.6318958818958819,ungateable,,,0.6318958818958819,0.0,,
mi,104,version_27,17,temporal_array,20,46,5,0.6318958818958819,ungateable,,,0.6318958818958819,0.0,,
mi,104,version_27,17,temporal_array,50,42,12,0.6261618370694368,ok,1,0.6111262985237835,0.6111262985237835,-0.015035538545653315,0.6944444444444445,0
mi,104,version_27,17,temporal_array,50,43,12,0.6261618370694368,ok,1,0.5604155276107162,0.5604155276107162,-0.06574630945872062,0.6111111111111112,6
mi,104,version_27,17,temporal_array,50,44,12,0.6261618370694368,ok,1,0.5691634773100055,0.5691634773100055,-0.05699835975943135,0.75,52
mi,104,version_27,17,temporal_array,50,45,12,0.6261618370694368,ok,1,0.5501640240568617,0.5501640240568617,-0.07599781301257513,0.4166666666666667,5
mi,104,version_27,17,temporal_array,50,46,12,0.6261618370694368,ok,1,0.558911973756151,0.558911973756151,-0.06724986331328586,0.9444444444444444,3
mi,104,version_27,17,temporal_array,100,42,25,0.7047872340425532,ok,1,0.599290780141844,0.599290780141844,-0.10549645390070916,0.5961538461538461,63
mi,104,version_27,17,temporal_array,100,43,25,0.7047872340425532,ok,1,0.6170212765957447,0.6170212765957447,-0.08776595744680848,0.4807692307692308,2
mi,104,version_27,17,temporal_array,100,44,25,0.7047872340425532,ok,1,0.6770094562647754,0.6770094562647754,-0.02777777777777779,0.6025641025641026,0
mi,104,version_27,17,temporal_array,100,45,25,0.7047872340425532,ok,1,0.6273640661938534,0.6273640661938534,-0.07742316784869974,0.7051282051282052,6
mi,104,version_27,17,temporal_array,100,46,25,0.7047872340425532,ok,1,0.6445035460992907,0.6445035460992907,-0.06028368794326244,0.8717948717948718,1
mi,104,version_27,17,temporal_array,150,42,38,0.6528571428571428,ok,1,0.5614285714285714,0.5614285714285714,-0.09142857142857141,0.6694444444444445,46
mi,104,version_27,17,temporal_array,150,43,38,0.6528571428571428,ok,0,0.5957142857142858,0.6528571428571428,0.0,0.6222222222222222,0
mi,104,version_27,17,temporal_array,150,44,38,0.6528571428571428,ok,1,0.5657142857142857,0.5657142857142857,-0.08714285714285708,0.6333333333333333,11
mi,104,version_27,17,temporal_array,150,45,38,0.6528571428571428,ok,1,0.5985714285714285,0.5985714285714285,-0.05428571428571427,0.7916666666666667,47
mi,104,version_27,17,temporal_array,150,46,38,0.6528571428571428,ok,1,0.5985714285714285,0.5985714285714285,-0.05428571428571427,0.7138888888888889,23
mi,104,version_28,0,stratified,10,42,2,0.8828781512605042,ungateable,,,0.8828781512605042,0.0,,
mi,104,version_28,0,stratified,10,43,2,0.8779761904761905,ungateable,,,0.8779761904761905,0.0,,
mi,104,version_28,0,stratified,10,44,2,0.8720238095238095,ungateable,,,0.8720238095238095,0.0,,
mi,104,version_28,0,stratified,10,45,2,0.8710609243697479,ungateable,,,0.8710609243697479,0.0,,
mi,104,version_28,0,stratified,10,46,2,0.8835784313725491,ungateable,,,0.8835784313725491,0.0,,
mi,104,version_28,0,stratified,20,42,5,0.8772115384615385,ungateable,,,0.8772115384615385,0.0,,
mi,104,version_28,0,stratified,20,43,5,0.8724038461538461,ungateable,,,0.8724038461538461,0.0,,
mi,104,version_28,0,stratified,20,44,5,0.8782692307692308,ungateable,,,0.8782692307692308,0.0,,
mi,104,version_28,0,stratified,20,45,5,0.8649038461538462,ungateable,,,0.8649038461538462,0.0,,
mi,104,version_28,0,stratified,20,46,5,0.8824038461538461,ungateable,,,0.8824038461538461,0.0,,
mi,104,version_28,0,stratified,50,42,12,0.8798798798798799,ok,0,0.8901945423684554,0.8798798798798799,0.0,1.0,0
mi,104,version_28,0,stratified,50,43,12,0.8865387126256691,ok,0,0.902337119728424,0.8865387126256691,0.0,0.8285714285714285,1
mi,104,version_28,0,stratified,50,44,12,0.8952865909387648,ok,0,0.9018148583365975,0.8952865909387648,0.0,0.9714285714285715,0
mi,104,version_28,0,stratified,50,45,12,0.8788353570962266,ok,1,0.8984201592897245,0.8984201592897245,0.019584802193497897,0.9428571428571428,8
mi,104,version_28,0,stratified,50,46,12,0.8948948948948949,ok,0,0.9029899464682074,0.8948948948948949,0.0,0.8285714285714286,0
mi,104,version_28,0,stratified,100,42,25,0.8852500000000001,ok,1,0.93075,0.93075,0.045499999999999874,0.8819444444444444,10
mi,104,version_28,0,stratified,100,43,25,0.89225,ok,1,0.91425,0.91425,0.02200000000000002,0.9583333333333334,5
mi,104,version_28,0,stratified,100,44,25,0.8795,ok,1,0.9252500000000001,0.9252500000000001,0.04575000000000018,0.9583333333333333,6
mi,104,version_28,0,stratified,100,45,25,0.88425,ok,1,0.89825,0.89825,0.014000000000000012,0.9666666666666668,14
mi,104,version_28,0,stratified,100,46,25,0.89525,ok,1,0.9125000000000001,0.9125000000000001,0.0172500000000001,0.9133333333333334,1
mi,104,version_28,0,stratified,150,42,38,0.8874259381171823,ok,1,0.934825543120474,0.934825543120474,0.047399605003291656,0.8125,5
mi,104,version_28,0,stratified,150,43,38,0.9249506254114549,ok,1,0.9407504937458855,0.9407504937458855,0.01579986833443059,0.9136904761904763,12
mi,104,version_28,0,stratified,150,44,38,0.8729427254772877,ok,1,0.934825543120474,0.934825543120474,0.06188281764318626,0.9255952380952381,4
mi,104,version_28,0,stratified,150,45,38,0.9084924292297565,ok,1,0.8986175115207373,0.8986175115207373,-0.00987491770901916,0.9613095238095238,8
mi,104,version_28,0,stratified,150,46,38,0.8992758393680053,ok,1,0.9598420013166556,0.9598420013166556,0.06056616194865039,0.8363095238095238,10
mi,104,version_28,0,stratified,200,42,50,0.9569377990430621,ok,1,0.9617224880382775,0.9617224880382775,0.004784688995215447,0.9032258064516129,3
mi,104,version_28,0,stratified,200,43,50,0.8899521531100478,ok,1,0.9138755980861244,0.9138755980861244,0.02392344497607657,0.9354838709677419,3
mi,104,version_28,0,stratified,200,44,50,0.7799043062200957,ok,1,0.8038277511961722,0.8038277511961722,0.02392344497607657,0.9388794567062819,0
mi,104,version_28,0,stratified,200,45,50,0.8755980861244019,ok,1,0.9090909090909091,0.9090909090909091,0.03349282296650713,0.9219015280135823,1
mi,104,version_28,0,stratified,200,46,50,0.7607655502392345,ok,1,0.9186602870813398,0.9186602870813398,0.1578947368421053,0.9762308998302207,5
mi,104,version_28,0,temporal_array,10,42,2,0.8816287045994196,ungateable,,,0.8816287045994196,0.0,,
mi,104,version_28,0,temporal_array,10,43,2,0.8816287045994196,ungateable,,,0.8816287045994196,0.0,,
mi,104,version_28,0,temporal_array,10,44,2,0.8816287045994196,ungateable,,,0.8816287045994196,0.0,,
mi,104,version_28,0,temporal_array,10,45,2,0.8816287045994196,ungateable,,,0.8816287045994196,0.0,,
mi,104,version_28,0,temporal_array,10,46,2,0.8816287045994196,ungateable,,,0.8816287045994196,0.0,,
mi,104,version_28,0,temporal_array,20,42,5,0.8869463869463869,ungateable,,,0.8869463869463869,0.0,,
mi,104,version_28,0,temporal_array,20,43,5,0.8869463869463869,ungateable,,,0.8869463869463869,0.0,,
mi,104,version_28,0,temporal_array,20,44,5,0.8869463869463869,ungateable,,,0.8869463869463869,0.0,,
mi,104,version_28,0,temporal_array,20,45,5,0.8869463869463869,ungateable,,,0.8869463869463869,0.0,,
mi,104,version_28,0,temporal_array,20,46,5,0.8869463869463869,ungateable,,,0.8869463869463869,0.0,,
mi,104,version_28,0,temporal_array,50,42,12,0.8864133406232915,ok,0,0.8828594860579552,0.8864133406232915,0.0,0.9444444444444444,0
mi,104,version_28,0,temporal_array,50,43,12,0.8864133406232915,ok,0,0.8875068343357025,0.8864133406232915,0.0,0.8611111111111112,0
mi,104,version_28,0,temporal_array,50,44,12,0.8864133406232915,ok,0,0.8932476763258611,0.8864133406232915,0.0,0.8333333333333334,0
mi,104,version_28,0,temporal_array,50,45,12,0.8864133406232915,ok,0,0.8914707490431929,0.8864133406232915,0.0,0.8055555555555556,0
mi,104,version_28,0,temporal_array,50,46,12,0.8864133406232915,ok,1,0.8951612903225806,0.8951612903225806,0.00874794969928916,0.8611111111111112,8
mi,104,version_28,0,temporal_array,100,42,25,0.9051418439716312,ok,0,0.9210992907801419,0.9051418439716312,0.0,0.8717948717948718,2
mi,104,version_28,0,temporal_array,100,43,25,0.9051418439716312,ok,0,0.9069148936170213,0.9051418439716312,0.0,0.782051282051282,0
mi,104,version_28,0,temporal_array,100,44,25,0.9051418439716312,ok,1,0.9261229314420804,0.9261229314420804,0.020981087470449133,1.0,16
mi,104,version_28,0,temporal_array,100,45,25,0.9051418439716312,ok,1,0.9258274231678487,0.9258274231678487,0.020685579196217496,0.9294871794871795,16
mi,104,version_28,0,temporal_array,100,46,25,0.9051418439716312,ok,1,0.9408983451536643,0.9408983451536643,0.03575650118203311,0.8846153846153847,23
mi,104,version_28,0,temporal_array,150,42,38,0.8457142857142858,ok,1,0.8957142857142857,0.8957142857142857,0.04999999999999993,0.9166666666666666,43
mi,104,version_28,0,temporal_array,150,43,38,0.8457142857142858,ok,1,0.8828571428571429,0.8828571428571429,0.037142857142857144,0.9222222222222223,4
mi,104,version_28,0,temporal_array,150,44,38,0.8457142857142858,ok,0,0.8528571428571429,0.8457142857142858,0.0,0.9722222222222222,0
mi,104,version_28,0,temporal_array,150,45,38,0.8457142857142858,ok,0,0.8571428571428571,0.8457142857142858,0.0,0.8944444444444446,0
mi,104,version_28,0,temporal_array,150,46,38,0.8457142857142858,ok,1,0.9042857142857144,0.9042857142857144,0.05857142857142861,0.9472222222222222,14
mi,104,version_28,17,stratified,10,42,2,0.6207983193277311,ungateable,,,0.6207983193277311,0.0,,
mi,104,version_28,17,stratified,10,43,2,0.6231617647058824,ungateable,,,0.6231617647058824,0.0,,
mi,104,version_28,17,stratified,10,44,2,0.6144957983193278,ungateable,,,0.6144957983193278,0.0,,
mi,104,version_28,17,stratified,10,45,2,0.6185224089635855,ungateable,,,0.6185224089635855,0.0,,
mi,104,version_28,17,stratified,10,46,2,0.6074929971988796,ungateable,,,0.6074929971988796,0.0,,
mi,104,version_28,17,stratified,20,42,5,0.6099038461538462,ungateable,,,0.6099038461538462,0.0,,
mi,104,version_28,17,stratified,20,43,5,0.624423076923077,ungateable,,,0.624423076923077,0.0,,
mi,104,version_28,17,stratified,20,44,5,0.6136538461538461,ungateable,,,0.6136538461538461,0.0,,
mi,104,version_28,17,stratified,20,45,5,0.6220192307692307,ungateable,,,0.6220192307692307,0.0,,
mi,104,version_28,17,stratified,20,46,5,0.6026923076923076,ungateable,,,0.6026923076923076,0.0,,
mi,104,version_28,17,stratified,50,42,12,0.6060843452147799,ok,1,0.6029507768638204,0.6029507768638204,-0.00313356835095957,0.8,2
mi,104,version_28,17,stratified,50,43,12,0.6362449405927667,ok,0,0.6387256822039431,0.6362449405927667,0.0,0.3142857142857143,0
mi,104,version_28,17,stratified,50,44,12,0.6273664969317143,ok,1,0.7621099360229795,0.7621099360229795,0.13474343909126518,0.7714285714285715,49
mi,104,version_28,17,stratified,50,45,12,0.6371588980284633,ok,1,0.7350829089959525,0.7350829089959525,0.09792401096748926,0.8571428571428572,47
mi,104,version_28,17,stratified,50,46,12,0.6092179135657396,ok,1,0.6080428254341298,0.6080428254341298,-0.001175088131609825,0.8,0
mi,104,version_28,17,stratified,100,42,25,0.613,ok,1,0.78,0.78,0.16700000000000004,0.7083333333333334,53
mi,104,version_28,17,stratified,100,43,25,0.64375,ok,1,0.7465,0.7465,0.10275000000000001,0.7569444444444444,9
mi,104,version_28,17,stratified,100,44,25,0.6075,ok,1,0.73675,0.73675,0.12924999999999998,0.9375,23
mi,104,version_28,17,stratified,100,45,25,0.6467499999999999,ok,1,0.71825,0.71825,0.07150000000000012,0.8533333333333333,50
mi,104,version_28,17,stratified,100,46,25,0.5735,ok,1,0.73525,0.73525,0.16174999999999995,0.7333333333333334,16
mi,104,version_28,17,stratified,150,42,38,0.6392363396971692,ok,1,0.7419354838709677,0.7419354838709677,0.10269914417379855,0.880952380952381,55
mi,104,version_28,17,stratified,150,43,38,0.6899275839368005,ok,1,0.8215931533903884,0.8215931533903884,0.13166556945358787,0.7470238095238095,30
mi,104,version_28,17,stratified,150,44,38,0.5714285714285714,ok,1,0.7649769585253456,0.7649769585253456,0.19354838709677424,0.8452380952380952,38
mi,104,version_28,17,stratified,150,45,38,0.6214614878209348,ok,1,0.7741935483870968,0.7741935483870968,0.15273206056616195,0.7678571428571428,13
mi,104,version_28,17,stratified,150,46,38,0.5036208031599737,ok,1,0.7834101382488479,0.7834101382488479,0.27978933508887416,0.7857142857142857,54
mi,104,version_28,17,stratified,200,42,50,0.6267942583732058,ok,1,0.7129186602870814,0.7129186602870814,0.0861244019138756,0.8217317487266553,60
mi,104,version_28,17,stratified,200,43,50,0.6124401913875598,ok,1,0.8516746411483254,0.8516746411483254,0.23923444976076558,0.7623089983022071,35
mi,104,version_28,17,stratified,200,44,50,0.3971291866028708,ok,1,0.5980861244019139,0.5980861244019139,0.2009569377990431,0.8370118845500849,12
mi,104,version_28,17,stratified,200,45,50,0.5502392344497608,ok,1,0.7272727272727273,0.7272727272727273,0.17703349282296654,0.7062818336162988,11
mi,104,version_28,17,stratified,200,46,50,0.5789473684210527,ok,1,0.722488038277512,0.722488038277512,0.1435406698564593,0.8930390492359932,14
mi,104,version_28,17,temporal_array,10,42,2,0.6236918476827016,ungateable,,,0.6236918476827016,0.0,,
mi,104,version_28,17,temporal_array,10,43,2,0.6236918476827016,ungateable,,,0.6236918476827016,0.0,,
mi,104,version_28,17,temporal_array,10,44,2,0.6236918476827016,ungateable,,,0.6236918476827016,0.0,,
mi,104,version_28,17,temporal_array,10,45,2,0.6236918476827016,ungateable,,,0.6236918476827016,0.0,,
mi,104,version_28,17,temporal_array,10,46,2,0.6236918476827016,ungateable,,,0.6236918476827016,0.0,,
mi,104,version_28,17,temporal_array,20,42,5,0.6197552447552448,ungateable,,,0.6197552447552448,0.0,,
mi,104,version_28,17,temporal_array,20,43,5,0.6197552447552448,ungateable,,,0.6197552447552448,0.0,,
mi,104,version_28,17,temporal_array,20,44,5,0.6197552447552448,ungateable,,,0.6197552447552448,0.0,,
mi,104,version_28,17,temporal_array,20,45,5,0.6197552447552448,ungateable,,,0.6197552447552448,0.0,,
mi,104,version_28,17,temporal_array,20,46,5,0.6197552447552448,ungateable,,,0.6197552447552448,0.0,,
mi,104,version_28,17,temporal_array,50,42,12,0.6131765992345544,ok,0,0.6014215418261345,0.6131765992345544,0.0,0.7500000000000001,0
mi,104,version_28,17,temporal_array,50,43,12,0.6131765992345544,ok,1,0.5744942591580098,0.5744942591580098,-0.038682340076544586,0.611111111111111,2
mi,104,version_28,17,temporal_array,50,44,12,0.6131765992345544,ok,1,0.5770913067249863,0.5770913067249863,-0.036085292509568045,0.6388888888888891,2
mi,104,version_28,17,temporal_array,50,45,12,0.6131765992345544,ok,0,0.6083925642427556,0.6131765992345544,0.0,0.5555555555555556,0
mi,104,version_28,17,temporal_array,50,46,12,0.6131765992345544,ok,0,0.6026517222525971,0.6131765992345544,0.0,0.6666666666666667,0
mi,104,version_28,17,temporal_array,100,42,25,0.6326832151300237,ok,1,0.5842198581560284,0.5842198581560284,-0.048463356973995286,0.6474358974358974,1
mi,104,version_28,17,temporal_array,100,43,25,0.6326832151300237,ok,1,0.6134751773049645,0.6134751773049645,-0.0192080378250592,0.5256410256410257,0
mi,104,version_28,17,temporal_array,100,44,25,0.6326832151300237,ok,0,0.5856973995271868,0.6326832151300237,0.0,0.7628205128205129,6
mi,104,version_28,17,temporal_array,100,45,25,0.6326832151300237,ok,1,0.7609338061465721,0.7609338061465721,0.12825059101654845,0.6538461538461539,41
mi,104,version_28,17,temporal_array,100,46,25,0.6326832151300237,ok,1,0.7106973995271868,0.7106973995271868,0.07801418439716312,0.8012820512820513,21
mi,104,version_28,17,temporal_array,150,42,38,0.57,ok,0,0.6085714285714285,0.57,0.0,0.5916666666666667,8
mi,104,version_28,17,temporal_array,150,43,38,0.57,ok,1,0.7285714285714285,0.7285714285714285,0.15857142857142859,0.6833333333333333,30
mi,104,version_28,17,temporal_array,150,44,38,0.57,ok,1,0.5357142857142857,0.5357142857142857,-0.03428571428571425,0.6555555555555556,0
mi,104,version_28,17,temporal_array,150,45,38,0.57,ok,1,0.7,0.7,0.13,0.8583333333333334,32
mi,104,version_28,17,temporal_array,150,46,38,0.57,ok,1,0.6357142857142857,0.6357142857142857,0.06571428571428573,0.7888888888888889,9
mi,104,version_29,0,stratified,10,42,2,0.9121148459383754,ungateable,,,0.9121148459383754,0.0,,
mi,104,version_29,0,stratified,10,43,2,0.9028361344537815,ungateable,,,0.9028361344537815,0.0,,
mi,104,version_29,0,stratified,10,44,2,0.8986344537815126,ungateable,,,0.8986344537815126,0.0,,
mi,104,version_29,0,stratified,10,45,2,0.9008228291316527,ungateable,,,0.9008228291316527,0.0,,
mi,104,version_29,0,stratified,10,46,2,0.9075630252100841,ungateable,,,0.9075630252100841,0.0,,
mi,104,version_29,0,stratified,20,42,5,0.9082692307692307,ungateable,,,0.9082692307692307,0.0,,
mi,104,version_29,0,stratified,20,43,5,0.8993269230769231,ungateable,,,0.8993269230769231,0.0,,
mi,104,version_29,0,stratified,20,44,5,0.905,ungateable,,,0.905,0.0,,
mi,104,version_29,0,stratified,20,45,5,0.8951923076923076,ungateable,,,0.8951923076923076,0.0,,
mi,104,version_29,0,stratified,20,46,5,0.9053846153846155,ungateable,,,0.9053846153846155,0.0,,
mi,104,version_29,0,stratified,50,42,12,0.9037733385559472,ok,0,0.9042955999477739,0.9037733385559472,0.0,1.0,0
mi,104,version_29,0,stratified,50,43,12,0.8963311137224181,ok,0,0.8993341167254211,0.8963311137224181,0.0,0.8571428571428572,0
mi,104,version_29,0,stratified,50,44,12,0.9208773991382687,ok,0,0.9197023110066588,0.9208773991382687,0.0,0.9142857142857143,0
mi,104,version_29,0,stratified,50,45,12,0.8861470165817993,ok,1,0.8869304086695391,0.8869304086695391,0.0007833920877398093,0.942857142857143,0
mi,104,version_29,0,stratified,50,46,12,0.9126517822169996,ok,0,0.9126517822169997,0.9126517822169996,0.0,0.8857142857142857,0
mi,104,version_29,0,stratified,100,42,25,0.9122499999999999,ok,1,0.9139999999999999,0.9139999999999999,0.0017500000000000293,0.8680555555555556,3
mi,104,version_29,0,stratified,100,43,25,0.90425,ok,1,0.90325,0.90325,-0.0010000000000000009,0.9652777777777778,0
mi,104,version_29,0,stratified,100,44,25,0.92025,ok,1,0.927,0.927,0.006750000000000034,0.9444444444444444,4
mi,104,version_29,0,stratified,100,45,25,0.86375,ok,1,0.868,0.868,0.004249999999999976,0.9533333333333334,2
mi,104,version_29,0,stratified,100,46,25,0.92075,ok,0,0.92225,0.92075,0.0,0.9266666666666667,0
mi,104,version_29,0,stratified,150,42,38,0.9203423304805793,ok,1,0.9196840026333113,0.9196840026333113,-0.0006583278472680476,0.8601190476190477,2
mi,104,version_29,0,stratified,150,43,38,0.9328505595786701,ok,1,0.935483870967742,0.935483870967742,0.0026333113890718574,0.8869047619047619,1
mi,104,version_29,0,stratified,150,44,38,0.9308755760368663,ok,1,0.9328505595786701,0.9328505595786701,0.0019749835418038098,0.925595238095238,3
mi,104,version_29,0,stratified,150,45,38,0.8775510204081631,ok,0,0.8841342988808426,0.8775510204081631,0.0,0.9374999999999999,0
mi,104,version_29,0,stratified,150,46,38,0.9493087557603688,ok,1,0.9420671494404214,0.9420671494404214,-0.0072416063199474134,0.8422619047619049,5
mi,104,version_29,0,stratified,200,42,50,0.9473684210526316,ok,0,0.9425837320574162,0.9473684210526316,0.0,0.8777589134125636,0
mi,104,version_29,0,stratified,200,43,50,0.8899521531100478,ok,1,0.8755980861244019,0.8755980861244019,-0.014354066985645897,0.9303904923599321,2
mi,104,version_29,0,stratified,200,44,50,0.9090909090909092,ok,0,0.9043062200956937,0.9090909090909092,0.0,0.9337860780984719,0
mi,104,version_29,0,stratified,200,45,50,0.9090909090909091,ok,1,0.9138755980861244,0.9138755980861244,0.004784688995215336,0.8896434634974533,0
mi,104,version_29,0,stratified,200,46,50,0.937799043062201,ok,1,0.9665071770334928,0.9665071770334928,0.028708133971291794,0.9609507640067911,0
mi,104,version_29,0,temporal_array,10,42,2,0.9057250901415883,ungateable,,,0.9057250901415883,0.0,,
mi,104,version_29,0,temporal_array,10,43,2,0.9057250901415883,ungateable,,,0.9057250901415883,0.0,,
mi,104,version_29,0,temporal_array,10,44,2,0.9057250901415883,ungateable,,,0.9057250901415883,0.0,,
mi,104,version_29,0,temporal_array,10,45,2,0.9057250901415883,ungateable,,,0.9057250901415883,0.0,,
mi,104,version_29,0,temporal_array,10,46,2,0.9057250901415883,ungateable,,,0.9057250901415883,0.0,,
mi,104,version_29,0,temporal_array,20,42,5,0.9167637917637917,ungateable,,,0.9167637917637917,0.0,,
mi,104,version_29,0,temporal_array,20,43,5,0.9167637917637917,ungateable,,,0.9167637917637917,0.0,,
mi,104,version_29,0,temporal_array,20,44,5,0.9167637917637917,ungateable,,,0.9167637917637917,0.0,,
mi,104,version_29,0,temporal_array,20,45,5,0.9167637917637917,ungateable,,,0.9167637917637917,0.0,,
mi,104,version_29,0,temporal_array,20,46,5,0.9167637917637917,ungateable,,,0.9167637917637917,0.0,,
mi,104,version_29,0,temporal_array,50,42,12,0.9134773100054674,ok,0,0.9123838162930563,0.9134773100054674,0.0,0.9444444444444444,0
mi,104,version_29,0,temporal_array,50,43,12,0.9134773100054674,ok,0,0.9138873701476216,0.9134773100054674,0.0,0.8055555555555556,0
mi,104,version_29,0,temporal_array,50,44,12,0.9134773100054674,ok,0,0.9145708037178786,0.9134773100054674,0.0,0.8055555555555556,0
mi,104,version_29,0,temporal_array,50,45,12,0.9134773100054674,ok,0,0.91470749043193,0.9134773100054674,0.0,0.8055555555555556,0
mi,104,version_29,0,temporal_array,50,46,12,0.9134773100054674,ok,1,0.9092400218698743,0.9092400218698743,-0.004237288135593098,0.888888888888889,1
mi,104,version_29,0,temporal_array,100,42,25,0.9308510638297872,ok,0,0.9314420803782505,0.9308510638297872,0.0,0.8653846153846154,0
mi,104,version_29,0,temporal_array,100,43,25,0.9308510638297872,ok,0,0.9305555555555555,0.9308510638297872,0.0,0.8333333333333334,0
mi,104,version_29,0,temporal_array,100,44,25,0.9308510638297872,ok,1,0.928191489361702,0.928191489361702,-0.0026595744680851796,0.9487179487179488,2
mi,104,version_29,0,temporal_array,100,45,25,0.9308510638297872,ok,1,0.9261229314420804,0.9261229314420804,-0.004728132387706863,0.8397435897435898,4
mi,104,version_29,0,temporal_array,100,46,25,0.9308510638297872,ok,1,0.9231678486997635,0.9231678486997635,-0.0076832151300236795,0.8717948717948718,12
mi,104,version_29,0,temporal_array,150,42,38,0.9057142857142857,ok,1,0.9085714285714286,0.9085714285714286,0.0028571428571428914,0.9277777777777778,8
mi,104,version_29,0,temporal_array,150,43,38,0.9057142857142857,ok,1,0.9014285714285715,0.9014285714285715,-0.004285714285714226,0.8972222222222223,4
mi,104,version_29,0,temporal_array,150,44,38,0.9057142857142857,ok,1,0.8957142857142857,0.8957142857142857,-0.010000000000000009,0.975,8
mi,104,version_29,0,temporal_array,150,45,38,0.9057142857142857,ok,1,0.9014285714285715,0.9014285714285715,-0.004285714285714226,0.9305555555555556,0
mi,104,version_29,0,temporal_array,150,46,38,0.9057142857142857,ok,1,0.9099999999999999,0.9099999999999999,0.004285714285714226,0.9111111111111111,12
mi,104,version_29,17,stratified,10,42,2,0.7506127450980392,ungateable,,,0.7506127450980392,0.0,,
mi,104,version_29,17,stratified,10,43,2,0.7468487394957983,ungateable,,,0.7468487394957983,0.0,,
mi,104,version_29,17,stratified,10,44,2,0.7422093837535013,ungateable,,,0.7422093837535013,0.0,,
mi,104,version_29,17,stratified,10,45,2,0.7613795518207283,ungateable,,,0.7613795518207283,0.0,,
mi,104,version_29,17,stratified,10,46,2,0.7448354341736695,ungateable,,,0.7448354341736695,0.0,,
mi,104,version_29,17,stratified,20,42,5,0.7432692307692307,ungateable,,,0.7432692307692307,0.0,,
mi,104,version_29,17,stratified,20,43,5,0.7489423076923076,ungateable,,,0.7489423076923076,0.0,,
mi,104,version_29,17,stratified,20,44,5,0.7388461538461538,ungateable,,,0.7388461538461538,0.0,,
mi,104,version_29,17,stratified,20,45,5,0.7600961538461539,ungateable,,,0.7600961538461539,0.0,,
mi,104,version_29,17,stratified,20,46,5,0.7494230769230769,ungateable,,,0.7494230769230769,0.0,,
mi,104,version_29,17,stratified,50,42,12,0.7444836140488315,ok,0,0.7460503982243113,0.7444836140488315,0.0,0.9142857142857144,0
mi,104,version_29,17,stratified,50,43,12,0.7583235409322365,ok,0,0.7583235409322366,0.7583235409322365,0.0,0.6857142857142857,0
mi,104,version_29,17,stratified,50,44,12,0.7636767201984593,ok,1,0.7982765374069722,0.7982765374069722,0.034599817208512906,0.8857142857142857,28
mi,104,version_29,17,stratified,50,45,12,0.7679853766810288,ok,1,0.7972320146233189,0.7972320146233189,0.0292466379422901,0.6000000000000001,24
mi,104,version_29,17,stratified,50,46,12,0.7478783130957044,ok,1,0.7425251338294817,0.7425251338294817,-0.005353179266222696,0.8285714285714285,8
mi,104,version_29,17,stratified,100,42,25,0.766,ok,1,0.7535000000000001,0.7535000000000001,-0.012499999999999956,0.6736111111111112,26
mi,104,version_29,17,stratified,100,43,25,0.7902499999999999,ok,1,0.77675,0.77675,-0.013499999999999845,0.7638888888888888,5
mi,104,version_29,17,stratified,100,44,25,0.7652499999999999,ok,1,0.775,0.775,0.009750000000000147,0.9444444444444444,13
mi,104,version_29,17,stratified,100,45,25,0.78675,ok,1,0.7875,0.7875,0.0007500000000000284,0.7,39
mi,104,version_29,17,stratified,100,46,25,0.72175,ok,1,0.75025,0.75025,0.02849999999999997,0.8333333333333334,8
mi,104,version_29,17,stratified,150,42,38,0.7899934167215273,ok,1,0.7656352863726135,0.7656352863726135,-0.024358130348913876,0.7738095238095238,62
mi,104,version_29,17,stratified,150,43,38,0.7873601053324556,ok,1,0.7873601053324556,0.7873601053324556,0.0,0.8660714285714286,26
mi,104,version_29,17,stratified,150,44,38,0.793943383805135,ok,1,0.804476629361422,0.804476629361422,0.010533245556286985,0.7738095238095237,6
mi,104,version_29,17,stratified,150,45,38,0.80513495720869,ok,1,0.7893350888742594,0.7893350888742594,-0.01579986833443059,0.7232142857142857,18
mi,104,version_29,17,stratified,150,46,38,0.6978275181040159,ok,1,0.749835418038183,0.749835418038183,0.0520078999341671,0.7946428571428572,25
mi,104,version_29,17,stratified,200,42,50,0.7703349282296651,ok,1,0.7655502392344498,0.7655502392344498,-0.004784688995215336,0.799660441426146,25
mi,104,version_29,17,stratified,200,43,50,0.7942583732057416,ok,1,0.7846889952153111,0.7846889952153111,-0.00956937799043045,0.7317487266553481,15
mi,104,version_29,17,stratified,200,44,50,0.6124401913875598,ok,1,0.5598086124401913,0.5598086124401913,-0.052631578947368474,0.8115449915110357,2
mi,104,version_29,17,stratified,200,45,50,0.7751196172248803,ok,1,0.8229665071770336,0.8229665071770336,0.04784688995215325,0.7283531409168081,6
mi,104,version_29,17,stratified,200,46,50,0.6220095693779905,ok,1,0.6985645933014354,0.6985645933014354,0.07655502392344493,0.9473684210526315,23
mi,104,version_29,17,temporal_array,10,42,2,0.7499780142467681,ungateable,,,0.7499780142467681,0.0,,
mi,104,version_29,17,temporal_array,10,43,2,0.7499780142467681,ungateable,,,0.7499780142467681,0.0,,
mi,104,version_29,17,temporal_array,10,44,2,0.7499780142467681,ungateable,,,0.7499780142467681,0.0,,
mi,104,version_29,17,temporal_array,10,45,2,0.7499780142467681,ungateable,,,0.7499780142467681,0.0,,
mi,104,version_29,17,temporal_array,10,46,2,0.7499780142467681,ungateable,,,0.7499780142467681,0.0,,
mi,104,version_29,17,temporal_array,20,42,5,0.7517482517482518,ungateable,,,0.7517482517482518,0.0,,
mi,104,version_29,17,temporal_array,20,43,5,0.7517482517482518,ungateable,,,0.7517482517482518,0.0,,
mi,104,version_29,17,temporal_array,20,44,5,0.7517482517482518,ungateable,,,0.7517482517482518,0.0,,
mi,104,version_29,17,temporal_array,20,45,5,0.7517482517482518,ungateable,,,0.7517482517482518,0.0,,
mi,104,version_29,17,temporal_array,20,46,5,0.7517482517482518,ungateable,,,0.7517482517482518,0.0,,
mi,104,version_29,17,temporal_array,50,42,12,0.7707763805358119,ok,0,0.7670858392564244,0.7707763805358119,0.0,0.6666666666666666,0
mi,104,version_29,17,temporal_array,50,43,12,0.7707763805358119,ok,1,0.7644887916894478,0.7644887916894478,-0.006287588846364045,0.638888888888889,0
mi,104,version_29,17,temporal_array,50,44,12,0.7707763805358119,ok,1,0.7644887916894478,0.7644887916894478,-0.006287588846364045,0.6666666666666667,0
mi,104,version_29,17,temporal_array,50,45,12,0.7707763805358119,ok,1,0.7679059595407327,0.7679059595407327,-0.0028704209950791704,0.4722222222222222,0
mi,104,version_29,17,temporal_array,50,46,12,0.7707763805358119,ok,0,0.7639420448332422,0.7707763805358119,0.0,0.6944444444444444,0
mi,104,version_29,17,temporal_array,100,42,25,0.8040780141843972,ok,1,0.7665484633569739,0.7665484633569739,-0.037529550827423264,0.6666666666666667,3
mi,104,version_29,17,temporal_array,100,43,25,0.8040780141843972,ok,0,0.7801418439716312,0.8040780141843972,0.0,0.5128205128205128,1
mi,104,version_29,17,temporal_array,100,44,25,0.8040780141843972,ok,1,0.7978723404255319,0.7978723404255319,-0.006205673758865271,0.826923076923077,0
mi,104,version_29,17,temporal_array,100,45,25,0.8040780141843972,ok,1,0.8158983451536643,0.8158983451536643,0.011820330969267157,0.7243589743589743,28
mi,104,version_29,17,temporal_array,100,46,25,0.8040780141843972,ok,1,0.7999408983451537,0.7999408983451537,-0.004137115839243477,0.8397435897435896,19
mi,104,version_29,17,temporal_array,150,42,38,0.7885714285714286,ok,1,0.7228571428571429,0.7228571428571429,-0.06571428571428573,0.7055555555555555,17
mi,104,version_29,17,temporal_array,150,43,38,0.7885714285714286,ok,0,0.7671428571428571,0.7885714285714286,0.0,0.7527777777777778,0
mi,104,version_29,17,temporal_array,150,44,38,0.7885714285714286,ok,1,0.73,0.73,-0.05857142857142861,0.7277777777777777,6
mi,104,version_29,17,temporal_array,150,45,38,0.7885714285714286,ok,1,0.7614285714285715,0.7614285714285715,-0.027142857142857135,0.8,9
mi,104,version_29,17,temporal_array,150,46,38,0.7885714285714286,ok,1,0.7514285714285713,0.7514285714285713,-0.037142857142857255,0.7777777777777778,30
mi,104,version_30,0,stratified,10,42,2,0.8916316526610644,ungateable,,,0.8916316526610644,0.0,,
mi,104,version_30,0,stratified,10,43,2,0.8877801120448179,ungateable,,,0.8877801120448179,0.0,,
mi,104,version_30,0,stratified,10,44,2,0.8825280112044818,ungateable,,,0.8825280112044818,0.0,,
mi,104,version_30,0,stratified,10,45,2,0.8833158263305322,ungateable,,,0.8833158263305322,0.0,,
mi,104,version_30,0,stratified,10,46,2,0.8946078431372549,ungateable,,,0.8946078431372549,0.0,,
mi,104,version_30,0,stratified,20,42,5,0.8878846153846154,ungateable,,,0.8878846153846154,0.0,,
mi,104,version_30,0,stratified,20,43,5,0.8848076923076924,ungateable,,,0.8848076923076924,0.0,,
mi,104,version_30,0,stratified,20,44,5,0.8898076923076923,ungateable,,,0.8898076923076923,0.0,,
mi,104,version_30,0,stratified,20,45,5,0.8769230769230769,ungateable,,,0.8769230769230769,0.0,,
mi,104,version_30,0,stratified,20,46,5,0.8923076923076922,ungateable,,,0.8923076923076922,0.0,,
mi,104,version_30,0,stratified,50,42,12,0.8917613265439353,ok,0,0.8899334116725421,0.8917613265439353,0.0,1.0,0
mi,104,version_30,0,stratified,50,43,12,0.8844496670583627,ok,1,0.8861470165817992,0.8861470165817992,0.0016973495234364755,0.8857142857142857,20
mi,104,version_30,0,stratified,50,44,12,0.9050789920355138,ok,0,0.8965922444183314,0.9050789920355138,0.0,1.0,0
mi,104,version_30,0,stratified,50,45,12,0.8807938373155765,ok,1,0.875310092701397,0.875310092701397,-0.005483744614179442,0.9142857142857143,16
mi,104,version_30,0,stratified,50,46,12,0.9048178613396004,ok,1,0.8660399529964747,0.8660399529964747,-0.03877790834312567,0.8285714285714285,4
mi,104,version_30,0,stratified,100,42,25,0.88775,ok,1,0.911,0.911,0.023249999999999993,0.9305555555555556,33
mi,104,version_30,0,stratified,100,43,25,0.8967499999999999,ok,1,0.90175,0.90175,0.0050000000000001155,0.9097222222222222,10
mi,104,version_30,0,stratified,100,44,25,0.90525,ok,1,0.89825,0.89825,-0.007000000000000006,0.9513888888888888,0
mi,104,version_30,0,stratified,100,45,25,0.88275,ok,1,0.9062500000000001,0.9062500000000001,0.023500000000000076,0.9066666666666666,16
mi,104,version_30,0,stratified,100,46,25,0.91275,ok,0,0.899,0.91275,0.0,0.8733333333333334,0
mi,104,version_30,0,stratified,150,42,38,0.8913759052007899,ok,1,0.9117840684660962,0.9117840684660962,0.020408163265306256,0.8809523809523809,10
mi,104,version_30,0,stratified,150,43,38,0.9163923633969717,ok,1,0.9190256747860435,0.9190256747860435,0.0026333113890717463,0.9255952380952381,11
mi,104,version_30,0,stratified,150,44,38,0.9223173140223833,ok,0,0.9387755102040817,0.9223173140223833,0.0,0.869047619047619,4
mi,104,version_30,0,stratified,150,45,38,0.9256089532587228,ok,1,0.9150757077024358,0.9150757077024358,-0.010533245556286985,0.931547619047619,29
mi,104,version_30,0,stratified,150,46,38,0.9493087557603687,ok,1,0.9651086240947993,0.9651086240947993,0.01579986833443059,0.8452380952380952,13
mi,104,version_30,0,stratified,200,42,50,0.9521531100478469,ok,1,0.9473684210526316,0.9473684210526316,-0.004784688995215225,0.8641765704584041,7
mi,104,version_30,0,stratified,200,43,50,0.8660287081339714,ok,1,0.8708133971291866,0.8708133971291866,0.004784688995215225,0.8879456706281834,5
mi,104,version_30,0,stratified,200,44,50,0.7751196172248804,ok,0,0.8229665071770335,0.7751196172248804,0.0,0.9083191850594228,3
mi,104,version_30,0,stratified,200,45,50,0.9234449760765551,ok,1,0.9425837320574162,0.9425837320574162,0.019138755980861122,0.901528013582343,8
mi,104,version_30,0,stratified,200,46,50,0.8803827751196172,ok,0,0.9521531100478469,0.8803827751196172,0.0,0.9473684210526316,5
mi,104,version_30,0,temporal_array,10,42,2,0.8929733532670829,ungateable,,,0.8929733532670829,0.0,,
mi,104,version_30,0,temporal_array,10,43,2,0.8929733532670829,ungateable,,,0.8929733532670829,0.0,,
mi,104,version_30,0,temporal_array,10,44,2,0.8929733532670829,ungateable,,,0.8929733532670829,0.0,,
mi,104,version_30,0,temporal_array,10,45,2,0.8929733532670829,ungateable,,,0.8929733532670829,0.0,,
mi,104,version_30,0,temporal_array,10,46,2,0.8929733532670829,ungateable,,,0.8929733532670829,0.0,,
mi,104,version_30,0,temporal_array,20,42,5,0.9001554001554002,ungateable,,,0.9001554001554002,0.0,,
mi,104,version_30,0,temporal_array,20,43,5,0.9001554001554002,ungateable,,,0.9001554001554002,0.0,,
mi,104,version_30,0,temporal_array,20,44,5,0.9001554001554002,ungateable,,,0.9001554001554002,0.0,,
mi,104,version_30,0,temporal_array,20,45,5,0.9001554001554002,ungateable,,,0.9001554001554002,0.0,,
mi,104,version_30,0,temporal_array,20,46,5,0.9001554001554002,ungateable,,,0.9001554001554002,0.0,,
mi,104,version_30,0,temporal_array,50,42,12,0.9013121924548935,ok,0,0.8944778567523238,0.9013121924548935,0.0,0.9444444444444445,0
mi,104,version_30,0,temporal_array,50,43,12,0.9013121924548935,ok,0,0.895297977036632,0.9013121924548935,0.0,0.7222222222222223,0
mi,104,version_30,0,temporal_array,50,44,12,0.9013121924548935,ok,1,0.8853198469108803,0.8853198469108803,-0.015992345544013187,0.75,2
mi,104,version_30,0,temporal_array,50,45,12,0.9013121924548935,ok,1,0.89215418261345,0.89215418261345,-0.009158009841443437,0.8055555555555556,3
mi,104,version_30,0,temporal_array,50,46,12,0.9013121924548935,ok,0,0.8932476763258611,0.9013121924548935,0.0,0.8611111111111112,0
mi,104,version_30,0,temporal_array,100,42,25,0.916371158392435,ok,0,0.9030732860520094,0.916371158392435,0.0,0.9166666666666667,0
mi,104,version_30,0,temporal_array,100,43,25,0.916371158392435,ok,1,0.9332151300236406,0.9332151300236406,0.016843971631205656,0.7692307692307693,19
mi,104,version_30,0,temporal_array,100,44,25,0.916371158392435,ok,0,0.9021867612293144,0.916371158392435,0.0,0.9230769230769231,0
mi,104,version_30,0,temporal_array,100,45,25,0.916371158392435,ok,1,0.9305555555555556,0.9305555555555556,0.014184397163120588,0.8782051282051282,26
mi,104,version_30,0,temporal_array,100,46,25,0.916371158392435,ok,1,0.9397163120567376,0.9397163120567376,0.023345153664302565,0.8397435897435898,53
mi,104,version_30,0,temporal_array,150,42,38,0.8814285714285715,ok,1,0.9314285714285715,0.9314285714285715,0.050000000000000044,0.8833333333333334,25
mi,104,version_30,0,temporal_array,150,43,38,0.8814285714285715,ok,1,0.93,0.93,0.0485714285714286,0.888888888888889,29
mi,104,version_30,0,temporal_array,150,44,38,0.8814285714285715,ok,0,0.8585714285714285,0.8814285714285715,0.0,0.9805555555555556,0
mi,104,version_30,0,temporal_array,150,45,38,0.8814285714285715,ok,0,0.8642857142857143,0.8814285714285715,0.0,0.8972222222222223,0
mi,104,version_30,0,temporal_array,150,46,38,0.8814285714285715,ok,0,0.9242857142857143,0.8814285714285715,0.0,0.9027777777777778,9
mi,104,version_30,17,stratified,10,42,2,0.7047443977591037,ungateable,,,0.7047443977591037,0.0,,
mi,104,version_30,17,stratified,10,43,2,0.7029936974789915,ungateable,,,0.7029936974789915,0.0,,
mi,104,version_30,17,stratified,10,44,2,0.6821603641456583,ungateable,,,0.6821603641456583,0.0,,
mi,104,version_30,17,stratified,10,45,2,0.6851365546218487,ungateable,,,0.6851365546218487,0.0,,
mi,104,version_30,17,stratified,10,46,2,0.6773459383753502,ungateable,,,0.6773459383753502,0.0,,
mi,104,version_30,17,stratified,20,42,5,0.7,ungateable,,,0.7,0.0,,
mi,104,version_30,17,stratified,20,43,5,0.7081730769230768,ungateable,,,0.7081730769230768,0.0,,
mi,104,version_30,17,stratified,20,44,5,0.6862499999999999,ungateable,,,0.6862499999999999,0.0,,
mi,104,version_30,17,stratified,20,45,5,0.6798076923076922,ungateable,,,0.6798076923076922,0.0,,
mi,104,version_30,17,stratified,20,46,5,0.6777884615384615,ungateable,,,0.6777884615384615,0.0,,
mi,104,version_30,17,stratified,50,42,12,0.6828567698132916,ok,0,0.6726726726726726,0.6828567698132916,0.0,0.7714285714285715,0
mi,104,version_30,17,stratified,50,43,12,0.7057057057057057,ok,0,0.6996996996996998,0.7057057057057057,0.0,0.6857142857142857,0
mi,104,version_30,17,stratified,50,44,12,0.7131479305392349,ok,1,0.6923880402141271,0.6923880402141271,-0.02075989032510772,0.6571428571428571,1
mi,104,version_30,17,stratified,50,45,12,0.6724115419767593,ok,0,0.660138399268834,0.6724115419767593,0.0,0.37142857142857144,0
mi,104,version_30,17,stratified,50,46,12,0.6469512991252121,ok,0,0.63689776733255,0.6469512991252121,0.0,0.8285714285714285,0
mi,104,version_30,17,stratified,100,42,25,0.6695,ok,1,0.6505000000000001,0.6505000000000001,-0.018999999999999906,0.7361111111111112,43
mi,104,version_30,17,stratified,100,43,25,0.70075,ok,0,0.68725,0.70075,0.0,0.6319444444444444,0
mi,104,version_30,17,stratified,100,44,25,0.69425,ok,1,0.6802499999999999,0.6802499999999999,-0.014000000000000123,0.6527777777777778,0
mi,104,version_30,17,stratified,100,45,25,0.6875,ok,1,0.6685,0.6685,-0.019000000000000017,0.7266666666666667,39
mi,104,version_30,17,stratified,100,46,25,0.5870000000000001,ok,0,0.56675,0.5870000000000001,0.0,0.7666666666666666,0
mi,104,version_30,17,stratified,150,42,38,0.6820276497695853,ok,1,0.6102699144173799,0.6102699144173799,-0.07175773535220542,0.6845238095238095,64
mi,104,version_30,17,stratified,150,43,38,0.7116524028966424,ok,1,0.6352863726135616,0.6352863726135616,-0.07636603028308087,0.6845238095238095,69
mi,104,version_30,17,stratified,150,44,38,0.6800526662277815,ok,0,0.6649111257406188,0.6800526662277815,0.0,0.7023809523809523,0
mi,104,version_30,17,stratified,150,45,38,0.7300855826201449,ok,0,0.695852534562212,0.7300855826201449,0.0,0.6101190476190477,7
mi,104,version_30,17,stratified,150,46,38,0.510862409479921,ok,0,0.49045424621461486,0.510862409479921,0.0,0.5982142857142857,0
mi,104,version_30,17,stratified,200,42,50,0.645933014354067,ok,1,0.5311004784688995,0.5311004784688995,-0.11483253588516751,0.6842105263157895,63
mi,104,version_30,17,stratified,200,43,50,0.7703349282296652,ok,1,0.6411483253588517,0.6411483253588517,-0.12918660287081352,0.5823429541595926,34
mi,104,version_30,17,stratified,200,44,50,0.4832535885167464,ok,0,0.49282296650717705,0.4832535885167464,0.0,0.7453310696095076,0
mi,104,version_30,17,stratified,200,45,50,0.7607655502392344,ok,1,0.7655502392344498,0.7655502392344498,0.004784688995215336,0.6010186757215621,37
mi,104,version_30,17,stratified,200,46,50,0.4976076555023924,ok,1,0.5263157894736842,0.5263157894736842,0.028708133971291794,0.7300509337860781,25
mi,104,version_30,17,temporal_array,10,42,2,0.6874505320552282,ungateable,,,0.6874505320552282,0.0,,
mi,104,version_30,17,temporal_array,10,43,2,0.6874505320552282,ungateable,,,0.6874505320552282,0.0,,
mi,104,version_30,17,temporal_array,10,44,2,0.6874505320552282,ungateable,,,0.6874505320552282,0.0,,
mi,104,version_30,17,temporal_array,10,45,2,0.6874505320552282,ungateable,,,0.6874505320552282,0.0,,
mi,104,version_30,17,temporal_array,10,46,2,0.6874505320552282,ungateable,,,0.6874505320552282,0.0,,
mi,104,version_30,17,temporal_array,20,42,5,0.6758935508935509,ungateable,,,0.6758935508935509,0.0,,
mi,104,version_30,17,temporal_array,20,43,5,0.6758935508935509,ungateable,,,0.6758935508935509,0.0,,
mi,104,version_30,17,temporal_array,20,44,5,0.6758935508935509,ungateable,,,0.6758935508935509,0.0,,
mi,104,version_30,17,temporal_array,20,45,5,0.6758935508935509,ungateable,,,0.6758935508935509,0.0,,
mi,104,version_30,17,temporal_array,20,46,5,0.6758935508935509,ungateable,,,0.6758935508935509,0.0,,
mi,104,version_30,17,temporal_array,50,42,12,0.6694915254237288,ok,0,0.6559595407326408,0.6694915254237288,0.0,0.888888888888889,0
mi,104,version_30,17,temporal_array,50,43,12,0.6694915254237288,ok,1,0.6260251503553854,0.6260251503553854,-0.04346637506834339,0.8333333333333334,2
mi,104,version_30,17,temporal_array,50,44,12,0.6694915254237288,ok,1,0.5889830508474576,0.5889830508474576,-0.0805084745762712,0.7222222222222222,4
mi,104,version_30,17,temporal_array,50,45,12,0.6694915254237288,ok,1,0.5826954620010936,0.5826954620010936,-0.08679606342263524,0.5555555555555556,12
mi,104,version_30,17,temporal_array,50,46,12,0.6694915254237288,ok,0,0.6562329141607436,0.6694915254237288,0.0,0.8055555555555556,0
mi,104,version_30,17,temporal_array,100,42,25,0.7089243498817968,ok,0,0.6888297872340425,0.7089243498817968,0.0,0.5897435897435898,0
mi,104,version_30,17,temporal_array,100,43,25,0.7089243498817968,ok,0,0.6876477541371158,0.7089243498817968,0.0,0.5512820512820513,0
mi,104,version_30,17,temporal_array,100,44,25,0.7089243498817968,ok,1,0.6722813238770686,0.6722813238770686,-0.03664302600472813,0.6923076923076924,12
mi,104,version_30,17,temporal_array,100,45,25,0.7089243498817968,ok,1,0.6557328605200946,0.6557328605200946,-0.05319148936170215,0.6730769230769231,2
mi,104,version_30,17,temporal_array,100,46,25,0.7089243498817968,ok,0,0.6908983451536643,0.7089243498817968,0.0,0.7948717948717949,0
mi,104,version_30,17,temporal_array,150,42,38,0.5700000000000001,ok,0,0.5228571428571429,0.5700000000000001,0.0,0.6055555555555556,0
mi,104,version_30,17,temporal_array,150,43,38,0.5700000000000001,ok,0,0.5185714285714286,0.5700000000000001,0.0,0.6666666666666667,0
mi,104,version_30,17,temporal_array,150,44,38,0.5700000000000001,ok,0,0.5185714285714286,0.5700000000000001,0.0,0.65,0
mi,104,version_30,17,temporal_array,150,45,38,0.5700000000000001,ok,0,0.52,0.5700000000000001,0.0,0.8055555555555556,0
mi,104,version_30,17,temporal_array,150,46,38,0.5700000000000001,ok,0,0.5171428571428571,0.5700000000000001,0.0,0.7472222222222222,9
mi,104,version_41,0,stratified,10,42,2,0.8931197478991596,ungateable,,,0.8931197478991596,0.0,,
mi,104,version_41,0,stratified,10,43,2,0.8863795518207284,ungateable,,,0.8863795518207284,0.0,,
mi,104,version_41,0,stratified,10,44,2,0.8839285714285715,ungateable,,,0.8839285714285715,0.0,,
mi,104,version_41,0,stratified,10,45,2,0.8853291316526611,ungateable,,,0.8853291316526611,0.0,,
mi,104,version_41,0,stratified,10,46,2,0.8930322128851541,ungateable,,,0.8930322128851541,0.0,,
mi,104,version_41,0,stratified,20,42,5,0.8882692307692308,ungateable,,,0.8882692307692308,0.0,,
mi,104,version_41,0,stratified,20,43,5,0.884423076923077,ungateable,,,0.884423076923077,0.0,,
mi,104,version_41,0,stratified,20,44,5,0.8897115384615384,ungateable,,,0.8897115384615384,0.0,,
mi,104,version_41,0,stratified,20,45,5,0.8825961538461539,ungateable,,,0.8825961538461539,0.0,,
mi,104,version_41,0,stratified,20,46,5,0.89125,ungateable,,,0.89125,0.0,,
mi,104,version_41,0,stratified,50,42,12,0.8875832354093224,ok,0,0.8928058493275886,0.8875832354093224,0.0,1.0,0
mi,104,version_41,0,stratified,50,43,12,0.8879749314531923,ok,0,0.8939809374591984,0.8879749314531923,0.0,0.7142857142857143,0
mi,104,version_41,0,stratified,50,44,12,0.8980284632458545,ok,0,0.8982895939417679,0.8980284632458545,0.0,1.0,0
mi,104,version_41,0,stratified,50,45,12,0.8924141532837185,ok,1,0.9028593811202507,0.9028593811202507,0.010445227836532123,0.9142857142857143,13
mi,104,version_41,0,stratified,50,46,12,0.9061235148191671,ok,0,0.9108238673456065,0.9061235148191671,0.0,0.8571428571428571,0
mi,104,version_41,0,stratified,100,42,25,0.8915,ok,1,0.91575,0.91575,0.024249999999999994,0.9027777777777778,5
mi,104,version_41,0,stratified,100,43,25,0.88625,ok,1,0.9005,0.9005,0.014249999999999985,0.9305555555555556,6
mi,104,version_41,0,stratified,100,44,25,0.89525,ok,1,0.90225,0.90225,0.007000000000000006,0.9583333333333333,1
mi,104,version_41,0,stratified,100,45,25,0.89825,ok,1,0.9095,0.9095,0.011249999999999982,0.98,2
mi,104,version_41,0,stratified,100,46,25,0.895,ok,0,0.901,0.895,0.0,0.8933333333333333,0
mi,104,version_41,0,stratified,150,42,38,0.8729427254772877,ok,1,0.9190256747860435,0.9190256747860435,0.04608294930875578,0.8422619047619048,10
mi,104,version_41,0,stratified,150,43,38,0.8861092824226464,ok,1,0.9196840026333114,0.9196840026333114,0.03357472021066499,0.9375000000000001,4
mi,104,version_41,0,stratified,150,44,38,0.8940092165898617,ok,1,0.9045424621461486,0.9045424621461486,0.010533245556286985,0.9404761904761905,0
mi,104,version_41,0,stratified,150,45,38,0.9163923633969717,ok,1,0.8979591836734694,0.8979591836734694,-0.018433179723502335,0.9196428571428571,18
mi,104,version_41,0,stratified,150,46,38,0.911784068466096,ok,1,0.9545753785385122,0.9545753785385122,0.0427913100724161,0.875,5
mi,104,version_41,0,stratified,200,42,50,0.952153110047847,ok,0,0.9569377990430623,0.952153110047847,0.0,0.8828522920203734,3
mi,104,version_41,0,stratified,200,43,50,0.8229665071770336,ok,1,0.861244019138756,0.861244019138756,0.038277511961722466,0.9083191850594227,2
mi,104,version_41,0,stratified,200,44,50,0.7751196172248804,ok,1,0.7894736842105263,0.7894736842105263,0.014354066985645897,0.9083191850594228,0
mi,104,version_41,0,stratified,200,45,50,0.9186602870813397,ok,1,0.9473684210526315,0.9473684210526315,0.028708133971291794,0.8930390492359932,9
mi,104,version_41,0,stratified,200,46,50,0.8325358851674642,ok,1,0.8564593301435407,0.8564593301435407,0.023923444976076458,0.9762308998302207,0
mi,104,version_41,0,temporal_array,10,42,2,0.8911265499956029,ungateable,,,0.8911265499956029,0.0,,
mi,104,version_41,0,temporal_array,10,43,2,0.8911265499956029,ungateable,,,0.8911265499956029,0.0,,
mi,104,version_41,0,temporal_array,10,44,2,0.8911265499956029,ungateable,,,0.8911265499956029,0.0,,
mi,104,version_41,0,temporal_array,10,45,2,0.8911265499956029,ungateable,,,0.8911265499956029,0.0,,
mi,104,version_41,0,temporal_array,10,46,2,0.8911265499956029,ungateable,,,0.8911265499956029,0.0,,
mi,104,version_41,0,temporal_array,20,42,5,0.8970473970473971,ungateable,,,0.8970473970473971,0.0,,
mi,104,version_41,0,temporal_array,20,43,5,0.8970473970473971,ungateable,,,0.8970473970473971,0.0,,
mi,104,version_41,0,temporal_array,20,44,5,0.8970473970473971,ungateable,,,0.8970473970473971,0.0,,
mi,104,version_41,0,temporal_array,20,45,5,0.8970473970473971,ungateable,,,0.8970473970473971,0.0,,
mi,104,version_41,0,temporal_array,20,46,5,0.8970473970473971,ungateable,,,0.8970473970473971,0.0,,
mi,104,version_41,0,temporal_array,50,42,12,0.8976216511755057,ok,0,0.8989885183160197,0.8976216511755057,0.0,1.0,0
mi,104,version_41,0,temporal_array,50,43,12,0.8976216511755057,ok,0,0.8988518316019684,0.8976216511755057,0.0,0.75,0
mi,104,version_41,0,temporal_array,50,44,12,0.8976216511755057,ok,0,0.900492072170585,0.8976216511755057,0.0,0.8055555555555555,0
mi,104,version_41,0,temporal_array,50,45,12,0.8976216511755057,ok,1,0.9193548387096775,0.9193548387096775,0.02173318753417175,0.75,6
mi,104,version_41,0,temporal_array,50,46,12,0.8976216511755057,ok,0,0.9003553854565336,0.8976216511755057,0.0,0.9444444444444445,0
mi,104,version_41,0,temporal_array,100,42,25,0.914598108747045,ok,1,0.9219858156028369,0.9219858156028369,0.007387706855791931,0.8974358974358976,0
mi,104,version_41,0,temporal_array,100,43,25,0.914598108747045,ok,1,0.9208037825059102,0.9208037825059102,0.006205673758865271,0.8205128205128205,25
mi,104,version_41,0,temporal_array,100,44,25,0.914598108747045,ok,1,0.908096926713948,0.908096926713948,-0.006501182033096908,0.967948717948718,30
mi,104,version_41,0,temporal_array,100,45,25,0.914598108747045,ok,1,0.928191489361702,0.928191489361702,0.013593380614657091,0.9423076923076923,1
mi,104,version_41,0,temporal_array,100,46,25,0.914598108747045,ok,1,0.928191489361702,0.928191489361702,0.013593380614657091,0.8974358974358975,25
mi,104,version_41,0,temporal_array,150,42,38,0.8614285714285714,ok,1,0.9014285714285715,0.9014285714285715,0.040000000000000036,0.9361111111111111,17
mi,104,version_41,0,temporal_array,150,43,38,0.8614285714285714,ok,1,0.8757142857142857,0.8757142857142857,0.014285714285714235,0.9194444444444445,0
mi,104,version_41,0,temporal_array,150,44,38,0.8614285714285714,ok,1,0.8771428571428571,0.8771428571428571,0.01571428571428568,0.9805555555555556,16
mi,104,version_41,0,temporal_array,150,45,38,0.8614285714285714,ok,1,0.8971428571428571,0.8971428571428571,0.0357142857142857,0.9305555555555556,4
mi,104,version_41,0,temporal_array,150,46,38,0.8614285714285714,ok,1,0.887142857142857,0.887142857142857,0.02571428571428558,0.9083333333333333,1
mi,104,version_41,17,stratified,10,42,2,0.677170868347339,ungateable,,,0.677170868347339,0.0,,
mi,104,version_41,17,stratified,10,43,2,0.6818102240896359,ungateable,,,0.6818102240896359,0.0,,
mi,104,version_41,17,stratified,10,44,2,0.674282212885154,ungateable,,,0.674282212885154,0.0,,
mi,104,version_41,17,stratified,10,45,2,0.678046218487395,ungateable,,,0.678046218487395,0.0,,
mi,104,version_41,17,stratified,10,46,2,0.6671043417366948,ungateable,,,0.6671043417366948,0.0,,
mi,104,version_41,17,stratified,20,42,5,0.6653846153846154,ungateable,,,0.6653846153846154,0.0,,
mi,104,version_41,17,stratified,20,43,5,0.6881730769230769,ungateable,,,0.6881730769230769,0.0,,
mi,104,version_41,17,stratified,20,44,5,0.6726923076923077,ungateable,,,0.6726923076923077,0.0,,
mi,104,version_41,17,stratified,20,45,5,0.6831730769230768,ungateable,,,0.6831730769230768,0.0,,
mi,104,version_41,17,stratified,20,46,5,0.6621153846153846,ungateable,,,0.6621153846153846,0.0,,
mi,104,version_41,17,stratified,50,42,12,0.6470818644731688,ok,0,0.6468207337772555,0.6470818644731688,0.0,0.7428571428571429,0
mi,104,version_41,17,stratified,50,43,12,0.6686251468860164,ok,0,0.6630108369238804,0.6686251468860164,0.0,0.7142857142857142,0
mi,104,version_41,17,stratified,50,44,12,0.6880793837315576,ok,1,0.7038777908343126,0.7038777908343126,0.01579840710275493,0.7142857142857142,21
mi,104,version_41,17,stratified,50,45,12,0.7037472254863559,ok,1,0.7029638333986161,0.7029638333986161,-0.0007833920877398093,0.5714285714285714,34
mi,104,version_41,17,stratified,50,46,12,0.6368977673325499,ok,1,0.6828567698132916,0.6828567698132916,0.045959002480741695,0.942857142857143,28
mi,104,version_41,17,stratified,100,42,25,0.6365000000000001,ok,1,0.6797500000000001,0.6797500000000001,0.04325000000000001,0.6666666666666666,22
mi,104,version_41,17,stratified,100,43,25,0.7075,ok,1,0.7575000000000001,0.7575000000000001,0.050000000000000044,0.5902777777777778,17
mi,104,version_41,17,stratified,100,44,25,0.68225,ok,1,0.67925,0.67925,-0.0030000000000000027,0.7916666666666666,4
mi,104,version_41,17,stratified,100,45,25,0.721,ok,1,0.7274999999999999,0.7274999999999999,0.00649999999999995,0.7533333333333333,40
mi,104,version_41,17,stratified,100,46,25,0.609,ok,1,0.664,0.664,0.05500000000000005,0.74,24
mi,104,version_41,17,stratified,150,42,38,0.6221198156682027,ok,1,0.6570111915734036,0.6570111915734036,0.03489137590520086,0.7916666666666666,70
mi,104,version_41,17,stratified,150,43,38,0.7261356155365373,ok,1,0.7623436471362739,0.7623436471362739,0.03620803159973662,0.7351190476190477,54
mi,104,version_41,17,stratified,150,44,38,0.6603028308097433,ok,1,0.7188940092165899,0.7188940092165899,0.05859117840684658,0.6517857142857142,27
mi,104,version_41,17,stratified,150,45,38,0.7623436471362739,ok,1,0.8051349572086899,0.8051349572086899,0.04279131007241599,0.7053571428571429,9
mi,104,version_41,17,stratified,150,46,38,0.5852534562211982,ok,1,0.663594470046083,0.663594470046083,0.07834101382488479,0.7976190476190477,48
mi,104,version_41,17,stratified,200,42,50,0.6507177033492824,ok,1,0.6889952153110048,0.6889952153110048,0.038277511961722466,0.7436332767402376,42
mi,104,version_41,17,stratified,200,43,50,0.7799043062200958,ok,1,0.8038277511961722,0.8038277511961722,0.023923444976076458,0.6400679117147707,16
mi,104,version_41,17,stratified,200,44,50,0.4114832535885168,ok,1,0.5406698564593302,0.5406698564593302,0.1291866028708134,0.7555178268251274,30
mi,104,version_41,17,stratified,200,45,50,0.7799043062200958,ok,1,0.7751196172248804,0.7751196172248804,-0.004784688995215336,0.6179966044142614,59
mi,104,version_41,17,stratified,200,46,50,0.6172248803827751,ok,1,0.5885167464114833,0.5885167464114833,-0.028708133971291794,0.8505942275042444,7
mi,104,version_41,17,temporal_array,10,42,2,0.687274646029373,ungateable,,,0.687274646029373,0.0,,
mi,104,version_41,17,temporal_array,10,43,2,0.687274646029373,ungateable,,,0.687274646029373,0.0,,
mi,104,version_41,17,temporal_array,10,44,2,0.687274646029373,ungateable,,,0.687274646029373,0.0,,
mi,104,version_41,17,temporal_array,10,45,2,0.687274646029373,ungateable,,,0.687274646029373,0.0,,
mi,104,version_41,17,temporal_array,10,46,2,0.687274646029373,ungateable,,,0.687274646029373,0.0,,
mi,104,version_41,17,temporal_array,20,42,5,0.689005439005439,ungateable,,,0.689005439005439,0.0,,
mi,104,version_41,17,temporal_array,20,43,5,0.689005439005439,ungateable,,,0.689005439005439,0.0,,
mi,104,version_41,17,temporal_array,20,44,5,0.689005439005439,ungateable,,,0.689005439005439,0.0,,
mi,104,version_41,17,temporal_array,20,45,5,0.689005439005439,ungateable,,,0.689005439005439,0.0,,
mi,104,version_41,17,temporal_array,20,46,5,0.689005439005439,ungateable,,,0.689005439005439,0.0,,
mi,104,version_41,17,temporal_array,50,42,12,0.6850738108255877,ok,0,0.6785128485511208,0.6850738108255877,0.0,0.7222222222222223,0
mi,104,version_41,17,temporal_array,50,43,12,0.6850738108255877,ok,0,0.6763258611262984,0.6850738108255877,0.0,0.6111111111111112,0
mi,104,version_41,17,temporal_array,50,44,12,0.6850738108255877,ok,1,0.6278020776380536,0.6278020776380536,-0.05727173318753409,0.5555555555555556,7
mi,104,version_41,17,temporal_array,50,45,12,0.6850738108255877,ok,1,0.6360032804811373,0.6360032804811373,-0.049070530344450414,0.5277777777777777,11
mi,104,version_41,17,temporal_array,50,46,12,0.6850738108255877,ok,1,0.6180973209404046,0.6180973209404046,-0.06697648988518312,0.7777777777777778,7
mi,104,version_41,17,temporal_array,100,42,25,0.7446808510638299,ok,0,0.7245862884160756,0.7446808510638299,0.0,0.5128205128205128,0
mi,104,version_41,17,temporal_array,100,43,25,0.7446808510638299,ok,1,0.6838061465721039,0.6838061465721039,-0.06087470449172594,0.5192307692307693,8
mi,104,version_41,17,temporal_array,100,44,25,0.7446808510638299,ok,0,0.7248817966903074,0.7446808510638299,0.0,0.5897435897435898,11
mi,104,version_41,17,temporal_array,100,45,25,0.7446808510638299,ok,1,0.6914893617021277,0.6914893617021277,-0.05319148936170215,0.6602564102564104,10
mi,104,version_41,17,temporal_array,100,46,25,0.7446808510638299,ok,1,0.6971040189125296,0.6971040189125296,-0.04757683215130026,0.8782051282051283,1
mi,104,version_41,17,temporal_array,150,42,38,0.7728571428571429,ok,1,0.6900000000000001,0.6900000000000001,-0.08285714285714285,0.6472222222222223,8
mi,104,version_41,17,temporal_array,150,43,38,0.7728571428571429,ok,1,0.6799999999999999,0.6799999999999999,-0.09285714285714297,0.75,56
mi,104,version_41,17,temporal_array,150,44,38,0.7728571428571429,ok,1,0.7257142857142858,0.7257142857142858,-0.04714285714285715,0.7027777777777778,24
mi,104,version_41,17,temporal_array,150,45,38,0.7728571428571429,ok,1,0.7085714285714286,0.7085714285714286,-0.06428571428571428,0.7916666666666667,15
mi,104,version_41,17,temporal_array,150,46,38,0.7728571428571429,ok,1,0.7,0.7,-0.07285714285714295,0.7694444444444445,7
mi,105,version_27,0,stratified,10,42,2,0.8075497135153352,ungateable,,,0.8075497135153352,0.0,,
mi,105,version_27,0,stratified,10,43,2,0.8172396359959555,ungateable,,,0.8172396359959555,0.0,,
mi,105,version_27,0,stratified,10,44,2,0.8068756319514662,ungateable,,,0.8068756319514662,0.0,,
mi,105,version_27,0,stratified,10,45,2,0.8053589484327606,ungateable,,,0.8053589484327606,0.0,,
mi,105,version_27,0,stratified,10,46,2,0.8121840242669363,ungateable,,,0.8121840242669363,0.0,,
mi,105,version_27,0,stratified,20,42,5,0.7975794530672581,ungateable,,,0.7975794530672581,0.0,,
mi,105,version_27,0,stratified,20,43,5,0.8051552106430155,ungateable,,,0.8051552106430155,0.0,,
mi,105,version_27,0,stratified,20,44,5,0.804970436067997,ungateable,,,0.804970436067997,0.0,,
mi,105,version_27,0,stratified,20,45,5,0.8037694013303769,ungateable,,,0.8037694013303769,0.0,,
mi,105,version_27,0,stratified,20,46,5,0.8123614190687362,ungateable,,,0.8123614190687362,0.0,,
mi,105,version_27,0,stratified,50,42,12,0.7977065935435621,ok,1,0.7913498691262619,0.7913498691262619,-0.006356724417300175,0.8285714285714285,15
mi,105,version_27,0,stratified,50,43,12,0.8051850928580332,ok,0,0.8059329427894802,0.8051850928580332,0.0,0.8857142857142857,0
mi,105,version_27,0,stratified,50,44,12,0.8058083011342391,ok,0,0.8131621587934688,0.8058083011342391,0.0,1.0,0
mi,105,version_27,0,stratified,50,45,12,0.7945905521625327,ok,1,0.806431509410445,0.806431509410445,0.011840957247912232,0.942857142857143,2
mi,105,version_27,0,stratified,50,46,12,0.8202667331422162,ok,0,0.8238813411442104,0.8202667331422162,0.0,0.7142857142857143,0
mi,105,version_27,0,stratified,100,42,25,0.7748592870544091,ok,1,0.7959662288930581,0.7959662288930581,0.02110694183864903,0.9375,2
mi,105,version_27,0,stratified,100,43,25,0.8198874296435272,ok,1,0.8243433395872422,0.8243433395872422,0.00445590994371492,0.7430555555555556,7
mi,105,version_27,0,stratified,100,44,25,0.8079268292682927,ok,0,0.8086303939962477,0.8079268292682927,0.0,0.923611111111111,0
mi,105,version_27,0,stratified,100,45,25,0.8144934333958723,ok,1,0.8285647279549718,0.8285647279549718,0.014071294559099501,0.8533333333333334,4
mi,105,version_27,0,stratified,100,46,25,0.8402908067542214,ok,1,0.8550656660412759,0.8550656660412759,0.014774859287054465,0.8466666666666667,2
mi,105,version_27,0,stratified,150,42,38,0.7896634615384616,ok,1,0.829326923076923,0.829326923076923,0.03966346153846145,0.9188405797101449,12
mi,105,version_27,0,stratified,150,43,38,0.8028846153846154,ok,1,0.8064903846153846,0.8064903846153846,0.0036057692307691624,0.9188405797101449,6
mi,105,version_27,0,stratified,150,44,38,0.8167067307692307,ok,1,0.8353365384615384,0.8353365384615384,0.01862980769230771,0.9420289855072463,12
mi,105,version_27,0,stratified,150,45,38,0.8149038461538461,ok,1,0.8467548076923077,0.8467548076923077,0.031850961538461564,0.8289855072463768,6
mi,105,version_27,0,stratified,150,46,38,0.8768028846153846,ok,1,0.8828125,0.8828125,0.006009615384615419,0.8724637681159421,40
mi,105,version_27,0,stratified,200,42,50,0.8131868131868133,ok,1,0.8315018315018315,0.8315018315018315,0.01831501831501825,0.8387096774193548,4
mi,105,version_27,0,stratified,200,43,50,0.8021978021978022,ok,1,0.8315018315018315,0.8315018315018315,0.02930402930402931,0.765704584040747,7
mi,105,version_27,0,stratified,200,44,50,0.8131868131868132,ok,1,0.8608058608058609,0.8608058608058609,0.04761904761904767,0.9286926994906621,20
mi,105,version_27,0,stratified,200,45,50,0.8095238095238095,ok,1,0.8571428571428572,0.8571428571428572,0.04761904761904767,0.8132427843803055,3
mi,105,version_27,0,stratified,200,46,50,0.8681318681318682,ok,1,0.9010989010989011,0.9010989010989011,0.03296703296703296,0.9083191850594228,4
mi,105,version_27,0,temporal_array,10,42,2,0.8056707575116376,ungateable,,,0.8056707575116376,0.0,,
mi,105,version_27,0,temporal_array,10,43,2,0.8056707575116376,ungateable,,,0.8056707575116376,0.0,,
mi,105,version_27,0,temporal_array,10,44,2,0.8056707575116376,ungateable,,,0.8056707575116376,0.0,,
mi,105,version_27,0,temporal_array,10,45,2,0.8056707575116376,ungateable,,,0.8056707575116376,0.0,,
mi,105,version_27,0,temporal_array,10,46,2,0.8056707575116376,ungateable,,,0.8056707575116376,0.0,,
mi,105,version_27,0,temporal_array,20,42,5,0.8041977611940299,ungateable,,,0.8041977611940299,0.0,,
mi,105,version_27,0,temporal_array,20,43,5,0.8041977611940299,ungateable,,,0.8041977611940299,0.0,,
mi,105,version_27,0,temporal_array,20,44,5,0.8041977611940299,ungateable,,,0.8041977611940299,0.0,,
mi,105,version_27,0,temporal_array,20,45,5,0.8041977611940299,ungateable,,,0.8041977611940299,0.0,,
mi,105,version_27,0,temporal_array,20,46,5,0.8041977611940299,ungateable,,,0.8041977611940299,0.0,,
mi,105,version_27,0,temporal_array,50,42,12,0.796875,ok,0,0.8006510416666667,0.796875,0.0,1.0,0
mi,105,version_27,0,temporal_array,50,43,12,0.796875,ok,1,0.814453125,0.814453125,0.017578125,0.9722222222222223,37
mi,105,version_27,0,temporal_array,50,44,12,0.796875,ok,1,0.82109375,0.82109375,0.024218749999999956,0.8333333333333334,20
mi,105,version_27,0,temporal_array,50,45,12,0.796875,ok,1,0.8231770833333333,0.8231770833333333,0.02630208333333328,0.9166666666666667,11
mi,105,version_27,0,temporal_array,50,46,12,0.796875,ok,0,0.8044270833333333,0.796875,0.0,0.8611111111111112,1
mi,105,version_27,0,temporal_array,100,42,25,0.8273026315789473,ok,1,0.846765350877193,0.846765350877193,0.019462719298245612,1.0,13
mi,105,version_27,0,temporal_array,100,43,25,0.8273026315789473,ok,1,0.8549890350877193,0.8549890350877193,0.02768640350877194,0.6923076923076923,40
mi,105,version_27,0,temporal_array,100,44,25,0.8273026315789473,ok,1,0.8599232456140351,0.8599232456140351,0.03262061403508776,0.8589743589743589,6
mi,105,version_27,0,temporal_array,100,45,25,0.8273026315789473,ok,1,0.8421052631578948,0.8421052631578948,0.014802631578947456,0.8333333333333334,16
mi,105,version_27,0,temporal_array,100,46,25,0.8273026315789473,ok,0,0.8464912280701754,0.8273026315789473,0.0,0.6538461538461539,11
mi,105,version_27,0,temporal_array,150,42,38,0.8009259259259259,ok,1,0.7766203703703703,0.7766203703703703,-0.02430555555555558,0.8166666666666667,10
mi,105,version_27,0,temporal_array,150,43,38,0.8009259259259259,ok,1,0.7951388888888888,0.7951388888888888,-0.0057870370370370905,0.7999999999999999,31
mi,105,version_27,0,temporal_array,150,44,38,0.8009259259259259,ok,1,0.7638888888888888,0.7638888888888888,-0.03703703703703709,0.9138888888888889,22
mi,105,version_27,0,temporal_array,150,45,38,0.8009259259259259,ok,1,0.7581018518518519,0.7581018518518519,-0.04282407407407407,0.9777777777777779,9
mi,105,version_27,0,temporal_array,150,46,38,0.8009259259259259,ok,1,0.7800925925925926,0.7800925925925926,-0.02083333333333337,0.8638888888888889,4
mi,105,version_27,17,stratified,10,42,2,0.6707954162453658,ungateable,,,0.6707954162453658,0.0,,
mi,105,version_27,17,stratified,10,43,2,0.6633805190428042,ungateable,,,0.6633805190428042,0.0,,
mi,105,version_27,17,stratified,10,44,2,0.6585776879002359,ungateable,,,0.6585776879002359,0.0,,
mi,105,version_27,17,stratified,10,45,2,0.6600101112234581,ungateable,,,0.6600101112234581,0.0,,
mi,105,version_27,17,stratified,10,46,2,0.671216717222784,ungateable,,,0.671216717222784,0.0,,
mi,105,version_27,17,stratified,20,42,5,0.6694382852919438,ungateable,,,0.6694382852919438,0.0,,
mi,105,version_27,17,stratified,20,43,5,0.6645417590539542,ungateable,,,0.6645417590539542,0.0,,
mi,105,version_27,17,stratified,20,44,5,0.6766444937176644,ungateable,,,0.6766444937176644,0.0,,
mi,105,version_27,17,stratified,20,45,5,0.6567812269031781,ungateable,,,0.6567812269031781,0.0,,
mi,105,version_27,17,stratified,20,46,5,0.6875461936437546,ungateable,,,0.6875461936437546,0.0,,
mi,105,version_27,17,stratified,50,42,12,0.6809173625825751,ok,1,0.7323943661971831,0.7323943661971831,0.05147700361460805,0.7714285714285715,19
mi,105,version_27,17,stratified,50,43,12,0.6660850056088745,ok,0,0.6620964726411567,0.6660850056088745,0.0,0.8,0
mi,105,version_27,17,stratified,50,44,12,0.6739374298890689,ok,1,0.6827869874111928,0.6827869874111928,0.008849557522123908,0.8857142857142857,6
mi,105,version_27,17,stratified,50,45,12,0.6476380406331796,ok,0,0.6497569487722796,0.6476380406331796,0.0,0.7999999999999999,0
mi,105,version_27,17,stratified,50,46,12,0.7127009846690764,ok,1,0.8150317836220865,0.8150317836220865,0.10233079895301012,0.7714285714285715,34
mi,105,version_27,17,stratified,100,42,25,0.6660412757973734,ok,1,0.7560975609756098,0.7560975609756098,0.09005628517823638,0.7569444444444444,11
mi,105,version_27,17,stratified,100,43,25,0.6716697936210132,ok,1,0.7098968105065666,0.7098968105065666,0.03822701688555341,0.8263888888888888,18
mi,105,version_27,17,stratified,100,44,25,0.7511726078799248,ok,1,0.7570356472795496,0.7570356472795496,0.0058630393996248475,0.9930555555555556,27
mi,105,version_27,17,stratified,100,45,25,0.6869136960600375,ok,1,0.6962945590994372,0.6962945590994372,0.009380863039399667,0.7266666666666667,1
mi,105,version_27,17,stratified,100,46,25,0.7265478424015009,ok,1,0.776031894934334,0.776031894934334,0.049484052532833056,0.7266666666666667,27
mi,105,version_27,17,stratified,150,42,38,0.6856971153846154,ok,1,0.8413461538461537,0.8413461538461537,0.15564903846153832,0.7507246376811594,32
mi,105,version_27,17,stratified,150,43,38,0.7061298076923077,ok,1,0.7223557692307692,0.7223557692307692,0.016225961538461453,0.7739130434782608,7
mi,105,version_27,17,stratified,150,44,38,0.7554086538461539,ok,1,0.7650240384615385,0.7650240384615385,0.009615384615384692,0.8695652173913043,14
mi,105,version_27,17,stratified,150,45,38,0.6322115384615384,ok,1,0.7235576923076923,0.7235576923076923,0.09134615384615385,0.7797101449275362,9
mi,105,version_27,17,stratified,150,46,38,0.712139423076923,ok,1,0.8299278846153847,0.8299278846153847,0.11778846153846168,0.7884057971014493,34
mi,105,version_27,17,stratified,200,42,50,0.6153846153846153,ok,1,0.8717948717948718,0.8717948717948718,0.2564102564102565,0.8455008488964346,11
mi,105,version_27,17,stratified,200,43,50,0.6227106227106227,ok,1,0.8205128205128205,0.8205128205128205,0.19780219780219777,0.7792869269949066,27
mi,105,version_27,17,stratified,200,44,50,0.7399267399267401,ok,1,0.7545787545787547,0.7545787545787547,0.0146520146520146,0.8353140916808149,49
mi,105,version_27,17,stratified,200,45,50,0.6336996336996337,ok,1,0.7142857142857144,0.7142857142857144,0.08058608058608074,0.7758913412563666,33
mi,105,version_27,17,stratified,200,46,50,0.5970695970695972,ok,1,0.717948717948718,0.717948717948718,0.12087912087912078,0.797962648556876,10
mi,105,version_27,17,temporal_array,10,42,2,0.6624629707998306,ungateable,,,0.6624629707998306,0.0,,
mi,105,version_27,17,temporal_array,10,43,2,0.6624629707998306,ungateable,,,0.6624629707998306,0.0,,
mi,105,version_27,17,temporal_array,10,44,2,0.6624629707998306,ungateable,,,0.6624629707998306,0.0,,
mi,105,version_27,17,temporal_array,10,45,2,0.6624629707998306,ungateable,,,0.6624629707998306,0.0,,
mi,105,version_27,17,temporal_array,10,46,2,0.6624629707998306,ungateable,,,0.6624629707998306,0.0,,
mi,105,version_27,17,temporal_array,20,42,5,0.6619402985074627,ungateable,,,0.6619402985074627,0.0,,
mi,105,version_27,17,temporal_array,20,43,5,0.6619402985074627,ungateable,,,0.6619402985074627,0.0,,
mi,105,version_27,17,temporal_array,20,44,5,0.6619402985074627,ungateable,,,0.6619402985074627,0.0,,
mi,105,version_27,17,temporal_array,20,45,5,0.6619402985074627,ungateable,,,0.6619402985074627,0.0,,
mi,105,version_27,17,temporal_array,20,46,5,0.6619402985074627,ungateable,,,0.6619402985074627,0.0,,
mi,105,version_27,17,temporal_array,50,42,12,0.6641927083333333,ok,1,0.6673177083333334,0.6673177083333334,0.0031250000000000444,0.75,0
mi,105,version_27,17,temporal_array,50,43,12,0.6641927083333333,ok,1,0.7209635416666667,0.7209635416666667,0.056770833333333326,0.9166666666666667,15
mi,105,version_27,17,temporal_array,50,44,12,0.6641927083333333,ok,1,0.6740885416666668,0.6740885416666668,0.009895833333333437,0.9166666666666667,5
mi,105,version_27,17,temporal_array,50,45,12,0.6641927083333333,ok,1,0.7489583333333334,0.7489583333333334,0.08476562500000007,0.8611111111111112,31
mi,105,version_27,17,temporal_array,50,46,12,0.6641927083333333,ok,1,0.7049479166666667,0.7049479166666667,0.04075520833333335,0.7777777777777778,10
mi,105,version_27,17,temporal_array,100,42,25,0.7075109649122806,ok,1,0.7357456140350878,0.7357456140350878,0.028234649122807154,0.8525641025641026,7
mi,105,version_27,17,temporal_array,100,43,25,0.7075109649122806,ok,1,0.7508223684210527,0.7508223684210527,0.04331140350877205,0.8525641025641026,12
mi,105,version_27,17,temporal_array,100,44,25,0.7075109649122806,ok,1,0.7286184210526315,0.7286184210526315,0.021107456140350922,0.7884615384615384,5
mi,105,version_27,17,temporal_array,100,45,25,0.7075109649122806,ok,1,0.7447916666666667,0.7447916666666667,0.037280701754386136,0.9102564102564104,9
mi,105,version_27,17,temporal_array,100,46,25,0.7075109649122806,ok,1,0.7604166666666667,0.7604166666666667,0.052905701754386136,0.7371794871794872,34
mi,105,version_27,17,temporal_array,150,42,38,0.6481481481481481,ok,1,0.8136574074074074,0.8136574074074074,0.1655092592592593,0.8083333333333333,18
mi,105,version_27,17,temporal_array,150,43,38,0.6481481481481481,ok,1,0.7858796296296295,0.7858796296296295,0.1377314814814814,0.6472222222222221,15
mi,105,version_27,17,temporal_array,150,44,38,0.6481481481481481,ok,1,0.8020833333333333,0.8020833333333333,0.15393518518518512,0.7611111111111112,24
mi,105,version_27,17,temporal_array,150,45,38,0.6481481481481481,ok,1,0.7696759259259258,0.7696759259259258,0.12152777777777768,0.875,8
mi,105,version_27,17,temporal_array,150,46,38,0.6481481481481481,ok,1,0.7962962962962964,0.7962962962962964,0.14814814814814825,0.7861111111111111,24
mi,105,version_28,0,stratified,10,42,2,0.7992922143579373,ungateable,,,0.7992922143579373,0.0,,
mi,105,version_28,0,stratified,10,43,2,0.8129423660262891,ungateable,,,0.8129423660262891,0.0,,
mi,105,version_28,0,stratified,10,44,2,0.8025783619817998,ungateable,,,0.8025783619817998,0.0,,
mi,105,version_28,0,stratified,10,45,2,0.7978597910347152,ungateable,,,0.7978597910347152,0.0,,
mi,105,version_28,0,stratified,10,46,2,0.8086450960566228,ungateable,,,0.8086450960566228,0.0,,
mi,105,version_28,0,stratified,20,42,5,0.7940687361419069,ungateable,,,0.7940687361419069,0.0,,
mi,105,version_28,0,stratified,20,43,5,0.8066334072431632,ungateable,,,0.8066334072431632,0.0,,
mi,105,version_28,0,stratified,20,44,5,0.8093126385809312,ungateable,,,0.8093126385809312,0.0,,
mi,105,version_28,0,stratified,20,45,5,0.7997043606799704,ungateable,,,0.7997043606799704,0.0,,
mi,105,version_28,0,stratified,20,46,5,0.8094050258684404,ungateable,,,0.8094050258684404,0.0,,
mi,105,version_28,0,stratified,50,42,12,0.791349869126262,ok,1,0.8049358095475508,0.8049358095475508,0.0135859404212888,0.8,9
mi,105,version_28,0,stratified,50,43,12,0.8044372429265861,ok,1,0.8116664589305747,0.8116664589305747,0.0072292160039885145,0.9142857142857143,0
mi,105,version_28,0,stratified,50,44,12,0.8065561510656861,ok,0,0.8165274834849807,0.8065561510656861,0.0,0.8285714285714285,0
mi,105,version_28,0,stratified,50,45,12,0.7793842702231085,ok,0,0.7901034525738503,0.7793842702231085,0.0,0.8857142857142858,0
mi,105,version_28,0,stratified,50,46,12,0.8202667331422161,ok,0,0.8251277576966222,0.8202667331422161,0.0,0.8285714285714285,0
mi,105,version_28,0,stratified,100,42,25,0.7851782363977485,ok,0,0.8053470919324578,0.7851782363977485,0.0,0.9166666666666666,1
mi,105,version_28,0,stratified,100,43,25,0.8231707317073171,ok,1,0.8402908067542214,0.8402908067542214,0.01712007504690427,0.6805555555555556,11
mi,105,version_28,0,stratified,100,44,25,0.8198874296435272,ok,1,0.800656660412758,0.800656660412758,-0.019230769230769273,0.8958333333333334,3
mi,105,version_28,0,stratified,100,45,25,0.799249530956848,ok,1,0.8072232645403377,0.8072232645403377,0.007973733583489628,0.8466666666666667,0
mi,105,version_28,0,stratified,100,46,25,0.8285647279549719,ok,0,0.848264540337711,0.8285647279549719,0.0,0.8266666666666667,2
mi,105,version_28,0,stratified,150,42,38,0.813701923076923,ok,1,0.8347355769230769,0.8347355769230769,0.021033653846153855,0.8695652173913044,30
mi,105,version_28,0,stratified,150,43,38,0.7896634615384615,ok,1,0.8082932692307693,0.8082932692307693,0.01862980769230782,0.8405797101449275,0
mi,105,version_28,0,stratified,150,44,38,0.8125,ok,1,0.7944711538461539,0.7944711538461539,-0.018028846153846145,0.8405797101449275,11
mi,105,version_28,0,stratified,150,45,38,0.8209134615384615,ok,1,0.8341346153846154,0.8341346153846154,0.013221153846153966,0.8289855072463769,0
mi,105,version_28,0,stratified,150,46,38,0.860576923076923,ok,1,0.8485576923076923,0.8485576923076923,-0.012019230769230727,0.8202898550724638,17
mi,105,version_28,0,stratified,200,42,50,0.7509157509157509,ok,1,0.8095238095238095,0.8095238095238095,0.05860805860805862,0.830220713073005,0
mi,105,version_28,0,stratified,200,43,50,0.8241758241758241,ok,1,0.8388278388278387,0.8388278388278387,0.0146520146520146,0.8081494057724957,0
mi,105,version_28,0,stratified,200,44,50,0.8388278388278388,ok,1,0.7985347985347986,0.7985347985347986,-0.04029304029304026,0.9354838709677419,9
mi,105,version_28,0,stratified,200,45,50,0.7985347985347986,ok,1,0.8315018315018315,0.8315018315018315,0.03296703296703296,0.7724957555178268,3
mi,105,version_28,0,stratified,200,46,50,0.8131868131868132,ok,0,0.8388278388278388,0.8131868131868132,0.0,0.9032258064516129,0
mi,105,version_28,0,temporal_array,10,42,2,0.8021159542953874,ungateable,,,0.8021159542953874,0.0,,
mi,105,version_28,0,temporal_array,10,43,2,0.8021159542953874,ungateable,,,0.8021159542953874,0.0,,
mi,105,version_28,0,temporal_array,10,44,2,0.8021159542953874,ungateable,,,0.8021159542953874,0.0,,
mi,105,version_28,0,temporal_array,10,45,2,0.8021159542953874,ungateable,,,0.8021159542953874,0.0,,
mi,105,version_28,0,temporal_array,10,46,2,0.8021159542953874,ungateable,,,0.8021159542953874,0.0,,
mi,105,version_28,0,temporal_array,20,42,5,0.8109141791044775,ungateable,,,0.8109141791044775,0.0,,
mi,105,version_28,0,temporal_array,20,43,5,0.8109141791044775,ungateable,,,0.8109141791044775,0.0,,
mi,105,version_28,0,temporal_array,20,44,5,0.8109141791044775,ungateable,,,0.8109141791044775,0.0,,
mi,105,version_28,0,temporal_array,20,45,5,0.8109141791044775,ungateable,,,0.8109141791044775,0.0,,
mi,105,version_28,0,temporal_array,20,46,5,0.8109141791044775,ungateable,,,0.8109141791044775,0.0,,
mi,105,version_28,0,temporal_array,50,42,12,0.8002604166666667,ok,1,0.8118489583333334,0.8118489583333334,0.011588541666666674,1.0,1
mi,105,version_28,0,temporal_array,50,43,12,0.8002604166666667,ok,1,0.8171875,0.8171875,0.01692708333333326,0.888888888888889,6
mi,105,version_28,0,temporal_array,50,44,12,0.8002604166666667,ok,1,0.8166666666666667,0.8166666666666667,0.016406249999999956,0.6944444444444444,11
mi,105,version_28,0,temporal_array,50,45,12,0.8002604166666667,ok,1,0.8220052083333333,0.8220052083333333,0.021744791666666652,0.8333333333333334,11
mi,105,version_28,0,temporal_array,50,46,12,0.8002604166666667,ok,0,0.8057291666666666,0.8002604166666667,0.0,0.9444444444444445,0
mi,105,version_28,0,temporal_array,100,42,25,0.8231907894736842,ok,1,0.7924890350877194,0.7924890350877194,-0.030701754385964786,0.9358974358974359,16
mi,105,version_28,0,temporal_array,100,43,25,0.8231907894736842,ok,1,0.7957785087719298,0.7957785087719298,-0.027412280701754388,0.7115384615384617,34
mi,105,version_28,0,temporal_array,100,44,25,0.8231907894736842,ok,1,0.831140350877193,0.831140350877193,0.007949561403508776,0.8589743589743589,1
mi,105,version_28,0,temporal_array,100,45,25,0.8231907894736842,ok,1,0.8316885964912281,0.8316885964912281,0.008497807017543879,0.8076923076923078,1
mi,105,version_28,0,temporal_array,100,46,25,0.8231907894736842,ok,1,0.8040021929824561,0.8040021929824561,-0.01918859649122806,0.7756410256410257,13
mi,105,version_28,0,temporal_array,150,42,38,0.8043981481481481,ok,1,0.7488425925925926,0.7488425925925926,-0.05555555555555558,0.7722222222222221,5
mi,105,version_28,0,temporal_array,150,43,38,0.8043981481481481,ok,1,0.704861111111111,0.704861111111111,-0.09953703703703709,0.8027777777777778,26
mi,105,version_28,0,temporal_array,150,44,38,0.8043981481481481,ok,1,0.6886574074074074,0.6886574074074074,-0.1157407407407407,0.8972222222222223,17
mi,105,version_28,0,temporal_array,150,45,38,0.8043981481481481,ok,1,0.8009259259259258,0.8009259259259258,-0.003472222222222321,0.9361111111111111,0
mi,105,version_28,0,temporal_array,150,46,38,0.8043981481481481,ok,1,0.7083333333333334,0.7083333333333334,-0.09606481481481477,0.7666666666666667,7
mi,105,version_28,17,stratified,10,42,2,0.6051567239635995,ungateable,,,0.6051567239635995,0.0,,
mi,105,version_28,17,stratified,10,43,2,0.5866194809571957,ungateable,,,0.5866194809571957,0.0,,
mi,105,version_28,17,stratified,10,44,2,0.5889787664307382,ungateable,,,0.5889787664307382,0.0,,
mi,105,version_28,17,stratified,10,45,2,0.5979946073474891,ungateable,,,0.5979946073474891,0.0,,
mi,105,version_28,17,stratified,10,46,2,0.6012807549713517,ungateable,,,0.6012807549713517,0.0,,
mi,105,version_28,17,stratified,20,42,5,0.6098484848484848,ungateable,,,0.6098484848484848,0.0,,
mi,105,version_28,17,stratified,20,43,5,0.5911862527716186,ungateable,,,0.5911862527716186,0.0,,
mi,105,version_28,17,stratified,20,44,5,0.6036585365853657,ungateable,,,0.6036585365853657,0.0,,
mi,105,version_28,17,stratified,20,45,5,0.6046747967479675,ungateable,,,0.6046747967479675,0.0,,
mi,105,version_28,17,stratified,20,46,5,0.603658536585366,ungateable,,,0.603658536585366,0.0,,
mi,105,version_28,17,stratified,50,42,12,0.6168515517886077,ok,1,0.7456063816527483,0.7456063816527483,0.12875482986414055,0.6857142857142857,14
mi,105,version_28,17,stratified,50,43,12,0.5941667705347127,ok,1,0.7275333416427769,0.7275333416427769,0.13336657110806427,0.7999999999999999,19
mi,105,version_28,17,stratified,50,44,12,0.6035148946778013,ok,1,0.6663342889193569,0.6663342889193569,0.06281939424155558,0.8,6
mi,105,version_28,17,stratified,50,45,12,0.6189704599277078,ok,1,0.6308114171756202,0.6308114171756202,0.011840957247912343,0.8285714285714286,0
mi,105,version_28,17,stratified,50,46,12,0.6421538078025676,ok,1,0.7867381278823384,0.7867381278823384,0.14458432007977084,0.9142857142857144,36
mi,105,version_28,17,stratified,100,42,25,0.5961538461538461,ok,1,0.7882270168855535,0.7882270168855535,0.19207317073170738,0.8125,27
mi,105,version_28,17,stratified,100,43,25,0.6228893058161351,ok,1,0.8236397748592871,0.8236397748592871,0.20075046904315197,0.7569444444444444,20
mi,105,version_28,17,stratified,100,44,25,0.6571294559099438,ok,1,0.7439024390243901,0.7439024390243901,0.08677298311444637,0.9652777777777778,37
mi,105,version_28,17,stratified,100,45,25,0.651031894934334,ok,1,0.7575046904315197,0.7575046904315197,0.10647279549718569,0.74,28
mi,105,version_28,17,stratified,100,46,25,0.6285178236397748,ok,1,0.7802532833020639,0.7802532833020639,0.15173545966228907,0.66,39
mi,105,version_28,17,stratified,150,42,38,0.6310096153846154,ok,1,0.8245192307692307,0.8245192307692307,0.1935096153846153,0.8144927536231885,9
mi,105,version_28,17,stratified,150,43,38,0.655048076923077,ok,1,0.8293269230769231,0.8293269230769231,0.17427884615384615,0.7797101449275362,13
mi,105,version_28,17,stratified,150,44,38,0.6652644230769231,ok,1,0.7463942307692307,0.7463942307692307,0.0811298076923076,0.8318840579710146,6
mi,105,version_28,17,stratified,150,45,38,0.6514423076923076,ok,1,0.7493990384615384,0.7493990384615384,0.09795673076923084,0.808695652173913,3
mi,105,version_28,17,stratified,150,46,38,0.6231971153846154,ok,1,0.8299278846153846,0.8299278846153846,0.20673076923076916,0.8492753623188406,13
mi,105,version_28,17,stratified,200,42,50,0.5494505494505495,ok,1,0.8608058608058609,0.8608058608058609,0.31135531135531136,0.8064516129032258,10
mi,105,version_28,17,stratified,200,43,50,0.47985347985347987,ok,1,0.8241758241758241,0.8241758241758241,0.34432234432234426,0.7724957555178268,9
mi,105,version_28,17,stratified,200,44,50,0.728937728937729,ok,1,0.73992673992674,0.73992673992674,0.01098901098901095,0.8896434634974533,22
mi,105,version_28,17,stratified,200,45,50,0.6043956043956045,ok,1,0.7472527472527473,0.7472527472527473,0.1428571428571428,0.8200339558573855,13
mi,105,version_28,17,stratified,200,46,50,0.5567765567765568,ok,1,0.7435897435897436,0.7435897435897436,0.18681318681318682,0.7860780984719864,6
mi,105,version_28,17,temporal_array,10,42,2,0.5971223021582733,ungateable,,,0.5971223021582733,0.0,,
mi,105,version_28,17,temporal_array,10,43,2,0.5971223021582733,ungateable,,,0.5971223021582733,0.0,,
mi,105,version_28,17,temporal_array,10,44,2,0.5971223021582733,ungateable,,,0.5971223021582733,0.0,,
mi,105,version_28,17,temporal_array,10,45,2,0.5971223021582733,ungateable,,,0.5971223021582733,0.0,,
mi,105,version_28,17,temporal_array,10,46,2,0.5971223021582733,ungateable,,,0.5971223021582733,0.0,,
mi,105,version_28,17,temporal_array,20,42,5,0.596455223880597,ungateable,,,0.596455223880597,0.0,,
mi,105,version_28,17,temporal_array,20,43,5,0.596455223880597,ungateable,,,0.596455223880597,0.0,,
mi,105,version_28,17,temporal_array,20,44,5,0.596455223880597,ungateable,,,0.596455223880597,0.0,,
mi,105,version_28,17,temporal_array,20,45,5,0.596455223880597,ungateable,,,0.596455223880597,0.0,,
mi,105,version_28,17,temporal_array,20,46,5,0.596455223880597,ungateable,,,0.596455223880597,0.0,,
mi,105,version_28,17,temporal_array,50,42,12,0.5958333333333333,ok,1,0.7555989583333333,0.7555989583333333,0.15976562500000002,0.888888888888889,38
mi,105,version_28,17,temporal_array,50,43,12,0.5958333333333333,ok,1,0.7717447916666668,0.7717447916666668,0.17591145833333344,0.888888888888889,50
mi,105,version_28,17,temporal_array,50,44,12,0.5958333333333333,ok,1,0.7234374999999998,0.7234374999999998,0.12760416666666652,0.7777777777777778,14
mi,105,version_28,17,temporal_array,50,45,12,0.5958333333333333,ok,1,0.7615885416666668,0.7615885416666668,0.16575520833333346,0.8333333333333334,30
mi,105,version_28,17,temporal_array,50,46,12,0.5958333333333333,ok,1,0.7604166666666666,0.7604166666666666,0.1645833333333333,0.8333333333333334,26
mi,105,version_28,17,temporal_array,100,42,25,0.6425438596491229,ok,1,0.7617872807017544,0.7617872807017544,0.11924342105263153,0.8910256410256411,12
mi,105,version_28,17,temporal_array,100,43,25,0.6425438596491229,ok,1,0.7648026315789473,0.7648026315789473,0.12225877192982448,0.782051282051282,21
mi,105,version_28,17,temporal_array,100,44,25,0.6425438596491229,ok,1,0.7546600877192983,0.7546600877192983,0.1121162280701754,0.8653846153846153,19
mi,105,version_28,17,temporal_array,100,45,25,0.6425438596491229,ok,1,0.7743969298245613,0.7743969298245613,0.13185307017543846,0.826923076923077,17
mi,105,version_28,17,temporal_array,100,46,25,0.6425438596491229,ok,1,0.7502741228070174,0.7502741228070174,0.10773026315789458,0.858974358974359,21
mi,105,version_28,17,temporal_array,150,42,38,0.556712962962963,ok,1,0.744212962962963,0.744212962962963,0.1875,0.8388888888888889,6
mi,105,version_28,17,temporal_array,150,43,38,0.556712962962963,ok,1,0.75,0.75,0.19328703703703698,0.7777777777777779,41
mi,105,version_28,17,temporal_array,150,44,38,0.556712962962963,ok,1,0.7210648148148148,0.7210648148148148,0.16435185185185175,0.8027777777777778,33
mi,105,version_28,17,temporal_array,150,45,38,0.556712962962963,ok,1,0.7476851851851852,0.7476851851851852,0.1909722222222222,0.8527777777777777,11
mi,105,version_28,17,temporal_array,150,46,38,0.556712962962963,ok,1,0.7407407407407407,0.7407407407407407,0.18402777777777768,0.8472222222222222,18
mi,105,version_29,0,stratified,10,42,2,0.8050219076508259,ungateable,,,0.8050219076508259,0.0,,
mi,105,version_29,0,stratified,10,43,2,0.8162285136501518,ungateable,,,0.8162285136501518,0.0,,
mi,105,version_29,0,stratified,10,44,2,0.7990394337714863,ungateable,,,0.7990394337714863,0.0,,
mi,105,version_29,0,stratified,10,45,2,0.806875631951466,ungateable,,,0.806875631951466,0.0,,
mi,105,version_29,0,stratified,10,46,2,0.8087293562521066,ungateable,,,0.8087293562521066,0.0,,
mi,105,version_29,0,stratified,20,42,5,0.7985033259423503,ungateable,,,0.7985033259423503,0.0,,
mi,105,version_29,0,stratified,20,43,5,0.810328898743533,ungateable,,,0.810328898743533,0.0,,
mi,105,version_29,0,stratified,20,44,5,0.7963784183296378,ungateable,,,0.7963784183296378,0.0,,
mi,105,version_29,0,stratified,20,45,5,0.804970436067997,ungateable,,,0.804970436067997,0.0,,
mi,105,version_29,0,stratified,20,46,5,0.8094974131559497,ungateable,,,0.8094974131559497,0.0,,
mi,105,version_29,0,stratified,50,42,12,0.7974573102330799,ok,1,0.8175246167269101,0.8175246167269101,0.02006730649383026,0.6857142857142857,5
mi,105,version_29,0,stratified,50,43,12,0.8169014084507042,ok,0,0.8226349245917985,0.8169014084507042,0.0,0.7714285714285714,0
mi,105,version_29,0,stratified,50,44,12,0.7800074784993145,ok,1,0.798205160164527,0.798205160164527,0.018197681665212517,1.0,8
mi,105,version_29,0,stratified,50,45,12,0.7907266608500562,ok,1,0.7973326685778387,0.7973326685778387,0.006606007727782526,0.8857142857142857,0
mi,105,version_29,0,stratified,50,46,12,0.817399975071669,ok,0,0.8216377913498693,0.817399975071669,0.0,0.8571428571428572,0
mi,105,version_29,0,stratified,100,42,25,0.7950281425891181,ok,1,0.8323170731707318,0.8323170731707318,0.037288930581613644,0.8819444444444444,19
mi,105,version_29,0,stratified,100,43,25,0.8337242026266417,ok,1,0.848968105065666,0.848968105065666,0.015243902439024293,0.7569444444444444,20
mi,105,version_29,0,stratified,100,44,25,0.7893996247654785,ok,1,0.7694652908067542,0.7694652908067542,-0.01993433395872435,0.923611111111111,9
mi,105,version_29,0,stratified,100,45,25,0.8055816135084427,ok,0,0.8067542213883678,0.8055816135084427,0.0,0.8266666666666667,2
mi,105,version_29,0,stratified,100,46,25,0.8285647279549719,ok,0,0.8515478424015009,0.8285647279549719,0.0,0.8266666666666667,9
mi,105,version_29,0,stratified,150,42,38,0.8335336538461539,ok,1,0.8731971153846154,0.8731971153846154,0.039663461538461564,0.846376811594203,18
mi,105,version_29,0,stratified,150,43,38,0.8082932692307692,ok,1,0.8221153846153846,0.8221153846153846,0.013822115384615419,0.8202898550724638,0
mi,105,version_29,0,stratified,150,44,38,0.7836538461538461,ok,1,0.7932692307692308,0.7932692307692308,0.009615384615384692,0.8753623188405797,1
mi,105,version_29,0,stratified,150,45,38,0.8118990384615384,ok,1,0.8197115384615384,0.8197115384615384,0.0078125,0.8434782608695653,0
mi,105,version_29,0,stratified,150,46,38,0.8689903846153846,ok,1,0.8581730769230769,0.8581730769230769,-0.01081730769230771,0.8202898550724638,16
mi,105,version_29,0,stratified,200,42,50,0.8424908424908425,ok,0,0.8498168498168498,0.8424908424908425,0.0,0.8149405772495756,0
mi,105,version_29,0,stratified,200,43,50,0.8021978021978022,ok,0,0.8131868131868132,0.8021978021978022,0.0,0.7249575551782682,0
mi,105,version_29,0,stratified,200,44,50,0.7545787545787546,ok,1,0.7985347985347985,0.7985347985347985,0.04395604395604391,0.9117147707979625,2
mi,105,version_29,0,stratified,200,45,50,0.8608058608058607,ok,1,0.8937728937728937,0.8937728937728937,0.03296703296703296,0.8149405772495755,11
mi,105,version_29,0,stratified,200,46,50,0.8608058608058609,ok,0,0.8827838827838828,0.8608058608058609,0.0,0.8573853989813243,0
mi,105,version_29,0,temporal_array,10,42,2,0.8006771053745239,ungateable,,,0.8006771053745239,0.0,,
mi,105,version_29,0,temporal_array,10,43,2,0.8006771053745239,ungateable,,,0.8006771053745239,0.0,,
mi,105,version_29,0,temporal_array,10,44,2,0.8006771053745239,ungateable,,,0.8006771053745239,0.0,,
mi,105,version_29,0,temporal_array,10,45,2,0.8006771053745239,ungateable,,,0.8006771053745239,0.0,,
mi,105,version_29,0,temporal_array,10,46,2,0.8006771053745239,ungateable,,,0.8006771053745239,0.0,,
mi,105,version_29,0,temporal_array,20,42,5,0.8062499999999999,ungateable,,,0.8062499999999999,0.0,,
mi,105,version_29,0,temporal_array,20,43,5,0.8062499999999999,ungateable,,,0.8062499999999999,0.0,,
mi,105,version_29,0,temporal_array,20,44,5,0.8062499999999999,ungateable,,,0.8062499999999999,0.0,,
mi,105,version_29,0,temporal_array,20,45,5,0.8062499999999999,ungateable,,,0.8062499999999999,0.0,,
mi,105,version_29,0,temporal_array,20,46,5,0.8062499999999999,ungateable,,,0.8062499999999999,0.0,,
mi,105,version_29,0,temporal_array,50,42,12,0.79609375,ok,1,0.7955729166666667,0.7955729166666667,-0.0005208333333333037,1.0,21
mi,105,version_29,0,temporal_array,50,43,12,0.79609375,ok,1,0.81796875,0.81796875,0.021874999999999978,1.0,11
mi,105,version_29,0,temporal_array,50,44,12,0.79609375,ok,0,0.8010416666666668,0.79609375,0.0,0.8333333333333334,0
mi,105,version_29,0,temporal_array,50,45,12,0.79609375,ok,1,0.8083333333333333,0.8083333333333333,0.012239583333333304,0.9444444444444445,25
mi,105,version_29,0,temporal_array,50,46,12,0.79609375,ok,0,0.8013020833333333,0.79609375,0.0,0.8055555555555556,0
mi,105,version_29,0,temporal_array,100,42,25,0.8204495614035088,ok,1,0.8423793859649122,0.8423793859649122,0.021929824561403466,0.9423076923076923,4
mi,105,version_29,0,temporal_array,100,43,25,0.8204495614035088,ok,1,0.8341557017543859,0.8341557017543859,0.013706140350877138,0.6474358974358976,27
mi,105,version_29,0,temporal_array,100,44,25,0.8204495614035088,ok,1,0.8377192982456141,0.8377192982456141,0.01726973684210531,0.8205128205128205,4
mi,105,version_29,0,temporal_array,100,45,25,0.8204495614035088,ok,1,0.8322368421052632,0.8322368421052632,0.011787280701754388,0.7820512820512822,2
mi,105,version_29,0,temporal_array,100,46,25,0.8204495614035088,ok,1,0.8404605263157895,0.8404605263157895,0.020010964912280715,0.6538461538461539,13
mi,105,version_29,0,temporal_array,150,42,38,0.8009259259259258,ok,1,0.8310185185185184,0.8310185185185184,0.03009259259259256,0.8277777777777778,17
mi,105,version_29,0,temporal_array,150,43,38,0.8009259259259258,ok,1,0.8090277777777778,0.8090277777777778,0.008101851851851971,0.6305555555555555,0
mi,105,version_29,0,temporal_array,150,44,38,0.8009259259259258,ok,1,0.8275462962962963,0.8275462962962963,0.02662037037037046,0.85,35
mi,105,version_29,0,temporal_array,150,45,38,0.8009259259259258,ok,1,0.8101851851851851,0.8101851851851851,0.0092592592592593,0.925,0
mi,105,version_29,0,temporal_array,150,46,38,0.8009259259259258,ok,1,0.8252314814814815,0.8252314814814815,0.02430555555555569,0.8472222222222222,9
mi,105,version_29,17,stratified,10,42,2,0.6897539602291877,ungateable,,,0.6897539602291877,0.0,,
mi,105,version_29,17,stratified,10,43,2,0.6814964610717897,ungateable,,,0.6814964610717897,0.0,,
mi,105,version_29,17,stratified,10,44,2,0.678715874620829,ungateable,,,0.678715874620829,0.0,,
mi,105,version_29,17,stratified,10,45,2,0.6904280417930568,ungateable,,,0.6904280417930568,0.0,,
mi,105,version_29,17,stratified,10,46,2,0.6871418941691944,ungateable,,,0.6871418941691944,0.0,,
mi,105,version_29,17,stratified,20,42,5,0.6894863266814487,ungateable,,,0.6894863266814487,0.0,,
mi,105,version_29,17,stratified,20,43,5,0.6870842572062084,ungateable,,,0.6870842572062084,0.0,,
mi,105,version_29,17,stratified,20,44,5,0.6938285291943829,ungateable,,,0.6938285291943829,0.0,,
mi,105,version_29,17,stratified,20,45,5,0.6858832224685882,ungateable,,,0.6858832224685882,0.0,,
mi,105,version_29,17,stratified,20,46,5,0.6855136733185513,ungateable,,,0.6855136733185513,0.0,,
mi,105,version_29,17,stratified,50,42,12,0.6927583198304873,ok,0,0.704848560388882,0.6927583198304873,0.0,0.7142857142857143,0
mi,105,version_29,17,stratified,50,43,12,0.6977439860401347,ok,1,0.7064689019070173,0.7064689019070173,0.008724915866882621,0.9142857142857144,0
mi,105,version_29,17,stratified,50,44,12,0.680044870995887,ok,0,0.6926336781752461,0.680044870995887,0.0,0.7999999999999999,0
mi,105,version_29,17,stratified,50,45,12,0.7026050105945406,ok,0,0.7161909510158295,0.7026050105945406,0.0,0.7428571428571429,0
mi,105,version_29,17,stratified,50,46,12,0.7225476754331297,ok,1,0.7972080269225975,0.7972080269225975,0.07466035148946781,1.0,32
mi,105,version_29,17,stratified,100,42,25,0.673780487804878,ok,1,0.7811913696060037,0.7811913696060037,0.10741088180112568,0.8055555555555555,11
mi,105,version_29,17,stratified,100,43,25,0.7197467166979362,ok,1,0.8114446529080676,0.8114446529080676,0.09169793621013134,0.7430555555555555,36
mi,105,version_29,17,stratified,100,44,25,0.7436679174484052,ok,1,0.7919793621013134,0.7919793621013134,0.04831144465290815,0.9236111111111112,39
mi,105,version_29,17,stratified,100,45,25,0.7305347091932458,ok,1,0.7957317073170732,0.7957317073170732,0.0651969981238274,0.7533333333333334,8
mi,105,version_29,17,stratified,100,46,25,0.7237335834896811,ok,1,0.8102720450281427,0.8102720450281427,0.08653846153846156,0.7266666666666667,27
mi,105,version_29,17,stratified,150,42,38,0.6724759615384615,ok,1,0.7884615384615384,0.7884615384615384,0.11598557692307698,0.8115942028985508,7
mi,105,version_29,17,stratified,150,43,38,0.7337740384615384,ok,1,0.8395432692307693,0.8395432692307693,0.10576923076923084,0.8260869565217391,7
mi,105,version_29,17,stratified,150,44,38,0.7337740384615384,ok,1,0.7986778846153846,0.7986778846153846,0.06490384615384615,0.8405797101449276,7
mi,105,version_29,17,stratified,150,45,38,0.7013221153846154,ok,1,0.760216346153846,0.760216346153846,0.058894230769230616,0.9043478260869565,4
mi,105,version_29,17,stratified,150,46,38,0.7349759615384616,ok,1,0.8125,0.8125,0.07752403846153844,0.8492753623188406,13
mi,105,version_29,17,stratified,200,42,50,0.5238095238095238,ok,1,0.6630036630036631,0.6630036630036631,0.13919413919413925,0.8285229202037351,3
mi,105,version_29,17,stratified,200,43,50,0.6043956043956044,ok,1,0.8608058608058609,0.8608058608058609,0.2564102564102565,0.7809847198641766,27
mi,105,version_29,17,stratified,200,44,50,0.7692307692307693,ok,1,0.7619047619047619,0.7619047619047619,-0.007326007326007411,0.8913412563667231,11
mi,105,version_29,17,stratified,200,45,50,0.6813186813186813,ok,1,0.7728937728937729,0.7728937728937729,0.09157509157509158,0.8030560271646859,19
mi,105,version_29,17,stratified,200,46,50,0.652014652014652,ok,1,0.7362637362637363,0.7362637362637363,0.08424908424908428,0.8251273344651953,3
mi,105,version_29,17,temporal_array,10,42,2,0.6878544223444774,ungateable,,,0.6878544223444774,0.0,,
mi,105,version_29,17,temporal_array,10,43,2,0.6878544223444774,ungateable,,,0.6878544223444774,0.0,,
mi,105,version_29,17,temporal_array,10,44,2,0.6878544223444774,ungateable,,,0.6878544223444774,0.0,,
mi,105,version_29,17,temporal_array,10,45,2,0.6878544223444774,ungateable,,,0.6878544223444774,0.0,,
mi,105,version_29,17,temporal_array,10,46,2,0.6878544223444774,ungateable,,,0.6878544223444774,0.0,,
mi,105,version_29,17,temporal_array,20,42,5,0.6875932835820895,ungateable,,,0.6875932835820895,0.0,,
mi,105,version_29,17,temporal_array,20,43,5,0.6875932835820895,ungateable,,,0.6875932835820895,0.0,,
mi,105,version_29,17,temporal_array,20,44,5,0.6875932835820895,ungateable,,,0.6875932835820895,0.0,,
mi,105,version_29,17,temporal_array,20,45,5,0.6875932835820895,ungateable,,,0.6875932835820895,0.0,,
mi,105,version_29,17,temporal_array,20,46,5,0.6875932835820895,ungateable,,,0.6875932835820895,0.0,,
mi,105,version_29,17,temporal_array,50,42,12,0.6871093749999999,ok,1,0.7822916666666667,0.7822916666666667,0.09518229166666681,0.888888888888889,16
mi,105,version_29,17,temporal_array,50,43,12,0.6871093749999999,ok,1,0.7994791666666666,0.7994791666666666,0.11236979166666672,0.9722222222222223,23
mi,105,version_29,17,temporal_array,50,44,12,0.6871093749999999,ok,1,0.7713541666666667,0.7713541666666667,0.08424479166666676,0.8333333333333334,14
mi,105,version_29,17,temporal_array,50,45,12,0.6871093749999999,ok,1,0.7821614583333333,0.7821614583333333,0.09505208333333337,0.9166666666666667,16
mi,105,version_29,17,temporal_array,50,46,12,0.6871093749999999,ok,1,0.7977864583333333,0.7977864583333333,0.11067708333333337,0.8333333333333334,24
mi,105,version_29,17,temporal_array,100,42,25,0.7382127192982456,ok,1,0.7883771929824561,0.7883771929824561,0.05016447368421051,0.9615384615384616,13
mi,105,version_29,17,temporal_array,100,43,25,0.7382127192982456,ok,1,0.7889254385964911,0.7889254385964911,0.0507127192982455,0.8653846153846154,14
mi,105,version_29,17,temporal_array,100,44,25,0.7382127192982456,ok,1,0.7848135964912281,0.7848135964912281,0.04660087719298245,0.8076923076923078,5
mi,105,version_29,17,temporal_array,100,45,25,0.7382127192982456,ok,1,0.7823464912280702,0.7823464912280702,0.044133771929824595,0.8589743589743589,4
mi,105,version_29,17,temporal_array,100,46,25,0.7382127192982456,ok,1,0.7881030701754387,0.7881030701754387,0.04989035087719307,0.7756410256410257,13
mi,105,version_29,17,temporal_array,150,42,38,0.7395833333333334,ok,1,0.7789351851851852,0.7789351851851852,0.03935185185185186,0.825,40
mi,105,version_29,17,temporal_array,150,43,38,0.7395833333333334,ok,1,0.8067129629629629,0.8067129629629629,0.06712962962962954,0.763888888888889,38
mi,105,version_29,17,temporal_array,150,44,38,0.7395833333333334,ok,1,0.8020833333333333,0.8020833333333333,0.06249999999999989,0.7166666666666667,7
mi,105,version_29,17,temporal_array,150,45,38,0.7395833333333334,ok,1,0.8078703703703703,0.8078703703703703,0.06828703703703698,0.8416666666666666,8
mi,105,version_29,17,temporal_array,150,46,38,0.7395833333333334,ok,1,0.7881944444444444,0.7881944444444444,0.04861111111111105,0.8138888888888889,16
mi,105,version_30,0,stratified,10,42,2,0.8112571621166161,ungateable,,,0.8112571621166161,0.0,,
mi,105,version_30,0,stratified,10,43,2,0.8204415234243344,ungateable,,,0.8204415234243344,0.0,,
mi,105,version_30,0,stratified,10,44,2,0.8072969329288844,ungateable,,,0.8072969329288844,0.0,,
mi,105,version_30,0,stratified,10,45,2,0.8073811931243681,ungateable,,,0.8073811931243681,0.0,,
mi,105,version_30,0,stratified,10,46,2,0.8193461408830468,ungateable,,,0.8193461408830468,0.0,,
mi,105,version_30,0,stratified,20,42,5,0.8097745750184775,ungateable,,,0.8097745750184775,0.0,,
mi,105,version_30,0,stratified,20,43,5,0.8082039911308204,ungateable,,,0.8082039911308204,0.0,,
mi,105,version_30,0,stratified,20,44,5,0.8122690317812269,ungateable,,,0.8122690317812269,0.0,,
mi,105,version_30,0,stratified,20,45,5,0.8059866962305987,ungateable,,,0.8059866962305987,0.0,,
mi,105,version_30,0,stratified,20,46,5,0.8220620842572062,ungateable,,,0.8220620842572062,0.0,,
mi,105,version_30,0,stratified,50,42,12,0.8162782001744984,ok,0,0.8150317836220865,0.8162782001744984,0.0,0.6571428571428573,0
mi,105,version_30,0,stratified,50,43,12,0.820142091486975,ok,0,0.8126635921725041,0.820142091486975,0.0,0.7142857142857144,0
mi,105,version_30,0,stratified,50,44,12,0.8071793593418921,ok,1,0.8144085753458806,0.8144085753458806,0.0072292160039885145,0.8857142857142857,2
mi,105,version_30,0,stratified,50,45,12,0.7974573102330799,ok,0,0.7970833852673563,0.7974573102330799,0.0,0.8857142857142858,0
mi,105,version_30,0,stratified,50,46,12,0.8367194316340522,ok,0,0.8353483734263991,0.8367194316340522,0.0,0.6857142857142857,0
mi,105,version_30,0,stratified,100,42,25,0.8112101313320825,ok,0,0.8055816135084427,0.8112101313320825,0.0,0.8194444444444444,4
mi,105,version_30,0,stratified,100,43,25,0.848499061913696,ok,1,0.8325515947467167,0.8325515947467167,-0.015947467166979257,0.625,3
mi,105,version_30,0,stratified,100,44,25,0.822232645403377,ok,1,0.8203564727954972,0.8203564727954972,-0.0018761726078798668,0.9166666666666667,0
mi,105,version_30,0,stratified,100,45,25,0.8137898686679175,ok,0,0.8151969981238274,0.8137898686679175,0.0,0.86,0
mi,105,version_30,0,stratified,100,46,25,0.8463883677298312,ok,1,0.8334896810506567,0.8334896810506567,-0.012898686679174487,0.86,27
mi,105,version_30,0,stratified,150,42,38,0.8383413461538461,ok,1,0.8563701923076924,0.8563701923076924,0.018028846153846256,0.8173913043478261,17
mi,105,version_30,0,stratified,150,43,38,0.8305288461538463,ok,0,0.8275240384615384,0.8305288461538463,0.0,0.7304347826086957,0
mi,105,version_30,0,stratified,150,44,38,0.8203125000000001,ok,1,0.7992788461538461,0.7992788461538461,-0.021033653846153966,0.9159420289855073,10
mi,105,version_30,0,stratified,150,45,38,0.829326923076923,ok,0,0.8245192307692308,0.829326923076923,0.0,0.8492753623188406,0
mi,105,version_30,0,stratified,150,46,38,0.8756009615384616,ok,1,0.850360576923077,0.850360576923077,-0.02524038461538458,0.7768115942028986,22
mi,105,version_30,0,stratified,200,42,50,0.783882783882784,ok,1,0.8058608058608059,0.8058608058608059,0.0219780219780219,0.8234295415959253,4
mi,105,version_30,0,stratified,200,43,50,0.7692307692307693,ok,0,0.7692307692307692,0.7692307692307693,0.0,0.8030560271646859,1
mi,105,version_30,0,stratified,200,44,50,0.8168498168498168,ok,1,0.8131868131868132,0.8131868131868132,-0.00366300366300365,0.9269949066213922,25
mi,105,version_30,0,stratified,200,45,50,0.8754578754578755,ok,1,0.8827838827838828,0.8827838827838828,0.0073260073260073,0.7945670628183361,8
mi,105,version_30,0,stratified,200,46,50,0.8205128205128205,ok,0,0.8241758241758241,0.8205128205128205,0.0,0.8743633276740237,0
mi,105,version_30,0,temporal_array,10,42,2,0.8121878967414304,ungateable,,,0.8121878967414304,0.0,,
mi,105,version_30,0,temporal_array,10,43,2,0.8121878967414304,ungateable,,,0.8121878967414304,0.0,,
mi,105,version_30,0,temporal_array,10,44,2,0.8121878967414304,ungateable,,,0.8121878967414304,0.0,,
mi,105,version_30,0,temporal_array,10,45,2,0.8121878967414304,ungateable,,,0.8121878967414304,0.0,,
mi,105,version_30,0,temporal_array,10,46,2,0.8121878967414304,ungateable,,,0.8121878967414304,0.0,,
mi,105,version_30,0,temporal_array,20,42,5,0.8105410447761193,ungateable,,,0.8105410447761193,0.0,,
mi,105,version_30,0,temporal_array,20,43,5,0.8105410447761193,ungateable,,,0.8105410447761193,0.0,,
mi,105,version_30,0,temporal_array,20,44,5,0.8105410447761193,ungateable,,,0.8105410447761193,0.0,,
mi,105,version_30,0,temporal_array,20,45,5,0.8105410447761193,ungateable,,,0.8105410447761193,0.0,,
mi,105,version_30,0,temporal_array,20,46,5,0.8105410447761193,ungateable,,,0.8105410447761193,0.0,,
mi,105,version_30,0,temporal_array,50,42,12,0.8029947916666668,ok,0,0.8001302083333334,0.8029947916666668,0.0,0.9722222222222223,0
mi,105,version_30,0,temporal_array,50,43,12,0.8029947916666668,ok,0,0.7963541666666667,0.8029947916666668,0.0,0.8055555555555556,0
mi,105,version_30,0,temporal_array,50,44,12,0.8029947916666668,ok,0,0.8002604166666667,0.8029947916666668,0.0,0.7777777777777779,0
mi,105,version_30,0,temporal_array,50,45,12,0.8029947916666668,ok,1,0.7950520833333333,0.7950520833333333,-0.007942708333333437,0.9166666666666667,16
mi,105,version_30,0,temporal_array,50,46,12,0.8029947916666668,ok,0,0.8014322916666667,0.8029947916666668,0.0,0.888888888888889,0
mi,105,version_30,0,temporal_array,100,42,25,0.8275767543859649,ok,1,0.8368969298245614,0.8368969298245614,0.009320175438596534,0.9487179487179488,6
mi,105,version_30,0,temporal_array,100,43,25,0.8275767543859649,ok,1,0.8259320175438597,0.8259320175438597,-0.0016447368421051989,0.5897435897435898,26
mi,105,version_30,0,temporal_array,100,44,25,0.8275767543859649,ok,0,0.8278508771929824,0.8275767543859649,0.0,0.8653846153846153,0
mi,105,version_30,0,temporal_array,100,45,25,0.8275767543859649,ok,1,0.8336074561403508,0.8336074561403508,0.006030701754385914,0.8397435897435898,7
mi,105,version_30,0,temporal_array,100,46,25,0.8275767543859649,ok,1,0.8234649122807017,0.8234649122807017,-0.004111842105263164,0.7371794871794872,40
mi,105,version_30,0,temporal_array,150,42,38,0.7476851851851851,ok,1,0.7476851851851851,0.7476851851851851,0.0,0.7833333333333334,9
mi,105,version_30,0,temporal_array,150,43,38,0.7476851851851851,ok,1,0.7337962962962963,0.7337962962962963,-0.01388888888888884,0.6111111111111112,24
mi,105,version_30,0,temporal_array,150,44,38,0.7476851851851851,ok,0,0.7719907407407407,0.7476851851851851,0.0,0.8277777777777777,5
mi,105,version_30,0,temporal_array,150,45,38,0.7476851851851851,ok,1,0.7488425925925926,0.7488425925925926,0.0011574074074074403,0.9666666666666667,0
mi,105,version_30,0,temporal_array,150,46,38,0.7476851851851851,ok,0,0.7523148148148148,0.7476851851851851,0.0,0.8333333333333334,0
mi,105,version_30,17,stratified,10,42,2,0.6643073811931244,ungateable,,,0.6643073811931244,0.0,,
mi,105,version_30,17,stratified,10,43,2,0.6600943714189417,ungateable,,,0.6600943714189417,0.0,,
mi,105,version_30,17,stratified,10,44,2,0.6595888102460398,ungateable,,,0.6595888102460398,0.0,,
mi,105,version_30,17,stratified,10,45,2,0.6641388608021571,ungateable,,,0.6641388608021571,0.0,,
mi,105,version_30,17,stratified,10,46,2,0.6724806201550387,ungateable,,,0.6724806201550387,0.0,,
mi,105,version_30,17,stratified,20,42,5,0.6765521064301552,ungateable,,,0.6765521064301552,0.0,,
mi,105,version_30,17,stratified,20,43,5,0.663710273466371,ungateable,,,0.663710273466371,0.0,,
mi,105,version_30,17,stratified,20,44,5,0.6814486326681448,ungateable,,,0.6814486326681448,0.0,,
mi,105,version_30,17,stratified,20,45,5,0.6552106430155211,ungateable,,,0.6552106430155211,0.0,,
mi,105,version_30,17,stratified,20,46,5,0.6771988174427198,ungateable,,,0.6771988174427198,0.0,,
mi,105,version_30,17,stratified,50,42,12,0.689766920104699,ok,1,0.6237068428268727,0.6237068428268727,-0.06606007727782626,0.6000000000000001,17
mi,105,version_30,17,stratified,50,43,12,0.6748099214757571,ok,0,0.6620964726411567,0.6748099214757571,0.0,0.6857142857142857,0
mi,105,version_30,17,stratified,50,44,12,0.6824130624454692,ok,1,0.6784245294777514,0.6784245294777514,-0.003988532967717728,0.8571428571428572,19
mi,105,version_30,17,stratified,50,45,12,0.6734388632681042,ok,1,0.6362956500062321,0.6362956500062321,-0.03714321326187209,0.6571428571428571,3
mi,105,version_30,17,stratified,50,46,12,0.7045992770783995,ok,0,0.6933815281066932,0.7045992770783995,0.0,0.5142857142857142,0
mi,105,version_30,17,stratified,100,42,25,0.6775328330206378,ok,1,0.7331144465290806,0.7331144465290806,0.05558161350844282,0.7291666666666666,27
mi,105,version_30,17,stratified,100,43,25,0.6683864915572233,ok,1,0.7045028142589118,0.7045028142589118,0.03611632270168852,0.7083333333333333,29
mi,105,version_30,17,stratified,100,44,25,0.7682926829268293,ok,1,0.6707317073170731,0.6707317073170731,-0.09756097560975618,0.9236111111111112,45
mi,105,version_30,17,stratified,100,45,25,0.698405253283302,ok,1,0.7169324577861164,0.7169324577861164,0.01852720450281431,0.76,32
mi,105,version_30,17,stratified,100,46,25,0.7213883677298312,ok,1,0.7305347091932458,0.7305347091932458,0.009146341463414642,0.6733333333333333,12
mi,105,version_30,17,stratified,150,42,38,0.6844951923076923,ok,1,0.780048076923077,0.780048076923077,0.09555288461538469,0.7449275362318841,27
mi,105,version_30,17,stratified,150,43,38,0.7001201923076923,ok,1,0.8353365384615384,0.8353365384615384,0.13521634615384615,0.7913043478260869,50
mi,105,version_30,17,stratified,150,44,38,0.7686298076923077,ok,1,0.7560096153846154,0.7560096153846154,-0.01262019230769229,0.8405797101449276,29
mi,105,version_30,17,stratified,150,45,38,0.6911057692307693,ok,0,0.6784855769230769,0.6911057692307693,0.0,0.744927536231884,9
mi,105,version_30,17,stratified,150,46,38,0.7644230769230769,ok,1,0.7506009615384616,0.7506009615384616,-0.013822115384615308,0.7797101449275363,45
mi,105,version_30,17,stratified,200,42,50,0.5457875457875458,ok,1,0.8205128205128206,0.8205128205128206,0.27472527472527475,0.8556876061120543,31
mi,105,version_30,17,stratified,200,43,50,0.5934065934065933,ok,1,0.8168498168498168,0.8168498168498168,0.22344322344322354,0.7164685908319185,23
mi,105,version_30,17,stratified,200,44,50,0.728937728937729,ok,1,0.728937728937729,0.728937728937729,0.0,0.7741935483870968,58
mi,105,version_30,17,stratified,200,45,50,0.6813186813186813,ok,1,0.7728937728937729,0.7728937728937729,0.09157509157509158,0.7453310696095076,52
mi,105,version_30,17,stratified,200,46,50,0.6630036630036631,ok,1,0.6959706959706959,0.6959706959706959,0.03296703296703285,0.801358234295416,72
mi,105,version_30,17,temporal_array,10,42,2,0.6610241218789674,ungateable,,,0.6610241218789674,0.0,,
mi,105,version_30,17,temporal_array,10,43,2,0.6610241218789674,ungateable,,,0.6610241218789674,0.0,,
mi,105,version_30,17,temporal_array,10,44,2,0.6610241218789674,ungateable,,,0.6610241218789674,0.0,,
mi,105,version_30,17,temporal_array,10,45,2,0.6610241218789674,ungateable,,,0.6610241218789674,0.0,,
mi,105,version_30,17,temporal_array,10,46,2,0.6610241218789674,ungateable,,,0.6610241218789674,0.0,,
mi,105,version_30,17,temporal_array,20,42,5,0.671455223880597,ungateable,,,0.671455223880597,0.0,,
mi,105,version_30,17,temporal_array,20,43,5,0.671455223880597,ungateable,,,0.671455223880597,0.0,,
mi,105,version_30,17,temporal_array,20,44,5,0.671455223880597,ungateable,,,0.671455223880597,0.0,,
mi,105,version_30,17,temporal_array,20,45,5,0.671455223880597,ungateable,,,0.671455223880597,0.0,,
mi,105,version_30,17,temporal_array,20,46,5,0.671455223880597,ungateable,,,0.671455223880597,0.0,,
mi,105,version_30,17,temporal_array,50,42,12,0.6723958333333333,ok,1,0.6652343749999999,0.6652343749999999,-0.00716145833333337,0.5833333333333333,0
mi,105,version_30,17,temporal_array,50,43,12,0.6723958333333333,ok,1,0.6578124999999999,0.6578124999999999,-0.014583333333333393,0.7222222222222223,1
mi,105,version_30,17,temporal_array,50,44,12,0.6723958333333333,ok,0,0.6651041666666667,0.6723958333333333,0.0,0.888888888888889,0
mi,105,version_30,17,temporal_array,50,45,12,0.6723958333333333,ok,0,0.6669270833333334,0.6723958333333333,0.0,0.6944444444444445,0
mi,105,version_30,17,temporal_array,50,46,12,0.6723958333333333,ok,0,0.6651041666666666,0.6723958333333333,0.0,0.5555555555555556,0
mi,105,version_30,17,temporal_array,100,42,25,0.712719298245614,ok,1,0.6716008771929824,0.6716008771929824,-0.041118421052631526,0.8012820512820513,11
mi,105,version_30,17,temporal_array,100,43,25,0.712719298245614,ok,1,0.731907894736842,0.731907894736842,0.01918859649122806,0.8205128205128206,25
mi,105,version_30,17,temporal_array,100,44,25,0.712719298245614,ok,1,0.699561403508772,0.699561403508772,-0.013157894736841924,0.8782051282051282,14
mi,105,version_30,17,temporal_array,100,45,25,0.712719298245614,ok,0,0.6957236842105263,0.712719298245614,0.0,0.7371794871794871,0
mi,105,version_30,17,temporal_array,100,46,25,0.712719298245614,ok,1,0.7094298245614035,0.7094298245614035,-0.003289473684210509,0.6923076923076923,46
mi,105,version_30,17,temporal_array,150,42,38,0.6030092592592593,ok,1,0.7025462962962963,0.7025462962962963,0.09953703703703698,0.7611111111111111,43
mi,105,version_30,17,temporal_array,150,43,38,0.6030092592592593,ok,1,0.7199074074074073,0.7199074074074073,0.11689814814814803,0.6833333333333333,58
mi,105,version_30,17,temporal_array,150,44,38,0.6030092592592593,ok,0,0.6018518518518519,0.6030092592592593,0.0,0.6916666666666667,7
mi,105,version_30,17,temporal_array,150,45,38,0.6030092592592593,ok,1,0.6990740740740741,0.6990740740740741,0.09606481481481477,0.8083333333333333,19
mi,105,version_30,17,temporal_array,150,46,38,0.6030092592592593,ok,1,0.6597222222222222,0.6597222222222222,0.05671296296296291,0.7166666666666667,20
mi,105,version_41,0,stratified,10,42,2,0.8114256825075834,ungateable,,,0.8114256825075834,0.0,,
mi,105,version_41,0,stratified,10,43,2,0.8240647118301315,ungateable,,,0.8240647118301315,0.0,,
mi,105,version_41,0,stratified,10,44,2,0.8063700707785642,ungateable,,,0.8063700707785642,0.0,,
mi,105,version_41,0,stratified,10,45,2,0.8159757330637007,ungateable,,,0.8159757330637007,0.0,,
mi,105,version_41,0,stratified,10,46,2,0.8224637681159419,ungateable,,,0.8224637681159419,0.0,,
mi,105,version_41,0,stratified,20,42,5,0.8057095343680709,ungateable,,,0.8057095343680709,0.0,,
mi,105,version_41,0,stratified,20,43,5,0.8110679970436069,ungateable,,,0.8110679970436069,0.0,,
mi,105,version_41,0,stratified,20,44,5,0.8009053954175905,ungateable,,,0.8009053954175905,0.0,,
mi,105,version_41,0,stratified,20,45,5,0.817719881744272,ungateable,,,0.817719881744272,0.0,,
mi,105,version_41,0,stratified,20,46,5,0.8203067257945307,ungateable,,,0.8203067257945307,0.0,,
mi,105,version_41,0,stratified,50,42,12,0.8116664589305745,ok,0,0.8185217499688395,0.8116664589305745,0.0,0.6857142857142857,5
mi,105,version_41,0,stratified,50,43,12,0.8109186089991276,ok,0,0.8169014084507041,0.8109186089991276,0.0,0.942857142857143,0
mi,105,version_41,0,stratified,50,44,12,0.7960862520254269,ok,0,0.8041879596161037,0.7960862520254269,0.0,0.9714285714285715,0
mi,105,version_41,0,stratified,50,45,12,0.8132868004487099,ok,0,0.8197681665212514,0.8132868004487099,0.0,0.7714285714285714,0
mi,105,version_41,0,stratified,50,46,12,0.8365947899788109,ok,0,0.8397108313598405,0.8365947899788109,0.0,0.9714285714285715,0
mi,105,version_41,0,stratified,100,42,25,0.8069887429643526,ok,1,0.8348968105065666,0.8348968105065666,0.027908067542213977,0.8402777777777778,6
mi,105,version_41,0,stratified,100,43,25,0.824812382739212,ok,1,0.8581144465290806,0.8581144465290806,0.03330206378986866,0.6875,5
mi,105,version_41,0,stratified,100,44,25,0.800187617260788,ok,1,0.7952626641651033,0.7952626641651033,-0.004924953095684748,0.9375,1
mi,105,version_41,0,stratified,100,45,25,0.8269230769230769,ok,1,0.8180112570356473,0.8180112570356473,-0.008911819887429617,0.8133333333333332,14
mi,105,version_41,0,stratified,100,46,25,0.8327861163227017,ok,1,0.8447467166979362,0.8447467166979362,0.011960600375234498,0.8600000000000001,2
mi,105,version_41,0,stratified,150,42,38,0.826923076923077,ok,1,0.8695913461538461,0.8695913461538461,0.04266826923076916,0.8898550724637682,13
mi,105,version_41,0,stratified,150,43,38,0.7872596153846154,ok,0,0.7938701923076923,0.7872596153846154,0.0,0.8492753623188406,0
mi,105,version_41,0,stratified,150,44,38,0.8143028846153847,ok,1,0.7986778846153847,0.7986778846153847,-0.015625,0.918840579710145,12
mi,105,version_41,0,stratified,150,45,38,0.8353365384615385,ok,0,0.8443509615384616,0.8353365384615385,0.0,0.8753623188405798,0
mi,105,version_41,0,stratified,150,46,38,0.8647836538461539,ok,1,0.8804086538461539,0.8804086538461539,0.015625,0.8724637681159421,25
mi,105,version_41,0,stratified,200,42,50,0.8571428571428572,ok,1,0.8864468864468864,0.8864468864468864,0.0293040293040292,0.7911714770797963,8
mi,105,version_41,0,stratified,200,43,50,0.7802197802197802,ok,0,0.8424908424908424,0.7802197802197802,0.0,0.7741935483870968,3
mi,105,version_41,0,stratified,200,44,50,0.8168498168498168,ok,1,0.8021978021978022,0.8021978021978022,-0.0146520146520146,0.9252971137521222,9
mi,105,version_41,0,stratified,200,45,50,0.8351648351648352,ok,1,0.8571428571428572,0.8571428571428572,0.02197802197802201,0.8522920203735144,2
mi,105,version_41,0,stratified,200,46,50,0.8278388278388279,ok,1,0.8388278388278388,0.8388278388278388,0.01098901098901095,0.8964346349745331,0
mi,105,version_41,0,temporal_array,10,42,2,0.8137960220059246,ungateable,,,0.8137960220059246,0.0,,
mi,105,version_41,0,temporal_array,10,43,2,0.8137960220059246,ungateable,,,0.8137960220059246,0.0,,
mi,105,version_41,0,temporal_array,10,44,2,0.8137960220059246,ungateable,,,0.8137960220059246,0.0,,
mi,105,version_41,0,temporal_array,10,45,2,0.8137960220059246,ungateable,,,0.8137960220059246,0.0,,
mi,105,version_41,0,temporal_array,10,46,2,0.8137960220059246,ungateable,,,0.8137960220059246,0.0,,
mi,105,version_41,0,temporal_array,20,42,5,0.8105410447761194,ungateable,,,0.8105410447761194,0.0,,
mi,105,version_41,0,temporal_array,20,43,5,0.8105410447761194,ungateable,,,0.8105410447761194,0.0,,
mi,105,version_41,0,temporal_array,20,44,5,0.8105410447761194,ungateable,,,0.8105410447761194,0.0,,
mi,105,version_41,0,temporal_array,20,45,5,0.8105410447761194,ungateable,,,0.8105410447761194,0.0,,
mi,105,version_41,0,temporal_array,20,46,5,0.8105410447761194,ungateable,,,0.8105410447761194,0.0,,
mi,105,version_41,0,temporal_array,50,42,12,0.8072916666666667,ok,0,0.815234375,0.8072916666666667,0.0,1.0,0
mi,105,version_41,0,temporal_array,50,43,12,0.8072916666666667,ok,1,0.8334635416666666,0.8334635416666666,0.026171874999999845,0.888888888888889,14
mi,105,version_41,0,temporal_array,50,44,12,0.8072916666666667,ok,0,0.8145833333333333,0.8072916666666667,0.0,0.7777777777777779,0
mi,105,version_41,0,temporal_array,50,45,12,0.8072916666666667,ok,1,0.8397135416666667,0.8397135416666667,0.03242187499999993,0.888888888888889,10
mi,105,version_41,0,temporal_array,50,46,12,0.8072916666666667,ok,0,0.8148437499999999,0.8072916666666667,0.0,0.888888888888889,0
mi,105,version_41,0,temporal_array,100,42,25,0.8448464912280701,ok,1,0.8514254385964912,0.8514254385964912,0.006578947368421129,0.9807692307692308,2
mi,105,version_41,0,temporal_array,100,43,25,0.8448464912280701,ok,1,0.8401864035087718,0.8401864035087718,-0.004660087719298267,0.7051282051282052,16
mi,105,version_41,0,temporal_array,100,44,25,0.8448464912280701,ok,1,0.8218201754385964,0.8218201754385964,-0.023026315789473673,0.8910256410256412,24
mi,105,version_41,0,temporal_array,100,45,25,0.8448464912280701,ok,1,0.8560855263157895,0.8560855263157895,0.011239035087719396,0.8141025641025641,3
mi,105,version_41,0,temporal_array,100,46,25,0.8448464912280701,ok,1,0.841282894736842,0.841282894736842,-0.0035635964912280604,0.7371794871794872,11
mi,105,version_41,0,temporal_array,150,42,38,0.84375,ok,1,0.7546296296296297,0.7546296296296297,-0.08912037037037035,0.7999999999999999,15
mi,105,version_41,0,temporal_array,150,43,38,0.84375,ok,1,0.7858796296296295,0.7858796296296295,-0.05787037037037046,0.7277777777777777,34
mi,105,version_41,0,temporal_array,150,44,38,0.84375,ok,1,0.755787037037037,0.755787037037037,-0.08796296296296302,0.8972222222222221,21
mi,105,version_41,0,temporal_array,150,45,38,0.84375,ok,1,0.8136574074074074,0.8136574074074074,-0.03009259259259256,0.9833333333333333,3
mi,105,version_41,0,temporal_array,150,46,38,0.84375,ok,1,0.7719907407407407,0.7719907407407407,-0.0717592592592593,0.9055555555555556,5
mi,105,version_41,17,stratified,10,42,2,0.6557128412537917,ungateable,,,0.6557128412537917,0.0,,
mi,105,version_41,17,stratified,10,43,2,0.6468655207280082,ungateable,,,0.6468655207280082,0.0,,
mi,105,version_41,17,stratified,10,44,2,0.6480451634647793,ungateable,,,0.6480451634647793,0.0,,
mi,105,version_41,17,stratified,10,45,2,0.6511627906976745,ungateable,,,0.6511627906976745,0.0,,
mi,105,version_41,17,stratified,10,46,2,0.6544489383215369,ungateable,,,0.6544489383215369,0.0,,
mi,105,version_41,17,stratified,20,42,5,0.6613082039911309,ungateable,,,0.6613082039911309,0.0,,
mi,105,version_41,17,stratified,20,43,5,0.6553030303030303,ungateable,,,0.6553030303030303,0.0,,
mi,105,version_41,17,stratified,20,44,5,0.6589061345158906,ungateable,,,0.6589061345158906,0.0,,
mi,105,version_41,17,stratified,20,45,5,0.649759793052476,ungateable,,,0.649759793052476,0.0,,
mi,105,version_41,17,stratified,20,46,5,0.6545639320029564,ungateable,,,0.6545639320029564,0.0,,
mi,105,version_41,17,stratified,50,42,12,0.6738127882338277,ok,1,0.7139474012214883,0.7139474012214883,0.04013461298766052,0.6571428571428573,16
mi,105,version_41,17,stratified,50,43,12,0.6562383148448212,ok,1,0.7022310856288172,0.7022310856288172,0.045992770783995995,0.8,24
mi,105,version_41,17,stratified,50,44,12,0.6538701233952386,ok,1,0.7019818023183347,0.7019818023183347,0.04811167892309609,0.8,5
mi,105,version_41,17,stratified,50,45,12,0.6613486227097096,ok,0,0.6696996136108687,0.6613486227097096,0.0,0.7714285714285714,0
mi,105,version_41,17,stratified,50,46,12,0.6857783871369812,ok,1,0.7793842702231085,0.7793842702231085,0.09360588308612727,0.8857142857142857,21
mi,105,version_41,17,stratified,100,42,25,0.6704971857410882,ok,0,0.6913696060037524,0.6704971857410882,0.0,0.6180555555555556,0
mi,105,version_41,17,stratified,100,43,25,0.6864446529080674,ok,1,0.7492964352720449,0.7492964352720449,0.06285178236397748,0.8125,51
mi,105,version_41,17,stratified,100,44,25,0.7326454033771107,ok,1,0.7774390243902439,0.7774390243902439,0.04479362101313322,0.875,14
mi,105,version_41,17,stratified,100,45,25,0.6866791744840526,ok,1,0.7413227016885554,0.7413227016885554,0.05464352720450283,0.72,12
mi,105,version_41,17,stratified,100,46,25,0.7028611632270169,ok,0,0.7213883677298312,0.7028611632270169,0.0,0.6066666666666667,0
mi,105,version_41,17,stratified,150,42,38,0.6953125,ok,1,0.8527644230769231,0.8527644230769231,0.15745192307692313,0.7768115942028985,16
mi,105,version_41,17,stratified,150,43,38,0.7145432692307692,ok,1,0.7866586538461539,0.7866586538461539,0.07211538461538469,0.8144927536231884,21
mi,105,version_41,17,stratified,150,44,38,0.7295673076923077,ok,1,0.782451923076923,0.782451923076923,0.05288461538461531,0.8405797101449276,6
mi,105,version_41,17,stratified,150,45,38,0.7049278846153846,ok,1,0.7241586538461539,0.7241586538461539,0.019230769230769273,0.83768115942029,8
mi,105,version_41,17,stratified,150,46,38,0.6881009615384616,ok,1,0.7337740384615384,0.7337740384615384,0.04567307692307687,0.8144927536231884,22
mi,105,version_41,17,stratified,200,42,50,0.6190476190476191,ok,1,0.8791208791208792,0.8791208791208792,0.26007326007326015,0.7809847198641765,47
mi,105,version_41,17,stratified,200,43,50,0.673992673992674,ok,1,0.9047619047619048,0.9047619047619048,0.23076923076923073,0.8353140916808149,69
mi,105,version_41,17,stratified,200,44,50,0.7509157509157509,ok,1,0.8534798534798536,0.8534798534798536,0.10256410256410264,0.8624787775891342,24
mi,105,version_41,17,stratified,200,45,50,0.717948717948718,ok,1,0.7728937728937729,0.7728937728937729,0.05494505494505497,0.8115449915110357,35
mi,105,version_41,17,stratified,200,46,50,0.652014652014652,ok,1,0.6703296703296704,0.6703296703296704,0.01831501831501836,0.797962648556876,9
mi,105,version_41,17,temporal_array,10,42,2,0.6587388912399492,ungateable,,,0.6587388912399492,0.0,,
mi,105,version_41,17,temporal_array,10,43,2,0.6587388912399492,ungateable,,,0.6587388912399492,0.0,,
mi,105,version_41,17,temporal_array,10,44,2,0.6587388912399492,ungateable,,,0.6587388912399492,0.0,,
mi,105,version_41,17,temporal_array,10,45,2,0.6587388912399492,ungateable,,,0.6587388912399492,0.0,,
mi,105,version_41,17,temporal_array,10,46,2,0.6587388912399492,ungateable,,,0.6587388912399492,0.0,,
mi,105,version_41,17,temporal_array,20,42,5,0.6691231343283582,ungateable,,,0.6691231343283582,0.0,,
mi,105,version_41,17,temporal_array,20,43,5,0.6691231343283582,ungateable,,,0.6691231343283582,0.0,,
mi,105,version_41,17,temporal_array,20,44,5,0.6691231343283582,ungateable,,,0.6691231343283582,0.0,,
mi,105,version_41,17,temporal_array,20,45,5,0.6691231343283582,ungateable,,,0.6691231343283582,0.0,,
mi,105,version_41,17,temporal_array,20,46,5,0.6691231343283582,ungateable,,,0.6691231343283582,0.0,,
mi,105,version_41,17,temporal_array,50,42,12,0.6846354166666667,ok,1,0.775,0.775,0.0903645833333333,0.7222222222222222,24
mi,105,version_41,17,temporal_array,50,43,12,0.6846354166666667,ok,1,0.8065104166666667,0.8065104166666667,0.12187499999999996,0.5833333333333333,31
mi,105,version_41,17,temporal_array,50,44,12,0.6846354166666667,ok,1,0.7361979166666667,0.7361979166666667,0.051562499999999956,0.8055555555555555,22
mi,105,version_41,17,temporal_array,50,45,12,0.6846354166666667,ok,1,0.7895833333333333,0.7895833333333333,0.10494791666666659,0.8333333333333334,43
mi,105,version_41,17,temporal_array,50,46,12,0.6846354166666667,ok,1,0.7811197916666668,0.7811197916666668,0.09648437500000007,0.8333333333333334,23
mi,105,version_41,17,temporal_array,100,42,25,0.7362938596491228,ok,1,0.8067434210526315,0.8067434210526315,0.07044956140350878,0.7628205128205129,21
mi,105,version_41,17,temporal_array,100,43,25,0.7362938596491228,ok,1,0.7971491228070176,0.7971491228070176,0.0608552631578948,0.7692307692307692,10
mi,105,version_41,17,temporal_array,100,44,25,0.7362938596491228,ok,1,0.8020833333333334,0.8020833333333334,0.06578947368421062,0.6474358974358975,7
mi,105,version_41,17,temporal_array,100,45,25,0.7362938596491228,ok,1,0.816611842105263,0.816611842105263,0.0803179824561403,0.8333333333333334,9
mi,105,version_41,17,temporal_array,100,46,25,0.7362938596491228,ok,1,0.819078947368421,0.819078947368421,0.08278508771929827,0.7307692307692308,23
mi,105,version_41,17,temporal_array,150,42,38,0.7013888888888888,ok,1,0.861111111111111,0.861111111111111,0.1597222222222222,0.7388888888888888,12
mi,105,version_41,17,temporal_array,150,43,38,0.7013888888888888,ok,1,0.8888888888888888,0.8888888888888888,0.1875,0.6333333333333333,52
mi,105,version_41,17,temporal_array,150,44,38,0.7013888888888888,ok,1,0.8842592592592593,0.8842592592592593,0.18287037037037046,0.6805555555555556,78
mi,105,version_41,17,temporal_array,150,45,38,0.7013888888888888,ok,1,0.8518518518518519,0.8518518518518519,0.15046296296296302,0.8166666666666667,9
mi,105,version_41,17,temporal_array,150,46,38,0.7013888888888888,ok,1,0.84375,0.84375,0.14236111111111116,0.7805555555555556,14
mi,106,version_27,0,stratified,10,42,2,0.8116784630940344,ungateable,,,0.8116784630940344,0.0,,
mi,106,version_27,0,stratified,10,43,2,0.812015503875969,ungateable,,,0.812015503875969,0.0,,
mi,106,version_27,0,stratified,10,44,2,0.8127738456353218,ungateable,,,0.8127738456353218,0.0,,
mi,106,version_27,0,stratified,10,45,2,0.818840579710145,ungateable,,,0.818840579710145,0.0,,
mi,106,version_27,0,stratified,10,46,2,0.8115942028985508,ungateable,,,0.8115942028985508,0.0,,
mi,106,version_27,0,stratified,20,42,5,0.8164264597191425,ungateable,,,0.8164264597191425,0.0,,
mi,106,version_27,0,stratified,20,43,5,0.8216001478196601,ungateable,,,0.8216001478196601,0.0,,
mi,106,version_27,0,stratified,20,44,5,0.8058019216555802,ungateable,,,0.8058019216555802,0.0,,
mi,106,version_27,0,stratified,20,45,5,0.8122690317812268,ungateable,,,0.8122690317812268,0.0,,
mi,106,version_27,0,stratified,20,46,5,0.8191980783444198,ungateable,,,0.8191980783444198,0.0,,
mi,106,version_27,0,stratified,50,42,12,0.8279945157671693,ok,1,0.840084756325564,0.840084756325564,0.012090240558394694,0.8,4
mi,106,version_27,0,stratified,50,43,12,0.8251277576966223,ok,0,0.8311105571481989,0.8251277576966223,0.0,0.8571428571428572,0
mi,106,version_27,0,stratified,50,44,12,0.7943412688520504,ok,0,0.8005733516141095,0.7943412688520504,0.0,0.9714285714285715,0
mi,106,version_27,0,stratified,50,45,12,0.8141592920353983,ok,0,0.8144085753458806,0.8141592920353983,0.0,0.8,0
mi,106,version_27,0,stratified,50,46,12,0.8126635921725041,ok,1,0.8207652997631809,0.8207652997631809,0.008101707590676854,0.9142857142857143,7
mi,106,version_27,0,stratified,100,42,25,0.8459193245778612,ok,1,0.8402908067542213,0.8402908067542213,-0.005628517823639934,0.7916666666666666,18
mi,106,version_27,0,stratified,100,43,25,0.827626641651032,ok,1,0.8367729831144466,0.8367729831144466,0.009146341463414642,0.8541666666666666,12
mi,106,version_27,0,stratified,100,44,25,0.8215290806754221,ok,0,0.8323170731707317,0.8215290806754221,0.0,0.8611111111111112,0
mi,106,version_27,0,stratified,100,45,25,0.8318480300187617,ok,1,0.8667917448405253,0.8667917448405253,0.034943714821763616,0.86,9
mi,106,version_27,0,stratified,100,46,25,0.8515478424015009,ok,1,0.8691369606003753,0.8691369606003753,0.01758911819887432,0.9266666666666667,8
mi,106,version_27,0,stratified,150,42,38,0.8473557692307692,ok,1,0.8359375,0.8359375,-0.011418269230769162,0.8695652173913044,1
mi,106,version_27,0,stratified,150,43,38,0.8731971153846154,ok,1,0.8569711538461537,0.8569711538461537,-0.016225961538461675,0.7739130434782608,5
mi,106,version_27,0,stratified,150,44,38,0.84375,ok,1,0.8641826923076923,0.8641826923076923,0.02043269230769229,0.7971014492753624,1
mi,106,version_27,0,stratified,150,45,38,0.834735576923077,ok,1,0.8329326923076923,0.8329326923076923,-0.0018028846153846922,0.8898550724637682,19
mi,106,version_27,0,stratified,150,46,38,0.8936298076923076,ok,1,0.8978365384615385,0.8978365384615385,0.004206730769230949,0.7391304347826086,7
mi,106,version_27,0,stratified,200,42,50,0.728937728937729,ok,1,0.7106227106227107,0.7106227106227107,-0.01831501831501836,0.8794567062818336,4
mi,106,version_27,0,stratified,200,43,50,0.9194139194139195,ok,1,0.9157509157509158,0.9157509157509158,-0.00366300366300365,0.8370118845500849,0
mi,106,version_27,0,stratified,200,44,50,0.9304029304029304,ok,1,0.9340659340659341,0.9340659340659341,0.00366300366300365,0.7555178268251272,0
mi,106,version_27,0,stratified,200,45,50,0.8278388278388279,ok,0,0.8278388278388278,0.8278388278388279,0.0,0.8115449915110357,0
mi,106,version_27,0,stratified,200,46,50,0.8901098901098902,ok,1,0.8754578754578755,0.8754578754578755,-0.014652014652014711,0.9151103565365026,19
mi,106,version_27,0,temporal_array,10,42,2,0.8059246720270843,ungateable,,,0.8059246720270843,0.0,,
mi,106,version_27,0,temporal_array,10,43,2,0.8059246720270843,ungateable,,,0.8059246720270843,0.0,,
mi,106,version_27,0,temporal_array,10,44,2,0.8059246720270843,ungateable,,,0.8059246720270843,0.0,,
mi,106,version_27,0,temporal_array,10,45,2,0.8059246720270843,ungateable,,,0.8059246720270843,0.0,,
mi,106,version_27,0,temporal_array,10,46,2,0.8059246720270843,ungateable,,,0.8059246720270843,0.0,,
mi,106,version_27,0,temporal_array,20,42,5,0.8136194029850746,ungateable,,,0.8136194029850746,0.0,,
mi,106,version_27,0,temporal_array,20,43,5,0.8136194029850746,ungateable,,,0.8136194029850746,0.0,,
mi,106,version_27,0,temporal_array,20,44,5,0.8136194029850746,ungateable,,,0.8136194029850746,0.0,,
mi,106,version_27,0,temporal_array,20,45,5,0.8136194029850746,ungateable,,,0.8136194029850746,0.0,,
mi,106,version_27,0,temporal_array,20,46,5,0.8136194029850746,ungateable,,,0.8136194029850746,0.0,,
mi,106,version_27,0,temporal_array,50,42,12,0.798828125,ok,1,0.829296875,0.829296875,0.030468750000000044,0.9166666666666667,15
mi,106,version_27,0,temporal_array,50,43,12,0.798828125,ok,0,0.8048177083333333,0.798828125,0.0,1.0,0
mi,106,version_27,0,temporal_array,50,44,12,0.798828125,ok,0,0.8026041666666667,0.798828125,0.0,0.9166666666666667,0
mi,106,version_27,0,temporal_array,50,45,12,0.798828125,ok,1,0.8286458333333333,0.8286458333333333,0.029817708333333304,1.0,19
mi,106,version_27,0,temporal_array,50,46,12,0.798828125,ok,1,0.8084635416666667,0.8084635416666667,0.009635416666666674,0.9444444444444444,11
mi,106,version_27,0,temporal_array,100,42,25,0.809484649122807,ok,1,0.8042763157894737,0.8042763157894737,-0.00520833333333337,0.9358974358974359,10
mi,106,version_27,0,temporal_array,100,43,25,0.809484649122807,ok,1,0.821546052631579,0.821546052631579,0.01206140350877194,0.9487179487179487,4
mi,106,version_27,0,temporal_array,100,44,25,0.809484649122807,ok,1,0.7815241228070176,0.7815241228070176,-0.02796052631578949,0.9871794871794872,19
mi,106,version_27,0,temporal_array,100,45,25,0.809484649122807,ok,1,0.8152412280701754,0.8152412280701754,0.005756578947368363,0.7756410256410257,1
mi,106,version_27,0,temporal_array,100,46,25,0.809484649122807,ok,1,0.7881030701754386,0.7881030701754386,-0.021381578947368474,0.7884615384615385,16
mi,106,version_27,0,temporal_array,150,42,38,0.8622685185185185,ok,1,0.875,0.875,0.01273148148148151,0.8944444444444444,3
mi,106,version_27,0,temporal_array,150,43,38,0.8622685185185185,ok,1,0.8391203703703705,0.8391203703703705,-0.02314814814814803,0.8805555555555555,1
mi,106,version_27,0,temporal_array,150,44,38,0.8622685185185185,ok,1,0.8680555555555556,0.8680555555555556,0.0057870370370370905,0.9666666666666667,3
mi,106,version_27,0,temporal_array,150,45,38,0.8622685185185185,ok,1,0.8333333333333333,0.8333333333333333,-0.02893518518518523,0.8416666666666667,5
mi,106,version_27,0,temporal_array,150,46,38,0.8622685185185185,ok,1,0.8252314814814815,0.8252314814814815,-0.03703703703703698,0.8277777777777777,15
mi,106,version_27,17,stratified,10,42,2,0.6598415908324906,ungateable,,,0.6598415908324906,0.0,,
mi,106,version_27,17,stratified,10,43,2,0.6590832490731379,ungateable,,,0.6590832490731379,0.0,,
mi,106,version_27,17,stratified,10,44,2,0.6442534546680149,ungateable,,,0.6442534546680149,0.0,,
mi,106,version_27,17,stratified,10,45,2,0.6507414897202561,ungateable,,,0.6507414897202561,0.0,,
mi,106,version_27,17,stratified,10,46,2,0.6460229187731715,ungateable,,,0.6460229187731715,0.0,,
mi,106,version_27,17,stratified,20,42,5,0.6564116777531411,ungateable,,,0.6564116777531411,0.0,,
mi,106,version_27,17,stratified,20,43,5,0.6475424981522543,ungateable,,,0.6475424981522543,0.0,,
mi,106,version_27,17,stratified,20,44,5,0.632760532150776,ungateable,,,0.632760532150776,0.0,,
mi,106,version_27,17,stratified,20,45,5,0.6577974870657798,ungateable,,,0.6577974870657798,0.0,,
mi,106,version_27,17,stratified,20,46,5,0.6513303769401331,ungateable,,,0.6513303769401331,0.0,,
mi,106,version_27,17,stratified,50,42,12,0.6642153807802568,ok,1,0.6991150442477876,0.6991150442477876,0.03489966346753082,0.7999999999999999,19
mi,106,version_27,17,stratified,50,43,12,0.6397856163529851,ok,0,0.6648385890564628,0.6397856163529851,0.0,0.7142857142857143,0
mi,106,version_27,17,stratified,50,44,12,0.6159790602019195,ok,1,0.6411566745606382,0.6411566745606382,0.02517761435871868,0.9714285714285715,0
mi,106,version_27,17,stratified,50,45,12,0.6680792720927333,ok,1,0.715817026050106,0.715817026050106,0.047737753957372675,0.6285714285714286,3
mi,106,version_27,17,stratified,50,46,12,0.6367942166271968,ok,1,0.7422410569612364,0.7422410569612364,0.10544684033403962,0.7714285714285715,19
mi,106,version_27,17,stratified,100,42,25,0.6930112570356473,ok,0,0.7230300187617261,0.6930112570356473,0.0,0.7222222222222222,0
mi,106,version_27,17,stratified,100,43,25,0.675422138836773,ok,1,0.8086303939962476,0.8086303939962476,0.13320825515947454,0.7152777777777778,41
mi,106,version_27,17,stratified,100,44,25,0.6360225140712946,ok,1,0.7333489681050657,0.7333489681050657,0.09732645403377105,0.6736111111111112,4
mi,106,version_27,17,stratified,100,45,25,0.6810506566604128,ok,1,0.75281425891182,0.75281425891182,0.07176360225140721,0.8266666666666667,13
mi,106,version_27,17,stratified,100,46,25,0.6796435272045028,ok,1,0.8123827392120075,0.8123827392120075,0.13273921200750471,0.9066666666666667,20
mi,106,version_27,17,stratified,150,42,38,0.6237980769230769,ok,1,0.6977163461538463,0.6977163461538463,0.07391826923076938,0.7565217391304347,18
mi,106,version_27,17,stratified,150,43,38,0.6310096153846154,ok,1,0.7842548076923077,0.7842548076923077,0.1532451923076923,0.7739130434782608,43
mi,106,version_27,17,stratified,150,44,38,0.6069711538461539,ok,1,0.7229567307692307,0.7229567307692307,0.11598557692307687,0.744927536231884,8
mi,106,version_27,17,stratified,150,45,38,0.7085336538461539,ok,1,0.7932692307692308,0.7932692307692308,0.08473557692307698,0.7681159420289855,30
mi,106,version_27,17,stratified,150,46,38,0.7361778846153846,ok,1,0.8064903846153846,0.8064903846153846,0.0703125,0.6144927536231884,3
mi,106,version_27,17,stratified,200,42,50,0.4835164835164836,ok,1,0.7435897435897436,0.7435897435897436,0.26007326007326004,0.8098471986417657,29
mi,106,version_27,17,stratified,200,43,50,0.5091575091575091,ok,1,0.7912087912087913,0.7912087912087913,0.28205128205128216,0.7724957555178268,3
mi,106,version_27,17,stratified,200,44,50,0.6923076923076924,ok,1,0.7875457875457876,0.7875457875457876,0.09523809523809523,0.6604414261460102,16
mi,106,version_27,17,stratified,200,45,50,0.6923076923076923,ok,1,0.8424908424908425,0.8424908424908425,0.1501831501831502,0.7368421052631579,46
mi,106,version_27,17,stratified,200,46,50,0.706959706959707,ok,1,0.7912087912087912,0.7912087912087912,0.08424908424908417,0.8200339558573855,10
mi,106,version_27,17,temporal_array,10,42,2,0.651798561151079,ungateable,,,0.651798561151079,0.0,,
mi,106,version_27,17,temporal_array,10,43,2,0.651798561151079,ungateable,,,0.651798561151079,0.0,,
mi,106,version_27,17,temporal_array,10,44,2,0.651798561151079,ungateable,,,0.651798561151079,0.0,,
mi,106,version_27,17,temporal_array,10,45,2,0.651798561151079,ungateable,,,0.651798561151079,0.0,,
mi,106,version_27,17,temporal_array,10,46,2,0.651798561151079,ungateable,,,0.651798561151079,0.0,,
mi,106,version_27,17,temporal_array,20,42,5,0.646268656716418,ungateable,,,0.646268656716418,0.0,,
mi,106,version_27,17,temporal_array,20,43,5,0.646268656716418,ungateable,,,0.646268656716418,0.0,,
mi,106,version_27,17,temporal_array,20,44,5,0.646268656716418,ungateable,,,0.646268656716418,0.0,,
mi,106,version_27,17,temporal_array,20,45,5,0.646268656716418,ungateable,,,0.646268656716418,0.0,,
mi,106,version_27,17,temporal_array,20,46,5,0.646268656716418,ungateable,,,0.646268656716418,0.0,,
mi,106,version_27,17,temporal_array,50,42,12,0.6520833333333333,ok,0,0.6751302083333333,0.6520833333333333,0.0,0.7777777777777778,0
mi,106,version_27,17,temporal_array,50,43,12,0.6520833333333333,ok,1,0.7200520833333334,0.7200520833333334,0.06796875000000002,0.75,11
mi,106,version_27,17,temporal_array,50,44,12,0.6520833333333333,ok,1,0.6946614583333333,0.6946614583333333,0.04257812499999991,1.0,4
mi,106,version_27,17,temporal_array,50,45,12,0.6520833333333333,ok,1,0.7625000000000001,0.7625000000000001,0.11041666666666672,0.9166666666666667,38
mi,106,version_27,17,temporal_array,50,46,12,0.6520833333333333,ok,1,0.7169270833333334,0.7169270833333334,0.06484375000000009,0.9166666666666667,17
mi,106,version_27,17,temporal_array,100,42,25,0.669407894736842,ok,1,0.7357456140350878,0.7357456140350878,0.06633771929824572,0.8846153846153847,18
mi,106,version_27,17,temporal_array,100,43,25,0.669407894736842,ok,1,0.712171052631579,0.712171052631579,0.04276315789473695,0.8525641025641025,20
mi,106,version_27,17,temporal_array,100,44,25,0.669407894736842,ok,1,0.7502741228070176,0.7502741228070176,0.08086622807017552,0.8974358974358975,18
mi,106,version_27,17,temporal_array,100,45,25,0.669407894736842,ok,1,0.7543859649122806,0.7543859649122806,0.08497807017543857,0.8653846153846154,40
mi,106,version_27,17,temporal_array,100,46,25,0.669407894736842,ok,1,0.7042214912280702,0.7042214912280702,0.03481359649122817,0.826923076923077,48
mi,106,version_27,17,temporal_array,150,42,38,0.670138888888889,ok,1,0.6828703703703703,0.6828703703703703,0.0127314814814814,0.8277777777777777,25
mi,106,version_27,17,temporal_array,150,43,38,0.670138888888889,ok,1,0.6724537037037037,0.6724537037037037,0.0023148148148147696,0.8333333333333334,1
mi,106,version_27,17,temporal_array,150,44,38,0.670138888888889,ok,1,0.6979166666666666,0.6979166666666666,0.02777777777777768,0.8277777777777778,8
mi,106,version_27,17,temporal_array,150,45,38,0.670138888888889,ok,1,0.6724537037037037,0.6724537037037037,0.0023148148148147696,0.825,2
mi,106,version_27,17,temporal_array,150,46,38,0.670138888888889,ok,1,0.7106481481481481,0.7106481481481481,0.04050925925925919,0.7694444444444445,38
mi,106,version_28,0,stratified,10,42,2,0.8124368048533872,ungateable,,,0.8124368048533872,0.0,,
mi,106,version_28,0,stratified,10,43,2,0.8120997640714527,ungateable,,,0.8120997640714527,0.0,,
mi,106,version_28,0,stratified,10,44,2,0.8145433097404786,ungateable,,,0.8145433097404786,0.0,,
mi,106,version_28,0,stratified,10,45,2,0.8136164475901584,ungateable,,,0.8136164475901584,0.0,,
mi,106,version_28,0,stratified,10,46,2,0.8104145601617796,ungateable,,,0.8104145601617796,0.0,,
mi,106,version_28,0,stratified,20,42,5,0.8150406504065041,ungateable,,,0.8150406504065041,0.0,,
mi,106,version_28,0,stratified,20,43,5,0.8294530672579453,ungateable,,,0.8294530672579453,0.0,,
mi,106,version_28,0,stratified,20,44,5,0.8087583148558758,ungateable,,,0.8087583148558758,0.0,,
mi,106,version_28,0,stratified,20,45,5,0.8129157427937915,ungateable,,,0.8129157427937915,0.0,,
mi,106,version_28,0,stratified,20,46,5,0.8182742054693275,ungateable,,,0.8182742054693275,0.0,,
mi,106,version_28,0,stratified,50,42,12,0.8094229091362333,ok,1,0.8313598404586813,0.8313598404586813,0.021936931322448006,0.8857142857142857,2
mi,106,version_28,0,stratified,50,43,12,0.8313598404586813,ok,1,0.8529228468154056,0.8529228468154056,0.021563006356724368,0.9142857142857144,14
mi,106,version_28,0,stratified,50,44,12,0.7960862520254269,ok,0,0.7977065935435622,0.7960862520254269,0.0,1.0,0
mi,106,version_28,0,stratified,50,45,12,0.828368440732893,ok,0,0.8374672815654992,0.828368440732893,0.0,0.942857142857143,0
mi,106,version_28,0,stratified,50,46,12,0.8121650255515392,ok,1,0.8363455066683285,0.8363455066683285,0.024180481116789276,1.0,10
mi,106,version_28,0,stratified,100,42,25,0.8236397748592871,ok,1,0.8550656660412759,0.8550656660412759,0.031425891181988796,0.875,20
mi,106,version_28,0,stratified,100,43,25,0.8426360225140713,ok,1,0.8501407129455911,0.8501407129455911,0.0075046904315198,0.7708333333333333,3
mi,106,version_28,0,stratified,100,44,25,0.8137898686679175,ok,1,0.8177767354596623,0.8177767354596623,0.00398686679174487,0.8333333333333333,0
mi,106,version_28,0,stratified,100,45,25,0.8215290806754222,ok,1,0.8447467166979362,0.8447467166979362,0.023217636022514032,0.8733333333333333,9
mi,106,version_28,0,stratified,100,46,25,0.8496716697936211,ok,1,0.8628048780487805,0.8628048780487805,0.013133208255159401,0.9600000000000001,11
mi,106,version_28,0,stratified,150,42,38,0.7878605769230769,ok,1,0.796875,0.796875,0.009014423076923128,0.8144927536231884,14
mi,106,version_28,0,stratified,150,43,38,0.8533653846153846,ok,1,0.8545673076923077,0.8545673076923077,0.0012019230769231282,0.8202898550724638,2
mi,106,version_28,0,stratified,150,44,38,0.799278846153846,ok,1,0.8323317307692307,0.8323317307692307,0.03305288461538469,0.8318840579710145,8
mi,106,version_28,0,stratified,150,45,38,0.8173076923076923,ok,1,0.8143028846153846,0.8143028846153846,-0.0030048076923077094,0.9420289855072465,21
mi,106,version_28,0,stratified,150,46,38,0.8521634615384616,ok,1,0.8768028846153846,0.8768028846153846,0.024639423076923017,0.8260869565217391,8
mi,106,version_28,0,stratified,200,42,50,0.6593406593406593,ok,1,0.6959706959706959,0.6959706959706959,0.03663003663003661,0.9117147707979626,0
mi,106,version_28,0,stratified,200,43,50,0.9084249084249084,ok,0,0.9377289377289377,0.9084249084249084,0.0,0.8030560271646859,0
mi,106,version_28,0,stratified,200,44,50,0.9120879120879122,ok,1,0.9084249084249084,0.9084249084249084,-0.003663003663003761,0.8285229202037351,0
mi,106,version_28,0,stratified,200,45,50,0.7728937728937729,ok,0,0.8351648351648352,0.7728937728937729,0.0,0.8488964346349744,0
mi,106,version_28,0,stratified,200,46,50,0.7875457875457876,ok,1,0.7912087912087913,0.7912087912087913,0.00366300366300365,0.9456706281833616,3
mi,106,version_28,0,temporal_array,10,42,2,0.8048243757934829,ungateable,,,0.8048243757934829,0.0,,
mi,106,version_28,0,temporal_array,10,43,2,0.8048243757934829,ungateable,,,0.8048243757934829,0.0,,
mi,106,version_28,0,temporal_array,10,44,2,0.8048243757934829,ungateable,,,0.8048243757934829,0.0,,
mi,106,version_28,0,temporal_array,10,45,2,0.8048243757934829,ungateable,,,0.8048243757934829,0.0,,
mi,106,version_28,0,temporal_array,10,46,2,0.8048243757934829,ungateable,,,0.8048243757934829,0.0,,
mi,106,version_28,0,temporal_array,20,42,5,0.8091417910447761,ungateable,,,0.8091417910447761,0.0,,
mi,106,version_28,0,temporal_array,20,43,5,0.8091417910447761,ungateable,,,0.8091417910447761,0.0,,
mi,106,version_28,0,temporal_array,20,44,5,0.8091417910447761,ungateable,,,0.8091417910447761,0.0,,
mi,106,version_28,0,temporal_array,20,45,5,0.8091417910447761,ungateable,,,0.8091417910447761,0.0,,
mi,106,version_28,0,temporal_array,20,46,5,0.8091417910447761,ungateable,,,0.8091417910447761,0.0,,
mi,106,version_28,0,temporal_array,50,42,12,0.796875,ok,0,0.8089843750000001,0.796875,0.0,0.888888888888889,0
mi,106,version_28,0,temporal_array,50,43,12,0.796875,ok,0,0.80234375,0.796875,0.0,0.8611111111111112,0
mi,106,version_28,0,temporal_array,50,44,12,0.796875,ok,1,0.8109374999999999,0.8109374999999999,0.014062499999999867,1.0,4
mi,106,version_28,0,temporal_array,50,45,12,0.796875,ok,1,0.8236979166666667,0.8236979166666667,0.026822916666666696,1.0,12
mi,106,version_28,0,temporal_array,50,46,12,0.796875,ok,1,0.7971354166666667,0.7971354166666667,0.00026041666666665186,0.9722222222222223,15
mi,106,version_28,0,temporal_array,100,42,25,0.8119517543859649,ok,1,0.8179824561403508,0.8179824561403508,0.006030701754385914,0.891025641025641,11
mi,106,version_28,0,temporal_array,100,43,25,0.8119517543859649,ok,1,0.8336074561403509,0.8336074561403509,0.021655701754386025,0.9423076923076923,2
mi,106,version_28,0,temporal_array,100,44,25,0.8119517543859649,ok,1,0.810032894736842,0.810032894736842,-0.0019188596491228616,0.9807692307692308,5
mi,106,version_28,0,temporal_array,100,45,25,0.8119517543859649,ok,1,0.8048245614035088,0.8048245614035088,-0.007127192982456121,0.7307692307692307,43
mi,106,version_28,0,temporal_array,100,46,25,0.8119517543859649,ok,1,0.7913925438596491,0.7913925438596491,-0.02055921052631582,0.8141025641025641,20
mi,106,version_28,0,temporal_array,150,42,38,0.8402777777777778,ok,1,0.849537037037037,0.849537037037037,0.00925925925925919,0.8722222222222222,1
mi,106,version_28,0,temporal_array,150,43,38,0.8402777777777778,ok,1,0.8217592592592593,0.8217592592592593,-0.01851851851851849,0.9444444444444444,0
mi,106,version_28,0,temporal_array,150,44,38,0.8402777777777778,ok,1,0.8379629629629628,0.8379629629629628,-0.0023148148148149916,0.9638888888888889,0
mi,106,version_28,0,temporal_array,150,45,38,0.8402777777777778,ok,1,0.8391203703703703,0.8391203703703703,-0.0011574074074074403,0.8111111111111111,1
mi,106,version_28,0,temporal_array,150,46,38,0.8402777777777778,ok,1,0.8090277777777778,0.8090277777777778,-0.03125,0.8416666666666667,24
mi,106,version_28,17,stratified,10,42,2,0.5824064711830131,ungateable,,,0.5824064711830131,0.0,,
mi,106,version_28,17,stratified,10,43,2,0.5796258847320526,ungateable,,,0.5796258847320526,0.0,,
mi,106,version_28,17,stratified,10,44,2,0.5813953488372093,ungateable,,,0.5813953488372093,0.0,,
mi,106,version_28,17,stratified,10,45,2,0.5718739467475564,ungateable,,,0.5718739467475564,0.0,,
mi,106,version_28,17,stratified,10,46,2,0.5755813953488371,ungateable,,,0.5755813953488371,0.0,,
mi,106,version_28,17,stratified,20,42,5,0.5778824833702882,ungateable,,,0.5778824833702882,0.0,,
mi,106,version_28,17,stratified,20,43,5,0.5800073909830008,ungateable,,,0.5800073909830008,0.0,,
mi,106,version_28,17,stratified,20,44,5,0.579730229120473,ungateable,,,0.579730229120473,0.0,,
mi,106,version_28,17,stratified,20,45,5,0.58009977827051,ungateable,,,0.58009977827051,0.0,,
mi,106,version_28,17,stratified,20,46,5,0.5768662232076867,ungateable,,,0.5768662232076867,0.0,,
mi,106,version_28,17,stratified,50,42,12,0.5738501807304001,ok,1,0.7538327308986664,0.7538327308986664,0.17998255016826636,0.7142857142857143,10
mi,106,version_28,17,stratified,50,43,12,0.565499189829241,ok,1,0.6468901907017325,0.6468901907017325,0.08139100087249151,0.7714285714285715,2
mi,106,version_28,17,stratified,50,44,12,0.5753458805932943,ok,1,0.6755577714072043,0.6755577714072043,0.10021189081391002,0.6285714285714286,3
mi,106,version_28,17,stratified,50,45,12,0.5860650629440359,ok,1,0.768041879596161,0.768041879596161,0.18197681665212506,0.8,5
mi,106,version_28,17,stratified,50,46,12,0.5607628069300761,ok,1,0.7417424903402717,0.7417424903402717,0.18097968341019566,0.8285714285714286,22
mi,106,version_28,17,stratified,100,42,25,0.5724671669793621,ok,1,0.6634615384615384,0.6634615384615384,0.09099437148217637,0.8472222222222222,1
mi,106,version_28,17,stratified,100,43,25,0.5879455909943715,ok,1,0.7964352720450282,0.7964352720450282,0.20848968105065668,0.6736111111111112,15
mi,106,version_28,17,stratified,100,44,25,0.6083489681050657,ok,1,0.8004221388367729,0.8004221388367729,0.19207317073170727,0.6041666666666666,8
mi,106,version_28,17,stratified,100,45,25,0.5989681050656661,ok,1,0.7886960600375235,0.7886960600375235,0.18972795497185735,0.8666666666666667,4
mi,106,version_28,17,stratified,100,46,25,0.5891181988742964,ok,1,0.7856472795497186,0.7856472795497186,0.19652908067542219,0.88,6
mi,106,version_28,17,stratified,150,42,38,0.45072115384615385,ok,1,0.7139423076923077,0.7139423076923077,0.26322115384615385,0.8115942028985508,18
mi,106,version_28,17,stratified,150,43,38,0.49759615384615385,ok,1,0.6736778846153846,0.6736778846153846,0.17608173076923073,0.782608695652174,2
mi,106,version_28,17,stratified,150,44,38,0.609375,ok,1,0.7800480769230769,0.7800480769230769,0.17067307692307687,0.7884057971014493,32
mi,106,version_28,17,stratified,150,45,38,0.6274038461538461,ok,1,0.7956730769230769,0.7956730769230769,0.16826923076923073,0.7246376811594203,39
mi,106,version_28,17,stratified,150,46,38,0.6129807692307692,ok,1,0.8563701923076923,0.8563701923076923,0.24338942307692313,0.6231884057971014,4
mi,106,version_28,17,stratified,200,42,50,0.23809523809523814,ok,1,0.46153846153846156,0.46153846153846156,0.22344322344322343,0.8030560271646859,1
mi,106,version_28,17,stratified,200,43,50,0.4285714285714286,ok,1,0.8351648351648352,0.8351648351648352,0.4065934065934066,0.7385398981324278,6
mi,106,version_28,17,stratified,200,44,50,0.63003663003663,ok,1,0.8315018315018314,0.8315018315018314,0.20146520146520142,0.7300509337860781,19
mi,106,version_28,17,stratified,200,45,50,0.5531135531135531,ok,1,0.8608058608058609,0.8608058608058609,0.3076923076923077,0.7249575551782682,5
mi,106,version_28,17,stratified,200,46,50,0.663003663003663,ok,1,0.8681318681318682,0.8681318681318682,0.20512820512820518,0.8064516129032258,4
mi,106,version_28,17,temporal_array,10,42,2,0.5757934828607703,ungateable,,,0.5757934828607703,0.0,,
mi,106,version_28,17,temporal_array,10,43,2,0.5757934828607703,ungateable,,,0.5757934828607703,0.0,,
mi,106,version_28,17,temporal_array,10,44,2,0.5757934828607703,ungateable,,,0.5757934828607703,0.0,,
mi,106,version_28,17,temporal_array,10,45,2,0.5757934828607703,ungateable,,,0.5757934828607703,0.0,,
mi,106,version_28,17,temporal_array,10,46,2,0.5757934828607703,ungateable,,,0.5757934828607703,0.0,,
mi,106,version_28,17,temporal_array,20,42,5,0.5608208955223881,ungateable,,,0.5608208955223881,0.0,,
mi,106,version_28,17,temporal_array,20,43,5,0.5608208955223881,ungateable,,,0.5608208955223881,0.0,,
mi,106,version_28,17,temporal_array,20,44,5,0.5608208955223881,ungateable,,,0.5608208955223881,0.0,,
mi,106,version_28,17,temporal_array,20,45,5,0.5608208955223881,ungateable,,,0.5608208955223881,0.0,,
mi,106,version_28,17,temporal_array,20,46,5,0.5608208955223881,ungateable,,,0.5608208955223881,0.0,,
mi,106,version_28,17,temporal_array,50,42,12,0.56875,ok,1,0.704296875,0.704296875,0.13554687500000007,0.888888888888889,4
mi,106,version_28,17,temporal_array,50,43,12,0.56875,ok,1,0.73828125,0.73828125,0.16953125000000002,0.7222222222222222,15
mi,106,version_28,17,temporal_array,50,44,12,0.56875,ok,1,0.728125,0.728125,0.15937500000000004,0.9166666666666667,7
mi,106,version_28,17,temporal_array,50,45,12,0.56875,ok,1,0.7626302083333334,0.7626302083333334,0.19388020833333341,0.8611111111111112,15
mi,106,version_28,17,temporal_array,50,46,12,0.56875,ok,1,0.7290364583333333,0.7290364583333333,0.16028645833333333,0.9444444444444445,13
mi,106,version_28,17,temporal_array,100,42,25,0.5635964912280702,ok,1,0.7628837719298246,0.7628837719298246,0.1992872807017544,0.8461538461538461,34
mi,106,version_28,17,temporal_array,100,43,25,0.5635964912280702,ok,1,0.7502741228070174,0.7502741228070174,0.18667763157894723,0.8397435897435898,13
mi,106,version_28,17,temporal_array,100,44,25,0.5635964912280702,ok,1,0.7302631578947368,0.7302631578947368,0.16666666666666663,0.8846153846153846,4
mi,106,version_28,17,temporal_array,100,45,25,0.5635964912280702,ok,1,0.7256030701754386,0.7256030701754386,0.16200657894736836,0.8205128205128205,4
mi,106,version_28,17,temporal_array,100,46,25,0.5635964912280702,ok,1,0.7634320175438597,0.7634320175438597,0.1998355263157895,0.7884615384615385,12
mi,106,version_28,17,temporal_array,150,42,38,0.6307870370370371,ok,1,0.71875,0.71875,0.08796296296296291,0.7972222222222223,35
mi,106,version_28,17,temporal_array,150,43,38,0.6307870370370371,ok,1,0.744212962962963,0.744212962962963,0.11342592592592593,0.8416666666666667,3
mi,106,version_28,17,temporal_array,150,44,38,0.6307870370370371,ok,1,0.7453703703703703,0.7453703703703703,0.11458333333333326,0.813888888888889,2
mi,106,version_28,17,temporal_array,150,45,38,0.6307870370370371,ok,1,0.7511574074074074,0.7511574074074074,0.12037037037037035,0.8,3
mi,106,version_28,17,temporal_array,150,46,38,0.6307870370370371,ok,1,0.7523148148148149,0.7523148148148149,0.12152777777777779,0.736111111111111,27
mi,106,version_29,0,stratified,10,42,2,0.807381193124368,ungateable,,,0.807381193124368,0.0,,
mi,106,version_29,0,stratified,10,43,2,0.8167340748230536,ungateable,,,0.8167340748230536,0.0,,
mi,106,version_29,0,stratified,10,44,2,0.8106673407482305,ungateable,,,0.8106673407482305,0.0,,
mi,106,version_29,0,stratified,10,45,2,0.8115942028985507,ungateable,,,0.8115942028985507,0.0,,
mi,106,version_29,0,stratified,10,46,2,0.8159757330637007,ungateable,,,0.8159757330637007,0.0,,
mi,106,version_29,0,stratified,20,42,5,0.805339985218034,ungateable,,,0.805339985218034,0.0,,
mi,106,version_29,0,stratified,20,43,5,0.8231707317073171,ungateable,,,0.8231707317073171,0.0,,
mi,106,version_29,0,stratified,20,44,5,0.8089430894308943,ungateable,,,0.8089430894308943,0.0,,
mi,106,version_29,0,stratified,20,45,5,0.8024759793052476,ungateable,,,0.8024759793052476,0.0,,
mi,106,version_29,0,stratified,20,46,5,0.8257575757575757,ungateable,,,0.8257575757575757,0.0,,
mi,106,version_29,0,stratified,50,42,12,0.8100461174124393,ok,1,0.8187710332793219,0.8187710332793219,0.008724915866882621,0.8285714285714285,5
mi,106,version_29,0,stratified,50,43,12,0.8208899414184221,ok,1,0.8375919232207404,0.8375919232207404,0.0167019818023183,0.8857142857142857,9
mi,106,version_29,0,stratified,50,44,12,0.79957621837218,ok,0,0.8075532843076155,0.79957621837218,0.0,1.0,0
mi,106,version_29,0,stratified,50,45,12,0.8279945157671694,ok,1,0.8485603888819644,0.8485603888819644,0.020565873114794964,0.9714285714285715,5
mi,106,version_29,0,stratified,50,46,12,0.8185217499688396,ok,1,0.8164028418297395,0.8164028418297395,-0.0021189081391000952,0.8571428571428571,15
mi,106,version_29,0,stratified,100,42,25,0.8309099437148217,ok,1,0.8112101313320825,0.8112101313320825,-0.019699812382739212,0.8194444444444444,20
mi,106,version_29,0,stratified,100,43,25,0.8112101313320825,ok,1,0.800891181988743,0.800891181988743,-0.010318949343339545,0.8541666666666667,22
mi,106,version_29,0,stratified,100,44,25,0.8184803001876173,ok,0,0.8287992495309568,0.8184803001876173,0.0,0.7916666666666666,0
mi,106,version_29,0,stratified,100,45,25,0.8004221388367729,ok,1,0.8121482176360224,0.8121482176360224,0.011726078799249473,0.8466666666666667,10
mi,106,version_29,0,stratified,100,46,25,0.874296435272045,ok,1,0.876641651031895,0.876641651031895,0.002345215759849917,0.92,6
mi,106,version_29,0,stratified,150,42,38,0.8106971153846154,ok,1,0.7938701923076923,0.7938701923076923,-0.016826923076923128,0.808695652173913,1
mi,106,version_29,0,stratified,150,43,38,0.8659855769230769,ok,1,0.8365384615384616,0.8365384615384616,-0.029447115384615308,0.7681159420289856,3
mi,106,version_29,0,stratified,150,44,38,0.8215144230769231,ok,1,0.8233173076923077,0.8233173076923077,0.0018028846153845812,0.8057971014492753,1
mi,106,version_29,0,stratified,150,45,38,0.7836538461538461,ok,1,0.8028846153846154,0.8028846153846154,0.019230769230769273,0.9014492753623189,9
mi,106,version_29,0,stratified,150,46,38,0.875,ok,1,0.8539663461538461,0.8539663461538461,-0.021033653846153855,0.7536231884057971,10
mi,106,version_29,0,stratified,200,42,50,0.7252747252747253,ok,1,0.7142857142857143,0.7142857142857143,-0.01098901098901095,0.8251273344651953,5
mi,106,version_29,0,stratified,200,43,50,0.9670329670329672,ok,0,0.967032967032967,0.9670329670329672,0.0,0.7266553480475383,0
mi,106,version_29,0,stratified,200,44,50,0.8974358974358975,ok,1,0.8974358974358974,0.8974358974358974,-1.1102230246251565e-16,0.7792869269949065,3
mi,106,version_29,0,stratified,200,45,50,0.7765567765567766,ok,0,0.7912087912087913,0.7765567765567766,0.0,0.7623089983022071,0
mi,106,version_29,0,stratified,200,46,50,0.8534798534798534,ok,1,0.8461538461538461,0.8461538461538461,-0.0073260073260073,0.8845500848896435,0
mi,106,version_29,0,temporal_array,10,42,2,0.8031316123571731,ungateable,,,0.8031316123571731,0.0,,
mi,106,version_29,0,temporal_array,10,43,2,0.8031316123571731,ungateable,,,0.8031316123571731,0.0,,
mi,106,version_29,0,temporal_array,10,44,2,0.8031316123571731,ungateable,,,0.8031316123571731,0.0,,
mi,106,version_29,0,temporal_array,10,45,2,0.8031316123571731,ungateable,,,0.8031316123571731,0.0,,
mi,106,version_29,0,temporal_array,10,46,2,0.8031316123571731,ungateable,,,0.8031316123571731,0.0,,
mi,106,version_29,0,temporal_array,20,42,5,0.8068097014925373,ungateable,,,0.8068097014925373,0.0,,
mi,106,version_29,0,temporal_array,20,43,5,0.8068097014925373,ungateable,,,0.8068097014925373,0.0,,
mi,106,version_29,0,temporal_array,20,44,5,0.8068097014925373,ungateable,,,0.8068097014925373,0.0,,
mi,106,version_29,0,temporal_array,20,45,5,0.8068097014925373,ungateable,,,0.8068097014925373,0.0,,
mi,106,version_29,0,temporal_array,20,46,5,0.8068097014925373,ungateable,,,0.8068097014925373,0.0,,
mi,106,version_29,0,temporal_array,50,42,12,0.7848958333333333,ok,1,0.79453125,0.79453125,0.009635416666666674,0.8333333333333334,13
mi,106,version_29,0,temporal_array,50,43,12,0.7848958333333333,ok,0,0.7893229166666667,0.7848958333333333,0.0,0.9722222222222223,0
mi,106,version_29,0,temporal_array,50,44,12,0.7848958333333333,ok,0,0.788671875,0.7848958333333333,0.0,1.0,0
mi,106,version_29,0,temporal_array,50,45,12,0.7848958333333333,ok,1,0.7881510416666667,0.7881510416666667,0.0032552083333333703,0.9444444444444445,0
mi,106,version_29,0,temporal_array,50,46,12,0.7848958333333333,ok,0,0.7875000000000001,0.7848958333333333,0.0,1.0,0
mi,106,version_29,0,temporal_array,100,42,25,0.8336074561403508,ok,1,0.831140350877193,0.831140350877193,-0.002467105263157854,0.8525641025641026,18
mi,106,version_29,0,temporal_array,100,43,25,0.8336074561403508,ok,1,0.8415570175438596,0.8415570175438596,0.007949561403508776,0.8397435897435898,0
mi,106,version_29,0,temporal_array,100,44,25,0.8336074561403508,ok,1,0.8385416666666667,0.8385416666666667,0.00493421052631593,0.9166666666666666,4
mi,106,version_29,0,temporal_array,100,45,25,0.8336074561403508,ok,1,0.8514254385964912,0.8514254385964912,0.017817982456140413,0.5897435897435898,10
mi,106,version_29,0,temporal_array,100,46,25,0.8336074561403508,ok,1,0.8404605263157894,0.8404605263157894,0.006853070175438569,0.7884615384615385,0
mi,106,version_29,0,temporal_array,150,42,38,0.8576388888888888,ok,0,0.8645833333333334,0.8576388888888888,0.0,0.8555555555555556,0
mi,106,version_29,0,temporal_array,150,43,38,0.8576388888888888,ok,0,0.8460648148148149,0.8576388888888888,0.0,0.8138888888888889,0
mi,106,version_29,0,temporal_array,150,44,38,0.8576388888888888,ok,0,0.8703703703703703,0.8576388888888888,0.0,0.9277777777777778,0
mi,106,version_29,0,temporal_array,150,45,38,0.8576388888888888,ok,0,0.8668981481481483,0.8576388888888888,0.0,0.7722222222222223,0
mi,106,version_29,0,temporal_array,150,46,38,0.8576388888888888,ok,1,0.8576388888888888,0.8576388888888888,0.0,0.7972222222222222,10
mi,106,version_29,17,stratified,10,42,2,0.7890124705089316,ungateable,,,0.7890124705089316,0.0,,
mi,106,version_29,17,stratified,10,43,2,0.7911189753960229,ungateable,,,0.7911189753960229,0.0,,
mi,106,version_29,17,stratified,10,44,2,0.7853892821031345,ungateable,,,0.7853892821031345,0.0,,
mi,106,version_29,17,stratified,10,45,2,0.7824401752612066,ungateable,,,0.7824401752612066,0.0,,
mi,106,version_29,17,stratified,10,46,2,0.7880013481631277,ungateable,,,0.7880013481631277,0.0,,
mi,106,version_29,17,stratified,20,42,5,0.7801182557280119,ungateable,,,0.7801182557280119,0.0,,
mi,106,version_29,17,stratified,20,43,5,0.7825203252032521,ungateable,,,0.7825203252032521,0.0,,
mi,106,version_29,17,stratified,20,44,5,0.7899113082039911,ungateable,,,0.7899113082039911,0.0,,
mi,106,version_29,17,stratified,20,45,5,0.7723577235772356,ungateable,,,0.7723577235772356,0.0,,
mi,106,version_29,17,stratified,20,46,5,0.79490022172949,ungateable,,,0.79490022172949,0.0,,
mi,106,version_29,17,stratified,50,42,12,0.8014458432007977,ok,0,0.8046865262370685,0.8014458432007977,0.0,0.7142857142857142,0
mi,106,version_29,17,stratified,50,43,12,0.7959616103701856,ok,1,0.8005733516141095,0.8005733516141095,0.004611741243923828,0.7714285714285714,0
mi,106,version_29,17,stratified,50,44,12,0.7952137604387386,ok,1,0.7998255016826623,0.7998255016826623,0.004611741243923717,0.8285714285714285,0
mi,106,version_29,17,stratified,50,45,12,0.7960862520254269,ok,0,0.8151564252773277,0.7960862520254269,0.0,0.7428571428571429,6
mi,106,version_29,17,stratified,50,46,12,0.7930948522996386,ok,0,0.7965848186463916,0.7930948522996386,0.0,0.7714285714285714,0
mi,106,version_29,17,stratified,100,42,25,0.8027673545966229,ok,0,0.8180112570356473,0.8027673545966229,0.0,0.6597222222222222,0
mi,106,version_29,17,stratified,100,43,25,0.8149624765478424,ok,1,0.8283302063789868,0.8283302063789868,0.013367729831144426,0.8402777777777778,37
mi,106,version_29,17,stratified,100,44,25,0.8393527204502814,ok,0,0.8388836772983115,0.8393527204502814,0.0,0.7152777777777778,1
mi,106,version_29,17,stratified,100,45,25,0.7858818011257035,ok,1,0.7999530956848029,0.7999530956848029,0.01407129455909939,0.8266666666666667,1
mi,106,version_29,17,stratified,100,46,25,0.8180112570356471,ok,1,0.8337242026266416,0.8337242026266416,0.015712945590994454,0.9333333333333333,26
mi,106,version_29,17,stratified,150,42,38,0.7746394230769231,ok,1,0.7890625,0.7890625,0.014423076923076872,0.8840579710144928,1
mi,106,version_29,17,stratified,150,43,38,0.7986778846153846,ok,1,0.8383413461538461,0.8383413461538461,0.039663461538461564,0.855072463768116,3
mi,106,version_29,17,stratified,150,44,38,0.8605769230769231,ok,1,0.8088942307692308,0.8088942307692308,-0.05168269230769229,0.881159420289855,18
mi,106,version_29,17,stratified,150,45,38,0.8125,ok,1,0.8317307692307692,0.8317307692307692,0.019230769230769162,0.8289855072463769,11
mi,106,version_29,17,stratified,150,46,38,0.8762019230769231,ok,1,0.8924278846153846,0.8924278846153846,0.016225961538461453,0.7130434782608697,6
mi,106,version_29,17,stratified,200,42,50,0.6483516483516484,ok,1,0.684981684981685,0.684981684981685,0.03663003663003661,0.833616298811545,0
mi,106,version_29,17,stratified,200,43,50,0.8241758241758241,ok,0,0.8498168498168499,0.8241758241758241,0.0,0.7945670628183361,0
mi,106,version_29,17,stratified,200,44,50,0.8571428571428572,ok,1,0.8278388278388279,0.8278388278388279,-0.02930402930402931,0.7724957555178268,5
mi,106,version_29,17,stratified,200,45,50,0.7985347985347985,ok,1,0.838827838827839,0.838827838827839,0.04029304029304048,0.7555178268251274,18
mi,106,version_29,17,stratified,200,46,50,0.8534798534798536,ok,0,0.8717948717948718,0.8534798534798536,0.0,0.9032258064516129,0
mi,106,version_29,17,temporal_array,10,42,2,0.7922979263647905,ungateable,,,0.7922979263647905,0.0,,
mi,106,version_29,17,temporal_array,10,43,2,0.7922979263647905,ungateable,,,0.7922979263647905,0.0,,
mi,106,version_29,17,temporal_array,10,44,2,0.7922979263647905,ungateable,,,0.7922979263647905,0.0,,
mi,106,version_29,17,temporal_array,10,45,2,0.7922979263647905,ungateable,,,0.7922979263647905,0.0,,
mi,106,version_29,17,temporal_array,10,46,2,0.7922979263647905,ungateable,,,0.7922979263647905,0.0,,
mi,106,version_29,17,temporal_array,20,42,5,0.8010261194029851,ungateable,,,0.8010261194029851,0.0,,
mi,106,version_29,17,temporal_array,20,43,5,0.8010261194029851,ungateable,,,0.8010261194029851,0.0,,
mi,106,version_29,17,temporal_array,20,44,5,0.8010261194029851,ungateable,,,0.8010261194029851,0.0,,
mi,106,version_29,17,temporal_array,20,45,5,0.8010261194029851,ungateable,,,0.8010261194029851,0.0,,
mi,106,version_29,17,temporal_array,20,46,5,0.8010261194029851,ungateable,,,0.8010261194029851,0.0,,
mi,106,version_29,17,temporal_array,50,42,12,0.7980468749999999,ok,0,0.810546875,0.7980468749999999,0.0,0.7222222222222223,1
mi,106,version_29,17,temporal_array,50,43,12,0.7980468749999999,ok,1,0.814453125,0.814453125,0.016406250000000067,0.9166666666666667,11
mi,106,version_29,17,temporal_array,50,44,12,0.7980468749999999,ok,1,0.8253906249999999,0.8253906249999999,0.02734375,0.9722222222222223,15
mi,106,version_29,17,temporal_array,50,45,12,0.7980468749999999,ok,1,0.8147135416666667,0.8147135416666667,0.01666666666666672,0.8055555555555556,10
mi,106,version_29,17,temporal_array,50,46,12,0.7980468749999999,ok,0,0.8015625,0.7980468749999999,0.0,0.8333333333333334,0
mi,106,version_29,17,temporal_array,100,42,25,0.7883771929824561,ok,1,0.806469298245614,0.806469298245614,0.018092105263157854,0.8525641025641026,3
mi,106,version_29,17,temporal_array,100,43,25,0.7883771929824561,ok,1,0.8092105263157894,0.8092105263157894,0.02083333333333326,0.9038461538461537,8
mi,106,version_29,17,temporal_array,100,44,25,0.7883771929824561,ok,1,0.8020833333333333,0.8020833333333333,0.013706140350877138,0.8974358974358975,1
mi,106,version_29,17,temporal_array,100,45,25,0.7883771929824561,ok,0,0.7974232456140351,0.7883771929824561,0.0,0.6282051282051282,0
mi,106,version_29,17,temporal_array,100,46,25,0.7883771929824561,ok,1,0.802905701754386,0.802905701754386,0.014528508771929904,0.7564102564102564,2
mi,106,version_29,17,temporal_array,150,42,38,0.7928240740740741,ok,1,0.7800925925925926,0.7800925925925926,-0.01273148148148151,0.8611111111111112,1
mi,106,version_29,17,temporal_array,150,43,38,0.7928240740740741,ok,1,0.7893518518518519,0.7893518518518519,-0.00347222222222221,0.825,0
mi,106,version_29,17,temporal_array,150,44,38,0.7928240740740741,ok,0,0.787037037037037,0.7928240740740741,0.0,0.8583333333333334,0
mi,106,version_29,17,temporal_array,150,45,38,0.7928240740740741,ok,0,0.798611111111111,0.7928240740740741,0.0,0.8166666666666667,4
mi,106,version_29,17,temporal_array,150,46,38,0.7928240740740741,ok,1,0.8252314814814814,0.8252314814814814,0.03240740740740733,0.7250000000000001,39
mi,106,version_30,0,stratified,10,42,2,0.7868217054263565,ungateable,,,0.7868217054263565,0.0,,
mi,106,version_30,0,stratified,10,43,2,0.7949106841927873,ungateable,,,0.7949106841927873,0.0,,
mi,106,version_30,0,stratified,10,44,2,0.7909504550050557,ungateable,,,0.7909504550050557,0.0,,
mi,106,version_30,0,stratified,10,45,2,0.7968486686889114,ungateable,,,0.7968486686889114,0.0,,
mi,106,version_30,0,stratified,10,46,2,0.79474216380182,ungateable,,,0.79474216380182,0.0,,
mi,106,version_30,0,stratified,20,42,5,0.7865853658536585,ungateable,,,0.7865853658536585,0.0,,
mi,106,version_30,0,stratified,20,43,5,0.8049704360679971,ungateable,,,0.8049704360679971,0.0,,
mi,106,version_30,0,stratified,20,44,5,0.7845528455284553,ungateable,,,0.7845528455284553,0.0,,
mi,106,version_30,0,stratified,20,45,5,0.7889874353288987,ungateable,,,0.7889874353288987,0.0,,
mi,106,version_30,0,stratified,20,46,5,0.8037694013303769,ungateable,,,0.8037694013303769,0.0,,
mi,106,version_30,0,stratified,50,42,12,0.789978810918609,ok,1,0.8035647513398978,0.8035647513398978,0.0135859404212888,0.7142857142857144,1
mi,106,version_30,0,stratified,50,43,12,0.8043126012713449,ok,0,0.8069300760314096,0.8043126012713449,0.0,0.8285714285714286,0
mi,106,version_30,0,stratified,50,44,12,0.7711579209771906,ok,1,0.7906020191948149,0.7906020191948149,0.019444098217624273,1.0,3
mi,106,version_30,0,stratified,50,45,12,0.8054343761685154,ok,0,0.8054343761685154,0.8054343761685154,0.0,0.8571428571428572,0
mi,106,version_30,0,stratified,50,46,12,0.7949644771282562,ok,1,0.8217624330051103,0.8217624330051103,0.026797955876854074,0.8,26
mi,106,version_30,0,stratified,100,42,25,0.799249530956848,ok,1,0.8203564727954972,0.8203564727954972,0.02110694183864914,0.7986111111111112,19
mi,106,version_30,0,stratified,100,43,25,0.8100375234521575,ok,1,0.8222326454033771,0.8222326454033771,0.012195121951219634,0.7986111111111112,30
mi,106,version_30,0,stratified,100,44,25,0.7858818011257036,ok,1,0.8119136960600375,0.8119136960600375,0.026031894934333888,0.9166666666666666,4
mi,106,version_30,0,stratified,100,45,25,0.7774390243902439,ok,1,0.7851782363977485,0.7851782363977485,0.007739212007504603,0.7533333333333334,1
mi,106,version_30,0,stratified,100,46,25,0.8475609756097562,ok,1,0.8578799249530957,0.8578799249530957,0.010318949343339545,0.9333333333333333,14
mi,106,version_30,0,stratified,150,42,38,0.8076923076923077,ok,1,0.8185096153846154,0.8185096153846154,0.01081730769230771,0.817391304347826,2
mi,106,version_30,0,stratified,150,43,38,0.8491586538461539,ok,1,0.8125,0.8125,-0.036658653846153855,0.7507246376811594,12
mi,106,version_30,0,stratified,150,44,38,0.7680288461538461,ok,1,0.7878605769230769,0.7878605769230769,0.019831730769230727,0.7913043478260869,16
mi,106,version_30,0,stratified,150,45,38,0.7662259615384616,ok,1,0.8131009615384616,0.8131009615384616,0.046875,0.8840579710144928,17
mi,106,version_30,0,stratified,150,46,38,0.8701923076923077,ok,1,0.8641826923076923,0.8641826923076923,-0.006009615384615419,0.7304347826086957,23
mi,106,version_30,0,stratified,200,42,50,0.717948717948718,ok,1,0.7655677655677655,0.7655677655677655,0.04761904761904756,0.862478777589134,35
mi,106,version_30,0,stratified,200,43,50,0.9377289377289377,ok,0,0.9340659340659341,0.9377289377289377,0.0,0.8047538200339559,0
mi,106,version_30,0,stratified,200,44,50,0.7875457875457876,ok,1,0.8278388278388279,0.8278388278388279,0.04029304029304026,0.7945670628183361,2
mi,106,version_30,0,stratified,200,45,50,0.7216117216117216,ok,0,0.7472527472527473,0.7216117216117216,0.0,0.862478777589134,0
mi,106,version_30,0,stratified,200,46,50,0.8644688644688645,ok,1,0.8754578754578755,0.8754578754578755,0.01098901098901095,0.8896434634974533,2
mi,106,version_30,0,temporal_array,10,42,2,0.7817181548878545,ungateable,,,0.7817181548878545,0.0,,
mi,106,version_30,0,temporal_array,10,43,2,0.7817181548878545,ungateable,,,0.7817181548878545,0.0,,
mi,106,version_30,0,temporal_array,10,44,2,0.7817181548878545,ungateable,,,0.7817181548878545,0.0,,
mi,106,version_30,0,temporal_array,10,45,2,0.7817181548878545,ungateable,,,0.7817181548878545,0.0,,
mi,106,version_30,0,temporal_array,10,46,2,0.7817181548878545,ungateable,,,0.7817181548878545,0.0,,
mi,106,version_30,0,temporal_array,20,42,5,0.7905783582089553,ungateable,,,0.7905783582089553,0.0,,
mi,106,version_30,0,temporal_array,20,43,5,0.7905783582089553,ungateable,,,0.7905783582089553,0.0,,
mi,106,version_30,0,temporal_array,20,44,5,0.7905783582089553,ungateable,,,0.7905783582089553,0.0,,
mi,106,version_30,0,temporal_array,20,45,5,0.7905783582089553,ungateable,,,0.7905783582089553,0.0,,
mi,106,version_30,0,temporal_array,20,46,5,0.7905783582089553,ungateable,,,0.7905783582089553,0.0,,
mi,106,version_30,0,temporal_array,50,42,12,0.7692708333333333,ok,1,0.78203125,0.78203125,0.012760416666666607,0.75,7
mi,106,version_30,0,temporal_array,50,43,12,0.7692708333333333,ok,0,0.7729166666666667,0.7692708333333333,0.0,0.9444444444444444,0
mi,106,version_30,0,temporal_array,50,44,12,0.7692708333333333,ok,0,0.7700520833333333,0.7692708333333333,0.0,0.9444444444444444,0
mi,106,version_30,0,temporal_array,50,45,12,0.7692708333333333,ok,0,0.7716145833333333,0.7692708333333333,0.0,1.0,0
mi,106,version_30,0,temporal_array,50,46,12,0.7692708333333333,ok,1,0.7611979166666667,0.7611979166666667,-0.008072916666666652,0.9722222222222223,41
mi,106,version_30,0,temporal_array,100,42,25,0.7872807017543859,ok,1,0.774671052631579,0.774671052631579,-0.012609649122806932,0.9102564102564104,20
mi,106,version_30,0,temporal_array,100,43,25,0.7872807017543859,ok,1,0.7867324561403508,0.7867324561403508,-0.0005482456140351033,0.9102564102564104,10
mi,106,version_30,0,temporal_array,100,44,25,0.7872807017543859,ok,1,0.774671052631579,0.774671052631579,-0.012609649122806932,0.9358974358974359,5
mi,106,version_30,0,temporal_array,100,45,25,0.7872807017543859,ok,1,0.8018092105263158,0.8018092105263158,0.014528508771929904,0.6538461538461539,11
mi,106,version_30,0,temporal_array,100,46,25,0.7872807017543859,ok,1,0.7963267543859649,0.7963267543859649,0.009046052631578982,0.8076923076923077,5
mi,106,version_30,0,temporal_array,150,42,38,0.7800925925925927,ok,1,0.7777777777777778,0.7777777777777778,-0.0023148148148148806,0.8861111111111112,2
mi,106,version_30,0,temporal_array,150,43,38,0.7800925925925927,ok,0,0.7662037037037037,0.7800925925925927,0.0,0.8972222222222221,0
mi,106,version_30,0,temporal_array,150,44,38,0.7800925925925927,ok,1,0.7824074074074074,0.7824074074074074,0.0023148148148147696,0.9472222222222223,1
mi,106,version_30,0,temporal_array,150,45,38,0.7800925925925927,ok,1,0.7615740740740742,0.7615740740740742,-0.01851851851851849,0.7611111111111111,0
mi,106,version_30,0,temporal_array,150,46,38,0.7800925925925927,ok,1,0.7835648148148149,0.7835648148148149,0.00347222222222221,0.8694444444444445,5
mi,106,version_30,17,stratified,10,42,2,0.655628581058308,ungateable,,,0.655628581058308,0.0,,
mi,106,version_30,17,stratified,10,43,2,0.6477081226828446,ungateable,,,0.6477081226828446,0.0,,
mi,106,version_30,17,stratified,10,44,2,0.6472868217054264,ungateable,,,0.6472868217054264,0.0,,
mi,106,version_30,17,stratified,10,45,2,0.6502359285473542,ungateable,,,0.6502359285473542,0.0,,
mi,106,version_30,17,stratified,10,46,2,0.6455173576002696,ungateable,,,0.6455173576002696,0.0,,
mi,106,version_30,17,stratified,20,42,5,0.6530857354028086,ungateable,,,0.6530857354028086,0.0,,
mi,106,version_30,17,stratified,20,43,5,0.6475424981522542,ungateable,,,0.6475424981522542,0.0,,
mi,106,version_30,17,stratified,20,44,5,0.6419992609017,ungateable,,,0.6419992609017,0.0,,
mi,106,version_30,17,stratified,20,45,5,0.6368255728011826,ungateable,,,0.6368255728011826,0.0,,
mi,106,version_30,17,stratified,20,46,5,0.6544715447154471,ungateable,,,0.6544715447154471,0.0,,
mi,106,version_30,17,stratified,50,42,12,0.6441480742864265,ok,1,0.6462669824255266,0.6462669824255266,0.0021189081391000952,0.6571428571428571,3
mi,106,version_30,17,stratified,50,43,12,0.635547800074785,ok,1,0.6706967468527982,0.6706967468527982,0.03514894677801328,0.7999999999999999,12
mi,106,version_30,17,stratified,50,44,12,0.6379159915243674,ok,1,0.6553658232581329,0.6553658232581329,0.017449831733765464,0.8857142857142857,1
mi,106,version_30,17,stratified,50,45,12,0.6549918982924093,ok,1,0.6682039137479745,0.6682039137479745,0.013212015455565163,0.8285714285714286,2
mi,106,version_30,17,stratified,50,46,12,0.6561136731895799,ok,1,0.7041007104574348,0.7041007104574348,0.047987037267854915,0.6000000000000001,18
mi,106,version_30,17,stratified,100,42,25,0.6425891181988742,ok,0,0.6522045028142589,0.6425891181988742,0.0,0.6180555555555556,0
mi,106,version_30,17,stratified,100,43,25,0.6524390243902439,ok,1,0.7708724202626642,0.7708724202626642,0.1184333958724203,0.75,41
mi,106,version_30,17,stratified,100,44,25,0.6892589118198874,ok,1,0.7417917448405253,0.7417917448405253,0.05253283302063794,0.6527777777777778,20
mi,106,version_30,17,stratified,100,45,25,0.6761257035647279,ok,1,0.7159943714821764,0.7159943714821764,0.039868667917448475,0.7666666666666667,8
mi,106,version_30,17,stratified,100,46,25,0.7068480300187617,ok,1,0.7551594746716699,0.7551594746716699,0.04831144465290815,0.8666666666666667,21
mi,106,version_30,17,stratified,150,42,38,0.5967548076923077,ok,1,0.7319711538461539,0.7319711538461539,0.13521634615384615,0.7826086956521738,20
mi,106,version_30,17,stratified,150,43,38,0.5961538461538463,ok,1,0.7325721153846154,0.7325721153846154,0.13641826923076916,0.7594202898550725,6
mi,106,version_30,17,stratified,150,44,38,0.6550480769230769,ok,1,0.7235576923076923,0.7235576923076923,0.06850961538461542,0.7449275362318841,22
mi,106,version_30,17,stratified,150,45,38,0.7313701923076923,ok,1,0.7890625,0.7890625,0.05769230769230771,0.6927536231884058,19
mi,106,version_30,17,stratified,150,46,38,0.7740384615384616,ok,1,0.7956730769230769,0.7956730769230769,0.021634615384615308,0.7246376811594203,51
mi,106,version_30,17,stratified,200,42,50,0.46153846153846156,ok,1,0.8021978021978022,0.8021978021978022,0.34065934065934067,0.7470288624787775,51
mi,106,version_30,17,stratified,200,43,50,0.6190476190476191,ok,1,0.7728937728937729,0.7728937728937729,0.15384615384615385,0.7555178268251272,6
mi,106,version_30,17,stratified,200,44,50,0.6923076923076924,ok,1,0.7728937728937729,0.7728937728937729,0.08058608058608052,0.6332767402376911,35
mi,106,version_30,17,stratified,200,45,50,0.6813186813186813,ok,1,0.8754578754578755,0.8754578754578755,0.19413919413919412,0.7504244482173175,32
mi,106,version_30,17,stratified,200,46,50,0.6556776556776557,ok,1,0.663003663003663,0.663003663003663,0.0073260073260073,0.8166383701188454,5
mi,106,version_30,17,temporal_array,10,42,2,0.6515446466356326,ungateable,,,0.6515446466356326,0.0,,
mi,106,version_30,17,temporal_array,10,43,2,0.6515446466356326,ungateable,,,0.6515446466356326,0.0,,
mi,106,version_30,17,temporal_array,10,44,2,0.6515446466356326,ungateable,,,0.6515446466356326,0.0,,
mi,106,version_30,17,temporal_array,10,45,2,0.6515446466356326,ungateable,,,0.6515446466356326,0.0,,
mi,106,version_30,17,temporal_array,10,46,2,0.6515446466356326,ungateable,,,0.6515446466356326,0.0,,
mi,106,version_30,17,temporal_array,20,42,5,0.6555970149253731,ungateable,,,0.6555970149253731,0.0,,
mi,106,version_30,17,temporal_array,20,43,5,0.6555970149253731,ungateable,,,0.6555970149253731,0.0,,
mi,106,version_30,17,temporal_array,20,44,5,0.6555970149253731,ungateable,,,0.6555970149253731,0.0,,
mi,106,version_30,17,temporal_array,20,45,5,0.6555970149253731,ungateable,,,0.6555970149253731,0.0,,
mi,106,version_30,17,temporal_array,20,46,5,0.6555970149253731,ungateable,,,0.6555970149253731,0.0,,
mi,106,version_30,17,temporal_array,50,42,12,0.6619791666666666,ok,1,0.6756510416666667,0.6756510416666667,0.013671875000000111,0.5277777777777778,2
mi,106,version_30,17,temporal_array,50,43,12,0.6619791666666666,ok,1,0.6535156249999999,0.6535156249999999,-0.00846354166666663,0.6111111111111112,0
mi,106,version_30,17,temporal_array,50,44,12,0.6619791666666666,ok,1,0.646484375,0.646484375,-0.015494791666666563,1.0,1
mi,106,version_30,17,temporal_array,50,45,12,0.6619791666666666,ok,0,0.658203125,0.6619791666666666,0.0,0.6944444444444445,0
mi,106,version_30,17,temporal_array,50,46,12,0.6619791666666666,ok,1,0.640625,0.640625,-0.021354166666666563,0.7777777777777779,4
mi,106,version_30,17,temporal_array,100,42,25,0.6910635964912281,ok,1,0.7190241228070176,0.7190241228070176,0.02796052631578949,0.8076923076923077,13
mi,106,version_30,17,temporal_array,100,43,25,0.6910635964912281,ok,1,0.7182017543859649,0.7182017543859649,0.027138157894736836,0.8141025641025641,11
mi,106,version_30,17,temporal_array,100,44,25,0.6910635964912281,ok,1,0.7316337719298245,0.7316337719298245,0.04057017543859642,0.8653846153846154,34
mi,106,version_30,17,temporal_array,100,45,25,0.6910635964912281,ok,1,0.6880482456140351,0.6880482456140351,-0.003015350877192957,0.6666666666666667,0
mi,106,version_30,17,temporal_array,100,46,25,0.6910635964912281,ok,1,0.7280701754385965,0.7280701754385965,0.037006578947368474,0.6217948717948718,14
mi,106,version_30,17,temporal_array,150,42,38,0.6724537037037036,ok,1,0.6168981481481481,0.6168981481481481,-0.05555555555555547,0.7722222222222221,20
mi,106,version_30,17,temporal_array,150,43,38,0.6724537037037036,ok,1,0.6076388888888888,0.6076388888888888,-0.06481481481481477,0.8111111111111111,3
mi,106,version_30,17,temporal_array,150,44,38,0.6724537037037036,ok,1,0.6435185185185186,0.6435185185185186,-0.02893518518518501,0.788888888888889,6
mi,106,version_30,17,temporal_array,150,45,38,0.6724537037037036,ok,1,0.6354166666666667,0.6354166666666667,-0.03703703703703687,0.7722222222222223,6
mi,106,version_30,17,temporal_array,150,46,38,0.6724537037037036,ok,1,0.6585648148148148,0.6585648148148148,-0.01388888888888884,0.7166666666666667,10
mi,106,version_41,0,stratified,10,42,2,0.7912874957869902,ungateable,,,0.7912874957869902,0.0,,
mi,106,version_41,0,stratified,10,43,2,0.7947421638018201,ungateable,,,0.7947421638018201,0.0,,
mi,106,version_41,0,stratified,10,44,2,0.7988709133805191,ungateable,,,0.7988709133805191,0.0,,
mi,106,version_41,0,stratified,10,45,2,0.8028311425682507,ungateable,,,0.8028311425682507,0.0,,
mi,106,version_41,0,stratified,10,46,2,0.7934782608695653,ungateable,,,0.7934782608695653,0.0,,
mi,106,version_41,0,stratified,20,42,5,0.7992424242424242,ungateable,,,0.7992424242424242,0.0,,
mi,106,version_41,0,stratified,20,43,5,0.8057095343680709,ungateable,,,0.8057095343680709,0.0,,
mi,106,version_41,0,stratified,20,44,5,0.7915742793791574,ungateable,,,0.7915742793791574,0.0,,
mi,106,version_41,0,stratified,20,45,5,0.7965631929046563,ungateable,,,0.7965631929046563,0.0,,
mi,106,version_41,0,stratified,20,46,5,0.7998891352549888,ungateable,,,0.7998891352549888,0.0,,
mi,106,version_41,0,stratified,50,42,12,0.7994515767169389,ok,1,0.8458182724666583,0.8458182724666583,0.04636669574971941,0.8285714285714285,17
mi,106,version_41,0,stratified,50,43,12,0.7993269350616977,ok,0,0.8097968341019569,0.7993269350616977,0.0,0.8571428571428572,0
mi,106,version_41,0,stratified,50,44,12,0.782375669948897,ok,0,0.791973077402468,0.782375669948897,0.0,1.0,0
mi,106,version_41,0,stratified,50,45,12,0.8079272092733392,ok,0,0.8151564252773277,0.8079272092733392,0.0,0.7428571428571429,0
mi,106,version_41,0,stratified,50,46,12,0.7983298018197682,ok,1,0.8360962233578462,0.8360962233578462,0.037766421538077966,0.9142857142857143,26
mi,106,version_41,0,stratified,100,42,25,0.8191838649155723,ok,1,0.8632739212007504,0.8632739212007504,0.04409005628517815,0.8402777777777778,16
mi,106,version_41,0,stratified,100,43,25,0.8060506566604128,ok,1,0.8227016885553471,0.8227016885553471,0.01665103189493433,0.8819444444444444,24
mi,106,version_41,0,stratified,100,44,25,0.7966697936210131,ok,1,0.8395872420262664,0.8395872420262664,0.042917448405253356,0.8819444444444444,4
mi,106,version_41,0,stratified,100,45,25,0.7990150093808631,ok,1,0.8548311444652908,0.8548311444652908,0.05581613508442773,0.8600000000000001,12
mi,106,version_41,0,stratified,100,46,25,0.8438086303939963,ok,1,0.899155722326454,0.899155722326454,0.05534709193245768,0.9600000000000001,5
mi,106,version_41,0,stratified,150,42,38,0.8209134615384616,ok,1,0.8413461538461539,0.8413461538461539,0.02043269230769229,0.8,1
mi,106,version_41,0,stratified,150,43,38,0.8473557692307692,ok,1,0.8731971153846154,0.8731971153846154,0.025841346153846256,0.7710144927536233,5
mi,106,version_41,0,stratified,150,44,38,0.7776442307692307,ok,1,0.8179086538461539,0.8179086538461539,0.04026442307692313,0.8492753623188406,26
mi,106,version_41,0,stratified,150,45,38,0.7878605769230769,ok,1,0.8335336538461539,0.8335336538461539,0.04567307692307698,0.9101449275362319,12
mi,106,version_41,0,stratified,150,46,38,0.8804086538461537,ok,1,0.8659855769230769,0.8659855769230769,-0.014423076923076872,0.7855072463768116,33
mi,106,version_41,0,stratified,200,42,50,0.7655677655677656,ok,1,0.7802197802197802,0.7802197802197802,0.0146520146520146,0.9083191850594228,8
mi,106,version_41,0,stratified,200,43,50,0.9230769230769231,ok,1,0.9413919413919414,0.9413919413919414,0.01831501831501825,0.8030560271646859,1
mi,106,version_41,0,stratified,200,44,50,0.8864468864468864,ok,1,0.8754578754578755,0.8754578754578755,-0.01098901098901095,0.7962648556876061,4
mi,106,version_41,0,stratified,200,45,50,0.7069597069597069,ok,0,0.7582417582417582,0.7069597069597069,0.0,0.8675721561969439,0
mi,106,version_41,0,stratified,200,46,50,0.8717948717948718,ok,1,0.8498168498168499,0.8498168498168499,-0.0219780219780219,0.9202037351443124,8
mi,106,version_41,0,temporal_array,10,42,2,0.7889970376639865,ungateable,,,0.7889970376639865,0.0,,
mi,106,version_41,0,temporal_array,10,43,2,0.7889970376639865,ungateable,,,0.7889970376639865,0.0,,
mi,106,version_41,0,temporal_array,10,44,2,0.7889970376639865,ungateable,,,0.7889970376639865,0.0,,
mi,106,version_41,0,temporal_array,10,45,2,0.7889970376639865,ungateable,,,0.7889970376639865,0.0,,
mi,106,version_41,0,temporal_array,10,46,2,0.7889970376639865,ungateable,,,0.7889970376639865,0.0,,
mi,106,version_41,0,temporal_array,20,42,5,0.7973880597014925,ungateable,,,0.7973880597014925,0.0,,
mi,106,version_41,0,temporal_array,20,43,5,0.7973880597014925,ungateable,,,0.7973880597014925,0.0,,
mi,106,version_41,0,temporal_array,20,44,5,0.7973880597014925,ungateable,,,0.7973880597014925,0.0,,
mi,106,version_41,0,temporal_array,20,45,5,0.7973880597014925,ungateable,,,0.7973880597014925,0.0,,
mi,106,version_41,0,temporal_array,20,46,5,0.7973880597014925,ungateable,,,0.7973880597014925,0.0,,
mi,106,version_41,0,temporal_array,50,42,12,0.7740885416666667,ok,0,0.7838541666666666,0.7740885416666667,0.0,0.9444444444444444,0
mi,106,version_41,0,temporal_array,50,43,12,0.7740885416666667,ok,0,0.7811197916666667,0.7740885416666667,0.0,0.888888888888889,0
mi,106,version_41,0,temporal_array,50,44,12,0.7740885416666667,ok,0,0.7830729166666667,0.7740885416666667,0.0,0.9166666666666667,0
mi,106,version_41,0,temporal_array,50,45,12,0.7740885416666667,ok,1,0.8247395833333333,0.8247395833333333,0.05065104166666656,1.0,25
mi,106,version_41,0,temporal_array,50,46,12,0.7740885416666667,ok,1,0.8117187499999999,0.8117187499999999,0.03763020833333319,1.0,24
mi,106,version_41,0,temporal_array,100,42,25,0.7976973684210527,ok,1,0.8111293859649122,0.8111293859649122,0.013432017543859587,0.9038461538461537,10
mi,106,version_41,0,temporal_array,100,43,25,0.7976973684210527,ok,1,0.8245614035087719,0.8245614035087719,0.026864035087719285,0.891025641025641,8
mi,106,version_41,0,temporal_array,100,44,25,0.7976973684210527,ok,1,0.7922149122807017,0.7922149122807017,-0.005482456140350922,0.9807692307692307,10
mi,106,version_41,0,temporal_array,100,45,25,0.7976973684210527,ok,1,0.8270285087719298,0.8270285087719298,0.02933114035087714,0.8076923076923077,48
mi,106,version_41,0,temporal_array,100,46,25,0.7976973684210527,ok,1,0.8127741228070176,0.8127741228070176,0.015076754385964897,0.782051282051282,7
mi,106,version_41,0,temporal_array,150,42,38,0.8067129629629629,ok,0,0.8275462962962963,0.8067129629629629,0.0,0.9277777777777778,0
mi,106,version_41,0,temporal_array,150,43,38,0.8067129629629629,ok,1,0.8287037037037037,0.8287037037037037,0.02199074074074081,0.8722222222222222,1
mi,106,version_41,0,temporal_array,150,44,38,0.8067129629629629,ok,1,0.8402777777777778,0.8402777777777778,0.03356481481481488,0.9916666666666667,0
mi,106,version_41,0,temporal_array,150,45,38,0.8067129629629629,ok,1,0.8599537037037037,0.8599537037037037,0.05324074074074081,0.8277777777777777,4
mi,106,version_41,0,temporal_array,150,46,38,0.8067129629629629,ok,1,0.8460648148148149,0.8460648148148149,0.03935185185185197,0.8250000000000001,1
mi,106,version_41,17,stratified,10,42,2,0.6674250084260196,ungateable,,,0.6674250084260196,0.0,,
mi,106,version_41,17,stratified,10,43,2,0.6593360296595888,ungateable,,,0.6593360296595888,0.0,,
mi,106,version_41,17,stratified,10,44,2,0.6567239635995955,ungateable,,,0.6567239635995955,0.0,,
mi,106,version_41,17,stratified,10,45,2,0.6472868217054263,ungateable,,,0.6472868217054263,0.0,,
mi,106,version_41,17,stratified,10,46,2,0.6573980451634648,ungateable,,,0.6573980451634648,0.0,,
mi,106,version_41,17,stratified,20,42,5,0.6603843311160384,ungateable,,,0.6603843311160384,0.0,,
mi,106,version_41,17,stratified,20,43,5,0.6532705099778271,ungateable,,,0.6532705099778271,0.0,,
mi,106,version_41,17,stratified,20,44,5,0.6588137472283814,ungateable,,,0.6588137472283814,0.0,,
mi,106,version_41,17,stratified,20,45,5,0.6399667405764967,ungateable,,,0.6399667405764967,0.0,,
mi,106,version_41,17,stratified,20,46,5,0.6650036954915004,ungateable,,,0.6650036954915004,0.0,,
mi,106,version_41,17,stratified,50,42,12,0.657484731397233,ok,1,0.7037267854917113,0.7037267854917113,0.046242054094478346,0.7714285714285714,11
mi,106,version_41,17,stratified,50,43,12,0.6564875981553034,ok,0,0.6759316963729278,0.6564875981553034,0.0,0.6285714285714287,0
mi,106,version_41,17,stratified,50,44,12,0.647887323943662,ok,1,0.7003614608001995,0.7003614608001995,0.05247413685653746,0.8,4
mi,106,version_41,17,stratified,50,45,12,0.649258382151315,ok,1,0.692509036520005,0.692509036520005,0.04325065436868991,0.8,2
mi,106,version_41,17,stratified,50,46,12,0.6594789978810919,ok,1,0.7105820765299763,0.7105820765299763,0.051103078648884415,0.6857142857142857,6
mi,106,version_41,17,stratified,100,42,25,0.6489212007504691,ok,0,0.6897279549718575,0.6489212007504691,0.0,0.7152777777777777,0
mi,106,version_41,17,stratified,100,43,25,0.6737804878048781,ok,1,0.7345215759849906,0.7345215759849906,0.06074108818011248,0.7013888888888888,11
mi,106,version_41,17,stratified,100,44,25,0.6805816135084428,ok,1,0.7361632270168855,0.7361632270168855,0.05558161350844271,0.5555555555555556,2
mi,106,version_41,17,stratified,100,45,25,0.6592401500938087,ok,1,0.7300656660412759,0.7300656660412759,0.07082551594746722,0.7733333333333334,16
mi,106,version_41,17,stratified,100,46,25,0.7141181988742964,ok,1,0.7584427767354597,0.7584427767354597,0.04432457786116328,0.8,1
mi,106,version_41,17,stratified,150,42,38,0.5546875,ok,1,0.6340144230769231,0.6340144230769231,0.07932692307692313,0.8492753623188406,2
mi,106,version_41,17,stratified,150,43,38,0.6526442307692307,ok,1,0.6893028846153846,0.6893028846153846,0.036658653846153855,0.7333333333333334,10
mi,106,version_41,17,stratified,150,44,38,0.6508413461538461,ok,1,0.7385817307692307,0.7385817307692307,0.08774038461538458,0.7391304347826086,45
mi,106,version_41,17,stratified,150,45,38,0.7013221153846153,ok,1,0.7542067307692308,0.7542067307692308,0.05288461538461553,0.6579710144927536,4
mi,106,version_41,17,stratified,150,46,38,0.7782451923076923,ok,1,0.8106971153846154,0.8106971153846154,0.03245192307692313,0.6000000000000001,7
mi,106,version_41,17,stratified,200,42,50,0.3443223443223443,ok,1,0.6117216117216118,0.6117216117216118,0.26739926739926745,0.7232597623089982,10
mi,106,version_41,17,stratified,200,43,50,0.6410256410256411,ok,1,0.7912087912087913,0.7912087912087913,0.1501831501831502,0.6621392190152801,1
mi,106,version_41,17,stratified,200,44,50,0.673992673992674,ok,1,0.7765567765567766,0.7765567765567766,0.10256410256410253,0.7028862478777589,56
mi,106,version_41,17,stratified,200,45,50,0.6776556776556777,ok,1,0.8205128205128205,0.8205128205128205,0.1428571428571428,0.5857385398981324,6
mi,106,version_41,17,stratified,200,46,50,0.7435897435897436,ok,1,0.7728937728937729,0.7728937728937729,0.02930402930402931,0.7181663837011885,3
mi,106,version_41,17,temporal_array,10,42,2,0.6517139229792637,ungateable,,,0.6517139229792637,0.0,,
mi,106,version_41,17,temporal_array,10,43,2,0.6517139229792637,ungateable,,,0.6517139229792637,0.0,,
mi,106,version_41,17,temporal_array,10,44,2,0.6517139229792637,ungateable,,,0.6517139229792637,0.0,,
mi,106,version_41,17,temporal_array,10,45,2,0.6517139229792637,ungateable,,,0.6517139229792637,0.0,,
mi,106,version_41,17,temporal_array,10,46,2,0.6517139229792637,ungateable,,,0.6517139229792637,0.0,,
mi,106,version_41,17,temporal_array,20,42,5,0.6486007462686567,ungateable,,,0.6486007462686567,0.0,,
mi,106,version_41,17,temporal_array,20,43,5,0.6486007462686567,ungateable,,,0.6486007462686567,0.0,,
mi,106,version_41,17,temporal_array,20,44,5,0.6486007462686567,ungateable,,,0.6486007462686567,0.0,,
mi,106,version_41,17,temporal_array,20,45,5,0.6486007462686567,ungateable,,,0.6486007462686567,0.0,,
mi,106,version_41,17,temporal_array,20,46,5,0.6486007462686567,ungateable,,,0.6486007462686567,0.0,,
mi,106,version_41,17,temporal_array,50,42,12,0.6625,ok,0,0.6854166666666667,0.6625,0.0,0.4444444444444444,0
mi,106,version_41,17,temporal_array,50,43,12,0.6625,ok,1,0.6740885416666667,0.6740885416666667,0.011588541666666674,0.8333333333333334,0
mi,106,version_41,17,temporal_array,50,44,12,0.6625,ok,1,0.7044270833333334,0.7044270833333334,0.04192708333333339,1.0,4
mi,106,version_41,17,temporal_array,50,45,12,0.6625,ok,0,0.6708333333333334,0.6625,0.0,0.6666666666666667,0
mi,106,version_41,17,temporal_array,50,46,12,0.6625,ok,1,0.68203125,0.68203125,0.01953125,0.7222222222222221,1
mi,106,version_41,17,temporal_array,100,42,25,0.6842105263157895,ok,1,0.7288925438596491,0.7288925438596491,0.04468201754385959,0.7948717948717949,3
mi,106,version_41,17,temporal_array,100,43,25,0.6842105263157895,ok,1,0.7228618421052632,0.7228618421052632,0.03865131578947367,0.782051282051282,2
mi,106,version_41,17,temporal_array,100,44,25,0.6842105263157895,ok,1,0.7286184210526315,0.7286184210526315,0.044407894736842035,0.7628205128205128,2
mi,106,version_41,17,temporal_array,100,45,25,0.6842105263157895,ok,1,0.7042214912280702,0.7042214912280702,0.020010964912280715,0.6602564102564102,0
mi,106,version_41,17,temporal_array,100,46,25,0.6842105263157895,ok,1,0.7406798245614035,0.7406798245614035,0.056469298245613975,0.6153846153846154,18
mi,106,version_41,17,temporal_array,150,42,38,0.6956018518518519,ok,1,0.6759259259259259,0.6759259259259259,-0.01967592592592593,0.7638888888888888,36
mi,106,version_41,17,temporal_array,150,43,38,0.6956018518518519,ok,1,0.7013888888888888,0.7013888888888888,0.0057870370370369795,0.7805555555555556,1
mi,106,version_41,17,temporal_array,150,44,38,0.6956018518518519,ok,1,0.7141203703703703,0.7141203703703703,0.01851851851851849,0.7472222222222222,2
mi,106,version_41,17,temporal_array,150,45,38,0.6956018518518519,ok,1,0.7083333333333334,0.7083333333333334,0.01273148148148151,0.7277777777777777,1
mi,106,version_41,17,temporal_array,150,46,38,0.6956018518518519,ok,1,0.7442129629629629,0.7442129629629629,0.04861111111111105,0.6527777777777778,17
mi,107,version_27,0,stratified,10,42,2,0.6608527131782946,ungateable,,,0.6608527131782946,0.0,,
mi,107,version_27,0,stratified,10,43,2,0.6628749578699022,ungateable,,,0.6628749578699022,0.0,,
mi,107,version_27,0,stratified,10,44,2,0.6616953151331311,ungateable,,,0.6616953151331311,0.0,,
mi,107,version_27,0,stratified,10,45,2,0.6625379170879677,ungateable,,,0.6625379170879677,0.0,,
mi,107,version_27,0,stratified,10,46,2,0.6625379170879676,ungateable,,,0.6625379170879676,0.0,,
mi,107,version_27,0,stratified,20,42,5,0.6510532150776053,ungateable,,,0.6510532150776053,0.0,,
mi,107,version_27,0,stratified,20,43,5,0.6747043606799704,ungateable,,,0.6747043606799704,0.0,,
mi,107,version_27,0,stratified,20,44,5,0.6648189209164819,ungateable,,,0.6648189209164819,0.0,,
mi,107,version_27,0,stratified,20,45,5,0.6452328159645233,ungateable,,,0.6452328159645233,0.0,,
mi,107,version_27,0,stratified,20,46,5,0.6580746489283075,ungateable,,,0.6580746489283075,0.0,,
mi,107,version_27,0,stratified,50,42,12,0.6627196809173626,ok,1,0.6642153807802568,0.6642153807802568,0.0014956998628942175,0.6000000000000001,0
mi,107,version_27,0,stratified,50,43,12,0.6581079396734388,ok,0,0.6553658232581329,0.6581079396734388,0.0,0.9142857142857143,0
mi,107,version_27,0,stratified,50,44,12,0.6658357222983922,ok,1,0.6643400224354978,0.6643400224354978,-0.0014956998628943285,0.942857142857143,0
mi,107,version_27,0,stratified,50,45,12,0.6635921725040508,ok,1,0.6692010469899039,0.6692010469899039,0.005608874485853121,0.8285714285714285,4
mi,107,version_27,0,stratified,50,46,12,0.6665835722298392,ok,1,0.5883086127383772,0.5883086127383772,-0.07827495949146202,1.0,30
mi,107,version_27,0,stratified,100,42,25,0.699108818011257,ok,1,0.700281425891182,0.700281425891182,0.001172607879925014,0.6666666666666667,2
mi,107,version_27,0,stratified,100,43,25,0.6697936210131332,ok,1,0.6575984990619137,0.6575984990619137,-0.012195121951219523,0.7152777777777778,12
mi,107,version_27,0,stratified,100,44,25,0.6430581613508443,ok,1,0.649624765478424,0.649624765478424,0.0065666041275797005,0.7916666666666666,4
mi,107,version_27,0,stratified,100,45,25,0.6646341463414633,ok,1,0.6728424015009381,0.6728424015009381,0.008208255159474764,0.6266666666666667,11
mi,107,version_27,0,stratified,100,46,25,0.6930112570356474,ok,0,0.6995778611632271,0.6930112570356474,0.0,0.68,0
mi,107,version_27,0,stratified,150,42,38,0.6989182692307692,ok,0,0.6947115384615384,0.6989182692307692,0.0,0.7623188405797101,1
mi,107,version_27,0,stratified,150,43,38,0.6129807692307692,ok,1,0.6712740384615385,0.6712740384615385,0.058293269230769384,0.7130434782608696,7
mi,107,version_27,0,stratified,150,44,38,0.6556490384615385,ok,1,0.6586538461538461,0.6586538461538461,0.0030048076923075984,0.6956521739130435,24
mi,107,version_27,0,stratified,150,45,38,0.6063701923076923,ok,1,0.6201923076923077,0.6201923076923077,0.013822115384615419,0.6,14
mi,107,version_27,0,stratified,150,46,38,0.7277644230769231,ok,1,0.7397836538461539,0.7397836538461539,0.012019230769230727,0.6782608695652174,2
mi,107,version_27,0,stratified,200,42,50,0.8901098901098901,ok,0,0.8644688644688645,0.8901098901098901,0.0,0.6655348047538201,4
mi,107,version_27,0,stratified,200,43,50,0.6483516483516485,ok,1,0.7142857142857143,0.7142857142857143,0.06593406593406581,0.6179966044142614,3
mi,107,version_27,0,stratified,200,44,50,0.6923076923076924,ok,1,0.6923076923076924,0.6923076923076924,0.0,0.6146010186757216,2
mi,107,version_27,0,stratified,200,45,50,0.6446886446886447,ok,1,0.6593406593406593,0.6593406593406593,0.0146520146520146,0.634974533106961,6
mi,107,version_27,0,stratified,200,46,50,0.652014652014652,ok,1,0.6227106227106227,0.6227106227106227,-0.02930402930402931,0.7113752122241086,5
mi,107,version_27,0,temporal_array,10,42,2,0.6659331358442658,ungateable,,,0.6659331358442658,0.0,,
mi,107,version_27,0,temporal_array,10,43,2,0.6659331358442658,ungateable,,,0.6659331358442658,0.0,,
mi,107,version_27,0,temporal_array,10,44,2,0.6659331358442658,ungateable,,,0.6659331358442658,0.0,,
mi,107,version_27,0,temporal_array,10,45,2,0.6659331358442658,ungateable,,,0.6659331358442658,0.0,,
mi,107,version_27,0,temporal_array,10,46,2,0.6659331358442658,ungateable,,,0.6659331358442658,0.0,,
mi,107,version_27,0,temporal_array,20,42,5,0.6582089552238806,ungateable,,,0.6582089552238806,0.0,,
mi,107,version_27,0,temporal_array,20,43,5,0.6582089552238806,ungateable,,,0.6582089552238806,0.0,,
mi,107,version_27,0,temporal_array,20,44,5,0.6582089552238806,ungateable,,,0.6582089552238806,0.0,,
mi,107,version_27,0,temporal_array,20,45,5,0.6582089552238806,ungateable,,,0.6582089552238806,0.0,,
mi,107,version_27,0,temporal_array,20,46,5,0.6582089552238806,ungateable,,,0.6582089552238806,0.0,,
mi,107,version_27,0,temporal_array,50,42,12,0.6569010416666666,ok,0,0.6552083333333333,0.6569010416666666,0.0,0.7222222222222223,0
mi,107,version_27,0,temporal_array,50,43,12,0.6569010416666666,ok,1,0.6614583333333334,0.6614583333333334,0.004557291666666741,0.7500000000000001,2
mi,107,version_27,0,temporal_array,50,44,12,0.6569010416666666,ok,0,0.6576822916666667,0.6569010416666666,0.0,0.5555555555555556,0
mi,107,version_27,0,temporal_array,50,45,12,0.6569010416666666,ok,0,0.6557291666666667,0.6569010416666666,0.0,0.6944444444444445,0
mi,107,version_27,0,temporal_array,50,46,12,0.6569010416666666,ok,0,0.6557291666666667,0.6569010416666666,0.0,0.9166666666666667,0
mi,107,version_27,0,temporal_array,100,42,25,0.6811951754385965,ok,0,0.6800986842105263,0.6811951754385965,0.0,0.5897435897435898,0
mi,107,version_27,0,temporal_array,100,43,25,0.6811951754385965,ok,1,0.694078947368421,0.694078947368421,0.012883771929824483,0.4807692307692308,12
mi,107,version_27,0,temporal_array,100,44,25,0.6811951754385965,ok,1,0.6811951754385965,0.6811951754385965,0.0,0.6474358974358975,0
mi,107,version_27,0,temporal_array,100,45,25,0.6811951754385965,ok,0,0.6825657894736842,0.6811951754385965,0.0,0.5961538461538461,0
mi,107,version_27,0,temporal_array,100,46,25,0.6811951754385965,ok,1,0.6842105263157895,0.6842105263157895,0.003015350877192957,0.891025641025641,0
mi,107,version_27,0,temporal_array,150,42,38,0.7627314814814815,ok,0,0.7592592592592593,0.7627314814814815,0.0,0.5805555555555555,0
mi,107,version_27,0,temporal_array,150,43,38,0.7627314814814815,ok,1,0.7604166666666667,0.7604166666666667,-0.0023148148148147696,0.6444444444444445,3
mi,107,version_27,0,temporal_array,150,44,38,0.7627314814814815,ok,1,0.6944444444444444,0.6944444444444444,-0.06828703703703709,0.5277777777777778,45
mi,107,version_27,0,temporal_array,150,45,38,0.7627314814814815,ok,1,0.7592592592592593,0.7592592592592593,-0.00347222222222221,0.6638888888888889,7
mi,107,version_27,0,temporal_array,150,46,38,0.7627314814814815,ok,0,0.7581018518518519,0.7627314814814815,0.0,0.5722222222222223,3
mi,107,version_27,17,stratified,10,42,2,0.5779406808223795,ungateable,,,0.5779406808223795,0.0,,
mi,107,version_27,17,stratified,10,43,2,0.5737276710481969,ungateable,,,0.5737276710481969,0.0,,
mi,107,version_27,17,stratified,10,44,2,0.5798786653185035,ungateable,,,0.5798786653185035,0.0,,
mi,107,version_27,17,stratified,10,45,2,0.5872935625210651,ungateable,,,0.5872935625210651,0.0,,
mi,107,version_27,17,stratified,10,46,2,0.5726322885069094,ungateable,,,0.5726322885069094,0.0,,
mi,107,version_27,17,stratified,20,42,5,0.5779748706577975,ungateable,,,0.5779748706577975,0.0,,
mi,107,version_27,17,stratified,20,43,5,0.578529194382853,ungateable,,,0.578529194382853,0.0,,
mi,107,version_27,17,stratified,20,44,5,0.5752956393200296,ungateable,,,0.5752956393200296,0.0,,
mi,107,version_27,17,stratified,20,45,5,0.5775129342202513,ungateable,,,0.5775129342202513,0.0,,
mi,107,version_27,17,stratified,20,46,5,0.562361419068736,ungateable,,,0.562361419068736,0.0,,
mi,107,version_27,17,stratified,50,42,12,0.5338402093979808,ok,1,0.5131496946279447,0.5131496946279447,-0.02069051477003614,0.8285714285714286,5
mi,107,version_27,17,stratified,50,43,12,0.5682413062445469,ok,1,0.5630063567244172,0.5630063567244172,-0.005234949520129706,0.7428571428571429,1
mi,107,version_27,17,stratified,50,44,12,0.5802069051477003,ok,1,0.5650006232082763,0.5650006232082763,-0.015206281939424082,0.6857142857142857,13
mi,107,version_27,17,stratified,50,45,12,0.5592671070671819,ok,1,0.5645020565873115,0.5645020565873115,0.005234949520129595,0.7428571428571429,15
mi,107,version_27,17,stratified,50,46,12,0.5652499065187585,ok,1,0.5355851925713573,0.5355851925713573,-0.029664713947401222,0.6,3
mi,107,version_27,17,stratified,100,42,25,0.5314258911819887,ok,0,0.5180581613508444,0.5314258911819887,0.0,0.6944444444444444,0
mi,107,version_27,17,stratified,100,43,25,0.5335365853658536,ok,1,0.524624765478424,0.524624765478424,-0.008911819887429617,0.7152777777777778,74
mi,107,version_27,17,stratified,100,44,25,0.5586303939962477,ok,1,0.5077392120075047,0.5077392120075047,-0.050891181988742984,0.7847222222222221,15
mi,107,version_27,17,stratified,100,45,25,0.5204033771106942,ok,1,0.5119606003752345,0.5119606003752345,-0.008442776735459678,0.6266666666666667,0
mi,107,version_27,17,stratified,100,46,25,0.6031894934333959,ok,1,0.5712945590994372,0.5712945590994372,-0.031894934333958735,0.66,3
mi,107,version_27,17,stratified,150,42,38,0.5853365384615384,ok,1,0.6153846153846153,0.6153846153846153,0.030048076923076872,0.6115942028985507,36
mi,107,version_27,17,stratified,150,43,38,0.5396634615384616,ok,1,0.5348557692307693,0.5348557692307693,-0.004807692307692291,0.5971014492753624,22
mi,107,version_27,17,stratified,150,44,38,0.5234375,ok,1,0.5510817307692307,0.5510817307692307,0.027644230769230727,0.43768115942028984,35
mi,107,version_27,17,stratified,150,45,38,0.4711538461538462,ok,0,0.453125,0.4711538461538462,0.0,0.6347826086956522,0
mi,107,version_27,17,stratified,150,46,38,0.6460336538461539,ok,1,0.6286057692307692,0.6286057692307692,-0.017427884615384692,0.5855072463768116,53
mi,107,version_27,17,stratified,200,42,50,0.6776556776556777,ok,0,0.6593406593406593,0.6776556776556777,0.0,0.5772495755517827,0
mi,107,version_27,17,stratified,200,43,50,0.6300366300366301,ok,0,0.6446886446886447,0.6300366300366301,0.0,0.5721561969439728,5
mi,107,version_27,17,stratified,200,44,50,0.5860805860805861,ok,1,0.6483516483516484,0.6483516483516484,0.06227106227106227,0.6587436332767402,6
mi,107,version_27,17,stratified,200,45,50,0.5897435897435898,ok,1,0.5860805860805861,0.5860805860805861,-0.00366300366300365,0.5993208828522919,4
mi,107,version_27,17,stratified,200,46,50,0.7142857142857143,ok,1,0.673992673992674,0.673992673992674,-0.04029304029304026,0.6502546689303905,6
mi,107,version_27,17,temporal_array,10,42,2,0.565721540414727,ungateable,,,0.565721540414727,0.0,,
mi,107,version_27,17,temporal_array,10,43,2,0.565721540414727,ungateable,,,0.565721540414727,0.0,,
mi,107,version_27,17,temporal_array,10,44,2,0.565721540414727,ungateable,,,0.565721540414727,0.0,,
mi,107,version_27,17,temporal_array,10,45,2,0.565721540414727,ungateable,,,0.565721540414727,0.0,,
mi,107,version_27,17,temporal_array,10,46,2,0.565721540414727,ungateable,,,0.565721540414727,0.0,,
mi,107,version_27,17,temporal_array,20,42,5,0.5583022388059702,ungateable,,,0.5583022388059702,0.0,,
mi,107,version_27,17,temporal_array,20,43,5,0.5583022388059702,ungateable,,,0.5583022388059702,0.0,,
mi,107,version_27,17,temporal_array,20,44,5,0.5583022388059702,ungateable,,,0.5583022388059702,0.0,,
mi,107,version_27,17,temporal_array,20,45,5,0.5583022388059702,ungateable,,,0.5583022388059702,0.0,,
mi,107,version_27,17,temporal_array,20,46,5,0.5583022388059702,ungateable,,,0.5583022388059702,0.0,,
mi,107,version_27,17,temporal_array,50,42,12,0.5350260416666667,ok,1,0.5158854166666667,0.5158854166666667,-0.019140625000000022,0.8333333333333333,2
mi,107,version_27,17,temporal_array,50,43,12,0.5350260416666667,ok,0,0.5272135416666667,0.5350260416666667,0.0,0.4722222222222222,0
mi,107,version_27,17,temporal_array,50,44,12,0.5350260416666667,ok,1,0.5121093750000001,0.5121093750000001,-0.022916666666666585,0.49999999999999994,2
mi,107,version_27,17,temporal_array,50,45,12,0.5350260416666667,ok,0,0.473828125,0.5350260416666667,0.0,0.7222222222222223,15
mi,107,version_27,17,temporal_array,50,46,12,0.5350260416666667,ok,1,0.4967447916666667,0.4967447916666667,-0.03828124999999999,0.6388888888888888,16
mi,107,version_27,17,temporal_array,100,42,25,0.5671600877192983,ok,1,0.47368421052631576,0.47368421052631576,-0.0934758771929825,0.7692307692307693,7
mi,107,version_27,17,temporal_array,100,43,25,0.5671600877192983,ok,1,0.4605263157894737,0.4605263157894737,-0.1066337719298246,0.7371794871794872,6
mi,107,version_27,17,temporal_array,100,44,25,0.5671600877192983,ok,1,0.496436403508772,0.496436403508772,-0.07072368421052627,0.5769230769230769,4
mi,107,version_27,17,temporal_array,100,45,25,0.5671600877192983,ok,1,0.5060307017543859,0.5060307017543859,-0.06112938596491235,0.7115384615384616,11
mi,107,version_27,17,temporal_array,100,46,25,0.5671600877192983,ok,1,0.48464912280701755,0.48464912280701755,-0.08251096491228072,0.6538461538461539,15
mi,107,version_27,17,temporal_array,150,42,38,0.5821759259259259,ok,1,0.5219907407407407,0.5219907407407407,-0.06018518518518523,0.6555555555555556,0
mi,107,version_27,17,temporal_array,150,43,38,0.5821759259259259,ok,1,0.36689814814814814,0.36689814814814814,-0.2152777777777778,0.7000000000000001,25
mi,107,version_27,17,temporal_array,150,44,38,0.5821759259259259,ok,1,0.3900462962962963,0.3900462962962963,-0.19212962962962965,0.7833333333333334,11
mi,107,version_27,17,temporal_array,150,45,38,0.5821759259259259,ok,1,0.47685185185185186,0.47685185185185186,-0.10532407407407407,0.7583333333333334,1
mi,107,version_27,17,temporal_array,150,46,38,0.5821759259259259,ok,1,0.4537037037037037,0.4537037037037037,-0.1284722222222222,0.6499999999999999,50
mi,107,version_28,0,stratified,10,42,2,0.6535220761712167,ungateable,,,0.6535220761712167,0.0,,
mi,107,version_28,0,stratified,10,43,2,0.6564711830131446,ungateable,,,0.6564711830131446,0.0,,
mi,107,version_28,0,stratified,10,44,2,0.6564711830131446,ungateable,,,0.6564711830131446,0.0,,
mi,107,version_28,0,stratified,10,45,2,0.6613582743511964,ungateable,,,0.6613582743511964,0.0,,
mi,107,version_28,0,stratified,10,46,2,0.6584091675092686,ungateable,,,0.6584091675092686,0.0,,
mi,107,version_28,0,stratified,20,42,5,0.6553030303030304,ungateable,,,0.6553030303030304,0.0,,
mi,107,version_28,0,stratified,20,43,5,0.6663895048041389,ungateable,,,0.6663895048041389,0.0,,
mi,107,version_28,0,stratified,20,44,5,0.6632483370288248,ungateable,,,0.6632483370288248,0.0,,
mi,107,version_28,0,stratified,20,45,5,0.6513303769401331,ungateable,,,0.6513303769401331,0.0,,
mi,107,version_28,0,stratified,20,46,5,0.6520694752402069,ungateable,,,0.6520694752402069,0.0,,
mi,107,version_28,0,stratified,50,42,12,0.6820391374797458,ok,1,0.6618471893306743,0.6618471893306743,-0.020191948149071437,0.7142857142857143,33
mi,107,version_28,0,stratified,50,43,12,0.6577340147077153,ok,0,0.661597906020192,0.6577340147077153,0.0,0.9142857142857144,0
mi,107,version_28,0,stratified,50,44,12,0.663716814159292,ok,1,0.6918858282437991,0.6918858282437991,0.028169014084507116,0.9142857142857143,17
mi,107,version_28,0,stratified,50,45,12,0.6728156549918983,ok,1,0.6922597532095227,0.6922597532095227,0.019444098217624384,0.7428571428571429,3
mi,107,version_28,0,stratified,50,46,12,0.663716814159292,ok,1,0.6630936058830862,0.6630936058830862,-0.0006232082762057667,0.8571428571428572,10
mi,107,version_28,0,stratified,100,42,25,0.6927767354596622,ok,1,0.7054409005628518,0.7054409005628518,0.012664165103189573,0.6180555555555555,11
mi,107,version_28,0,stratified,100,43,25,0.6735459662288931,ok,1,0.7007504690431519,0.7007504690431519,0.02720450281425879,0.8472222222222222,16
mi,107,version_28,0,stratified,100,44,25,0.6294559099437148,ok,1,0.6524390243902438,0.6524390243902438,0.022983114446529007,0.8194444444444444,4
mi,107,version_28,0,stratified,100,45,25,0.6578330206378987,ok,0,0.6636960600375235,0.6578330206378987,0.0,0.6866666666666668,0
mi,107,version_28,0,stratified,100,46,25,0.6873827392120075,ok,0,0.700046904315197,0.6873827392120075,0.0,0.6533333333333333,0
mi,107,version_28,0,stratified,150,42,38,0.6688701923076923,ok,1,0.7025240384615385,0.7025240384615385,0.033653846153846256,0.7942028985507246,1
mi,107,version_28,0,stratified,150,43,38,0.6213942307692308,ok,1,0.6766826923076923,0.6766826923076923,0.05528846153846145,0.7797101449275363,5
mi,107,version_28,0,stratified,150,44,38,0.6724759615384616,ok,1,0.7241586538461539,0.7241586538461539,0.05168269230769229,0.7362318840579711,7
mi,107,version_28,0,stratified,150,45,38,0.5997596153846154,ok,1,0.6460336538461539,0.6460336538461539,0.046274038461538436,0.6811594202898551,4
mi,107,version_28,0,stratified,150,46,38,0.7175480769230769,ok,1,0.6814903846153846,0.6814903846153846,-0.03605769230769229,0.7739130434782608,40
mi,107,version_28,0,stratified,200,42,50,0.8131868131868132,ok,1,0.8534798534798536,0.8534798534798536,0.04029304029304037,0.7724957555178268,5
mi,107,version_28,0,stratified,200,43,50,0.6446886446886447,ok,1,0.6959706959706959,0.6959706959706959,0.05128205128205121,0.6926994906621392,16
mi,107,version_28,0,stratified,200,44,50,0.6593406593406593,ok,1,0.6923076923076923,0.6923076923076923,0.03296703296703296,0.6027164685908319,27
mi,107,version_28,0,stratified,200,45,50,0.6813186813186813,ok,1,0.73992673992674,0.73992673992674,0.05860805860805862,0.6706281833616299,12
mi,107,version_28,0,stratified,200,46,50,0.6190476190476191,ok,1,0.673992673992674,0.673992673992674,0.05494505494505497,0.6774193548387096,26
mi,107,version_28,0,temporal_array,10,42,2,0.6595006347862886,ungateable,,,0.6595006347862886,0.0,,
mi,107,version_28,0,temporal_array,10,43,2,0.6595006347862886,ungateable,,,0.6595006347862886,0.0,,
mi,107,version_28,0,temporal_array,10,44,2,0.6595006347862886,ungateable,,,0.6595006347862886,0.0,,
mi,107,version_28,0,temporal_array,10,45,2,0.6595006347862886,ungateable,,,0.6595006347862886,0.0,,
mi,107,version_28,0,temporal_array,10,46,2,0.6595006347862886,ungateable,,,0.6595006347862886,0.0,,
mi,107,version_28,0,temporal_array,20,42,5,0.6496268656716419,ungateable,,,0.6496268656716419,0.0,,
mi,107,version_28,0,temporal_array,20,43,5,0.6496268656716419,ungateable,,,0.6496268656716419,0.0,,
mi,107,version_28,0,temporal_array,20,44,5,0.6496268656716419,ungateable,,,0.6496268656716419,0.0,,
mi,107,version_28,0,temporal_array,20,45,5,0.6496268656716419,ungateable,,,0.6496268656716419,0.0,,
mi,107,version_28,0,temporal_array,20,46,5,0.6496268656716419,ungateable,,,0.6496268656716419,0.0,,
mi,107,version_28,0,temporal_array,50,42,12,0.662109375,ok,1,0.6692708333333334,0.6692708333333334,0.00716145833333337,0.6666666666666666,1
mi,107,version_28,0,temporal_array,50,43,12,0.662109375,ok,1,0.671875,0.671875,0.009765625,0.5833333333333334,13
mi,107,version_28,0,temporal_array,50,44,12,0.662109375,ok,0,0.66796875,0.662109375,0.0,0.6111111111111112,0
mi,107,version_28,0,temporal_array,50,45,12,0.662109375,ok,1,0.6518229166666667,0.6518229166666667,-0.010286458333333304,0.75,19
mi,107,version_28,0,temporal_array,50,46,12,0.662109375,ok,1,0.6623697916666667,0.6623697916666667,0.00026041666666665186,0.888888888888889,1
mi,107,version_28,0,temporal_array,100,42,25,0.6633771929824561,ok,0,0.6584429824561403,0.6633771929824561,0.0,0.7243589743589743,0
mi,107,version_28,0,temporal_array,100,43,25,0.6633771929824561,ok,1,0.6872258771929824,0.6872258771929824,0.023848684210526327,0.532051282051282,6
mi,107,version_28,0,temporal_array,100,44,25,0.6633771929824561,ok,0,0.6724232456140351,0.6633771929824561,0.0,0.6666666666666666,0
mi,107,version_28,0,temporal_array,100,45,25,0.6633771929824561,ok,0,0.6759868421052633,0.6633771929824561,0.0,0.6282051282051283,0
mi,107,version_28,0,temporal_array,100,46,25,0.6633771929824561,ok,1,0.6729714912280701,0.6729714912280701,0.009594298245613975,0.8461538461538461,0
mi,107,version_28,0,temporal_array,150,42,38,0.6643518518518519,ok,1,0.6689814814814815,0.6689814814814815,0.00462962962962965,0.6583333333333333,2
mi,107,version_28,0,temporal_array,150,43,38,0.6643518518518519,ok,1,0.7222222222222223,0.7222222222222223,0.05787037037037046,0.6444444444444444,3
mi,107,version_28,0,temporal_array,150,44,38,0.6643518518518519,ok,1,0.6261574074074074,0.6261574074074074,-0.03819444444444442,0.7333333333333334,52
mi,107,version_28,0,temporal_array,150,45,38,0.6643518518518519,ok,1,0.630787037037037,0.630787037037037,-0.03356481481481488,0.6444444444444444,26
mi,107,version_28,0,temporal_array,150,46,38,0.6643518518518519,ok,1,0.6412037037037037,0.6412037037037037,-0.02314814814814814,0.6416666666666666,6
mi,107,version_28,17,stratified,10,42,2,0.5511459386585776,ungateable,,,0.5511459386585776,0.0,,
mi,107,version_28,17,stratified,10,43,2,0.5498820357263229,ungateable,,,0.5498820357263229,0.0,,
mi,107,version_28,17,stratified,10,44,2,0.5465958881024604,ungateable,,,0.5465958881024604,0.0,,
mi,107,version_28,17,stratified,10,45,2,0.5505561172901922,ungateable,,,0.5505561172901922,0.0,,
mi,107,version_28,17,stratified,10,46,2,0.5585608358611392,ungateable,,,0.5585608358611392,0.0,,
mi,107,version_28,17,stratified,20,42,5,0.5453621581670363,ungateable,,,0.5453621581670363,0.0,,
mi,107,version_28,17,stratified,20,43,5,0.5472099039172209,ungateable,,,0.5472099039172209,0.0,,
mi,107,version_28,17,stratified,20,44,5,0.556910569105691,ungateable,,,0.556910569105691,0.0,,
mi,107,version_28,17,stratified,20,45,5,0.5470251293422025,ungateable,,,0.5470251293422025,0.0,,
mi,107,version_28,17,stratified,20,46,5,0.5524759793052476,ungateable,,,0.5524759793052476,0.0,,
mi,107,version_28,17,stratified,50,42,12,0.5190078524242802,ok,1,0.5573974822385641,0.5573974822385641,0.038389629814283954,0.7428571428571429,8
mi,107,version_28,17,stratified,50,43,12,0.5363330425028043,ok,1,0.5661223981054468,0.5661223981054468,0.02978935560264251,0.6571428571428571,3
mi,107,version_28,17,stratified,50,44,12,0.5567742739623582,ok,1,0.618347251651502,0.618347251651502,0.061572977689143715,0.8571428571428572,32
mi,107,version_28,17,stratified,50,45,12,0.5500436245793343,ok,0,0.5564003489966347,0.5500436245793343,0.0,0.5142857142857142,0
mi,107,version_28,17,stratified,50,46,12,0.5456811666458931,ok,1,0.5420665586438989,0.5420665586438989,-0.0036146080019942017,0.5142857142857143,12
mi,107,version_28,17,stratified,100,42,25,0.4931988742964353,ok,1,0.5349437148217636,0.5349437148217636,0.04174484052532834,0.8333333333333333,7
mi,107,version_28,17,stratified,100,43,25,0.5361163227016885,ok,1,0.5874765478424014,0.5874765478424014,0.05136022514071292,0.625,48
mi,107,version_28,17,stratified,100,44,25,0.5321294559099436,ok,1,0.5351782363977485,0.5351782363977485,0.0030487804878048808,0.5625,2
mi,107,version_28,17,stratified,100,45,25,0.526266416510319,ok,1,0.5546435272045028,0.5546435272045028,0.028377110694183805,0.6266666666666667,2
mi,107,version_28,17,stratified,100,46,25,0.600140712945591,ok,1,0.6425891181988743,0.6425891181988743,0.042448405253283306,0.6733333333333333,5
mi,107,version_28,17,stratified,150,42,38,0.510216346153846,ok,1,0.5745192307692308,0.5745192307692308,0.0643028846153848,0.6376811594202898,10
mi,107,version_28,17,stratified,150,43,38,0.5216346153846154,ok,1,0.5829326923076923,0.5829326923076923,0.06129807692307687,0.6782608695652175,4
mi,107,version_28,17,stratified,150,44,38,0.5504807692307692,ok,1,0.6532451923076922,0.6532451923076922,0.10276442307692302,0.4492753623188406,27
mi,107,version_28,17,stratified,150,45,38,0.5192307692307692,ok,0,0.5330528846153847,0.5192307692307692,0.0,0.5043478260869565,0
mi,107,version_28,17,stratified,150,46,38,0.6382211538461539,ok,1,0.6532451923076923,0.6532451923076923,0.015024038461538436,0.663768115942029,58
mi,107,version_28,17,stratified,200,42,50,0.5494505494505495,ok,1,0.7216117216117216,0.7216117216117216,0.1721611721611721,0.6740237691001698,5
mi,107,version_28,17,stratified,200,43,50,0.5787545787545787,ok,1,0.44688644688644685,0.44688644688644685,-0.13186813186813184,0.5840407470288624,85
mi,107,version_28,17,stratified,200,44,50,0.4908424908424909,ok,1,0.6373626373626373,0.6373626373626373,0.14652014652014644,0.5636672325976231,3
mi,107,version_28,17,stratified,200,45,50,0.5934065934065935,ok,1,0.652014652014652,0.652014652014652,0.05860805860805851,0.4872665534804754,37
mi,107,version_28,17,stratified,200,46,50,0.6556776556776557,ok,1,0.7216117216117216,0.7216117216117216,0.06593406593406592,0.6078098471986417,7
mi,107,version_28,17,temporal_array,10,42,2,0.5393144308082946,ungateable,,,0.5393144308082946,0.0,,
mi,107,version_28,17,temporal_array,10,43,2,0.5393144308082946,ungateable,,,0.5393144308082946,0.0,,
mi,107,version_28,17,temporal_array,10,44,2,0.5393144308082946,ungateable,,,0.5393144308082946,0.0,,
mi,107,version_28,17,temporal_array,10,45,2,0.5393144308082946,ungateable,,,0.5393144308082946,0.0,,
mi,107,version_28,17,temporal_array,10,46,2,0.5393144308082946,ungateable,,,0.5393144308082946,0.0,,
mi,107,version_28,17,temporal_array,20,42,5,0.5316231343283582,ungateable,,,0.5316231343283582,0.0,,
mi,107,version_28,17,temporal_array,20,43,5,0.5316231343283582,ungateable,,,0.5316231343283582,0.0,,
mi,107,version_28,17,temporal_array,20,44,5,0.5316231343283582,ungateable,,,0.5316231343283582,0.0,,
mi,107,version_28,17,temporal_array,20,45,5,0.5316231343283582,ungateable,,,0.5316231343283582,0.0,,
mi,107,version_28,17,temporal_array,20,46,5,0.5316231343283582,ungateable,,,0.5316231343283582,0.0,,
mi,107,version_28,17,temporal_array,50,42,12,0.52890625,ok,1,0.5290364583333333,0.5290364583333333,0.00013020833333332593,0.8333333333333334,7
mi,107,version_28,17,temporal_array,50,43,12,0.52890625,ok,1,0.550390625,0.550390625,0.021484375,0.5,13
mi,107,version_28,17,temporal_array,50,44,12,0.52890625,ok,1,0.5496093750000001,0.5496093750000001,0.020703125000000044,0.4444444444444444,9
mi,107,version_28,17,temporal_array,50,45,12,0.52890625,ok,1,0.52421875,0.52421875,-0.004687500000000067,0.6666666666666666,12
mi,107,version_28,17,temporal_array,50,46,12,0.52890625,ok,1,0.5217447916666667,0.5217447916666667,-0.00716145833333337,0.6944444444444444,38
mi,107,version_28,17,temporal_array,100,42,25,0.5556469298245614,ok,1,0.4155701754385965,0.4155701754385965,-0.14007675438596495,0.6346153846153847,22
mi,107,version_28,17,temporal_array,100,43,25,0.5556469298245614,ok,1,0.5046600877192983,0.5046600877192983,-0.050986842105263164,0.608974358974359,5
mi,107,version_28,17,temporal_array,100,44,25,0.5556469298245614,ok,1,0.4745065789473684,0.4745065789473684,-0.08114035087719301,0.6089743589743589,54
mi,107,version_28,17,temporal_array,100,45,25,0.5556469298245614,ok,0,0.5487938596491228,0.5556469298245614,0.0,0.6217948717948718,1
mi,107,version_28,17,temporal_array,100,46,25,0.5556469298245614,ok,1,0.4575109649122807,0.4575109649122807,-0.09813596491228072,0.6282051282051282,43
mi,107,version_28,17,temporal_array,150,42,38,0.49189814814814814,ok,1,0.4652777777777778,0.4652777777777778,-0.02662037037037035,0.6444444444444444,5
mi,107,version_28,17,temporal_array,150,43,38,0.49189814814814814,ok,1,0.4988425925925926,0.4988425925925926,0.006944444444444475,0.6583333333333334,11
mi,107,version_28,17,temporal_array,150,44,38,0.49189814814814814,ok,0,0.48958333333333326,0.49189814814814814,0.0,0.6916666666666667,0
mi,107,version_28,17,temporal_array,150,45,38,0.49189814814814814,ok,0,0.48726851851851855,0.49189814814814814,0.0,0.7388888888888888,2
mi,107,version_28,17,temporal_array,150,46,38,0.49189814814814814,ok,1,0.53125,0.53125,0.03935185185185186,0.5083333333333333,60
mi,107,version_29,0,stratified,10,42,2,0.6703741152679474,ungateable,,,0.6703741152679474,0.0,,
mi,107,version_29,0,stratified,10,43,2,0.6772834512976069,ungateable,,,0.6772834512976069,0.0,,
mi,107,version_29,0,stratified,10,44,2,0.6654870239298956,ungateable,,,0.6654870239298956,0.0,,
mi,107,version_29,0,stratified,10,45,2,0.6724806201550387,ungateable,,,0.6724806201550387,0.0,,
mi,107,version_29,0,stratified,10,46,2,0.6761038085608359,ungateable,,,0.6761038085608359,0.0,,
mi,107,version_29,0,stratified,20,42,5,0.6604767184035476,ungateable,,,0.6604767184035476,0.0,,
mi,107,version_29,0,stratified,20,43,5,0.6816334072431633,ungateable,,,0.6816334072431633,0.0,,
mi,107,version_29,0,stratified,20,44,5,0.6751662971175166,ungateable,,,0.6751662971175166,0.0,,
mi,107,version_29,0,stratified,20,45,5,0.6573355506282336,ungateable,,,0.6573355506282336,0.0,,
mi,107,version_29,0,stratified,20,46,5,0.6715631929046563,ungateable,,,0.6715631929046563,0.0,,
mi,107,version_29,0,stratified,50,42,12,0.6718185217499689,ok,1,0.6693256886451452,0.6693256886451452,-0.002492833104823733,0.5714285714285715,2
mi,107,version_29,0,stratified,50,43,12,0.6852798205160164,ok,1,0.6731895799576219,0.6731895799576219,-0.012090240558394583,0.7999999999999999,1
mi,107,version_29,0,stratified,50,44,12,0.6736881465785866,ok,1,0.6750592047862396,0.6750592047862396,0.001371058207653042,0.9142857142857144,1
mi,107,version_29,0,stratified,50,45,12,0.6770534712700985,ok,0,0.6776766795463043,0.6770534712700985,0.0,0.7714285714285714,0
mi,107,version_29,0,stratified,50,46,12,0.67194316340521,ok,1,0.6498815904275208,0.6498815904275208,-0.02206157297768918,0.8571428571428571,19
mi,107,version_29,0,stratified,100,42,25,0.7005159474671669,ok,0,0.6995778611632271,0.7005159474671669,0.0,0.625,5
mi,107,version_29,0,stratified,100,43,25,0.7082551594746715,ok,1,0.699108818011257,0.699108818011257,-0.009146341463414531,0.6944444444444444,1
mi,107,version_29,0,stratified,100,44,25,0.6296904315196998,ok,1,0.6294559099437148,0.6294559099437148,-0.000234521575985025,0.7986111111111112,0
mi,107,version_29,0,stratified,100,45,25,0.6674484052532834,ok,0,0.6712007504690432,0.6674484052532834,0.0,0.6266666666666667,0
mi,107,version_29,0,stratified,100,46,25,0.7080206378986867,ok,0,0.6986397748592871,0.7080206378986867,0.0,0.6533333333333333,9
mi,107,version_29,0,stratified,150,42,38,0.7163461538461537,ok,0,0.7223557692307693,0.7163461538461537,0.0,0.7768115942028986,0
mi,107,version_29,0,stratified,150,43,38,0.6682692307692308,ok,0,0.6622596153846154,0.6682692307692308,0.0,0.6782608695652174,0
mi,107,version_29,0,stratified,150,44,38,0.6802884615384616,ok,1,0.6784855769230769,0.6784855769230769,-0.0018028846153846922,0.7304347826086957,9
mi,107,version_29,0,stratified,150,45,38,0.6358173076923077,ok,1,0.6508413461538461,0.6508413461538461,0.015024038461538436,0.6405797101449275,2
mi,107,version_29,0,stratified,150,46,38,0.7379807692307693,ok,0,0.7385817307692307,0.7379807692307693,0.0,0.6869565217391305,0
mi,107,version_29,0,stratified,200,42,50,0.8021978021978022,ok,0,0.8278388278388278,0.8021978021978022,0.0,0.7351443123938879,0
mi,107,version_29,0,stratified,200,43,50,0.6410256410256411,ok,1,0.6373626373626373,0.6373626373626373,-0.003663003663003761,0.6468590831918506,1
mi,107,version_29,0,stratified,200,44,50,0.5934065934065934,ok,0,0.6153846153846154,0.5934065934065934,0.0,0.5874363327674024,1
mi,107,version_29,0,stratified,200,45,50,0.7032967032967034,ok,1,0.684981684981685,0.684981684981685,-0.01831501831501836,0.6078098471986417,12
mi,107,version_29,0,stratified,200,46,50,0.652014652014652,ok,1,0.6483516483516484,0.6483516483516484,-0.00366300366300365,0.7113752122241086,0
mi,107,version_29,0,temporal_array,10,42,2,0.6760897164621245,ungateable,,,0.6760897164621245,0.0,,
mi,107,version_29,0,temporal_array,10,43,2,0.6760897164621245,ungateable,,,0.6760897164621245,0.0,,
mi,107,version_29,0,temporal_array,10,44,2,0.6760897164621245,ungateable,,,0.6760897164621245,0.0,,
mi,107,version_29,0,temporal_array,10,45,2,0.6760897164621245,ungateable,,,0.6760897164621245,0.0,,
mi,107,version_29,0,temporal_array,10,46,2,0.6760897164621245,ungateable,,,0.6760897164621245,0.0,,
mi,107,version_29,0,temporal_array,20,42,5,0.6657649253731344,ungateable,,,0.6657649253731344,0.0,,
mi,107,version_29,0,temporal_array,20,43,5,0.6657649253731344,ungateable,,,0.6657649253731344,0.0,,
mi,107,version_29,0,temporal_array,20,44,5,0.6657649253731344,ungateable,,,0.6657649253731344,0.0,,
mi,107,version_29,0,temporal_array,20,45,5,0.6657649253731344,ungateable,,,0.6657649253731344,0.0,,
mi,107,version_29,0,temporal_array,20,46,5,0.6657649253731344,ungateable,,,0.6657649253731344,0.0,,
mi,107,version_29,0,temporal_array,50,42,12,0.66875,ok,0,0.6712239583333334,0.66875,0.0,0.6944444444444444,0
mi,107,version_29,0,temporal_array,50,43,12,0.66875,ok,1,0.6700520833333333,0.6700520833333333,0.0013020833333333703,0.6111111111111112,0
mi,107,version_29,0,temporal_array,50,44,12,0.66875,ok,0,0.6707031250000001,0.66875,0.0,0.5833333333333334,0
mi,107,version_29,0,temporal_array,50,45,12,0.66875,ok,1,0.6662760416666667,0.6662760416666667,-0.0024739583333333037,0.6111111111111112,15
mi,107,version_29,0,temporal_array,50,46,12,0.66875,ok,1,0.6595052083333333,0.6595052083333333,-0.009244791666666696,0.9166666666666667,4
mi,107,version_29,0,temporal_array,100,42,25,0.6916118421052632,ok,0,0.6905153508771931,0.6916118421052632,0.0,0.7628205128205129,1
mi,107,version_29,0,temporal_array,100,43,25,0.6916118421052632,ok,0,0.6949013157894737,0.6916118421052632,0.0,0.4935897435897436,0
mi,107,version_29,0,temporal_array,100,44,25,0.6916118421052632,ok,1,0.684484649122807,0.684484649122807,-0.007127192982456121,0.7051282051282052,6
mi,107,version_29,0,temporal_array,100,45,25,0.6916118421052632,ok,1,0.6831140350877193,0.6831140350877193,-0.008497807017543879,0.6346153846153846,21
mi,107,version_29,0,temporal_array,100,46,25,0.6916118421052632,ok,0,0.6959978070175439,0.6916118421052632,0.0,0.8141025641025641,0
mi,107,version_29,0,temporal_array,150,42,38,0.6342592592592593,ok,1,0.6180555555555556,0.6180555555555556,-0.01620370370370372,0.7277777777777777,2
mi,107,version_29,0,temporal_array,150,43,38,0.6342592592592593,ok,1,0.6261574074074074,0.6261574074074074,-0.00810185185185186,0.6805555555555556,4
mi,107,version_29,0,temporal_array,150,44,38,0.6342592592592593,ok,1,0.556712962962963,0.556712962962963,-0.07754629629629628,0.6222222222222222,11
mi,107,version_29,0,temporal_array,150,45,38,0.6342592592592593,ok,1,0.6354166666666666,0.6354166666666666,0.0011574074074073293,0.6861111111111111,1
mi,107,version_29,0,temporal_array,150,46,38,0.6342592592592593,ok,1,0.5358796296296297,0.5358796296296297,-0.09837962962962965,0.6416666666666667,8
mi,107,version_29,17,stratified,10,42,2,0.6380182002022244,ungateable,,,0.6380182002022244,0.0,,
mi,107,version_29,17,stratified,10,43,2,0.6407145264577014,ungateable,,,0.6407145264577014,0.0,,
mi,107,version_29,17,stratified,10,44,2,0.6415571284125379,ungateable,,,0.6415571284125379,0.0,,
mi,107,version_29,17,stratified,10,45,2,0.64737108190091,ungateable,,,0.64737108190091,0.0,,
mi,107,version_29,17,stratified,10,46,2,0.6423154701718908,ungateable,,,0.6423154701718908,0.0,,
mi,107,version_29,17,stratified,20,42,5,0.6374722838137472,ungateable,,,0.6374722838137472,0.0,,
mi,107,version_29,17,stratified,20,43,5,0.6455099778270511,ungateable,,,0.6455099778270511,0.0,,
mi,107,version_29,17,stratified,20,44,5,0.6329453067257945,ungateable,,,0.6329453067257945,0.0,,
mi,107,version_29,17,stratified,20,45,5,0.6290650406504066,ungateable,,,0.6290650406504066,0.0,,
mi,107,version_29,17,stratified,20,46,5,0.6458795269770881,ungateable,,,0.6458795269770881,0.0,,
mi,107,version_29,17,stratified,50,42,12,0.6347999501433379,ok,0,0.6333042502804438,0.6347999501433379,0.0,0.6285714285714286,0
mi,107,version_29,17,stratified,50,43,12,0.6361710083509909,ok,0,0.6350492334538202,0.6361710083509909,0.0,0.8,0
mi,107,version_29,17,stratified,50,44,12,0.6329303253147202,ok,0,0.6228343512401845,0.6329303253147202,0.0,0.8571428571428572,2
mi,107,version_29,17,stratified,50,45,12,0.6148572853047489,ok,1,0.6126137355104075,0.6126137355104075,-0.002243549794341382,0.6857142857142857,3
mi,107,version_29,17,stratified,50,46,12,0.6475133989779385,ok,1,0.637666708213885,0.637666708213885,-0.009846690764053423,0.7142857142857143,4
mi,107,version_29,17,stratified,100,42,25,0.6707317073170732,ok,0,0.6627579737335835,0.6707317073170732,0.0,0.4583333333333333,0
mi,107,version_29,17,stratified,100,43,25,0.650797373358349,ok,1,0.5314258911819888,0.5314258911819888,-0.11937148217636018,0.6597222222222223,44
mi,107,version_29,17,stratified,100,44,25,0.6193714821763602,ok,1,0.5595684803001876,0.5595684803001876,-0.0598030018761726,0.8055555555555555,12
mi,107,version_29,17,stratified,100,45,25,0.6158536585365852,ok,1,0.6210131332082551,0.6210131332082551,0.005159474671669884,0.6733333333333333,0
mi,107,version_29,17,stratified,100,46,25,0.6939493433395872,ok,0,0.6939493433395872,0.6939493433395872,0.0,0.64,0
mi,107,version_29,17,stratified,150,42,38,0.7325721153846153,ok,0,0.7253605769230769,0.7325721153846153,0.0,0.6463768115942029,0
mi,107,version_29,17,stratified,150,43,38,0.6598557692307692,ok,1,0.6057692307692307,0.6057692307692307,-0.054086538461538436,0.5420289855072464,16
mi,107,version_29,17,stratified,150,44,38,0.6526442307692307,ok,1,0.6340144230769231,0.6340144230769231,-0.0186298076923076,0.40869565217391307,1
mi,107,version_29,17,stratified,150,45,38,0.5637019230769231,ok,0,0.5600961538461539,0.5637019230769231,0.0,0.6144927536231883,0
mi,107,version_29,17,stratified,150,46,38,0.7884615384615384,ok,1,0.6526442307692307,0.6526442307692307,-0.1358173076923077,0.6666666666666666,20
mi,107,version_29,17,stratified,200,42,50,0.9267399267399268,ok,1,0.923076923076923,0.923076923076923,-0.003663003663003761,0.6808149405772497,0
mi,107,version_29,17,stratified,200,43,50,0.7435897435897435,ok,1,0.7106227106227107,0.7106227106227107,-0.03296703296703285,0.6519524617996604,1
mi,107,version_29,17,stratified,200,44,50,0.717948717948718,ok,0,0.7216117216117217,0.717948717948718,0.0,0.6027164685908319,0
mi,107,version_29,17,stratified,200,45,50,0.6190476190476191,ok,0,0.6190476190476191,0.6190476190476191,0.0,0.5432937181663837,0
mi,107,version_29,17,stratified,200,46,50,0.7252747252747254,ok,0,0.717948717948718,0.7252747252747254,0.0,0.7504244482173175,1
mi,107,version_29,17,temporal_array,10,42,2,0.6335167160389334,ungateable,,,0.6335167160389334,0.0,,
mi,107,version_29,17,temporal_array,10,43,2,0.6335167160389334,ungateable,,,0.6335167160389334,0.0,,
mi,107,version_29,17,temporal_array,10,44,2,0.6335167160389334,ungateable,,,0.6335167160389334,0.0,,
mi,107,version_29,17,temporal_array,10,45,2,0.6335167160389334,ungateable,,,0.6335167160389334,0.0,,
mi,107,version_29,17,temporal_array,10,46,2,0.6335167160389334,ungateable,,,0.6335167160389334,0.0,,
mi,107,version_29,17,temporal_array,20,42,5,0.6300373134328359,ungateable,,,0.6300373134328359,0.0,,
mi,107,version_29,17,temporal_array,20,43,5,0.6300373134328359,ungateable,,,0.6300373134328359,0.0,,
mi,107,version_29,17,temporal_array,20,44,5,0.6300373134328359,ungateable,,,0.6300373134328359,0.0,,
mi,107,version_29,17,temporal_array,20,45,5,0.6300373134328359,ungateable,,,0.6300373134328359,0.0,,
mi,107,version_29,17,temporal_array,20,46,5,0.6300373134328359,ungateable,,,0.6300373134328359,0.0,,
mi,107,version_29,17,temporal_array,50,42,12,0.626953125,ok,1,0.6001302083333333,0.6001302083333333,-0.026822916666666696,0.8611111111111112,7
mi,107,version_29,17,temporal_array,50,43,12,0.626953125,ok,0,0.6220052083333334,0.626953125,0.0,0.4444444444444445,0
mi,107,version_29,17,temporal_array,50,44,12,0.626953125,ok,1,0.6162760416666666,0.6162760416666666,-0.010677083333333393,0.4722222222222222,2
mi,107,version_29,17,temporal_array,50,45,12,0.626953125,ok,1,0.6055989583333333,0.6055989583333333,-0.021354166666666674,0.75,4
mi,107,version_29,17,temporal_array,50,46,12,0.626953125,ok,0,0.6229166666666667,0.626953125,0.0,0.7222222222222222,0
mi,107,version_29,17,temporal_array,100,42,25,0.6661184210526316,ok,1,0.5844298245614035,0.5844298245614035,-0.08168859649122817,0.6346153846153846,5
mi,107,version_29,17,temporal_array,100,43,25,0.6661184210526316,ok,0,0.6414473684210527,0.6661184210526316,0.0,0.6153846153846154,1
mi,107,version_29,17,temporal_array,100,44,25,0.6661184210526316,ok,1,0.6452850877192983,0.6452850877192983,-0.02083333333333337,0.5448717948717949,1
mi,107,version_29,17,temporal_array,100,45,25,0.6661184210526316,ok,1,0.5427631578947367,0.5427631578947367,-0.12335526315789491,0.576923076923077,10
mi,107,version_29,17,temporal_array,100,46,25,0.6661184210526316,ok,0,0.6507675438596491,0.6661184210526316,0.0,0.6538461538461539,0
mi,107,version_29,17,temporal_array,150,42,38,0.8101851851851852,ok,1,0.6539351851851852,0.6539351851851852,-0.15625,0.6222222222222222,5
mi,107,version_29,17,temporal_array,150,43,38,0.8101851851851852,ok,1,0.3912037037037037,0.3912037037037037,-0.4189814814814815,0.6083333333333333,11
mi,107,version_29,17,temporal_array,150,44,38,0.8101851851851852,ok,1,0.6527777777777778,0.6527777777777778,-0.15740740740740744,0.6055555555555556,4
mi,107,version_29,17,temporal_array,150,45,38,0.8101851851851852,ok,1,0.7881944444444444,0.7881944444444444,-0.02199074074074081,0.65,1
mi,107,version_29,17,temporal_array,150,46,38,0.8101851851851852,ok,1,0.48842592592592593,0.48842592592592593,-0.3217592592592593,0.5055555555555555,10
mi,107,version_30,0,stratified,10,42,2,0.6868891135827435,ungateable,,,0.6868891135827435,0.0,,
mi,107,version_30,0,stratified,10,43,2,0.6891641388608023,ungateable,,,0.6891641388608023,0.0,,
mi,107,version_30,0,stratified,10,44,2,0.6842770475227503,ungateable,,,0.6842770475227503,0.0,,
mi,107,version_30,0,stratified,10,45,2,0.690175261206606,ungateable,,,0.690175261206606,0.0,,
mi,107,version_30,0,stratified,10,46,2,0.6900067408156387,ungateable,,,0.6900067408156387,0.0,,
mi,107,version_30,0,stratified,20,42,5,0.6834811529933481,ungateable,,,0.6834811529933481,0.0,,
mi,107,version_30,0,stratified,20,43,5,0.6979859571322986,ungateable,,,0.6979859571322986,0.0,,
mi,107,version_30,0,stratified,20,44,5,0.691611234294161,ungateable,,,0.691611234294161,0.0,,
mi,107,version_30,0,stratified,20,45,5,0.6767368810051737,ungateable,,,0.6767368810051737,0.0,,
mi,107,version_30,0,stratified,20,46,5,0.6815410199556541,ungateable,,,0.6815410199556541,0.0,,
mi,107,version_30,0,stratified,50,42,12,0.6976193443848934,ok,1,0.6993643275582699,0.6993643275582699,0.0017449831733765686,0.5142857142857143,0
mi,107,version_30,0,stratified,50,43,12,0.6861523121027048,ok,0,0.6850305372055341,0.6861523121027048,0.0,0.8571428571428572,0
mi,107,version_30,0,stratified,50,44,12,0.7084631683908763,ok,1,0.6971207777639287,0.6971207777639287,-0.01134239062694764,0.9142857142857144,3
mi,107,version_30,0,stratified,50,45,12,0.6993643275582699,ok,1,0.7016078773526111,0.7016078773526111,0.0022435497943411598,0.942857142857143,3
mi,107,version_30,0,stratified,50,46,12,0.6862769537579458,ok,0,0.6844073289293282,0.6862769537579458,0.0,0.8857142857142858,0
mi,107,version_30,0,stratified,100,42,25,0.7056754221388368,ok,1,0.7056754221388367,0.7056754221388367,-1.1102230246251565e-16,0.798611111111111,44
mi,107,version_30,0,stratified,100,43,25,0.699343339587242,ok,1,0.6695590994371483,0.6695590994371483,-0.029784240150093733,0.8472222222222222,33
mi,107,version_30,0,stratified,100,44,25,0.6829268292682927,ok,1,0.672842401500938,0.672842401500938,-0.010084427767354742,0.8402777777777777,1
mi,107,version_30,0,stratified,100,45,25,0.6775328330206378,ok,0,0.676125703564728,0.6775328330206378,0.0,0.6066666666666667,0
mi,107,version_30,0,stratified,100,46,25,0.7307692307692307,ok,0,0.7385084427767354,0.7307692307692307,0.0,0.6333333333333333,1
mi,107,version_30,0,stratified,150,42,38,0.7019230769230769,ok,1,0.7073317307692307,0.7073317307692307,0.005408653846153855,0.7710144927536232,0
mi,107,version_30,0,stratified,150,43,38,0.6376201923076923,ok,1,0.6712740384615384,0.6712740384615384,0.033653846153846145,0.782608695652174,10
mi,107,version_30,0,stratified,150,44,38,0.6796875,ok,1,0.6989182692307692,0.6989182692307692,0.019230769230769162,0.7710144927536232,40
mi,107,version_30,0,stratified,150,45,38,0.6346153846153846,ok,1,0.6400240384615384,0.6400240384615384,0.005408653846153855,0.6956521739130435,5
mi,107,version_30,0,stratified,150,46,38,0.7536057692307693,ok,1,0.7662259615384615,0.7662259615384615,0.01262019230769218,0.6405797101449275,5
mi,107,version_30,0,stratified,200,42,50,0.8681318681318682,ok,0,0.8754578754578755,0.8681318681318682,0.0,0.7181663837011883,0
mi,107,version_30,0,stratified,200,43,50,0.6593406593406594,ok,1,0.7435897435897436,0.7435897435897436,0.08424908424908417,0.6570458404074703,23
mi,107,version_30,0,stratified,200,44,50,0.706959706959707,ok,1,0.6959706959706959,0.6959706959706959,-0.010989010989011061,0.6061120543293718,4
mi,107,version_30,0,stratified,200,45,50,0.7142857142857143,ok,1,0.7655677655677655,0.7655677655677655,0.05128205128205121,0.6247877758913413,23
mi,107,version_30,0,stratified,200,46,50,0.6923076923076924,ok,1,0.6959706959706959,0.6959706959706959,0.003663003663003539,0.6842105263157895,4
mi,107,version_30,0,temporal_array,10,42,2,0.6918324164198053,ungateable,,,0.6918324164198053,0.0,,
mi,107,version_30,0,temporal_array,10,43,2,0.6918324164198053,ungateable,,,0.6918324164198053,0.0,,
mi,107,version_30,0,temporal_array,10,44,2,0.6918324164198053,ungateable,,,0.6918324164198053,0.0,,
mi,107,version_30,0,temporal_array,10,45,2,0.6918324164198053,ungateable,,,0.6918324164198053,0.0,,
mi,107,version_30,0,temporal_array,10,46,2,0.6918324164198053,ungateable,,,0.6918324164198053,0.0,,
mi,107,version_30,0,temporal_array,20,42,5,0.6787313432835821,ungateable,,,0.6787313432835821,0.0,,
mi,107,version_30,0,temporal_array,20,43,5,0.6787313432835821,ungateable,,,0.6787313432835821,0.0,,
mi,107,version_30,0,temporal_array,20,44,5,0.6787313432835821,ungateable,,,0.6787313432835821,0.0,,
mi,107,version_30,0,temporal_array,20,45,5,0.6787313432835821,ungateable,,,0.6787313432835821,0.0,,
mi,107,version_30,0,temporal_array,20,46,5,0.6787313432835821,ungateable,,,0.6787313432835821,0.0,,
mi,107,version_30,0,temporal_array,50,42,12,0.6720052083333333,ok,0,0.6725260416666667,0.6720052083333333,0.0,0.6666666666666667,0
mi,107,version_30,0,temporal_array,50,43,12,0.6720052083333333,ok,0,0.6760416666666667,0.6720052083333333,0.0,0.7500000000000001,0
mi,107,version_30,0,temporal_array,50,44,12,0.6720052083333333,ok,0,0.6748697916666667,0.6720052083333333,0.0,0.6666666666666666,0
mi,107,version_30,0,temporal_array,50,45,12,0.6720052083333333,ok,0,0.6743489583333333,0.6720052083333333,0.0,0.7222222222222222,0
mi,107,version_30,0,temporal_array,50,46,12,0.6720052083333333,ok,0,0.6701822916666667,0.6720052083333333,0.0,1.0,0
mi,107,version_30,0,temporal_array,100,42,25,0.6754385964912282,ok,0,0.6644736842105263,0.6754385964912282,0.0,0.7628205128205128,0
mi,107,version_30,0,temporal_array,100,43,25,0.6754385964912282,ok,1,0.6576206140350878,0.6576206140350878,-0.017817982456140413,0.7051282051282052,3
mi,107,version_30,0,temporal_array,100,44,25,0.6754385964912282,ok,0,0.6705043859649122,0.6754385964912282,0.0,0.6794871794871795,0
mi,107,version_30,0,temporal_array,100,45,25,0.6754385964912282,ok,1,0.675986842105263,0.675986842105263,0.0005482456140348813,0.6410256410256411,7
mi,107,version_30,0,temporal_array,100,46,25,0.6754385964912282,ok,1,0.631578947368421,0.631578947368421,-0.043859649122807154,0.891025641025641,6
mi,107,version_30,0,temporal_array,150,42,38,0.6817129629629629,ok,1,0.6296296296296295,0.6296296296296295,-0.05208333333333337,0.6805555555555556,1
mi,107,version_30,0,temporal_array,150,43,38,0.6817129629629629,ok,1,0.7430555555555556,0.7430555555555556,0.06134259259259267,0.7138888888888889,10
mi,107,version_30,0,temporal_array,150,44,38,0.6817129629629629,ok,0,0.6319444444444444,0.6817129629629629,0.0,0.5722222222222222,4
mi,107,version_30,0,temporal_array,150,45,38,0.6817129629629629,ok,0,0.6388888888888888,0.6817129629629629,0.0,0.6888888888888888,12
mi,107,version_30,0,temporal_array,150,46,38,0.6817129629629629,ok,1,0.6087962962962963,0.6087962962962963,-0.07291666666666663,0.6611111111111111,37
mi,107,version_30,17,stratified,10,42,2,0.6032187394674756,ungateable,,,0.6032187394674756,0.0,,
mi,107,version_30,17,stratified,10,43,2,0.6017020559487699,ungateable,,,0.6017020559487699,0.0,,
mi,107,version_30,17,stratified,10,44,2,0.6102123356926188,ungateable,,,0.6102123356926188,0.0,,
mi,107,version_30,17,stratified,10,45,2,0.604566902595214,ungateable,,,0.604566902595214,0.0,,
mi,107,version_30,17,stratified,10,46,2,0.6016177957532862,ungateable,,,0.6016177957532862,0.0,,
mi,107,version_30,17,stratified,20,42,5,0.6053215077605322,ungateable,,,0.6053215077605322,0.0,,
mi,107,version_30,17,stratified,20,43,5,0.6118810051736879,ungateable,,,0.6118810051736879,0.0,,
mi,107,version_30,17,stratified,20,44,5,0.614190687361419,ungateable,,,0.614190687361419,0.0,,
mi,107,version_30,17,stratified,20,45,5,0.6018107908351811,ungateable,,,0.6018107908351811,0.0,,
mi,107,version_30,17,stratified,20,46,5,0.597930524759793,ungateable,,,0.597930524759793,0.0,,
mi,107,version_30,17,stratified,50,42,12,0.5836968714944535,ok,1,0.5497943412688521,0.5497943412688521,-0.03390253022560141,0.5714285714285715,9
mi,107,version_30,17,stratified,50,43,12,0.5957871120528481,ok,1,0.5878100461174125,0.5878100461174125,-0.007977065935435568,0.7428571428571429,0
mi,107,version_30,17,stratified,50,44,12,0.6321824753832731,ok,0,0.6215879346877726,0.6321824753832731,0.0,0.4571428571428572,0
mi,107,version_30,17,stratified,50,45,12,0.604013461298766,ok,0,0.5954131870871244,0.604013461298766,0.0,0.7714285714285715,0
mi,107,version_30,17,stratified,50,46,12,0.6023931197806307,ok,0,0.584070796460177,0.6023931197806307,0.0,0.6000000000000001,1
mi,107,version_30,17,stratified,100,42,25,0.6167917448405253,ok,1,0.5150093808630394,0.5150093808630394,-0.10178236397748597,0.6319444444444444,6
mi,107,version_30,17,stratified,100,43,25,0.6125703564727955,ok,0,0.599906191369606,0.6125703564727955,0.0,0.4444444444444444,0
mi,107,version_30,17,stratified,100,44,25,0.5966228893058161,ok,1,0.4575515947467167,0.4575515947467167,-0.1390712945590994,0.7430555555555556,19
mi,107,version_30,17,stratified,100,45,25,0.5736397748592871,ok,0,0.5586303939962476,0.5736397748592871,0.0,0.6066666666666667,0
mi,107,version_30,17,stratified,100,46,25,0.6573639774859287,ok,0,0.6470450281425891,0.6573639774859287,0.0,0.52,0
mi,107,version_30,17,stratified,150,42,38,0.6478365384615385,ok,0,0.6292067307692308,0.6478365384615385,0.0,0.6,0
mi,107,version_30,17,stratified,150,43,38,0.5967548076923077,ok,0,0.5811298076923077,0.5967548076923077,0.0,0.591304347826087,0
mi,107,version_30,17,stratified,150,44,38,0.5865384615384616,ok,1,0.4639423076923077,0.4639423076923077,-0.12259615384615385,0.391304347826087,3
mi,107,version_30,17,stratified,150,45,38,0.5919471153846154,ok,0,0.5745192307692307,0.5919471153846154,0.0,0.5855072463768116,0
mi,107,version_30,17,stratified,150,46,38,0.6959134615384616,ok,1,0.4891826923076923,0.4891826923076923,-0.20673076923076927,0.5536231884057972,42
mi,107,version_30,17,stratified,200,42,50,0.7545787545787546,ok,0,0.7142857142857143,0.7545787545787546,0.0,0.5908319185059423,0
mi,107,version_30,17,stratified,200,43,50,0.6666666666666667,ok,1,0.652014652014652,0.652014652014652,-0.014652014652014711,0.6112054329371817,8
mi,107,version_30,17,stratified,200,44,50,0.73992673992674,ok,1,0.6886446886446888,0.6886446886446888,-0.05128205128205121,0.6434634974533107,0
mi,107,version_30,17,stratified,200,45,50,0.6630036630036631,ok,1,0.5824175824175825,0.5824175824175825,-0.08058608058608063,0.565365025466893,1
mi,107,version_30,17,stratified,200,46,50,0.8021978021978022,ok,0,0.8131868131868133,0.8021978021978022,0.0,0.6281833616298811,0
mi,107,version_30,17,temporal_array,10,42,2,0.5994921709691071,ungateable,,,0.5994921709691071,0.0,,
mi,107,version_30,17,temporal_array,10,43,2,0.5994921709691071,ungateable,,,0.5994921709691071,0.0,,
mi,107,version_30,17,temporal_array,10,44,2,0.5994921709691071,ungateable,,,0.5994921709691071,0.0,,
mi,107,version_30,17,temporal_array,10,45,2,0.5994921709691071,ungateable,,,0.5994921709691071,0.0,,
mi,107,version_30,17,temporal_array,10,46,2,0.5994921709691071,ungateable,,,0.5994921709691071,0.0,,
mi,107,version_30,17,temporal_array,20,42,5,0.5876865671641791,ungateable,,,0.5876865671641791,0.0,,
mi,107,version_30,17,temporal_array,20,43,5,0.5876865671641791,ungateable,,,0.5876865671641791,0.0,,
mi,107,version_30,17,temporal_array,20,44,5,0.5876865671641791,ungateable,,,0.5876865671641791,0.0,,
mi,107,version_30,17,temporal_array,20,45,5,0.5876865671641791,ungateable,,,0.5876865671641791,0.0,,
mi,107,version_30,17,temporal_array,20,46,5,0.5876865671641791,ungateable,,,0.5876865671641791,0.0,,
mi,107,version_30,17,temporal_array,50,42,12,0.5950520833333334,ok,1,0.588671875,0.588671875,-0.006380208333333415,0.6944444444444444,0
mi,107,version_30,17,temporal_array,50,43,12,0.5950520833333334,ok,0,0.587109375,0.5950520833333334,0.0,0.33333333333333337,0
mi,107,version_30,17,temporal_array,50,44,12,0.5950520833333334,ok,1,0.5868489583333333,0.5868489583333333,-0.008203125000000089,0.3888888888888889,0
mi,107,version_30,17,temporal_array,50,45,12,0.5950520833333334,ok,0,0.5888020833333334,0.5950520833333334,0.0,0.6111111111111113,0
mi,107,version_30,17,temporal_array,50,46,12,0.5950520833333334,ok,0,0.5858072916666667,0.5950520833333334,0.0,0.38888888888888884,0
mi,107,version_30,17,temporal_array,100,42,25,0.5932017543859649,ok,1,0.49314692982456143,0.49314692982456143,-0.10005482456140347,0.6858974358974359,12
mi,107,version_30,17,temporal_array,100,43,25,0.5932017543859649,ok,1,0.506578947368421,0.506578947368421,-0.08662280701754388,0.6346153846153847,14
mi,107,version_30,17,temporal_array,100,44,25,0.5932017543859649,ok,1,0.5189144736842105,0.5189144736842105,-0.07428728070175439,0.5128205128205128,33
mi,107,version_30,17,temporal_array,100,45,25,0.5932017543859649,ok,1,0.49835526315789475,0.49835526315789475,-0.09484649122807015,0.7435897435897436,28
mi,107,version_30,17,temporal_array,100,46,25,0.5932017543859649,ok,0,0.5734649122807017,0.5932017543859649,0.0,0.75,0
mi,107,version_30,17,temporal_array,150,42,38,0.6412037037037037,ok,1,0.4444444444444445,0.4444444444444445,-0.19675925925925924,0.5666666666666667,2
mi,107,version_30,17,temporal_array,150,43,38,0.6412037037037037,ok,1,0.4791666666666667,0.4791666666666667,-0.16203703703703703,0.6388888888888888,8
mi,107,version_30,17,temporal_array,150,44,38,0.6412037037037037,ok,1,0.4675925925925926,0.4675925925925926,-0.1736111111111111,0.6166666666666667,14
mi,107,version_30,17,temporal_array,150,45,38,0.6412037037037037,ok,1,0.45486111111111116,0.45486111111111116,-0.18634259259259256,0.7916666666666666,2
mi,107,version_30,17,temporal_array,150,46,38,0.6412037037037037,ok,1,0.3761574074074074,0.3761574074074074,-0.26504629629629634,0.6166666666666667,24
mi,107,version_41,0,stratified,10,42,2,0.6821705426356589,ungateable,,,0.6821705426356589,0.0,,
mi,107,version_41,0,stratified,10,43,2,0.6802325581395349,ungateable,,,0.6802325581395349,0.0,,
mi,107,version_41,0,stratified,10,44,2,0.6774519716885743,ungateable,,,0.6774519716885743,0.0,,
mi,107,version_41,0,stratified,10,45,2,0.6778732726659926,ungateable,,,0.6778732726659926,0.0,,
mi,107,version_41,0,stratified,10,46,2,0.6848668688911359,ungateable,,,0.6848668688911359,0.0,,
mi,107,version_41,0,stratified,20,42,5,0.679970436067997,ungateable,,,0.679970436067997,0.0,,
mi,107,version_41,0,stratified,20,43,5,0.693089430894309,ungateable,,,0.693089430894309,0.0,,
mi,107,version_41,0,stratified,20,44,5,0.681079083518108,ungateable,,,0.681079083518108,0.0,,
mi,107,version_41,0,stratified,20,45,5,0.658259423503326,ungateable,,,0.658259423503326,0.0,,
mi,107,version_41,0,stratified,20,46,5,0.6773835920177383,ungateable,,,0.6773835920177383,0.0,,
mi,107,version_41,0,stratified,50,42,12,0.6961236445219992,ok,1,0.6976193443848935,0.6976193443848935,0.0014956998628943285,0.5428571428571429,0
mi,107,version_41,0,stratified,50,43,12,0.6796709460301633,ok,1,0.6644646640907391,0.6644646640907391,-0.015206281939424193,0.7999999999999999,4
mi,107,version_41,0,stratified,50,44,12,0.6988657609373053,ok,0,0.6998628941792346,0.6988657609373053,0.0,0.9142857142857143,0
mi,107,version_41,0,stratified,50,45,12,0.6714445967842453,ok,0,0.6768041879596162,0.6714445967842453,0.0,0.8857142857142857,0
mi,107,version_41,0,stratified,50,46,12,0.6845319705845694,ok,1,0.6693256886451452,0.6693256886451452,-0.015206281939424193,0.9428571428571428,19
mi,107,version_41,0,stratified,100,42,25,0.7169324577861164,ok,1,0.7052063789868668,0.7052063789868668,-0.011726078799249584,0.6666666666666666,7
mi,107,version_41,0,stratified,100,43,25,0.6869136960600375,ok,0,0.6855065666041276,0.6869136960600375,0.0,0.6944444444444444,0
mi,107,version_41,0,stratified,100,44,25,0.6702626641651032,ok,1,0.6812851782363978,0.6812851782363978,0.01102251407129462,0.8611111111111112,3
mi,107,version_41,0,stratified,100,45,25,0.6754221388367729,ok,1,0.6770637898686679,0.6770637898686679,0.0016416510318949529,0.7,9
mi,107,version_41,0,stratified,100,46,25,0.7188086303939962,ok,0,0.7220919324577861,0.7188086303939962,0.0,0.6533333333333333,0
mi,107,version_41,0,stratified,150,42,38,0.7217548076923077,ok,1,0.7211538461538461,0.7211538461538461,-0.0006009615384615641,0.7507246376811594,0
mi,107,version_41,0,stratified,150,43,38,0.6298076923076923,ok,1,0.6352163461538461,0.6352163461538461,0.005408653846153855,0.8,0
mi,107,version_41,0,stratified,150,44,38,0.6688701923076923,ok,1,0.7229567307692308,0.7229567307692308,0.05408653846153855,0.7072463768115942,22
mi,107,version_41,0,stratified,150,45,38,0.6400240384615384,ok,1,0.6616586538461539,0.6616586538461539,0.02163461538461542,0.6521739130434783,2
mi,107,version_41,0,stratified,150,46,38,0.7469951923076923,ok,1,0.7307692307692307,0.7307692307692307,-0.016225961538461564,0.6231884057971014,7
mi,107,version_41,0,stratified,200,42,50,0.8681318681318682,ok,1,0.8754578754578755,0.8754578754578755,0.0073260073260073,0.7181663837011885,0
mi,107,version_41,0,stratified,200,43,50,0.6593406593406594,ok,0,0.7032967032967032,0.6593406593406594,0.0,0.6400679117147707,1
mi,107,version_41,0,stratified,200,44,50,0.6959706959706959,ok,1,0.706959706959707,0.706959706959707,0.010989010989011061,0.633276740237691,0
mi,107,version_41,0,stratified,200,45,50,0.6923076923076923,ok,1,0.673992673992674,0.673992673992674,-0.01831501831501825,0.6129032258064516,5
mi,107,version_41,0,stratified,200,46,50,0.6776556776556777,ok,1,0.6630036630036631,0.6630036630036631,-0.0146520146520146,0.7079796264855687,0
mi,107,version_41,0,temporal_array,10,42,2,0.68311468472281,ungateable,,,0.68311468472281,0.0,,
mi,107,version_41,0,temporal_array,10,43,2,0.68311468472281,ungateable,,,0.68311468472281,0.0,,
mi,107,version_41,0,temporal_array,10,44,2,0.68311468472281,ungateable,,,0.68311468472281,0.0,,
mi,107,version_41,0,temporal_array,10,45,2,0.68311468472281,ungateable,,,0.68311468472281,0.0,,
mi,107,version_41,0,temporal_array,10,46,2,0.68311468472281,ungateable,,,0.68311468472281,0.0,,
mi,107,version_41,0,temporal_array,20,42,5,0.6753731343283582,ungateable,,,0.6753731343283582,0.0,,
mi,107,version_41,0,temporal_array,20,43,5,0.6753731343283582,ungateable,,,0.6753731343283582,0.0,,
mi,107,version_41,0,temporal_array,20,44,5,0.6753731343283582,ungateable,,,0.6753731343283582,0.0,,
mi,107,version_41,0,temporal_array,20,45,5,0.6753731343283582,ungateable,,,0.6753731343283582,0.0,,
mi,107,version_41,0,temporal_array,20,46,5,0.6753731343283582,ungateable,,,0.6753731343283582,0.0,,
mi,107,version_41,0,temporal_array,50,42,12,0.677734375,ok,1,0.6898437500000001,0.6898437500000001,0.012109375000000089,0.6944444444444444,5
mi,107,version_41,0,temporal_array,50,43,12,0.677734375,ok,0,0.6833333333333332,0.677734375,0.0,0.8333333333333334,0
mi,107,version_41,0,temporal_array,50,44,12,0.677734375,ok,1,0.6817708333333333,0.6817708333333333,0.004036458333333326,0.7777777777777779,0
mi,107,version_41,0,temporal_array,50,45,12,0.677734375,ok,0,0.6822916666666666,0.677734375,0.0,0.8333333333333335,0
mi,107,version_41,0,temporal_array,50,46,12,0.677734375,ok,0,0.679296875,0.677734375,0.0,0.9444444444444444,0
mi,107,version_41,0,temporal_array,100,42,25,0.6866776315789473,ok,0,0.6853070175438597,0.6866776315789473,0.0,0.6474358974358975,0
mi,107,version_41,0,temporal_array,100,43,25,0.6866776315789473,ok,0,0.6929824561403509,0.6866776315789473,0.0,0.6025641025641025,0
mi,107,version_41,0,temporal_array,100,44,25,0.6866776315789473,ok,1,0.6990131578947368,0.6990131578947368,0.012335526315789491,0.7051282051282052,3
mi,107,version_41,0,temporal_array,100,45,25,0.6866776315789473,ok,1,0.6995614035087719,0.6995614035087719,0.012883771929824595,0.6346153846153847,1
mi,107,version_41,0,temporal_array,100,46,25,0.6866776315789473,ok,0,0.6924342105263158,0.6866776315789473,0.0,0.7435897435897436,0
mi,107,version_41,0,temporal_array,150,42,38,0.7303240740740742,ok,1,0.5046296296296295,0.5046296296296295,-0.22569444444444464,0.6555555555555556,68
mi,107,version_41,0,temporal_array,150,43,38,0.7303240740740742,ok,1,0.7314814814814815,0.7314814814814815,0.0011574074074073293,0.7361111111111112,2
mi,107,version_41,0,temporal_array,150,44,38,0.7303240740740742,ok,1,0.6377314814814815,0.6377314814814815,-0.09259259259259267,0.6138888888888889,34
mi,107,version_41,0,temporal_array,150,45,38,0.7303240740740742,ok,1,0.7094907407407407,0.7094907407407407,-0.02083333333333348,0.6083333333333334,4
mi,107,version_41,0,temporal_array,150,46,38,0.7303240740740742,ok,1,0.587962962962963,0.587962962962963,-0.14236111111111116,0.5944444444444444,15
mi,107,version_41,17,stratified,10,42,2,0.5835018537243006,ungateable,,,0.5835018537243006,0.0,,
mi,107,version_41,17,stratified,10,43,2,0.5842601954836535,ungateable,,,0.5842601954836535,0.0,,
mi,107,version_41,17,stratified,10,44,2,0.5838388945062353,ungateable,,,0.5838388945062353,0.0,,
mi,107,version_41,17,stratified,10,45,2,0.5874620829120324,ungateable,,,0.5874620829120324,0.0,,
mi,107,version_41,17,stratified,10,46,2,0.5842601954836535,ungateable,,,0.5842601954836535,0.0,,
mi,107,version_41,17,stratified,20,42,5,0.5810236511456024,ungateable,,,0.5810236511456024,0.0,,
mi,107,version_41,17,stratified,20,43,5,0.5819475240206947,ungateable,,,0.5819475240206947,0.0,,
mi,107,version_41,17,stratified,20,44,5,0.5847191426459719,ungateable,,,0.5847191426459719,0.0,,
mi,107,version_41,17,stratified,20,45,5,0.5811160384331115,ungateable,,,0.5811160384331115,0.0,,
mi,107,version_41,17,stratified,20,46,5,0.580469327420547,ungateable,,,0.580469327420547,0.0,,
mi,107,version_41,17,stratified,50,42,12,0.566122398105447,ok,0,0.5702355727284059,0.566122398105447,0.0,0.6,0
mi,107,version_41,17,stratified,50,43,12,0.5774647887323943,ok,1,0.5910507291536832,0.5910507291536832,0.013585940421288911,0.6000000000000001,13
mi,107,version_41,17,stratified,50,44,12,0.605384519506419,ok,1,0.5972828119157423,0.5972828119157423,-0.008101707590676743,0.8285714285714285,7
mi,107,version_41,17,stratified,50,45,12,0.5879346877726537,ok,0,0.5873114794964478,0.5879346877726537,0.0,0.5428571428571429,3
mi,107,version_41,17,stratified,50,46,12,0.5768415804561884,ok,1,0.5762183721799826,0.5762183721799826,-0.0006232082762057667,0.6571428571428573,2
mi,107,version_41,17,stratified,100,42,25,0.5832551594746717,ok,1,0.6142120075046904,0.6142120075046904,0.030956848030018747,0.6041666666666666,21
mi,107,version_41,17,stratified,100,43,25,0.5647279549718573,ok,1,0.576923076923077,0.576923076923077,0.012195121951219634,0.5902777777777778,4
mi,107,version_41,17,stratified,100,44,25,0.5689493433395872,ok,0,0.5696529080675422,0.5689493433395872,0.0,0.6527777777777777,0
mi,107,version_41,17,stratified,100,45,25,0.5682457786116323,ok,1,0.5553470919324578,0.5553470919324578,-0.012898686679174487,0.76,17
mi,107,version_41,17,stratified,100,46,25,0.6118667917448405,ok,1,0.6106941838649156,0.6106941838649156,-0.001172607879924903,0.74,0
mi,107,version_41,17,stratified,150,42,38,0.6081730769230769,ok,0,0.6177884615384616,0.6081730769230769,0.0,0.5565217391304348,1
mi,107,version_41,17,stratified,150,43,38,0.5360576923076923,ok,1,0.5066105769230769,0.5066105769230769,-0.02944711538461542,0.6347826086956522,11
mi,107,version_41,17,stratified,150,44,38,0.5354567307692308,ok,1,0.5384615384615384,0.5384615384615384,0.0030048076923075984,0.4608695652173913,0
mi,107,version_41,17,stratified,150,45,38,0.5102163461538461,ok,0,0.5324519230769231,0.5102163461538461,0.0,0.5681159420289854,0
mi,107,version_41,17,stratified,150,46,38,0.6844951923076923,ok,1,0.6388221153846154,0.6388221153846154,-0.04567307692307687,0.5826086956521739,41
mi,107,version_41,17,stratified,200,42,50,0.7912087912087912,ok,1,0.8021978021978022,0.8021978021978022,0.010989010989011061,0.6519524617996605,0
mi,107,version_41,17,stratified,200,43,50,0.6446886446886447,ok,1,0.5274725274725275,0.5274725274725275,-0.11721611721611724,0.6451612903225806,5
mi,107,version_41,17,stratified,200,44,50,0.5531135531135531,ok,1,0.6923076923076924,0.6923076923076924,0.13919413919413925,0.6027164685908319,38
mi,107,version_41,17,stratified,200,45,50,0.5128205128205128,ok,0,0.5604395604395604,0.5128205128205128,0.0,0.5144312393887945,1
mi,107,version_41,17,stratified,200,46,50,0.6190476190476191,ok,1,0.63003663003663,0.63003663003663,0.01098901098901095,0.6366723259762309,2
mi,107,version_41,17,temporal_array,10,42,2,0.5768091409225561,ungateable,,,0.5768091409225561,0.0,,
mi,107,version_41,17,temporal_array,10,43,2,0.5768091409225561,ungateable,,,0.5768091409225561,0.0,,
mi,107,version_41,17,temporal_array,10,44,2,0.5768091409225561,ungateable,,,0.5768091409225561,0.0,,
mi,107,version_41,17,temporal_array,10,45,2,0.5768091409225561,ungateable,,,0.5768091409225561,0.0,,
mi,107,version_41,17,temporal_array,10,46,2,0.5768091409225561,ungateable,,,0.5768091409225561,0.0,,
mi,107,version_41,17,temporal_array,20,42,5,0.5739738805970148,ungateable,,,0.5739738805970148,0.0,,
mi,107,version_41,17,temporal_array,20,43,5,0.5739738805970148,ungateable,,,0.5739738805970148,0.0,,
mi,107,version_41,17,temporal_array,20,44,5,0.5739738805970148,ungateable,,,0.5739738805970148,0.0,,
mi,107,version_41,17,temporal_array,20,45,5,0.5739738805970148,ungateable,,,0.5739738805970148,0.0,,
mi,107,version_41,17,temporal_array,20,46,5,0.5739738805970148,ungateable,,,0.5739738805970148,0.0,,
mi,107,version_41,17,temporal_array,50,42,12,0.5571614583333333,ok,1,0.5559895833333334,0.5559895833333334,-0.0011718749999999334,0.75,17
mi,107,version_41,17,temporal_array,50,43,12,0.5571614583333333,ok,1,0.5571614583333333,0.5571614583333333,0.0,0.5,4
mi,107,version_41,17,temporal_array,50,44,12,0.5571614583333333,ok,1,0.5497395833333333,0.5497395833333333,-0.007421875000000022,0.6666666666666667,26
mi,107,version_41,17,temporal_array,50,45,12,0.5571614583333333,ok,1,0.5462239583333334,0.5462239583333334,-0.010937499999999933,0.75,8
mi,107,version_41,17,temporal_array,50,46,12,0.5571614583333333,ok,1,0.5444010416666666,0.5444010416666666,-0.012760416666666718,0.8611111111111112,16
mi,107,version_41,17,temporal_array,100,42,25,0.6052631578947368,ok,1,0.5298793859649122,0.5298793859649122,-0.0753837719298246,0.6923076923076923,6
mi,107,version_41,17,temporal_array,100,43,25,0.6052631578947368,ok,1,0.5043859649122806,0.5043859649122806,-0.10087719298245623,0.6666666666666667,7
mi,107,version_41,17,temporal_array,100,44,25,0.6052631578947368,ok,1,0.5359100877192982,0.5359100877192982,-0.06935307017543868,0.6282051282051282,42
mi,107,version_41,17,temporal_array,100,45,25,0.6052631578947368,ok,1,0.5356359649122806,0.5356359649122806,-0.06962719298245623,0.653846153846154,8
mi,107,version_41,17,temporal_array,100,46,25,0.6052631578947368,ok,0,0.5868969298245613,0.6052631578947368,0.0,0.6346153846153846,0
mi,107,version_41,17,temporal_array,150,42,38,0.7013888888888888,ok,1,0.5393518518518519,0.5393518518518519,-0.16203703703703698,0.6166666666666667,6
mi,107,version_41,17,temporal_array,150,43,38,0.7013888888888888,ok,1,0.6550925925925926,0.6550925925925926,-0.04629629629629628,0.6055555555555555,1
mi,107,version_41,17,temporal_array,150,44,38,0.7013888888888888,ok,1,0.5856481481481481,0.5856481481481481,-0.1157407407407407,0.5972222222222222,3
mi,107,version_41,17,temporal_array,150,45,38,0.7013888888888888,ok,1,0.6712962962962963,0.6712962962962963,-0.03009259259259256,0.6611111111111111,1
mi,107,version_41,17,temporal_array,150,46,38,0.7013888888888888,ok,1,0.6851851851851852,0.6851851851851852,-0.01620370370370361,0.4222222222222222,0
mi,108,version_27,0,stratified,10,42,2,0.7116616110549376,ungateable,,,0.7116616110549376,0.0,,
mi,108,version_27,0,stratified,10,43,2,0.7136838557465452,ungateable,,,0.7136838557465452,0.0,,
mi,108,version_27,0,stratified,10,44,2,0.7129255139871924,ungateable,,,0.7129255139871924,0.0,,
mi,108,version_27,0,stratified,10,45,2,0.7169700033704078,ungateable,,,0.7169700033704078,0.0,,
mi,108,version_27,0,stratified,10,46,2,0.7287664307381193,ungateable,,,0.7287664307381193,0.0,,
mi,108,version_27,0,stratified,20,42,5,0.7087952697708796,ungateable,,,0.7087952697708796,0.0,,
mi,108,version_27,0,stratified,20,43,5,0.7096267553584626,ungateable,,,0.7096267553584626,0.0,,
mi,108,version_27,0,stratified,20,44,5,0.7040835181079083,ungateable,,,0.7040835181079083,0.0,,
mi,108,version_27,0,stratified,20,45,5,0.7084257206208426,ungateable,,,0.7084257206208426,0.0,,
mi,108,version_27,0,stratified,20,46,5,0.7133222468588323,ungateable,,,0.7133222468588323,0.0,,
mi,108,version_27,0,stratified,50,42,12,0.7417424903402717,ok,1,0.6705721051975571,0.6705721051975571,-0.07117038514271468,0.8571428571428571,28
mi,108,version_27,0,stratified,50,43,12,0.715817026050106,ok,1,0.7418671319955128,0.7418671319955128,0.0260501059454068,0.8571428571428572,23
mi,108,version_27,0,stratified,50,44,12,0.7070921101832233,ok,0,0.7173127259130002,0.7070921101832233,0.0,0.6857142857142857,10
mi,108,version_27,0,stratified,50,45,12,0.7286551165399477,ok,1,0.7321450828867008,0.7321450828867008,0.003489966346753026,0.7142857142857144,9
mi,108,version_27,0,stratified,50,46,12,0.7210519755702356,ok,0,0.7250405085379533,0.7210519755702356,0.0,0.7428571428571429,0
mi,108,version_27,0,stratified,100,42,25,0.7614915572232644,ok,1,0.7349906191369606,0.7349906191369606,-0.026500938086303827,0.7847222222222222,14
mi,108,version_27,0,stratified,100,43,25,0.7450750469043153,ok,1,0.7523452157598499,0.7523452157598499,0.007270168855534664,0.736111111111111,3
mi,108,version_27,0,stratified,100,44,25,0.6967636022514071,ok,0,0.7040337711069418,0.6967636022514071,0.0,0.75,0
mi,108,version_27,0,stratified,100,45,25,0.7394465290806754,ok,1,0.7401500938086304,0.7401500938086304,0.0007035647279549639,0.6466666666666667,35
mi,108,version_27,0,stratified,100,46,25,0.7392120075046904,ok,1,0.7516416510318948,0.7516416510318948,0.012429643527204437,0.6799999999999999,1
mi,108,version_27,0,stratified,150,42,38,0.7986778846153846,ok,1,0.751201923076923,0.751201923076923,-0.047475961538461564,0.7478260869565218,15
mi,108,version_27,0,stratified,150,43,38,0.7638221153846154,ok,1,0.7001201923076923,0.7001201923076923,-0.06370192307692313,0.8666666666666667,48
mi,108,version_27,0,stratified,150,44,38,0.7584134615384616,ok,1,0.8203125,0.8203125,0.061899038461538436,0.6405797101449275,44
mi,108,version_27,0,stratified,150,45,38,0.7806490384615384,ok,1,0.7139423076923077,0.7139423076923077,-0.06670673076923073,0.7826086956521738,12
mi,108,version_27,0,stratified,150,46,38,0.7409855769230769,ok,1,0.751201923076923,0.751201923076923,0.010216346153846145,0.7130434782608696,5
mi,108,version_27,0,stratified,200,42,50,0.7985347985347986,ok,1,0.7765567765567767,0.7765567765567767,-0.0219780219780219,0.8251273344651953,3
mi,108,version_27,0,stratified,200,43,50,0.6703296703296704,ok,1,0.7032967032967032,0.7032967032967032,0.03296703296703285,0.7164685908319186,10
mi,108,version_27,0,stratified,200,44,50,0.7655677655677656,ok,1,0.7912087912087912,0.7912087912087912,0.02564102564102555,0.8607809847198641,24
mi,108,version_27,0,stratified,200,45,50,0.7545787545787547,ok,1,0.7435897435897436,0.7435897435897436,-0.010989010989011061,0.8522920203735144,24
mi,108,version_27,0,stratified,200,46,50,0.673992673992674,ok,1,0.7032967032967034,0.7032967032967034,0.02930402930402931,0.6451612903225806,1
mi,108,version_27,0,temporal_array,10,42,2,0.717393144308083,ungateable,,,0.717393144308083,0.0,,
mi,108,version_27,0,temporal_array,10,43,2,0.717393144308083,ungateable,,,0.717393144308083,0.0,,
mi,108,version_27,0,temporal_array,10,44,2,0.717393144308083,ungateable,,,0.717393144308083,0.0,,
mi,108,version_27,0,temporal_array,10,45,2,0.717393144308083,ungateable,,,0.717393144308083,0.0,,
mi,108,version_27,0,temporal_array,10,46,2,0.717393144308083,ungateable,,,0.717393144308083,0.0,,
mi,108,version_27,0,temporal_array,20,42,5,0.7131529850746269,ungateable,,,0.7131529850746269,0.0,,
mi,108,version_27,0,temporal_array,20,43,5,0.7131529850746269,ungateable,,,0.7131529850746269,0.0,,
mi,108,version_27,0,temporal_array,20,44,5,0.7131529850746269,ungateable,,,0.7131529850746269,0.0,,
mi,108,version_27,0,temporal_array,20,45,5,0.7131529850746269,ungateable,,,0.7131529850746269,0.0,,
mi,108,version_27,0,temporal_array,20,46,5,0.7131529850746269,ungateable,,,0.7131529850746269,0.0,,
mi,108,version_27,0,temporal_array,50,42,12,0.740234375,ok,1,0.5986979166666666,0.5986979166666666,-0.1415364583333334,0.8055555555555556,13
mi,108,version_27,0,temporal_array,50,43,12,0.740234375,ok,1,0.7221354166666667,0.7221354166666667,-0.018098958333333304,0.9166666666666667,6
mi,108,version_27,0,temporal_array,50,44,12,0.740234375,ok,1,0.6665364583333334,0.6665364583333334,-0.07369791666666659,0.6944444444444444,7
mi,108,version_27,0,temporal_array,50,45,12,0.740234375,ok,1,0.7018229166666666,0.7018229166666666,-0.03841145833333337,0.7777777777777778,6
mi,108,version_27,0,temporal_array,50,46,12,0.740234375,ok,1,0.6345052083333333,0.6345052083333333,-0.10572916666666665,0.75,16
mi,108,version_27,0,temporal_array,100,42,25,0.8092105263157895,ok,1,0.6313048245614035,0.6313048245614035,-0.17790570175438603,0.7820512820512819,22
mi,108,version_27,0,temporal_array,100,43,25,0.8092105263157895,ok,1,0.7072368421052632,0.7072368421052632,-0.10197368421052633,0.8397435897435896,47
mi,108,version_27,0,temporal_array,100,44,25,0.8092105263157895,ok,1,0.725877192982456,0.725877192982456,-0.08333333333333348,0.6602564102564102,22
mi,108,version_27,0,temporal_array,100,45,25,0.8092105263157895,ok,1,0.6729714912280701,0.6729714912280701,-0.1362390350877194,0.641025641025641,15
mi,108,version_27,0,temporal_array,100,46,25,0.8092105263157895,ok,0,0.814967105263158,0.8092105263157895,0.0,0.6089743589743589,0
mi,108,version_27,0,temporal_array,150,42,38,0.9039351851851851,ok,1,0.6585648148148149,0.6585648148148149,-0.24537037037037024,0.6749999999999999,12
mi,108,version_27,0,temporal_array,150,43,38,0.9039351851851851,ok,1,0.6157407407407407,0.6157407407407407,-0.2881944444444444,0.7999999999999999,9
mi,108,version_27,0,temporal_array,150,44,38,0.9039351851851851,ok,1,0.6967592592592593,0.6967592592592593,-0.20717592592592582,0.6861111111111111,27
mi,108,version_27,0,temporal_array,150,45,38,0.9039351851851851,ok,1,0.5451388888888888,0.5451388888888888,-0.3587962962962963,0.6444444444444445,21
mi,108,version_27,0,temporal_array,150,46,38,0.9039351851851851,ok,1,0.650462962962963,0.650462962962963,-0.2534722222222221,0.5944444444444444,21
mi,108,version_27,17,stratified,10,42,2,0.5076676777890126,ungateable,,,0.5076676777890126,0.0,,
mi,108,version_27,17,stratified,10,43,2,0.5091843613077183,ungateable,,,0.5091843613077183,0.0,,
mi,108,version_27,17,stratified,10,44,2,0.5056454330974048,ungateable,,,0.5056454330974048,0.0,,
mi,108,version_27,17,stratified,10,45,2,0.5162622177283451,ungateable,,,0.5162622177283451,0.0,,
mi,108,version_27,17,stratified,10,46,2,0.5143242332322211,ungateable,,,0.5143242332322211,0.0,,
mi,108,version_27,17,stratified,20,42,5,0.5103473762010348,ungateable,,,0.5103473762010348,0.0,,
mi,108,version_27,17,stratified,20,43,5,0.5162601626016261,ungateable,,,0.5162601626016261,0.0,,
mi,108,version_27,17,stratified,20,44,5,0.5207871396895787,ungateable,,,0.5207871396895787,0.0,,
mi,108,version_27,17,stratified,20,45,5,0.5143200295639321,ungateable,,,0.5143200295639321,0.0,,
mi,108,version_27,17,stratified,20,46,5,0.5144124168514412,ungateable,,,0.5144124168514412,0.0,,
mi,108,version_27,17,stratified,50,42,12,0.4888445718559143,ok,1,0.5463043749220989,0.5463043749220989,0.057459803066184645,0.6571428571428571,14
mi,108,version_27,17,stratified,50,43,12,0.5219992521500686,ok,1,0.6257011093107316,0.6257011093107316,0.10370185716066305,0.45714285714285713,16
mi,108,version_27,17,stratified,50,44,12,0.5000623208276206,ok,1,0.6047613112302131,0.6047613112302131,0.10469899040259256,0.8857142857142857,15
mi,108,version_27,17,stratified,50,45,12,0.5109061448336034,ok,1,0.5439361834725165,0.5439361834725165,0.03303003863891307,0.6571428571428571,2
mi,108,version_27,17,stratified,50,46,12,0.5050479870372678,ok,1,0.6606007727782625,0.6606007727782625,0.15555278574099463,0.7428571428571429,25
mi,108,version_27,17,stratified,100,42,25,0.45121951219512196,ok,1,0.6627579737335836,0.6627579737335836,0.21153846153846162,0.7013888888888888,9
mi,108,version_27,17,stratified,100,43,25,0.5145403377110694,ok,1,0.6325046904315197,0.6325046904315197,0.11796435272045025,0.7430555555555556,11
mi,108,version_27,17,stratified,100,44,25,0.5154784240150094,ok,1,0.7378048780487805,0.7378048780487805,0.22232645403377105,0.5763888888888888,12
mi,108,version_27,17,stratified,100,45,25,0.4835834896810507,ok,1,0.6742495309568481,0.6742495309568481,0.19066604127579745,0.78,19
mi,108,version_27,17,stratified,100,46,25,0.5105534709193246,ok,1,0.6683864915572232,0.6683864915572232,0.1578330206378986,0.8200000000000001,17
mi,108,version_27,17,stratified,150,42,38,0.4254807692307692,ok,1,0.5841346153846154,0.5841346153846154,0.1586538461538462,0.5594202898550724,19
mi,108,version_27,17,stratified,150,43,38,0.4933894230769231,ok,1,0.6899038461538461,0.6899038461538461,0.19651442307692307,0.7275362318840579,14
mi,108,version_27,17,stratified,150,44,38,0.4993990384615385,ok,1,0.7367788461538461,0.7367788461538461,0.23737980769230765,0.663768115942029,26
mi,108,version_27,17,stratified,150,45,38,0.49759615384615385,ok,1,0.5889423076923077,0.5889423076923077,0.09134615384615385,0.6985507246376812,37
mi,108,version_27,17,stratified,150,46,38,0.4711538461538461,ok,1,0.6959134615384616,0.6959134615384616,0.22475961538461547,0.727536231884058,14
mi,108,version_27,17,stratified,200,42,50,0.4065934065934066,ok,1,0.7582417582417583,0.7582417582417583,0.35164835164835173,0.7928692699490661,17
mi,108,version_27,17,stratified,200,43,50,0.4652014652014652,ok,1,0.8205128205128205,0.8205128205128205,0.35531135531135527,0.6162988115449916,5
mi,108,version_27,17,stratified,200,44,50,0.5311355311355311,ok,1,0.8315018315018315,0.8315018315018315,0.3003663003663004,0.6519524617996604,55
mi,108,version_27,17,stratified,200,45,50,0.41025641025641024,ok,1,0.6190476190476191,0.6190476190476191,0.20879120879120883,0.6910016977928692,3
mi,108,version_27,17,stratified,200,46,50,0.575091575091575,ok,1,0.5714285714285714,0.5714285714285714,-0.00366300366300365,0.8539898132427843,14
mi,108,version_27,17,temporal_array,10,42,2,0.4884468895471857,ungateable,,,0.4884468895471857,0.0,,
mi,108,version_27,17,temporal_array,10,43,2,0.4884468895471857,ungateable,,,0.4884468895471857,0.0,,
mi,108,version_27,17,temporal_array,10,44,2,0.4884468895471857,ungateable,,,0.4884468895471857,0.0,,
mi,108,version_27,17,temporal_array,10,45,2,0.4884468895471857,ungateable,,,0.4884468895471857,0.0,,
mi,108,version_27,17,temporal_array,10,46,2,0.4884468895471857,ungateable,,,0.4884468895471857,0.0,,
mi,108,version_27,17,temporal_array,20,42,5,0.4896455223880597,ungateable,,,0.4896455223880597,0.0,,
mi,108,version_27,17,temporal_array,20,43,5,0.4896455223880597,ungateable,,,0.4896455223880597,0.0,,
mi,108,version_27,17,temporal_array,20,44,5,0.4896455223880597,ungateable,,,0.4896455223880597,0.0,,
mi,108,version_27,17,temporal_array,20,45,5,0.4896455223880597,ungateable,,,0.4896455223880597,0.0,,
mi,108,version_27,17,temporal_array,20,46,5,0.4896455223880597,ungateable,,,0.4896455223880597,0.0,,
mi,108,version_27,17,temporal_array,50,42,12,0.4897135416666667,ok,0,0.49856770833333336,0.4897135416666667,0.0,0.7777777777777779,0
mi,108,version_27,17,temporal_array,50,43,12,0.4897135416666667,ok,1,0.49062500000000003,0.49062500000000003,0.000911458333333337,0.5277777777777779,2
mi,108,version_27,17,temporal_array,50,44,12,0.4897135416666667,ok,1,0.4979166666666667,0.4979166666666667,0.008203124999999978,0.5555555555555556,1
mi,108,version_27,17,temporal_array,50,45,12,0.4897135416666667,ok,0,0.49309895833333334,0.4897135416666667,0.0,0.75,0
mi,108,version_27,17,temporal_array,50,46,12,0.4897135416666667,ok,1,0.5033854166666667,0.5033854166666667,0.013671875,0.8333333333333333,3
mi,108,version_27,17,temporal_array,100,42,25,0.4805372807017544,ok,1,0.549342105263158,0.549342105263158,0.06880482456140358,0.608974358974359,2
mi,108,version_27,17,temporal_array,100,43,25,0.4805372807017544,ok,1,0.5671600877192983,0.5671600877192983,0.08662280701754388,0.6025641025641026,3
mi,108,version_27,17,temporal_array,100,44,25,0.4805372807017544,ok,1,0.5646929824561404,0.5646929824561404,0.08415570175438603,0.6987179487179487,4
mi,108,version_27,17,temporal_array,100,45,25,0.4805372807017544,ok,1,0.48958333333333337,0.48958333333333337,0.009046052631578982,0.6217948717948718,38
mi,108,version_27,17,temporal_array,100,46,25,0.4805372807017544,ok,1,0.5874451754385965,0.5874451754385965,0.10690789473684215,0.7756410256410257,5
mi,108,version_27,17,temporal_array,150,42,38,0.46296296296296297,ok,1,0.6944444444444444,0.6944444444444444,0.23148148148148145,0.5916666666666668,6
mi,108,version_27,17,temporal_array,150,43,38,0.46296296296296297,ok,1,0.6828703703703703,0.6828703703703703,0.21990740740740738,0.5777777777777778,6
mi,108,version_27,17,temporal_array,150,44,38,0.46296296296296297,ok,1,0.5937499999999999,0.5937499999999999,0.13078703703703692,0.775,3
mi,108,version_27,17,temporal_array,150,45,38,0.46296296296296297,ok,1,0.6215277777777777,0.6215277777777777,0.15856481481481471,0.5527777777777778,8
mi,108,version_27,17,temporal_array,150,46,38,0.46296296296296297,ok,1,0.5671296296296297,0.5671296296296297,0.10416666666666669,0.5666666666666667,3
mi,108,version_28,0,stratified,10,42,2,0.6792214357937311,ungateable,,,0.6792214357937311,0.0,,
mi,108,version_28,0,stratified,10,43,2,0.6870576339737108,ungateable,,,0.6870576339737108,0.0,,
mi,108,version_28,0,stratified,10,44,2,0.6813279406808224,ungateable,,,0.6813279406808224,0.0,,
mi,108,version_28,0,stratified,10,45,2,0.6878159757330637,ungateable,,,0.6878159757330637,0.0,,
mi,108,version_28,0,stratified,10,46,2,0.700623525446579,ungateable,,,0.700623525446579,0.0,,
mi,108,version_28,0,stratified,20,42,5,0.6716555801921656,ungateable,,,0.6716555801921656,0.0,,
mi,108,version_28,0,stratified,20,43,5,0.6801552106430155,ungateable,,,0.6801552106430155,0.0,,
mi,108,version_28,0,stratified,20,44,5,0.6651884700665189,ungateable,,,0.6651884700665189,0.0,,
mi,108,version_28,0,stratified,20,45,5,0.6825572801182557,ungateable,,,0.6825572801182557,0.0,,
mi,108,version_28,0,stratified,20,46,5,0.6858832224685883,ungateable,,,0.6858832224685883,0.0,,
mi,108,version_28,0,stratified,50,42,12,0.7006107441106818,ok,1,0.6958743612115169,0.6958743612115169,-0.004736382899164893,0.942857142857143,24
mi,108,version_28,0,stratified,50,43,12,0.6891437118284931,ok,1,0.650629440358968,0.650629440358968,-0.03851427146952513,0.9142857142857143,8
mi,108,version_28,0,stratified,50,44,12,0.6776766795463044,ok,1,0.7013585940421289,0.7013585940421289,0.023681914495824463,0.7999999999999999,10
mi,108,version_28,0,stratified,50,45,12,0.6912626199675932,ok,1,0.7087124517013585,0.7087124517013585,0.017449831733765353,0.7714285714285715,12
mi,108,version_28,0,stratified,50,46,12,0.7037267854917113,ok,0,0.707590676804188,0.7037267854917113,0.0,0.7142857142857143,0
mi,108,version_28,0,stratified,100,42,25,0.7197467166979362,ok,1,0.6446998123827392,0.6446998123827392,-0.075046904315197,0.7013888888888888,9
mi,108,version_28,0,stratified,100,43,25,0.697936210131332,ok,1,0.7141181988742964,0.7141181988742964,0.016181988742964393,0.8055555555555556,8
mi,108,version_28,0,stratified,100,44,25,0.6805816135084428,ok,0,0.6892589118198874,0.6805816135084428,0.0,0.7777777777777777,0
mi,108,version_28,0,stratified,100,45,25,0.6901969981238273,ok,1,0.7110694183864916,0.7110694183864916,0.020872420262664337,0.6066666666666667,22
mi,108,version_28,0,stratified,100,46,25,0.7141181988742964,ok,1,0.7326454033771107,0.7326454033771107,0.01852720450281431,0.7133333333333334,29
mi,108,version_28,0,stratified,150,42,38,0.7493990384615384,ok,1,0.7493990384615385,0.7493990384615385,1.1102230246251565e-16,0.7652173913043478,13
mi,108,version_28,0,stratified,150,43,38,0.7019230769230769,ok,1,0.6640625,0.6640625,-0.03786057692307687,0.7884057971014493,43
mi,108,version_28,0,stratified,150,44,38,0.7716346153846154,ok,1,0.813701923076923,0.813701923076923,0.0420673076923076,0.6492753623188405,3
mi,108,version_28,0,stratified,150,45,38,0.7211538461538461,ok,1,0.6868990384615384,0.6868990384615384,-0.03425480769230771,0.7449275362318841,15
mi,108,version_28,0,stratified,150,46,38,0.7548076923076923,ok,1,0.7469951923076923,0.7469951923076923,-0.0078125,0.7014492753623188,2
mi,108,version_28,0,stratified,200,42,50,0.7765567765567766,ok,1,0.6630036630036631,0.6630036630036631,-0.11355311355311348,0.7826825127334465,4
mi,108,version_28,0,stratified,200,43,50,0.641025641025641,ok,1,0.5934065934065934,0.5934065934065934,-0.04761904761904756,0.6842105263157894,13
mi,108,version_28,0,stratified,200,44,50,0.7619047619047619,ok,1,0.8058608058608059,0.8058608058608059,0.04395604395604402,0.8421052631578947,32
mi,108,version_28,0,stratified,200,45,50,0.6813186813186813,ok,1,0.6593406593406594,0.6593406593406594,-0.0219780219780219,0.7555178268251274,8
mi,108,version_28,0,stratified,200,46,50,0.73992673992674,ok,1,0.7142857142857143,0.7142857142857143,-0.02564102564102566,0.6689303904923598,26
mi,108,version_28,0,temporal_array,10,42,2,0.694033008887008,ungateable,,,0.694033008887008,0.0,,
mi,108,version_28,0,temporal_array,10,43,2,0.694033008887008,ungateable,,,0.694033008887008,0.0,,
mi,108,version_28,0,temporal_array,10,44,2,0.694033008887008,ungateable,,,0.694033008887008,0.0,,
mi,108,version_28,0,temporal_array,10,45,2,0.694033008887008,ungateable,,,0.694033008887008,0.0,,
mi,108,version_28,0,temporal_array,10,46,2,0.694033008887008,ungateable,,,0.694033008887008,0.0,,
mi,108,version_28,0,temporal_array,20,42,5,0.6935634328358209,ungateable,,,0.6935634328358209,0.0,,
mi,108,version_28,0,temporal_array,20,43,5,0.6935634328358209,ungateable,,,0.6935634328358209,0.0,,
mi,108,version_28,0,temporal_array,20,44,5,0.6935634328358209,ungateable,,,0.6935634328358209,0.0,,
mi,108,version_28,0,temporal_array,20,45,5,0.6935634328358209,ungateable,,,0.6935634328358209,0.0,,
mi,108,version_28,0,temporal_array,20,46,5,0.6935634328358209,ungateable,,,0.6935634328358209,0.0,,
mi,108,version_28,0,temporal_array,50,42,12,0.719921875,ok,1,0.56484375,0.56484375,-0.15507812500000007,0.7777777777777778,10
mi,108,version_28,0,temporal_array,50,43,12,0.719921875,ok,1,0.7233072916666666,0.7233072916666666,0.0033854166666665853,0.8611111111111112,0
mi,108,version_28,0,temporal_array,50,44,12,0.719921875,ok,1,0.513671875,0.513671875,-0.20625000000000004,0.7500000000000001,13
mi,108,version_28,0,temporal_array,50,45,12,0.719921875,ok,1,0.48111979166666663,0.48111979166666663,-0.23880208333333341,0.888888888888889,18
mi,108,version_28,0,temporal_array,50,46,12,0.719921875,ok,1,0.5696614583333333,0.5696614583333333,-0.15026041666666679,0.9166666666666667,11
mi,108,version_28,0,temporal_array,100,42,25,0.8007127192982456,ok,1,0.6008771929824561,0.6008771929824561,-0.1998355263157895,0.8205128205128205,26
mi,108,version_28,0,temporal_array,100,43,25,0.8007127192982456,ok,1,0.7025767543859649,0.7025767543859649,-0.09813596491228072,0.8653846153846153,47
mi,108,version_28,0,temporal_array,100,44,25,0.8007127192982456,ok,1,0.7497258771929824,0.7497258771929824,-0.050986842105263164,0.7051282051282052,24
mi,108,version_28,0,temporal_array,100,45,25,0.8007127192982456,ok,1,0.6861293859649122,0.6861293859649122,-0.11458333333333337,0.6987179487179487,22
mi,108,version_28,0,temporal_array,100,46,25,0.8007127192982456,ok,1,0.8031798245614036,0.8031798245614036,0.002467105263157965,0.48076923076923084,0
mi,108,version_28,0,temporal_array,150,42,38,0.8587962962962963,ok,1,0.6979166666666666,0.6979166666666666,-0.16087962962962965,0.6916666666666667,36
mi,108,version_28,0,temporal_array,150,43,38,0.8587962962962963,ok,1,0.6886574074074074,0.6886574074074074,-0.17013888888888884,0.6333333333333333,7
mi,108,version_28,0,temporal_array,150,44,38,0.8587962962962963,ok,1,0.6168981481481481,0.6168981481481481,-0.24189814814814814,0.6944444444444444,12
mi,108,version_28,0,temporal_array,150,45,38,0.8587962962962963,ok,1,0.5844907407407407,0.5844907407407407,-0.2743055555555556,0.6777777777777778,11
mi,108,version_28,0,temporal_array,150,46,38,0.8587962962962963,ok,1,0.6782407407407407,0.6782407407407407,-0.18055555555555558,0.6722222222222223,22
mi,108,version_28,17,stratified,10,42,2,0.49469160768452985,ungateable,,,0.49469160768452985,0.0,,
mi,108,version_28,17,stratified,10,43,2,0.5023592854735424,ungateable,,,0.5023592854735424,0.0,,
mi,108,version_28,17,stratified,10,44,2,0.4858442871587462,ungateable,,,0.4858442871587462,0.0,,
mi,108,version_28,17,stratified,10,45,2,0.4993259184361308,ungateable,,,0.4993259184361308,0.0,,
mi,108,version_28,17,stratified,10,46,2,0.4962925513987193,ungateable,,,0.4962925513987193,0.0,,
mi,108,version_28,17,stratified,20,42,5,0.4942719881744272,ungateable,,,0.4942719881744272,0.0,,
mi,108,version_28,17,stratified,20,43,5,0.5114560236511455,ungateable,,,0.5114560236511455,0.0,,
mi,108,version_28,17,stratified,20,44,5,0.49233185513673317,ungateable,,,0.49233185513673317,0.0,,
mi,108,version_28,17,stratified,20,45,5,0.5045269770879527,ungateable,,,0.5045269770879527,0.0,,
mi,108,version_28,17,stratified,20,46,5,0.5069290465631929,ungateable,,,0.5069290465631929,0.0,,
mi,108,version_28,17,stratified,50,42,12,0.47363828991649015,ok,1,0.5426897669201047,0.5426897669201047,0.06905147700361458,0.8857142857142858,5
mi,108,version_28,17,stratified,50,43,12,0.5198803440109685,ok,1,0.6735635049233454,0.6735635049233454,0.15368316091237688,0.4,13
mi,108,version_28,17,stratified,50,44,12,0.47787610619469034,ok,1,0.563504923345382,0.563504923345382,0.0856288171506917,0.8285714285714286,4
mi,108,version_28,17,stratified,50,45,12,0.4999376791723794,ok,1,0.5444347500934812,0.5444347500934812,0.04449707092110178,0.6285714285714286,1
mi,108,version_28,17,stratified,50,46,12,0.5006855291038265,ok,1,0.6936308114171756,0.6936308114171756,0.19294528231334918,0.6,37
mi,108,version_28,17,stratified,100,42,25,0.44113508442776733,ok,1,0.6395403377110694,0.6395403377110694,0.1984052532833021,0.8402777777777778,14
mi,108,version_28,17,stratified,100,43,25,0.550422138836773,ok,1,0.7417917448405253,0.7417917448405253,0.1913696060037523,0.38888888888888884,8
mi,108,version_28,17,stratified,100,44,25,0.4824108818011257,ok,1,0.7143527204502815,0.7143527204502815,0.23194183864915585,0.6458333333333333,25
mi,108,version_28,17,stratified,100,45,25,0.4596622889305816,ok,1,0.6449343339587241,0.6449343339587241,0.18527204502814254,0.7733333333333334,16
mi,108,version_28,17,stratified,100,46,25,0.5075046904315197,ok,1,0.6735459662288931,0.6735459662288931,0.16604127579737338,0.6799999999999999,50
mi,108,version_28,17,stratified,150,42,38,0.42427884615384615,ok,1,0.5552884615384616,0.5552884615384616,0.13100961538461542,0.655072463768116,4
mi,108,version_28,17,stratified,150,43,38,0.5342548076923076,ok,1,0.7163461538461539,0.7163461538461539,0.18209134615384626,0.7304347826086957,55
mi,108,version_28,17,stratified,150,44,38,0.46093750000000006,ok,1,0.6730769230769231,0.6730769230769231,0.21213942307692307,0.8115942028985508,29
mi,108,version_28,17,stratified,150,45,38,0.446514423076923,ok,1,0.5919471153846154,0.5919471153846154,0.1454326923076924,0.7159420289855072,16
mi,108,version_28,17,stratified,150,46,38,0.45252403846153844,ok,1,0.7572115384615384,0.7572115384615384,0.3046875,0.7797101449275363,16
mi,108,version_28,17,stratified,200,42,50,0.41758241758241765,ok,1,0.7912087912087913,0.7912087912087913,0.37362637362637363,0.7589134125636672,18
mi,108,version_28,17,stratified,200,43,50,0.6666666666666667,ok,1,0.7582417582417582,0.7582417582417582,0.09157509157509147,0.6417657045840407,1
mi,108,version_28,17,stratified,200,44,50,0.5604395604395604,ok,1,0.695970695970696,0.695970695970696,0.1355311355311356,0.699490662139219,15
mi,108,version_28,17,stratified,200,45,50,0.4578754578754579,ok,1,0.7545787545787546,0.7545787545787546,0.29670329670329665,0.7011884550084889,21
mi,108,version_28,17,stratified,200,46,50,0.5494505494505495,ok,1,0.5824175824175825,0.5824175824175825,0.03296703296703296,0.8166383701188455,23
mi,108,version_28,17,temporal_array,10,42,2,0.48827761320355484,ungateable,,,0.48827761320355484,0.0,,
mi,108,version_28,17,temporal_array,10,43,2,0.48827761320355484,ungateable,,,0.48827761320355484,0.0,,
mi,108,version_28,17,temporal_array,10,44,2,0.48827761320355484,ungateable,,,0.48827761320355484,0.0,,
mi,108,version_28,17,temporal_array,10,45,2,0.48827761320355484,ungateable,,,0.48827761320355484,0.0,,
mi,108,version_28,17,temporal_array,10,46,2,0.48827761320355484,ungateable,,,0.48827761320355484,0.0,,
mi,108,version_28,17,temporal_array,20,42,5,0.4859141791044776,ungateable,,,0.4859141791044776,0.0,,
mi,108,version_28,17,temporal_array,20,43,5,0.4859141791044776,ungateable,,,0.4859141791044776,0.0,,
mi,108,version_28,17,temporal_array,20,44,5,0.4859141791044776,ungateable,,,0.4859141791044776,0.0,,
mi,108,version_28,17,temporal_array,20,45,5,0.4859141791044776,ungateable,,,0.4859141791044776,0.0,,
mi,108,version_28,17,temporal_array,20,46,5,0.4859141791044776,ungateable,,,0.4859141791044776,0.0,,
mi,108,version_28,17,temporal_array,50,42,12,0.4778645833333333,ok,0,0.4895833333333333,0.4778645833333333,0.0,0.8611111111111112,0
mi,108,version_28,17,temporal_array,50,43,12,0.4778645833333333,ok,1,0.48723958333333334,0.48723958333333334,0.009375000000000022,0.36111111111111116,11
mi,108,version_28,17,temporal_array,50,44,12,0.4778645833333333,ok,1,0.48606770833333335,0.48606770833333335,0.008203125000000033,0.5,2
mi,108,version_28,17,temporal_array,50,45,12,0.4778645833333333,ok,1,0.48606770833333335,0.48606770833333335,0.008203125000000033,0.6111111111111113,2
mi,108,version_28,17,temporal_array,50,46,12,0.4778645833333333,ok,1,0.534375,0.534375,0.05651041666666673,0.8333333333333333,29
mi,108,version_28,17,temporal_array,100,42,25,0.453125,ok,1,0.5778508771929824,0.5778508771929824,0.12472587719298245,0.7948717948717949,7
mi,108,version_28,17,temporal_array,100,43,25,0.453125,ok,0,0.4854714912280702,0.453125,0.0,0.5064102564102565,0
mi,108,version_28,17,temporal_array,100,44,25,0.453125,ok,1,0.5729166666666666,0.5729166666666666,0.11979166666666663,0.6858974358974359,4
mi,108,version_28,17,temporal_array,100,45,25,0.453125,ok,1,0.575657894736842,0.575657894736842,0.12253289473684204,0.5961538461538461,17
mi,108,version_28,17,temporal_array,100,46,25,0.453125,ok,1,0.4994517543859649,0.4994517543859649,0.0463267543859649,0.6858974358974359,1
mi,108,version_28,17,temporal_array,150,42,38,0.40625,ok,1,0.5509259259259259,0.5509259259259259,0.14467592592592593,0.6805555555555556,4
mi,108,version_28,17,temporal_array,150,43,38,0.40625,ok,1,0.5324074074074074,0.5324074074074074,0.12615740740740744,0.5805555555555556,3
mi,108,version_28,17,temporal_array,150,44,38,0.40625,ok,1,0.5277777777777777,0.5277777777777777,0.12152777777777768,0.725,2
mi,108,version_28,17,temporal_array,150,45,38,0.40625,ok,1,0.5069444444444444,0.5069444444444444,0.10069444444444442,0.575,8
mi,108,version_28,17,temporal_array,150,46,38,0.40625,ok,0,0.4386574074074074,0.40625,0.0,0.4833333333333333,0
mi,108,version_29,0,stratified,10,42,2,0.7202561509942703,ungateable,,,0.7202561509942703,0.0,,
mi,108,version_29,0,stratified,10,43,2,0.7212672733400741,ungateable,,,0.7212672733400741,0.0,,
mi,108,version_29,0,stratified,10,44,2,0.7212672733400741,ungateable,,,0.7212672733400741,0.0,,
mi,108,version_29,0,stratified,10,45,2,0.7194135490394337,ungateable,,,0.7194135490394337,0.0,,
mi,108,version_29,0,stratified,10,46,2,0.732726659925851,ungateable,,,0.732726659925851,0.0,,
mi,108,version_29,0,stratified,20,42,5,0.7130450849963045,ungateable,,,0.7130450849963045,0.0,,
mi,108,version_29,0,stratified,20,43,5,0.7150776053215078,ungateable,,,0.7150776053215078,0.0,,
mi,108,version_29,0,stratified,20,44,5,0.7099963045084996,ungateable,,,0.7099963045084996,0.0,,
mi,108,version_29,0,stratified,20,45,5,0.7082409460458241,ungateable,,,0.7082409460458241,0.0,,
mi,108,version_29,0,stratified,20,46,5,0.7224685883222468,ungateable,,,0.7224685883222468,0.0,,
mi,108,version_29,0,stratified,50,42,12,0.7441106817898542,ok,1,0.7579459055216253,0.7579459055216253,0.013835223731771151,0.8285714285714285,7
mi,108,version_29,0,stratified,50,43,12,0.7286551165399477,ok,1,0.6852798205160165,0.6852798205160165,-0.0433752960239312,0.9142857142857143,15
mi,108,version_29,0,stratified,50,44,12,0.7163155926710707,ok,1,0.719306992396859,0.719306992396859,0.002991399725788324,0.8,11
mi,108,version_29,0,stratified,50,45,12,0.7154431010843825,ok,1,0.7229216003988533,0.7229216003988533,0.007478499314470866,0.8571428571428572,2
mi,108,version_29,0,stratified,50,46,12,0.7448585317213012,ok,0,0.7497195562757074,0.7448585317213012,0.0,0.7999999999999999,0
mi,108,version_29,0,stratified,100,42,25,0.7525797373358348,ok,1,0.725375234521576,0.725375234521576,-0.02720450281425879,0.6805555555555556,8
mi,108,version_29,0,stratified,100,43,25,0.74906191369606,ok,1,0.7399155722326454,0.7399155722326454,-0.009146341463414642,0.8125,6
mi,108,version_29,0,stratified,100,44,25,0.7183395872420263,ok,1,0.74906191369606,0.74906191369606,0.03072232645403372,0.7986111111111112,3
mi,108,version_29,0,stratified,100,45,25,0.7347560975609756,ok,1,0.7326454033771107,0.7326454033771107,-0.002110694183864892,0.62,3
mi,108,version_29,0,stratified,100,46,25,0.7685272045028142,ok,1,0.777673545966229,0.777673545966229,0.009146341463414753,0.6733333333333333,16
mi,108,version_29,0,stratified,150,42,38,0.7776442307692308,ok,1,0.7560096153846154,0.7560096153846154,-0.02163461538461542,0.7739130434782608,9
mi,108,version_29,0,stratified,150,43,38,0.7794471153846154,ok,1,0.7259615384615384,0.7259615384615384,-0.05348557692307698,0.6956521739130435,13
mi,108,version_29,0,stratified,150,44,38,0.7890625,ok,1,0.813701923076923,0.813701923076923,0.024639423076923017,0.6405797101449275,6
mi,108,version_29,0,stratified,150,45,38,0.7632211538461539,ok,1,0.75,0.75,-0.013221153846153855,0.7333333333333334,3
mi,108,version_29,0,stratified,150,46,38,0.7944711538461537,ok,1,0.7680288461538461,0.7680288461538461,-0.0264423076923076,0.7217391304347827,21
mi,108,version_29,0,stratified,200,42,50,0.8021978021978022,ok,1,0.6886446886446886,0.6886446886446886,-0.1135531135531136,0.8590831918505942,36
mi,108,version_29,0,stratified,200,43,50,0.673992673992674,ok,1,0.6630036630036631,0.6630036630036631,-0.01098901098901095,0.7351443123938879,4
mi,108,version_29,0,stratified,200,44,50,0.7655677655677656,ok,1,0.7655677655677656,0.7655677655677656,0.0,0.8132427843803056,10
mi,108,version_29,0,stratified,200,45,50,0.7509157509157509,ok,1,0.7655677655677656,0.7655677655677656,0.014652014652014711,0.733446519524618,5
mi,108,version_29,0,stratified,200,46,50,0.8058608058608059,ok,1,0.7985347985347986,0.7985347985347986,-0.0073260073260073,0.66383701188455,1
mi,108,version_29,0,temporal_array,10,42,2,0.7283961066440965,ungateable,,,0.7283961066440965,0.0,,
mi,108,version_29,0,temporal_array,10,43,2,0.7283961066440965,ungateable,,,0.7283961066440965,0.0,,
mi,108,version_29,0,temporal_array,10,44,2,0.7283961066440965,ungateable,,,0.7283961066440965,0.0,,
mi,108,version_29,0,temporal_array,10,45,2,0.7283961066440965,ungateable,,,0.7283961066440965,0.0,,
mi,108,version_29,0,temporal_array,10,46,2,0.7283961066440965,ungateable,,,0.7283961066440965,0.0,,
mi,108,version_29,0,temporal_array,20,42,5,0.7225746268656716,ungateable,,,0.7225746268656716,0.0,,
mi,108,version_29,0,temporal_array,20,43,5,0.7225746268656716,ungateable,,,0.7225746268656716,0.0,,
mi,108,version_29,0,temporal_array,20,44,5,0.7225746268656716,ungateable,,,0.7225746268656716,0.0,,
mi,108,version_29,0,temporal_array,20,45,5,0.7225746268656716,ungateable,,,0.7225746268656716,0.0,,
mi,108,version_29,0,temporal_array,20,46,5,0.7225746268656716,ungateable,,,0.7225746268656716,0.0,,
mi,108,version_29,0,temporal_array,50,42,12,0.7454427083333334,ok,1,0.616015625,0.616015625,-0.12942708333333341,0.7777777777777778,14
mi,108,version_29,0,temporal_array,50,43,12,0.7454427083333334,ok,1,0.7502604166666667,0.7502604166666667,0.0048177083333332815,0.9166666666666667,1
mi,108,version_29,0,temporal_array,50,44,12,0.7454427083333334,ok,0,0.65,0.7454427083333334,0.0,0.8333333333333333,10
mi,108,version_29,0,temporal_array,50,45,12,0.7454427083333334,ok,1,0.558203125,0.558203125,-0.18723958333333335,0.888888888888889,22
mi,108,version_29,0,temporal_array,50,46,12,0.7454427083333334,ok,1,0.71875,0.71875,-0.02669270833333337,0.8611111111111112,10
mi,108,version_29,0,temporal_array,100,42,25,0.8050986842105263,ok,1,0.802905701754386,0.802905701754386,-0.002192982456140302,0.7884615384615385,4
mi,108,version_29,0,temporal_array,100,43,25,0.8050986842105263,ok,1,0.71875,0.71875,-0.08634868421052633,0.7115384615384616,10
mi,108,version_29,0,temporal_array,100,44,25,0.8050986842105263,ok,1,0.700109649122807,0.700109649122807,-0.10498903508771928,0.7307692307692308,9
mi,108,version_29,0,temporal_array,100,45,25,0.8050986842105263,ok,1,0.7549342105263158,0.7549342105263158,-0.05016447368421051,0.6025641025641026,5
mi,108,version_29,0,temporal_array,100,46,25,0.8050986842105263,ok,0,0.8100328947368421,0.8050986842105263,0.0,0.6346153846153846,0
mi,108,version_29,0,temporal_array,150,42,38,0.898148148148148,ok,1,0.8680555555555556,0.8680555555555556,-0.03009259259259245,0.6805555555555556,3
mi,108,version_29,0,temporal_array,150,43,38,0.898148148148148,ok,1,0.7754629629629629,0.7754629629629629,-0.12268518518518512,0.7361111111111112,6
mi,108,version_29,0,temporal_array,150,44,38,0.898148148148148,ok,1,0.7175925925925926,0.7175925925925926,-0.18055555555555547,0.6916666666666667,19
mi,108,version_29,0,temporal_array,150,45,38,0.898148148148148,ok,1,0.7164351851851851,0.7164351851851851,-0.1817129629629629,0.7555555555555555,5
mi,108,version_29,0,temporal_array,150,46,38,0.898148148148148,ok,1,0.6747685185185185,0.6747685185185185,-0.22337962962962954,0.6611111111111112,13
mi,108,version_29,17,stratified,10,42,2,0.508257499157398,ungateable,,,0.508257499157398,0.0,,
mi,108,version_29,17,stratified,10,43,2,0.5095214020896528,ungateable,,,0.5095214020896528,0.0,,
mi,108,version_29,17,stratified,10,44,2,0.4988203572632289,ungateable,,,0.4988203572632289,0.0,,
mi,108,version_29,17,stratified,10,45,2,0.5102797438490058,ungateable,,,0.5102797438490058,0.0,,
mi,108,version_29,17,stratified,10,46,2,0.5174418604651163,ungateable,,,0.5174418604651163,0.0,,
mi,108,version_29,17,stratified,20,42,5,0.4999076127124908,ungateable,,,0.4999076127124908,0.0,,
mi,108,version_29,17,stratified,20,43,5,0.5218957871396895,ungateable,,,0.5218957871396895,0.0,,
mi,108,version_29,17,stratified,20,44,5,0.515059127864006,ungateable,,,0.515059127864006,0.0,,
mi,108,version_29,17,stratified,20,45,5,0.5048041389504805,ungateable,,,0.5048041389504805,0.0,,
mi,108,version_29,17,stratified,20,46,5,0.5226348854397634,ungateable,,,0.5226348854397634,0.0,,
mi,108,version_29,17,stratified,50,42,12,0.46578586563629565,ok,1,0.4732643649507665,0.4732643649507665,0.007478499314470866,0.8571428571428571,12
mi,108,version_29,17,stratified,50,43,12,0.5390751589181104,ok,1,0.5712327059703353,0.5712327059703353,0.032157547052224844,0.7142857142857142,20
mi,108,version_29,17,stratified,50,44,12,0.4847313972329552,ok,0,0.49707092110183226,0.4847313972329552,0.0,0.6571428571428571,0
mi,108,version_29,17,stratified,50,45,12,0.49083883833977315,ok,0,0.4989405459304499,0.49083883833977315,0.0,0.7428571428571429,0
mi,108,version_29,17,stratified,50,46,12,0.5217499688395861,ok,1,0.5917985790851303,0.5917985790851303,0.07004861024554421,0.6571428571428573,24
mi,108,version_29,17,stratified,100,42,25,0.44090056285178236,ok,1,0.4781894934333959,0.4781894934333959,0.03728893058161353,0.7916666666666666,6
mi,108,version_29,17,stratified,100,43,25,0.5602720450281425,ok,1,0.6538461538461539,0.6538461538461539,0.09357410881801131,0.3263888888888889,10
mi,108,version_29,17,stratified,100,44,25,0.4894465290806754,ok,1,0.6170262664165104,0.6170262664165104,0.127579737335835,0.6527777777777778,17
mi,108,version_29,17,stratified,100,45,25,0.4664634146341463,ok,1,0.5166510318949343,0.5166510318949343,0.05018761726078802,0.5066666666666667,2
mi,108,version_29,17,stratified,100,46,25,0.5309568480300187,ok,1,0.601782363977486,0.601782363977486,0.07082551594746722,0.6733333333333333,23
mi,108,version_29,17,stratified,150,42,38,0.3792067307692307,ok,1,0.41887019230769235,0.41887019230769235,0.03966346153846162,0.5159420289855072,11
mi,108,version_29,17,stratified,150,43,38,0.5342548076923077,ok,0,0.5937499999999999,0.5342548076923077,0.0,0.36811594202898557,1
mi,108,version_29,17,stratified,150,44,38,0.4879807692307693,ok,1,0.6610576923076923,0.6610576923076923,0.17307692307692302,0.6985507246376812,56
mi,108,version_29,17,stratified,150,45,38,0.47536057692307687,ok,1,0.6069711538461539,0.6069711538461539,0.13161057692307698,0.6318840579710145,11
mi,108,version_29,17,stratified,150,46,38,0.4681490384615385,ok,1,0.5697115384615384,0.5697115384615384,0.10156249999999994,0.7333333333333333,11
mi,108,version_29,17,stratified,200,42,50,0.37362637362637363,ok,1,0.5934065934065935,0.5934065934065935,0.2197802197802199,0.7504244482173174,20
mi,108,version_29,17,stratified,200,43,50,0.575091575091575,ok,1,0.7106227106227107,0.7106227106227107,0.1355311355311356,0.6519524617996604,5
mi,108,version_29,17,stratified,200,44,50,0.4725274725274726,ok,1,0.5274725274725275,0.5274725274725275,0.05494505494505486,0.6723259762308998,0
mi,108,version_29,17,stratified,200,45,50,0.5787545787545788,ok,1,0.728937728937729,0.728937728937729,0.1501831501831502,0.634974533106961,2
mi,108,version_29,17,stratified,200,46,50,0.5824175824175823,ok,1,0.5604395604395604,0.5604395604395604,-0.0219780219780219,0.7011884550084889,8
mi,108,version_29,17,temporal_array,10,42,2,0.49936521371138387,ungateable,,,0.49936521371138387,0.0,,
mi,108,version_29,17,temporal_array,10,43,2,0.49936521371138387,ungateable,,,0.49936521371138387,0.0,,
mi,108,version_29,17,temporal_array,10,44,2,0.49936521371138387,ungateable,,,0.49936521371138387,0.0,,
mi,108,version_29,17,temporal_array,10,45,2,0.49936521371138387,ungateable,,,0.49936521371138387,0.0,,
mi,108,version_29,17,temporal_array,10,46,2,0.49936521371138387,ungateable,,,0.49936521371138387,0.0,,
mi,108,version_29,17,temporal_array,20,42,5,0.49449626865671636,ungateable,,,0.49449626865671636,0.0,,
mi,108,version_29,17,temporal_array,20,43,5,0.49449626865671636,ungateable,,,0.49449626865671636,0.0,,
mi,108,version_29,17,temporal_array,20,44,5,0.49449626865671636,ungateable,,,0.49449626865671636,0.0,,
mi,108,version_29,17,temporal_array,20,45,5,0.49449626865671636,ungateable,,,0.49449626865671636,0.0,,
mi,108,version_29,17,temporal_array,20,46,5,0.49449626865671636,ungateable,,,0.49449626865671636,0.0,,
mi,108,version_29,17,temporal_array,50,42,12,0.4908854166666667,ok,0,0.494921875,0.4908854166666667,0.0,0.8333333333333334,0
mi,108,version_29,17,temporal_array,50,43,12,0.4908854166666667,ok,1,0.4837239583333333,0.4837239583333333,-0.00716145833333337,0.3888888888888889,2
mi,108,version_29,17,temporal_array,50,44,12,0.4908854166666667,ok,0,0.4921875,0.4908854166666667,0.0,0.3333333333333333,1
mi,108,version_29,17,temporal_array,50,45,12,0.4908854166666667,ok,0,0.4927083333333333,0.4908854166666667,0.0,0.5,0
mi,108,version_29,17,temporal_array,50,46,12,0.4908854166666667,ok,1,0.4945312500000001,0.4945312500000001,0.0036458333333334036,0.6944444444444446,2
mi,108,version_29,17,temporal_array,100,42,25,0.484375,ok,1,0.5405701754385965,0.5405701754385965,0.056195175438596534,0.685897435897436,22
mi,108,version_29,17,temporal_array,100,43,25,0.484375,ok,1,0.5718201754385965,0.5718201754385965,0.08744517543859653,0.6730769230769231,48
mi,108,version_29,17,temporal_array,100,44,25,0.484375,ok,1,0.5970394736842106,0.5970394736842106,0.11266447368421062,0.6666666666666667,9
mi,108,version_29,17,temporal_array,100,45,25,0.484375,ok,1,0.5002741228070176,0.5002741228070176,0.01589912280701755,0.7564102564102565,65
mi,108,version_29,17,temporal_array,100,46,25,0.484375,ok,1,0.5572916666666666,0.5572916666666666,0.07291666666666663,0.7499999999999999,15
mi,108,version_29,17,temporal_array,150,42,38,0.5092592592592593,ok,1,0.5428240740740741,0.5428240740740741,0.03356481481481477,0.6861111111111111,36
mi,108,version_29,17,temporal_array,150,43,38,0.5092592592592593,ok,1,0.5717592592592593,0.5717592592592593,0.0625,0.6166666666666667,65
mi,108,version_29,17,temporal_array,150,44,38,0.5092592592592593,ok,1,0.6030092592592592,0.6030092592592592,0.09374999999999989,0.6555555555555556,3
mi,108,version_29,17,temporal_array,150,45,38,0.5092592592592593,ok,1,0.6006944444444444,0.6006944444444444,0.09143518518518512,0.5722222222222223,8
mi,108,version_29,17,temporal_array,150,46,38,0.5092592592592593,ok,1,0.5092592592592593,0.5092592592592593,0.0,0.5555555555555556,39
mi,108,version_30,0,stratified,10,42,2,0.7009605662285137,ungateable,,,0.7009605662285137,0.0,,
mi,108,version_30,0,stratified,10,43,2,0.705005055611729,ungateable,,,0.705005055611729,0.0,,
mi,108,version_30,0,stratified,10,44,2,0.7017189079878666,ungateable,,,0.7017189079878666,0.0,,
mi,108,version_30,0,stratified,10,45,2,0.7046680148297944,ungateable,,,0.7046680148297944,0.0,,
mi,108,version_30,0,stratified,10,46,2,0.7173070441523424,ungateable,,,0.7173070441523424,0.0,,
mi,108,version_30,0,stratified,20,42,5,0.6947524020694752,ungateable,,,0.6947524020694752,0.0,,
mi,108,version_30,0,stratified,20,43,5,0.6972468588322247,ungateable,,,0.6972468588322247,0.0,,
mi,108,version_30,0,stratified,20,44,5,0.6905949741315595,ungateable,,,0.6905949741315595,0.0,,
mi,108,version_30,0,stratified,20,45,5,0.7003880266075387,ungateable,,,0.7003880266075387,0.0,,
mi,108,version_30,0,stratified,20,46,5,0.6973392461197339,ungateable,,,0.6973392461197339,0.0,,
mi,108,version_30,0,stratified,50,42,12,0.7159416677053472,ok,1,0.7136981179110058,0.7136981179110058,-0.002243549794341382,0.7714285714285714,7
mi,108,version_30,0,stratified,50,43,12,0.7128256263243176,ok,1,0.6660850056088745,0.6660850056088745,-0.04674062071544305,0.7714285714285715,16
mi,108,version_30,0,stratified,50,44,12,0.696622211142964,ok,1,0.7159416677053471,0.7159416677053471,0.019319456562383097,0.7714285714285715,7
mi,108,version_30,0,stratified,50,45,12,0.7135734762557647,ok,1,0.7208026922597531,0.7208026922597531,0.0072292160039884035,0.8285714285714285,9
mi,108,version_30,0,stratified,50,46,12,0.7201794839835473,ok,0,0.7251028293655739,0.7201794839835473,0.0,0.7428571428571429,0
mi,108,version_30,0,stratified,100,42,25,0.7216228893058162,ok,1,0.6735459662288931,0.6735459662288931,-0.04807692307692313,0.7222222222222222,8
mi,108,version_30,0,stratified,100,43,25,0.7239681050656661,ok,1,0.700515947467167,0.700515947467167,-0.023452157598499057,0.7708333333333333,4
mi,108,version_30,0,stratified,100,44,25,0.6843339587242027,ok,1,0.6972326454033771,0.6972326454033771,0.012898686679174487,0.7083333333333334,0
mi,108,version_30,0,stratified,100,45,25,0.7106003752345217,ok,1,0.700281425891182,0.700281425891182,-0.010318949343339656,0.6466666666666667,16
mi,108,version_30,0,stratified,100,46,25,0.7429643527204504,ok,1,0.7612570356472795,0.7612570356472795,0.018292682926829174,0.72,14
mi,108,version_30,0,stratified,150,42,38,0.7602163461538461,ok,1,0.6574519230769231,0.6574519230769231,-0.10276442307692302,0.6811594202898551,18
mi,108,version_30,0,stratified,150,43,38,0.7121394230769231,ok,1,0.678485576923077,0.678485576923077,-0.033653846153846145,0.7681159420289855,4
mi,108,version_30,0,stratified,150,44,38,0.7427884615384616,ok,1,0.765625,0.765625,0.022836538461538436,0.6927536231884058,1
mi,108,version_30,0,stratified,150,45,38,0.7385817307692307,ok,1,0.75,0.75,0.011418269230769273,0.7565217391304347,5
mi,108,version_30,0,stratified,150,46,38,0.7662259615384616,ok,1,0.7794471153846153,0.7794471153846153,0.013221153846153744,0.7565217391304347,3
mi,108,version_30,0,stratified,200,42,50,0.8278388278388278,ok,1,0.6959706959706959,0.6959706959706959,-0.13186813186813184,0.8149405772495756,5
mi,108,version_30,0,stratified,200,43,50,0.6153846153846154,ok,1,0.5970695970695972,0.5970695970695972,-0.01831501831501825,0.6910016977928692,14
mi,108,version_30,0,stratified,200,44,50,0.7362637362637363,ok,1,0.73992673992674,0.73992673992674,0.00366300366300365,0.8081494057724957,30
mi,108,version_30,0,stratified,200,45,50,0.7106227106227107,ok,1,0.7985347985347986,0.7985347985347986,0.08791208791208793,0.7283531409168081,8
mi,108,version_30,0,stratified,200,46,50,0.706959706959707,ok,0,0.717948717948718,0.706959706959707,0.0,0.6893039049235993,0
mi,108,version_30,0,temporal_array,10,42,2,0.7111299195937367,ungateable,,,0.7111299195937367,0.0,,
mi,108,version_30,0,temporal_array,10,43,2,0.7111299195937367,ungateable,,,0.7111299195937367,0.0,,
mi,108,version_30,0,temporal_array,10,44,2,0.7111299195937367,ungateable,,,0.7111299195937367,0.0,,
mi,108,version_30,0,temporal_array,10,45,2,0.7111299195937367,ungateable,,,0.7111299195937367,0.0,,
mi,108,version_30,0,temporal_array,10,46,2,0.7111299195937367,ungateable,,,0.7111299195937367,0.0,,
mi,108,version_30,0,temporal_array,20,42,5,0.7126865671641791,ungateable,,,0.7126865671641791,0.0,,
mi,108,version_30,0,temporal_array,20,43,5,0.7126865671641791,ungateable,,,0.7126865671641791,0.0,,
mi,108,version_30,0,temporal_array,20,44,5,0.7126865671641791,ungateable,,,0.7126865671641791,0.0,,
mi,108,version_30,0,temporal_array,20,45,5,0.7126865671641791,ungateable,,,0.7126865671641791,0.0,,
mi,108,version_30,0,temporal_array,20,46,5,0.7126865671641791,ungateable,,,0.7126865671641791,0.0,,
mi,108,version_30,0,temporal_array,50,42,12,0.7381510416666667,ok,1,0.5450520833333333,0.5450520833333333,-0.19309895833333335,0.8611111111111112,21
mi,108,version_30,0,temporal_array,50,43,12,0.7381510416666667,ok,1,0.7440104166666667,0.7440104166666667,0.005859375,0.7777777777777778,2
mi,108,version_30,0,temporal_array,50,44,12,0.7381510416666667,ok,0,0.7434895833333334,0.7381510416666667,0.0,0.7222222222222223,0
mi,108,version_30,0,temporal_array,50,45,12,0.7381510416666667,ok,1,0.5977864583333333,0.5977864583333333,-0.14036458333333335,0.888888888888889,26
mi,108,version_30,0,temporal_array,50,46,12,0.7381510416666667,ok,1,0.6548177083333333,0.6548177083333333,-0.08333333333333337,0.9166666666666667,8
mi,108,version_30,0,temporal_array,100,42,25,0.8007127192982456,ok,1,0.618969298245614,0.618969298245614,-0.18174342105263164,0.8333333333333334,9
mi,108,version_30,0,temporal_array,100,43,25,0.8007127192982456,ok,1,0.6414473684210527,0.6414473684210527,-0.15926535087719296,0.7884615384615385,42
mi,108,version_30,0,temporal_array,100,44,25,0.8007127192982456,ok,1,0.7294407894736843,0.7294407894736843,-0.07127192982456132,0.6666666666666666,18
mi,108,version_30,0,temporal_array,100,45,25,0.8007127192982456,ok,1,0.6839364035087719,0.6839364035087719,-0.11677631578947367,0.673076923076923,29
mi,108,version_30,0,temporal_array,100,46,25,0.8007127192982456,ok,1,0.8141447368421053,0.8141447368421053,0.013432017543859698,0.5448717948717949,0
mi,108,version_30,0,temporal_array,150,42,38,0.8668981481481481,ok,1,0.6203703703703703,0.6203703703703703,-0.2465277777777778,0.7083333333333333,25
mi,108,version_30,0,temporal_array,150,43,38,0.8668981481481481,ok,1,0.6620370370370371,0.6620370370370371,-0.20486111111111105,0.7833333333333332,8
mi,108,version_30,0,temporal_array,150,44,38,0.8668981481481481,ok,1,0.6550925925925926,0.6550925925925926,-0.21180555555555558,0.6944444444444444,9
mi,108,version_30,0,temporal_array,150,45,38,0.8668981481481481,ok,1,0.6030092592592593,0.6030092592592593,-0.26388888888888884,0.6722222222222222,11
mi,108,version_30,0,temporal_array,150,46,38,0.8668981481481481,ok,1,0.6284722222222222,0.6284722222222222,-0.23842592592592593,0.6666666666666667,19
mi,108,version_30,17,stratified,10,42,2,0.5692618806875632,ungateable,,,0.5692618806875632,0.0,,
mi,108,version_30,17,stratified,10,43,2,0.5795416245365689,ungateable,,,0.5795416245365689,0.0,,
mi,108,version_30,17,stratified,10,44,2,0.5658914728682171,ungateable,,,0.5658914728682171,0.0,,
mi,108,version_30,17,stratified,10,45,2,0.5778564206268959,ungateable,,,0.5778564206268959,0.0,,
mi,108,version_30,17,stratified,10,46,2,0.572716548702393,ungateable,,,0.572716548702393,0.0,,
mi,108,version_30,17,stratified,20,42,5,0.5671655580192165,ungateable,,,0.5671655580192165,0.0,,
mi,108,version_30,17,stratified,20,43,5,0.5852734663710273,ungateable,,,0.5852734663710273,0.0,,
mi,108,version_30,17,stratified,20,44,5,0.5815779748706578,ungateable,,,0.5815779748706578,0.0,,
mi,108,version_30,17,stratified,20,45,5,0.5684589800443458,ungateable,,,0.5684589800443458,0.0,,
mi,108,version_30,17,stratified,20,46,5,0.5702143385070214,ungateable,,,0.5702143385070214,0.0,,
mi,108,version_30,17,stratified,50,42,12,0.5385765922971457,ok,1,0.5692384394864763,0.5692384394864763,0.030661847189330627,1.0,12
mi,108,version_30,17,stratified,50,43,12,0.5881839710831359,ok,1,0.6096223357846192,0.6096223357846192,0.021438364701483303,0.5714285714285714,8
mi,108,version_30,17,stratified,50,44,12,0.5374548173999751,ok,1,0.5501682662345756,0.5501682662345756,0.01271344883460046,0.9142857142857143,2
mi,108,version_30,17,stratified,50,45,12,0.5611367318957996,ok,0,0.5688645145207528,0.5611367318957996,0.0,0.6285714285714286,0
mi,108,version_30,17,stratified,50,46,12,0.5582699738252525,ok,1,0.611491960613237,0.611491960613237,0.05322198678798451,0.5428571428571428,12
mi,108,version_30,17,stratified,100,42,25,0.5192307692307692,ok,0,0.5321294559099438,0.5192307692307692,0.0,0.7361111111111112,0
mi,108,version_30,17,stratified,100,43,25,0.5710600375234521,ok,1,0.5642589118198874,0.5642589118198874,-0.0068011257035647255,0.8472222222222222,30
mi,108,version_30,17,stratified,100,44,25,0.5433864915572233,ok,1,0.6320356472795498,0.6320356472795498,0.08864915572232646,0.5416666666666666,6
mi,108,version_30,17,stratified,100,45,25,0.5492495309568481,ok,0,0.5619136960600375,0.5492495309568481,0.0,0.6266666666666667,0
mi,108,version_30,17,stratified,100,46,25,0.5820825515947468,ok,1,0.6303939962476548,0.6303939962476548,0.04831144465290804,0.64,5
mi,108,version_30,17,stratified,150,42,38,0.4651442307692307,ok,1,0.5679086538461539,0.5679086538461539,0.10276442307692313,0.5391304347826087,25
mi,108,version_30,17,stratified,150,43,38,0.5282451923076923,ok,0,0.5348557692307692,0.5282451923076923,0.0,0.5971014492753624,0
mi,108,version_30,17,stratified,150,44,38,0.5504807692307692,ok,1,0.6881009615384616,0.6881009615384616,0.1376201923076924,0.672463768115942,13
mi,108,version_30,17,stratified,150,45,38,0.5625,ok,1,0.6346153846153847,0.6346153846153847,0.07211538461538469,0.7130434782608696,9
mi,108,version_30,17,stratified,150,46,38,0.5552884615384615,ok,1,0.6526442307692307,0.6526442307692307,0.09735576923076927,0.7101449275362319,21
mi,108,version_30,17,stratified,200,42,50,0.5201465201465202,ok,1,0.8205128205128205,0.8205128205128205,0.3003663003663003,0.7113752122241086,28
mi,108,version_30,17,stratified,200,43,50,0.5604395604395604,ok,1,0.6593406593406593,0.6593406593406593,0.09890109890109888,0.6723259762308998,34
mi,108,version_30,17,stratified,200,44,50,0.5714285714285715,ok,0,0.63003663003663,0.5714285714285715,0.0,0.6129032258064516,0
mi,108,version_30,17,stratified,200,45,50,0.5714285714285715,ok,1,0.6886446886446886,0.6886446886446886,0.11721611721611713,0.7232597623089984,12
mi,108,version_30,17,stratified,200,46,50,0.5677655677655677,ok,1,0.63003663003663,0.63003663003663,0.06227106227106227,0.7521222410865874,16
mi,108,version_30,17,temporal_array,10,42,2,0.5635209479475244,ungateable,,,0.5635209479475244,0.0,,
mi,108,version_30,17,temporal_array,10,43,2,0.5635209479475244,ungateable,,,0.5635209479475244,0.0,,
mi,108,version_30,17,temporal_array,10,44,2,0.5635209479475244,ungateable,,,0.5635209479475244,0.0,,
mi,108,version_30,17,temporal_array,10,45,2,0.5635209479475244,ungateable,,,0.5635209479475244,0.0,,
mi,108,version_30,17,temporal_array,10,46,2,0.5635209479475244,ungateable,,,0.5635209479475244,0.0,,
mi,108,version_30,17,temporal_array,20,42,5,0.5743470149253731,ungateable,,,0.5743470149253731,0.0,,
mi,108,version_30,17,temporal_array,20,43,5,0.5743470149253731,ungateable,,,0.5743470149253731,0.0,,
mi,108,version_30,17,temporal_array,20,44,5,0.5743470149253731,ungateable,,,0.5743470149253731,0.0,,
mi,108,version_30,17,temporal_array,20,45,5,0.5743470149253731,ungateable,,,0.5743470149253731,0.0,,
mi,108,version_30,17,temporal_array,20,46,5,0.5743470149253731,ungateable,,,0.5743470149253731,0.0,,
mi,108,version_30,17,temporal_array,50,42,12,0.5942708333333333,ok,0,0.5967447916666667,0.5942708333333333,0.0,0.8611111111111112,0
mi,108,version_30,17,temporal_array,50,43,12,0.5942708333333333,ok,0,0.5932291666666667,0.5942708333333333,0.0,0.3888888888888889,0
mi,108,version_30,17,temporal_array,50,44,12,0.5942708333333333,ok,1,0.5951822916666667,0.5951822916666667,0.0009114583333333925,0.7222222222222223,1
mi,108,version_30,17,temporal_array,50,45,12,0.5942708333333333,ok,0,0.596875,0.5942708333333333,0.0,0.5555555555555556,0
mi,108,version_30,17,temporal_array,50,46,12,0.5942708333333333,ok,1,0.5815104166666668,0.5815104166666668,-0.012760416666666496,0.8333333333333334,8
mi,108,version_30,17,temporal_array,100,42,25,0.6058114035087719,ok,1,0.6255482456140351,0.6255482456140351,0.019736842105263164,0.7564102564102564,11
mi,108,version_30,17,temporal_array,100,43,25,0.6058114035087719,ok,1,0.6143092105263158,0.6143092105263158,0.008497807017543879,0.6153846153846154,18
mi,108,version_30,17,temporal_array,100,44,25,0.6058114035087719,ok,1,0.6433662280701754,0.6433662280701754,0.037554824561403466,0.7051282051282052,5
mi,108,version_30,17,temporal_array,100,45,25,0.6058114035087719,ok,1,0.5942982456140351,0.5942982456140351,-0.011513157894736836,0.6602564102564102,18
mi,108,version_30,17,temporal_array,100,46,25,0.6058114035087719,ok,0,0.6101973684210527,0.6058114035087719,0.0,0.6923076923076923,0
mi,108,version_30,17,temporal_array,150,42,38,0.6400462962962964,ok,1,0.7673611111111112,0.7673611111111112,0.12731481481481477,0.6833333333333333,19
mi,108,version_30,17,temporal_array,150,43,38,0.6400462962962964,ok,1,0.6597222222222223,0.6597222222222223,0.01967592592592593,0.6888888888888889,5
mi,108,version_30,17,temporal_array,150,44,38,0.6400462962962964,ok,1,0.6863425925925926,0.6863425925925926,0.04629629629629617,0.7222222222222222,1
mi,108,version_30,17,temporal_array,150,45,38,0.6400462962962964,ok,1,0.6331018518518519,0.6331018518518519,-0.006944444444444531,0.6222222222222222,8
mi,108,version_30,17,temporal_array,150,46,38,0.6400462962962964,ok,1,0.650462962962963,0.650462962962963,0.01041666666666663,0.6222222222222222,40
mi,108,version_41,0,stratified,10,42,2,0.6750084260195484,ungateable,,,0.6750084260195484,0.0,,
mi,108,version_41,0,stratified,10,43,2,0.678715874620829,ungateable,,,0.678715874620829,0.0,,
mi,108,version_41,0,stratified,10,44,2,0.6739973036737444,ungateable,,,0.6739973036737444,0.0,,
mi,108,version_41,0,stratified,10,45,2,0.6747556454330974,ungateable,,,0.6747556454330974,0.0,,
mi,108,version_41,0,stratified,10,46,2,0.687478934951129,ungateable,,,0.687478934951129,0.0,,
mi,108,version_41,0,stratified,20,42,5,0.6674057649667406,ungateable,,,0.6674057649667406,0.0,,
mi,108,version_41,0,stratified,20,43,5,0.6743348115299335,ungateable,,,0.6743348115299335,0.0,,
mi,108,version_41,0,stratified,20,44,5,0.6644493717664449,ungateable,,,0.6644493717664449,0.0,,
mi,108,version_41,0,stratified,20,45,5,0.6654656319290466,ungateable,,,0.6654656319290466,0.0,,
mi,108,version_41,0,stratified,20,46,5,0.6692535107169253,ungateable,,,0.6692535107169253,0.0,,
mi,108,version_41,0,stratified,50,42,12,0.6957497195562757,ok,1,0.6630936058830861,0.6630936058830861,-0.03265611367318966,0.8285714285714285,20
mi,108,version_41,0,stratified,50,43,12,0.6871494453446341,ok,1,0.6467655490464913,0.6467655490464913,-0.04038389629814276,0.8857142857142857,16
mi,108,version_41,0,stratified,50,44,12,0.6640907391250155,ok,1,0.6655864389879098,0.6655864389879098,0.0014956998628943285,0.7142857142857142,0
mi,108,version_41,0,stratified,50,45,12,0.6784245294777514,ok,1,0.6882712202418049,0.6882712202418049,0.009846690764053423,0.8571428571428572,6
mi,108,version_41,0,stratified,50,46,12,0.6857783871369811,ok,0,0.6890190701732519,0.6857783871369811,0.0,0.7999999999999999,0
mi,108,version_41,0,stratified,100,42,25,0.7190431519699813,ok,1,0.6557223264540337,0.6557223264540337,-0.06332082551594753,0.6666666666666667,13
mi,108,version_41,0,stratified,100,43,25,0.7129455909943715,ok,0,0.7141181988742964,0.7129455909943715,0.0,0.736111111111111,0
mi,108,version_41,0,stratified,100,44,25,0.6618198874296436,ok,0,0.6615853658536586,0.6618198874296436,0.0,0.7152777777777778,0
mi,108,version_41,0,stratified,100,45,25,0.6808161350844277,ok,0,0.6763602251407129,0.6808161350844277,0.0,0.5333333333333333,0
mi,108,version_41,0,stratified,100,46,25,0.7110694183864916,ok,1,0.7373358348968104,0.7373358348968104,0.026266416510318802,0.6333333333333333,41
mi,108,version_41,0,stratified,150,42,38,0.7596153846153846,ok,1,0.7019230769230769,0.7019230769230769,-0.05769230769230771,0.6550724637681159,32
mi,108,version_41,0,stratified,150,43,38,0.6929086538461537,ok,1,0.6959134615384616,0.6959134615384616,0.0030048076923078204,0.7536231884057971,14
mi,108,version_41,0,stratified,150,44,38,0.7061298076923077,ok,1,0.7067307692307692,0.7067307692307692,0.0006009615384614531,0.663768115942029,0
mi,108,version_41,0,stratified,150,45,38,0.7445913461538463,ok,1,0.6850961538461539,0.6850961538461539,-0.0594951923076924,0.736231884057971,8
mi,108,version_41,0,stratified,150,46,38,0.7139423076923077,ok,1,0.7397836538461537,0.7397836538461537,0.025841346153846034,0.6869565217391305,11
mi,108,version_41,0,stratified,200,42,50,0.7802197802197801,ok,0,0.7582417582417582,0.7802197802197801,0.0,0.7707979626485568,2
mi,108,version_41,0,stratified,200,43,50,0.6117216117216117,ok,1,0.5934065934065934,0.5934065934065934,-0.01831501831501825,0.6298811544991512,14
mi,108,version_41,0,stratified,200,44,50,0.7216117216117216,ok,1,0.7582417582417582,0.7582417582417582,0.03663003663003661,0.7707979626485568,38
mi,108,version_41,0,stratified,200,45,50,0.7106227106227107,ok,1,0.7252747252747253,0.7252747252747253,0.0146520146520146,0.7181663837011885,4
mi,108,version_41,0,stratified,200,46,50,0.6923076923076923,ok,0,0.6776556776556777,0.6923076923076923,0.0,0.6095076400679117,0
mi,108,version_41,0,temporal_array,10,42,2,0.690562843842573,ungateable,,,0.690562843842573,0.0,,
mi,108,version_41,0,temporal_array,10,43,2,0.690562843842573,ungateable,,,0.690562843842573,0.0,,
mi,108,version_41,0,temporal_array,10,44,2,0.690562843842573,ungateable,,,0.690562843842573,0.0,,
mi,108,version_41,0,temporal_array,10,45,2,0.690562843842573,ungateable,,,0.690562843842573,0.0,,
mi,108,version_41,0,temporal_array,10,46,2,0.690562843842573,ungateable,,,0.690562843842573,0.0,,
mi,108,version_41,0,temporal_array,20,42,5,0.6943097014925372,ungateable,,,0.6943097014925372,0.0,,
mi,108,version_41,0,temporal_array,20,43,5,0.6943097014925372,ungateable,,,0.6943097014925372,0.0,,
mi,108,version_41,0,temporal_array,20,44,5,0.6943097014925372,ungateable,,,0.6943097014925372,0.0,,
mi,108,version_41,0,temporal_array,20,45,5,0.6943097014925372,ungateable,,,0.6943097014925372,0.0,,
mi,108,version_41,0,temporal_array,20,46,5,0.6943097014925372,ungateable,,,0.6943097014925372,0.0,,
mi,108,version_41,0,temporal_array,50,42,12,0.721484375,ok,1,0.5764322916666667,0.5764322916666667,-0.1450520833333333,0.75,12
mi,108,version_41,0,temporal_array,50,43,12,0.721484375,ok,1,0.6628906250000001,0.6628906250000001,-0.05859374999999989,0.6944444444444444,5
mi,108,version_41,0,temporal_array,50,44,12,0.721484375,ok,1,0.5828125,0.5828125,-0.138671875,0.75,9
mi,108,version_41,0,temporal_array,50,45,12,0.721484375,ok,1,0.6197916666666666,0.6197916666666666,-0.10169270833333333,0.8055555555555555,8
mi,108,version_41,0,temporal_array,50,46,12,0.721484375,ok,1,0.5643229166666667,0.5643229166666667,-0.15716145833333328,0.8611111111111112,18
mi,108,version_41,0,temporal_array,100,42,25,0.7768640350877193,ok,1,0.5531798245614035,0.5531798245614035,-0.22368421052631582,0.717948717948718,12
mi,108,version_41,0,temporal_array,100,43,25,0.7768640350877193,ok,1,0.6417214912280701,0.6417214912280701,-0.1351425438596492,0.7051282051282052,20
mi,108,version_41,0,temporal_array,100,44,25,0.7768640350877193,ok,1,0.6581688596491229,0.6581688596491229,-0.11869517543859642,0.641025641025641,7
mi,108,version_41,0,temporal_array,100,45,25,0.7768640350877193,ok,1,0.6211622807017544,0.6211622807017544,-0.1557017543859649,0.6282051282051282,69
mi,108,version_41,0,temporal_array,100,46,25,0.7768640350877193,ok,0,0.7801535087719298,0.7768640350877193,0.0,0.4743589743589744,0
mi,108,version_41,0,temporal_array,150,42,38,0.8738425925925926,ok,1,0.5219907407407407,0.5219907407407407,-0.35185185185185186,0.6361111111111112,35
mi,108,version_41,0,temporal_array,150,43,38,0.8738425925925926,ok,1,0.5462962962962963,0.5462962962962963,-0.3275462962962963,0.7083333333333334,44
mi,108,version_41,0,temporal_array,150,44,38,0.8738425925925926,ok,1,0.5173611111111112,0.5173611111111112,-0.3564814814814814,0.6166666666666667,14
mi,108,version_41,0,temporal_array,150,45,38,0.8738425925925926,ok,1,0.5173611111111112,0.5173611111111112,-0.3564814814814814,0.6361111111111111,9
mi,108,version_41,0,temporal_array,150,46,38,0.8738425925925926,ok,1,0.5393518518518519,0.5393518518518519,-0.3344907407407407,0.6027777777777777,12
mi,108,version_41,17,stratified,10,42,2,0.5267947421638018,ungateable,,,0.5267947421638018,0.0,,
mi,108,version_41,17,stratified,10,43,2,0.5350522413211998,ungateable,,,0.5350522413211998,0.0,,
mi,108,version_41,17,stratified,10,44,2,0.5163464779238288,ungateable,,,0.5163464779238288,0.0,,
mi,108,version_41,17,stratified,10,45,2,0.5364004044489383,ungateable,,,0.5364004044489383,0.0,,
mi,108,version_41,17,stratified,10,46,2,0.5376643073811932,ungateable,,,0.5376643073811932,0.0,,
mi,108,version_41,17,stratified,20,42,5,0.5236511456023651,ungateable,,,0.5236511456023651,0.0,,
mi,108,version_41,17,stratified,20,43,5,0.5485033259423504,ungateable,,,0.5485033259423504,0.0,,
mi,108,version_41,17,stratified,20,44,5,0.5291019955654103,ungateable,,,0.5291019955654103,0.0,,
mi,108,version_41,17,stratified,20,45,5,0.5342756836659276,ungateable,,,0.5342756836659276,0.0,,
mi,108,version_41,17,stratified,20,46,5,0.5333518107908352,ungateable,,,0.5333518107908352,0.0,,
mi,108,version_41,17,stratified,50,42,12,0.49034027171880834,ok,1,0.4892184968216378,0.4892184968216378,-0.0011217748971705244,0.7428571428571429,18
mi,108,version_41,17,stratified,50,43,12,0.5499189829240932,ok,1,0.5969088869500186,0.5969088869500186,0.0469899040259254,0.5142857142857142,17
mi,108,version_41,17,stratified,50,44,12,0.4999376791723794,ok,1,0.5319705845693631,0.5319705845693631,0.03203290539698367,0.7714285714285715,24
mi,108,version_41,17,stratified,50,45,12,0.519506419045245,ok,0,0.5251152935310981,0.519506419045245,0.0,0.6285714285714287,0
mi,108,version_41,17,stratified,50,46,12,0.5278574099464041,ok,1,0.6085005608874486,0.6085005608874486,0.08064315094104457,0.5714285714285714,42
mi,108,version_41,17,stratified,100,42,25,0.4645872420262664,ok,1,0.4974202626641651,0.4974202626641651,0.032833020637898724,0.75,4
mi,108,version_41,17,stratified,100,43,25,0.5396341463414634,ok,1,0.5776266416510318,0.5776266416510318,0.037992495309568386,0.6319444444444444,20
mi,108,version_41,17,stratified,100,44,25,0.50093808630394,ok,1,0.6181988742964353,0.6181988742964353,0.11726078799249529,0.4861111111111111,6
mi,108,version_41,17,stratified,100,45,25,0.4899155722326454,ok,0,0.5004690431519699,0.4899155722326454,0.0,0.7066666666666668,0
mi,108,version_41,17,stratified,100,46,25,0.5635553470919324,ok,1,0.5902908067542214,0.5902908067542214,0.026735459662288963,0.6799999999999999,4
mi,108,version_41,17,stratified,150,42,38,0.41947115384615385,ok,1,0.4813701923076923,0.4813701923076923,0.061899038461538436,0.518840579710145,7
mi,108,version_41,17,stratified,150,43,38,0.5042067307692307,ok,1,0.5697115384615384,0.5697115384615384,0.06550480769230771,0.463768115942029,4
mi,108,version_41,17,stratified,150,44,38,0.5072115384615384,ok,1,0.6628605769230769,0.6628605769230769,0.15564903846153844,0.6376811594202899,12
mi,108,version_41,17,stratified,150,45,38,0.5330528846153846,ok,1,0.6304086538461539,0.6304086538461539,0.09735576923076927,0.6144927536231883,52
mi,108,version_41,17,stratified,150,46,38,0.5192307692307693,ok,1,0.6580528846153846,0.6580528846153846,0.1388221153846153,0.7420289855072464,27
mi,108,version_41,17,stratified,200,42,50,0.37362637362637363,ok,1,0.5860805860805861,0.5860805860805861,0.21245421245421248,0.6468590831918506,2
mi,108,version_41,17,stratified,200,43,50,0.4798534798534799,ok,1,0.6007326007326008,0.6007326007326008,0.1208791208791209,0.6876061120543293,7
mi,108,version_41,17,stratified,200,44,50,0.5347985347985348,ok,0,0.6373626373626374,0.5347985347985348,0.0,0.6078098471986417,0
mi,108,version_41,17,stratified,200,45,50,0.5457875457875458,ok,1,0.6666666666666666,0.6666666666666666,0.12087912087912078,0.6757215619694397,22
mi,108,version_41,17,stratified,200,46,50,0.5860805860805861,ok,1,0.63003663003663,0.63003663003663,0.04395604395604391,0.6587436332767402,10
mi,108,version_41,17,temporal_array,10,42,2,0.5272958104104952,ungateable,,,0.5272958104104952,0.0,,
mi,108,version_41,17,temporal_array,10,43,2,0.5272958104104952,ungateable,,,0.5272958104104952,0.0,,
mi,108,version_41,17,temporal_array,10,44,2,0.5272958104104952,ungateable,,,0.5272958104104952,0.0,,
mi,108,version_41,17,temporal_array,10,45,2,0.5272958104104952,ungateable,,,0.5272958104104952,0.0,,
mi,108,version_41,17,temporal_array,10,46,2,0.5272958104104952,ungateable,,,0.5272958104104952,0.0,,
mi,108,version_41,17,temporal_array,20,42,5,0.5372201492537314,ungateable,,,0.5372201492537314,0.0,,
mi,108,version_41,17,temporal_array,20,43,5,0.5372201492537314,ungateable,,,0.5372201492537314,0.0,,
mi,108,version_41,17,temporal_array,20,44,5,0.5372201492537314,ungateable,,,0.5372201492537314,0.0,,
mi,108,version_41,17,temporal_array,20,45,5,0.5372201492537314,ungateable,,,0.5372201492537314,0.0,,
mi,108,version_41,17,temporal_array,20,46,5,0.5372201492537314,ungateable,,,0.5372201492537314,0.0,,
mi,108,version_41,17,temporal_array,50,42,12,0.5434895833333333,ok,0,0.5708333333333333,0.5434895833333333,0.0,0.7777777777777778,2
mi,108,version_41,17,temporal_array,50,43,12,0.5434895833333333,ok,1,0.5708333333333333,0.5708333333333333,0.02734375,0.5,6
mi,108,version_41,17,temporal_array,50,44,12,0.5434895833333333,ok,1,0.5276041666666667,0.5276041666666667,-0.015885416666666652,0.5277777777777778,27
mi,108,version_41,17,temporal_array,50,45,12,0.5434895833333333,ok,0,0.5752604166666667,0.5434895833333333,0.0,0.75,4
mi,108,version_41,17,temporal_array,50,46,12,0.5434895833333333,ok,1,0.59140625,0.59140625,0.04791666666666672,0.7777777777777778,11
mi,108,version_41,17,temporal_array,100,42,25,0.5183662280701754,ok,1,0.578125,0.578125,0.059758771929824595,0.6987179487179488,22
mi,108,version_41,17,temporal_array,100,43,25,0.5183662280701754,ok,1,0.5926535087719298,0.5926535087719298,0.07428728070175439,0.6474358974358975,13
mi,108,version_41,17,temporal_array,100,44,25,0.5183662280701754,ok,1,0.5783991228070176,0.5783991228070176,0.060032894736842146,0.5705128205128205,5
mi,108,version_41,17,temporal_array,100,45,25,0.5183662280701754,ok,1,0.5411184210526316,0.5411184210526316,0.022752192982456232,0.5833333333333333,0
mi,108,version_41,17,temporal_array,100,46,25,0.5183662280701754,ok,1,0.5446820175438596,0.5446820175438596,0.02631578947368418,0.6794871794871795,1
mi,108,version_41,17,temporal_array,150,42,38,0.46759259259259256,ok,1,0.5416666666666667,0.5416666666666667,0.07407407407407418,0.6305555555555555,4
mi,108,version_41,17,temporal_array,150,43,38,0.46759259259259256,ok,1,0.5358796296296297,0.5358796296296297,0.06828703703703709,0.6083333333333334,10
mi,108,version_41,17,temporal_array,150,44,38,0.46759259259259256,ok,0,0.5671296296296297,0.46759259259259256,0.0,0.6416666666666667,3
mi,108,version_41,17,temporal_array,150,45,38,0.46759259259259256,ok,1,0.5474537037037037,0.5474537037037037,0.07986111111111116,0.5027777777777778,8
mi,108,version_41,17,temporal_array,150,46,38,0.46759259259259256,ok,1,0.5706018518518517,0.5706018518518517,0.10300925925925919,0.5361111111111111,3
mi,109,version_27,0,stratified,10,42,2,0.6224300640377485,ungateable,,,0.6224300640377485,0.0,,
mi,109,version_27,0,stratified,10,43,2,0.6252949106841929,ungateable,,,0.6252949106841929,0.0,,
mi,109,version_27,0,stratified,10,44,2,0.6234411863835524,ungateable,,,0.6234411863835524,0.0,,
mi,109,version_27,0,stratified,10,45,2,0.627906976744186,ungateable,,,0.627906976744186,0.0,,
mi,109,version_27,0,stratified,10,46,2,0.6255476912706438,ungateable,,,0.6255476912706438,0.0,,
mi,109,version_27,0,stratified,20,42,5,0.6212121212121211,ungateable,,,0.6212121212121211,0.0,,
mi,109,version_27,0,stratified,20,43,5,0.6376570583887659,ungateable,,,0.6376570583887659,0.0,,
mi,109,version_27,0,stratified,20,44,5,0.6128972653362897,ungateable,,,0.6128972653362897,0.0,,
mi,109,version_27,0,stratified,20,45,5,0.6308203991130821,ungateable,,,0.6308203991130821,0.0,,
mi,109,version_27,0,stratified,20,46,5,0.6206577974870657,ungateable,,,0.6206577974870657,0.0,,
mi,109,version_27,0,stratified,50,42,12,0.6103701857160664,ok,0,0.6133615854418547,0.6103701857160664,0.0,0.5428571428571428,0
mi,109,version_27,0,stratified,50,43,12,0.6275707341393494,ok,1,0.5424404836096223,0.5424404836096223,-0.08513025052972711,0.7142857142857143,29
mi,109,version_27,0,stratified,50,44,12,0.6213386513772903,ok,0,0.6242054094478375,0.6213386513772903,0.0,0.5428571428571429,0
mi,109,version_27,0,stratified,50,45,12,0.6239561261373552,ok,1,0.6119905272342017,0.6119905272342017,-0.011965598903153518,0.5428571428571429,7
mi,109,version_27,0,stratified,50,46,12,0.6356724417300263,ok,1,0.6370434999376792,0.6370434999376792,0.00137105820765282,0.6571428571428571,14
mi,109,version_27,0,stratified,100,42,25,0.6306285178236398,ok,1,0.6318011257035647,0.6318011257035647,0.001172607879924903,0.4861111111111111,23
mi,109,version_27,0,stratified,100,43,25,0.626641651031895,ok,0,0.6341463414634146,0.626641651031895,0.0,0.5138888888888888,0
mi,109,version_27,0,stratified,100,44,25,0.6318011257035647,ok,0,0.6334427767354597,0.6318011257035647,0.0,0.5625,0
mi,109,version_27,0,stratified,100,45,25,0.6320356472795498,ok,1,0.6343808630393997,0.6343808630393997,0.002345215759849917,0.6066666666666667,10
mi,109,version_27,0,stratified,100,46,25,0.6273452157598499,ok,1,0.6029549718574109,0.6029549718574109,-0.024390243902439046,0.68,4
mi,109,version_27,0,stratified,150,42,38,0.5985576923076923,ok,1,0.5775240384615384,0.5775240384615384,-0.021033653846153855,0.6202898550724638,21
mi,109,version_27,0,stratified,150,43,38,0.6376201923076923,ok,1,0.6207932692307693,0.6207932692307693,-0.016826923076923017,0.6434782608695653,6
mi,109,version_27,0,stratified,150,44,38,0.6586538461538463,ok,1,0.6586538461538461,0.6586538461538461,-1.1102230246251565e-16,0.5478260869565218,5
mi,109,version_27,0,stratified,150,45,38,0.6292067307692307,ok,1,0.640625,0.640625,0.011418269230769273,0.6144927536231884,2
mi,109,version_27,0,stratified,150,46,38,0.6508413461538463,ok,1,0.6508413461538461,0.6508413461538461,-1.1102230246251565e-16,0.7217391304347825,1
mi,109,version_27,0,stratified,200,42,50,0.6190476190476191,ok,1,0.5897435897435898,0.5897435897435898,-0.02930402930402931,0.7147707979626485,3
mi,109,version_27,0,stratified,200,43,50,0.5934065934065935,ok,1,0.6117216117216118,0.6117216117216118,0.01831501831501825,0.633276740237691,6
mi,109,version_27,0,stratified,200,44,50,0.6446886446886447,ok,1,0.6446886446886447,0.6446886446886447,0.0,0.6689303904923599,0
mi,109,version_27,0,stratified,200,45,50,0.6703296703296703,ok,1,0.6666666666666667,0.6666666666666667,-0.003663003663003539,0.6400679117147708,9
mi,109,version_27,0,stratified,200,46,50,0.6410256410256411,ok,1,0.6080586080586081,0.6080586080586081,-0.03296703296703296,0.6502546689303905,4
mi,109,version_27,0,temporal_array,10,42,2,0.6476512907321201,ungateable,,,0.6476512907321201,0.0,,
mi,109,version_27,0,temporal_array,10,43,2,0.6476512907321201,ungateable,,,0.6476512907321201,0.0,,
mi,109,version_27,0,temporal_array,10,44,2,0.6476512907321201,ungateable,,,0.6476512907321201,0.0,,
mi,109,version_27,0,temporal_array,10,45,2,0.6476512907321201,ungateable,,,0.6476512907321201,0.0,,
mi,109,version_27,0,temporal_array,10,46,2,0.6476512907321201,ungateable,,,0.6476512907321201,0.0,,
mi,109,version_27,0,temporal_array,20,42,5,0.6369402985074627,ungateable,,,0.6369402985074627,0.0,,
mi,109,version_27,0,temporal_array,20,43,5,0.6369402985074627,ungateable,,,0.6369402985074627,0.0,,
mi,109,version_27,0,temporal_array,20,44,5,0.6369402985074627,ungateable,,,0.6369402985074627,0.0,,
mi,109,version_27,0,temporal_array,20,45,5,0.6369402985074627,ungateable,,,0.6369402985074627,0.0,,
mi,109,version_27,0,temporal_array,20,46,5,0.6369402985074627,ungateable,,,0.6369402985074627,0.0,,
mi,109,version_27,0,temporal_array,50,42,12,0.653515625,ok,1,0.5890625,0.5890625,-0.064453125,0.7222222222222223,19
mi,109,version_27,0,temporal_array,50,43,12,0.653515625,ok,0,0.6455729166666667,0.653515625,0.0,0.4444444444444444,4
mi,109,version_27,0,temporal_array,50,44,12,0.653515625,ok,1,0.5774739583333334,0.5774739583333334,-0.07604166666666667,0.75,24
mi,109,version_27,0,temporal_array,50,45,12,0.653515625,ok,1,0.563671875,0.563671875,-0.08984375,0.5555555555555556,29
mi,109,version_27,0,temporal_array,50,46,12,0.653515625,ok,1,0.6026041666666667,0.6026041666666667,-0.050911458333333326,0.8333333333333333,15
mi,109,version_27,0,temporal_array,100,42,25,0.6811951754385964,ok,1,0.4682017543859649,0.4682017543859649,-0.21299342105263153,0.8141025641025641,38
mi,109,version_27,0,temporal_array,100,43,25,0.6811951754385964,ok,1,0.5457785087719298,0.5457785087719298,-0.13541666666666663,0.6666666666666666,23
mi,109,version_27,0,temporal_array,100,44,25,0.6811951754385964,ok,1,0.6770833333333334,0.6770833333333334,-0.004111842105263053,0.6153846153846154,0
mi,109,version_27,0,temporal_array,100,45,25,0.6811951754385964,ok,1,0.6419956140350876,0.6419956140350876,-0.039199561403508776,0.532051282051282,5
mi,109,version_27,0,temporal_array,100,46,25,0.6811951754385964,ok,1,0.5567434210526316,0.5567434210526316,-0.12445175438596479,0.7692307692307692,10
mi,109,version_27,0,temporal_array,150,42,38,0.71875,ok,0,0.7141203703703703,0.71875,0.0,0.5916666666666667,0
mi,109,version_27,0,temporal_array,150,43,38,0.71875,ok,1,0.6782407407407408,0.6782407407407408,-0.04050925925925919,0.5916666666666667,7
mi,109,version_27,0,temporal_array,150,44,38,0.71875,ok,1,0.7013888888888888,0.7013888888888888,-0.01736111111111116,0.5944444444444444,6
mi,109,version_27,0,temporal_array,150,45,38,0.71875,ok,1,0.5625,0.5625,-0.15625,0.4694444444444445,52
mi,109,version_27,0,temporal_array,150,46,38,0.71875,ok,1,0.5833333333333333,0.5833333333333333,-0.13541666666666674,0.5638888888888889,29
mi,109,version_27,17,stratified,10,42,2,0.5395180316818335,ungateable,,,0.5395180316818335,0.0,,
mi,109,version_27,17,stratified,10,43,2,0.537917087967644,ungateable,,,0.537917087967644,0.0,,
mi,109,version_27,17,stratified,10,44,2,0.5372430064037749,ungateable,,,0.5372430064037749,0.0,,
mi,109,version_27,17,stratified,10,45,2,0.5358948432760364,ungateable,,,0.5358948432760364,0.0,,
mi,109,version_27,17,stratified,10,46,2,0.5278901247050893,ungateable,,,0.5278901247050893,0.0,,
mi,109,version_27,17,stratified,20,42,5,0.5501662971175166,ungateable,,,0.5501662971175166,0.0,,
mi,109,version_27,17,stratified,20,43,5,0.5192165558019216,ungateable,,,0.5192165558019216,0.0,,
mi,109,version_27,17,stratified,20,44,5,0.5387102734663711,ungateable,,,0.5387102734663711,0.0,,
mi,109,version_27,17,stratified,20,45,5,0.5481337767923133,ungateable,,,0.5481337767923133,0.0,,
mi,109,version_27,17,stratified,20,46,5,0.5199556541019955,ungateable,,,0.5199556541019955,0.0,,
mi,109,version_27,17,stratified,50,42,12,0.5428144085753459,ok,0,0.5375794590552163,0.5428144085753459,0.0,0.34285714285714286,0
mi,109,version_27,17,stratified,50,43,12,0.5146453944908389,ok,0,0.5130250529727035,0.5146453944908389,0.0,0.6000000000000001,0
mi,109,version_27,17,stratified,50,44,12,0.5540321575470522,ok,1,0.554530724168017,0.554530724168017,0.0004985666209648132,0.5714285714285714,0
mi,109,version_27,17,stratified,50,45,12,0.5355851925713574,ok,0,0.5340894927084632,0.5355851925713574,0.0,0.34285714285714286,2
mi,109,version_27,17,stratified,50,46,12,0.5663716814159292,ok,1,0.5664963230711704,0.5664963230711704,0.00012464165524117554,0.37142857142857144,0
mi,109,version_27,17,stratified,100,42,25,0.5452626641651032,ok,1,0.5436210131332082,0.5436210131332082,-0.0016416510318949529,0.4791666666666667,0
mi,109,version_27,17,stratified,100,43,25,0.5107879924953096,ok,0,0.5093808630393997,0.5107879924953096,0.0,0.4652777777777778,1
mi,109,version_27,17,stratified,100,44,25,0.5654315196998123,ok,0,0.5649624765478425,0.5654315196998123,0.0,0.5208333333333333,0
mi,109,version_27,17,stratified,100,45,25,0.5426829268292683,ok,0,0.5408067542213884,0.5426829268292683,0.0,0.5133333333333333,1
mi,109,version_27,17,stratified,100,46,25,0.5154784240150093,ok,0,0.5143058161350844,0.5154784240150093,0.0,0.7333333333333333,0
mi,109,version_27,17,stratified,150,42,38,0.548076923076923,ok,1,0.38882211538461536,0.38882211538461536,-0.15925480769230765,0.5594202898550724,87
mi,109,version_27,17,stratified,150,43,38,0.5246394230769231,ok,1,0.5030048076923077,0.5030048076923077,-0.02163461538461542,0.47246376811594204,47
mi,109,version_27,17,stratified,150,44,38,0.4639423076923077,ok,1,0.46334134615384615,0.46334134615384615,-0.0006009615384615641,0.6,0
mi,109,version_27,17,stratified,150,45,38,0.5378605769230769,ok,0,0.5330528846153846,0.5378605769230769,0.0,0.5768115942028986,0
mi,109,version_27,17,stratified,150,46,38,0.5180288461538461,ok,0,0.5240384615384616,0.5180288461538461,0.0,0.5536231884057972,2
mi,109,version_27,17,stratified,200,42,50,0.4285714285714286,ok,0,0.4285714285714286,0.4285714285714286,0.0,0.45500848896434637,0
mi,109,version_27,17,stratified,200,43,50,0.31868131868131866,ok,1,0.28571428571428575,0.28571428571428575,-0.032967032967032905,0.6179966044142615,1
mi,109,version_27,17,stratified,200,44,50,0.5128205128205129,ok,0,0.5018315018315018,0.5128205128205129,0.0,0.38030560271646857,0
mi,109,version_27,17,stratified,200,45,50,0.575091575091575,ok,0,0.5567765567765568,0.575091575091575,0.0,0.5755517826825127,0
mi,109,version_27,17,stratified,200,46,50,0.44322344322344326,ok,1,0.4212454212454213,0.4212454212454213,-0.021978021978021955,0.5755517826825127,6
mi,109,version_27,17,temporal_array,10,42,2,0.5444773592890394,ungateable,,,0.5444773592890394,0.0,,
mi,109,version_27,17,temporal_array,10,43,2,0.5444773592890394,ungateable,,,0.5444773592890394,0.0,,
mi,109,version_27,17,temporal_array,10,44,2,0.5444773592890394,ungateable,,,0.5444773592890394,0.0,,
mi,109,version_27,17,temporal_array,10,45,2,0.5444773592890394,ungateable,,,0.5444773592890394,0.0,,
mi,109,version_27,17,temporal_array,10,46,2,0.5444773592890394,ungateable,,,0.5444773592890394,0.0,,
mi,109,version_27,17,temporal_array,20,42,5,0.5462686567164179,ungateable,,,0.5462686567164179,0.0,,
mi,109,version_27,17,temporal_array,20,43,5,0.5462686567164179,ungateable,,,0.5462686567164179,0.0,,
mi,109,version_27,17,temporal_array,20,44,5,0.5462686567164179,ungateable,,,0.5462686567164179,0.0,,
mi,109,version_27,17,temporal_array,20,45,5,0.5462686567164179,ungateable,,,0.5462686567164179,0.0,,
mi,109,version_27,17,temporal_array,20,46,5,0.5462686567164179,ungateable,,,0.5462686567164179,0.0,,
mi,109,version_27,17,temporal_array,50,42,12,0.5153645833333333,ok,1,0.4669270833333333,0.4669270833333333,-0.04843750000000002,0.7777777777777778,16
mi,109,version_27,17,temporal_array,50,43,12,0.5153645833333333,ok,0,0.5067708333333334,0.5153645833333333,0.0,0.6944444444444444,0
mi,109,version_27,17,temporal_array,50,44,12,0.5153645833333333,ok,1,0.4880208333333334,0.4880208333333334,-0.027343749999999944,0.8055555555555556,6
mi,109,version_27,17,temporal_array,50,45,12,0.5153645833333333,ok,0,0.511328125,0.5153645833333333,0.0,0.5833333333333334,0
mi,109,version_27,17,temporal_array,50,46,12,0.5153645833333333,ok,0,0.5110677083333334,0.5153645833333333,0.0,0.75,0
mi,109,version_27,17,temporal_array,100,42,25,0.5707236842105263,ok,1,0.4624451754385965,0.4624451754385965,-0.10827850877192985,0.7820512820512819,46
mi,109,version_27,17,temporal_array,100,43,25,0.5707236842105263,ok,0,0.5608552631578947,0.5707236842105263,0.0,0.5833333333333334,0
mi,109,version_27,17,temporal_array,100,44,25,0.5707236842105263,ok,0,0.5644188596491228,0.5707236842105263,0.0,0.6410256410256411,0
mi,109,version_27,17,temporal_array,100,45,25,0.5707236842105263,ok,1,0.5677083333333333,0.5677083333333333,-0.003015350877193068,0.5064102564102564,1
mi,109,version_27,17,temporal_array,100,46,25,0.5707236842105263,ok,1,0.5400219298245614,0.5400219298245614,-0.030701754385964897,0.4871794871794872,7
mi,109,version_27,17,temporal_array,150,42,38,0.5324074074074074,ok,1,0.48032407407407407,0.48032407407407407,-0.05208333333333337,0.6527777777777779,8
mi,109,version_27,17,temporal_array,150,43,38,0.5324074074074074,ok,0,0.5358796296296297,0.5324074074074074,0.0,0.5222222222222223,0
mi,109,version_27,17,temporal_array,150,44,38,0.5324074074074074,ok,1,0.4317129629629629,0.4317129629629629,-0.10069444444444453,0.5166666666666667,26
mi,109,version_27,17,temporal_array,150,45,38,0.5324074074074074,ok,1,0.5335648148148149,0.5335648148148149,0.0011574074074074403,0.4583333333333333,0
mi,109,version_27,17,temporal_array,150,46,38,0.5324074074074074,ok,1,0.5243055555555556,0.5243055555555556,-0.00810185185185186,0.45833333333333337,4
mi,109,version_28,0,stratified,10,42,2,0.5668183350185373,ungateable,,,0.5668183350185373,0.0,,
mi,109,version_28,0,stratified,10,43,2,0.572716548702393,ungateable,,,0.572716548702393,0.0,,
mi,109,version_28,0,stratified,10,44,2,0.5690091001011123,ungateable,,,0.5690091001011123,0.0,,
mi,109,version_28,0,stratified,10,45,2,0.5658914728682171,ungateable,,,0.5658914728682171,0.0,,
mi,109,version_28,0,stratified,10,46,2,0.5728850690933603,ungateable,,,0.5728850690933603,0.0,,
mi,109,version_28,0,stratified,20,42,5,0.5671655580192165,ungateable,,,0.5671655580192165,0.0,,
mi,109,version_28,0,stratified,20,43,5,0.5873983739837398,ungateable,,,0.5873983739837398,0.0,,
mi,109,version_28,0,stratified,20,44,5,0.5713229859571323,ungateable,,,0.5713229859571323,0.0,,
mi,109,version_28,0,stratified,20,45,5,0.5668883961566888,ungateable,,,0.5668883961566888,0.0,,
mi,109,version_28,0,stratified,20,46,5,0.563470066518847,ungateable,,,0.563470066518847,0.0,,
mi,109,version_28,0,stratified,50,42,12,0.5673688146578586,ok,0,0.563504923345382,0.5673688146578586,0.0,0.6000000000000001,0
mi,109,version_28,0,stratified,50,43,12,0.5790851302505297,ok,1,0.567618097968341,0.567618097968341,-0.011467032282188705,0.7142857142857143,6
mi,109,version_28,0,stratified,50,44,12,0.5708587810046117,ok,0,0.5693630811417176,0.5708587810046117,0.0,0.5714285714285714,0
mi,109,version_28,0,stratified,50,45,12,0.5526610993393992,ok,1,0.5789604885952885,0.5789604885952885,0.02629938925588926,0.5714285714285714,7
mi,109,version_28,0,stratified,50,46,12,0.5838215131496947,ok,1,0.5635049233453819,0.5635049233453819,-0.020316589804312724,0.5142857142857142,6
mi,109,version_28,0,stratified,100,42,25,0.6085834896810507,ok,1,0.6092870544090057,0.6092870544090057,0.0007035647279549639,0.375,2
mi,109,version_28,0,stratified,100,43,25,0.5973264540337712,ok,1,0.5677767354596623,0.5677767354596623,-0.02954971857410882,0.47916666666666663,3
mi,109,version_28,0,stratified,100,44,25,0.5884146341463414,ok,0,0.5933395872420263,0.5884146341463414,0.0,0.4930555555555555,1
mi,109,version_28,0,stratified,100,45,25,0.5445590994371483,ok,1,0.5382270168855535,0.5382270168855535,-0.0063320825515947865,0.54,16
mi,109,version_28,0,stratified,100,46,25,0.5827861163227017,ok,1,0.5347091932457786,0.5347091932457786,-0.04807692307692313,0.6266666666666667,8
mi,109,version_28,0,stratified,150,42,38,0.5787259615384616,ok,1,0.5366586538461537,0.5366586538461537,-0.04206730769230782,0.663768115942029,17
mi,109,version_28,0,stratified,150,43,38,0.6003605769230769,ok,0,0.5853365384615384,0.6003605769230769,0.0,0.5420289855072464,0
mi,109,version_28,0,stratified,150,44,38,0.6069711538461537,ok,1,0.5997596153846154,0.5997596153846154,-0.007211538461538325,0.5536231884057972,16
mi,109,version_28,0,stratified,150,45,38,0.5474759615384616,ok,1,0.5450721153846154,0.5450721153846154,-0.0024038461538461453,0.5652173913043479,1
mi,109,version_28,0,stratified,150,46,38,0.6159855769230769,ok,1,0.546875,0.546875,-0.06911057692307687,0.7043478260869565,47
mi,109,version_28,0,stratified,200,42,50,0.5860805860805861,ok,0,0.5567765567765568,0.5860805860805861,0.0,0.7215619694397283,0
mi,109,version_28,0,stratified,200,43,50,0.5641025641025642,ok,1,0.6117216117216118,0.6117216117216118,0.04761904761904756,0.568760611205433,1
mi,109,version_28,0,stratified,200,44,50,0.6520146520146519,ok,0,0.6666666666666666,0.6520146520146519,0.0,0.5059422750424448,0
mi,109,version_28,0,stratified,200,45,50,0.6117216117216118,ok,1,0.5970695970695971,0.5970695970695971,-0.014652014652014711,0.533106960950764,9
mi,109,version_28,0,stratified,200,46,50,0.5421245421245422,ok,1,0.4908424908424909,0.4908424908424909,-0.05128205128205132,0.6179966044142614,12
mi,109,version_28,0,temporal_array,10,42,2,0.581125687685146,ungateable,,,0.581125687685146,0.0,,
mi,109,version_28,0,temporal_array,10,43,2,0.581125687685146,ungateable,,,0.581125687685146,0.0,,
mi,109,version_28,0,temporal_array,10,44,2,0.581125687685146,ungateable,,,0.581125687685146,0.0,,
mi,109,version_28,0,temporal_array,10,45,2,0.581125687685146,ungateable,,,0.581125687685146,0.0,,
mi,109,version_28,0,temporal_array,10,46,2,0.581125687685146,ungateable,,,0.581125687685146,0.0,,
mi,109,version_28,0,temporal_array,20,42,5,0.5745335820895523,ungateable,,,0.5745335820895523,0.0,,
mi,109,version_28,0,temporal_array,20,43,5,0.5745335820895523,ungateable,,,0.5745335820895523,0.0,,
mi,109,version_28,0,temporal_array,20,44,5,0.5745335820895523,ungateable,,,0.5745335820895523,0.0,,
mi,109,version_28,0,temporal_array,20,45,5,0.5745335820895523,ungateable,,,0.5745335820895523,0.0,,
mi,109,version_28,0,temporal_array,20,46,5,0.5745335820895523,ungateable,,,0.5745335820895523,0.0,,
mi,109,version_28,0,temporal_array,50,42,12,0.591015625,ok,1,0.5325520833333334,0.5325520833333334,-0.058463541666666674,0.6388888888888888,18
mi,109,version_28,0,temporal_array,50,43,12,0.591015625,ok,1,0.591796875,0.591796875,0.0007812499999999556,0.4444444444444445,0
mi,109,version_28,0,temporal_array,50,44,12,0.591015625,ok,1,0.4924479166666667,0.4924479166666667,-0.09856770833333334,0.6111111111111112,27
mi,109,version_28,0,temporal_array,50,45,12,0.591015625,ok,1,0.49843750000000003,0.49843750000000003,-0.09257812500000001,0.6111111111111112,25
mi,109,version_28,0,temporal_array,50,46,12,0.591015625,ok,1,0.5584635416666667,0.5584635416666667,-0.03255208333333337,0.8333333333333334,8
mi,109,version_28,0,temporal_array,100,42,25,0.6214364035087719,ok,1,0.4638157894736842,0.4638157894736842,-0.15762061403508776,0.8012820512820514,18
mi,109,version_28,0,temporal_array,100,43,25,0.6214364035087719,ok,1,0.45723684210526316,0.45723684210526316,-0.16419956140350878,0.6538461538461539,19
mi,109,version_28,0,temporal_array,100,44,25,0.6214364035087719,ok,1,0.5457785087719298,0.5457785087719298,-0.07565789473684215,0.608974358974359,5
mi,109,version_28,0,temporal_array,100,45,25,0.6214364035087719,ok,1,0.41748903508771923,0.41748903508771923,-0.2039473684210527,0.6730769230769231,51
mi,109,version_28,0,temporal_array,100,46,25,0.6214364035087719,ok,1,0.5191885964912281,0.5191885964912281,-0.10224780701754388,0.7884615384615384,8
mi,109,version_28,0,temporal_array,150,42,38,0.7129629629629629,ok,0,0.6516203703703705,0.7129629629629629,0.0,0.5888888888888889,6
mi,109,version_28,0,temporal_array,150,43,38,0.7129629629629629,ok,1,0.6458333333333334,0.6458333333333334,-0.06712962962962954,0.6166666666666666,10
mi,109,version_28,0,temporal_array,150,44,38,0.7129629629629629,ok,1,0.6284722222222222,0.6284722222222222,-0.0844907407407407,0.6888888888888889,12
mi,109,version_28,0,temporal_array,150,45,38,0.7129629629629629,ok,0,0.6875,0.7129629629629629,0.0,0.4166666666666667,1
mi,109,version_28,0,temporal_array,150,46,38,0.7129629629629629,ok,1,0.6041666666666666,0.6041666666666666,-0.10879629629629628,0.4916666666666667,16
mi,109,version_28,17,stratified,10,42,2,0.5062352544657903,ungateable,,,0.5062352544657903,0.0,,
mi,109,version_28,17,stratified,10,43,2,0.5147455342096394,ungateable,,,0.5147455342096394,0.0,,
mi,109,version_28,17,stratified,10,44,2,0.5047185709470846,ungateable,,,0.5047185709470846,0.0,,
mi,109,version_28,17,stratified,10,45,2,0.5107010448264241,ungateable,,,0.5107010448264241,0.0,,
mi,109,version_28,17,stratified,10,46,2,0.5005898213683857,ungateable,,,0.5005898213683857,0.0,,
mi,109,version_28,17,stratified,20,42,5,0.5051736881005173,ungateable,,,0.5051736881005173,0.0,,
mi,109,version_28,17,stratified,20,43,5,0.5025868440502587,ungateable,,,0.5025868440502587,0.0,,
mi,109,version_28,17,stratified,20,44,5,0.5,ungateable,,,0.5,0.0,,
mi,109,version_28,17,stratified,20,45,5,0.5237435328898743,ungateable,,,0.5237435328898743,0.0,,
mi,109,version_28,17,stratified,20,46,5,0.4954730229120473,ungateable,,,0.4954730229120473,0.0,,
mi,109,version_28,17,stratified,50,42,12,0.48784743861398483,ok,1,0.48535460550916115,0.48535460550916115,-0.0024928331048236774,0.6,18
mi,109,version_28,17,stratified,50,43,12,0.4947027296522498,ok,1,0.5004362457933441,0.5004362457933441,0.005733516141094297,0.7428571428571429,22
mi,109,version_28,17,stratified,50,44,12,0.521625327184345,ok,1,0.5213760438738626,0.5213760438738626,-0.0002492833104823511,0.6,0
mi,109,version_28,17,stratified,50,45,12,0.5110307864888445,ok,1,0.5198803440109685,0.5198803440109685,0.008849557522124019,0.5142857142857143,14
mi,109,version_28,17,stratified,50,46,12,0.5135236195936682,ok,1,0.5200049856662097,0.5200049856662097,0.006481366072541461,0.34285714285714286,8
mi,109,version_28,17,stratified,100,42,25,0.5239212007504691,ok,0,0.524390243902439,0.5239212007504691,0.0,0.3611111111111111,0
mi,109,version_28,17,stratified,100,43,25,0.5046904315196998,ok,1,0.5337711069418387,0.5337711069418387,0.02908067542213888,0.6041666666666667,39
mi,109,version_28,17,stratified,100,44,25,0.5213414634146342,ok,1,0.5211069418386491,0.5211069418386491,-0.000234521575985025,0.4375,2
mi,109,version_28,17,stratified,100,45,25,0.5128986866791744,ok,1,0.5150093808630394,0.5150093808630394,0.002110694183865003,0.6466666666666667,18
mi,109,version_28,17,stratified,100,46,25,0.4462945590994371,ok,1,0.4469981238273921,0.4469981238273921,0.0007035647279550195,0.72,0
mi,109,version_28,17,stratified,150,42,38,0.49158653846153844,ok,1,0.4741586538461539,0.4741586538461539,-0.017427884615384526,0.6144927536231884,44
mi,109,version_28,17,stratified,150,43,38,0.48137019230769224,ok,1,0.5402644230769231,0.5402644230769231,0.05889423076923089,0.5768115942028986,38
mi,109,version_28,17,stratified,150,44,38,0.4699519230769231,ok,1,0.600360576923077,0.600360576923077,0.1304086538461539,0.6260869565217392,23
mi,109,version_28,17,stratified,150,45,38,0.4140625,ok,0,0.4188701923076923,0.4140625,0.0,0.5768115942028985,0
mi,109,version_28,17,stratified,150,46,38,0.43028846153846156,ok,1,0.4308894230769231,0.4308894230769231,0.0006009615384615086,0.5333333333333333,5
mi,109,version_28,17,stratified,200,42,50,0.35897435897435903,ok,0,0.3772893772893773,0.35897435897435903,0.0,0.5127334465195246,0
mi,109,version_28,17,stratified,200,43,50,0.2710622710622711,ok,1,0.27472527472527475,0.27472527472527475,0.00366300366300365,0.5925297113752122,3
mi,109,version_28,17,stratified,200,44,50,0.4652014652014652,ok,1,0.5384615384615384,0.5384615384615384,0.07326007326007322,0.5721561969439728,27
mi,109,version_28,17,stratified,200,45,50,0.5201465201465202,ok,1,0.5384615384615385,0.5384615384615385,0.01831501831501836,0.5789473684210525,1
mi,109,version_28,17,stratified,200,46,50,0.402930402930403,ok,1,0.4249084249084249,0.4249084249084249,0.0219780219780219,0.5823429541595926,16
mi,109,version_28,17,temporal_array,10,42,2,0.49818027930596703,ungateable,,,0.49818027930596703,0.0,,
mi,109,version_28,17,temporal_array,10,43,2,0.49818027930596703,ungateable,,,0.49818027930596703,0.0,,
mi,109,version_28,17,temporal_array,10,44,2,0.49818027930596703,ungateable,,,0.49818027930596703,0.0,,
mi,109,version_28,17,temporal_array,10,45,2,0.49818027930596703,ungateable,,,0.49818027930596703,0.0,,
mi,109,version_28,17,temporal_array,10,46,2,0.49818027930596703,ungateable,,,0.49818027930596703,0.0,,
mi,109,version_28,17,temporal_array,20,42,5,0.4865671641791045,ungateable,,,0.4865671641791045,0.0,,
mi,109,version_28,17,temporal_array,20,43,5,0.4865671641791045,ungateable,,,0.4865671641791045,0.0,,
mi,109,version_28,17,temporal_array,20,44,5,0.4865671641791045,ungateable,,,0.4865671641791045,0.0,,
mi,109,version_28,17,temporal_array,20,45,5,0.4865671641791045,ungateable,,,0.4865671641791045,0.0,,
mi,109,version_28,17,temporal_array,20,46,5,0.4865671641791045,ungateable,,,0.4865671641791045,0.0,,
mi,109,version_28,17,temporal_array,50,42,12,0.48151041666666666,ok,1,0.4782552083333334,0.4782552083333334,-0.0032552083333332593,0.6944444444444444,0
mi,109,version_28,17,temporal_array,50,43,12,0.48151041666666666,ok,0,0.48828124999999994,0.48151041666666666,0.0,0.5277777777777778,13
mi,109,version_28,17,temporal_array,50,44,12,0.48151041666666666,ok,0,0.47734374999999996,0.48151041666666666,0.0,0.638888888888889,0
mi,109,version_28,17,temporal_array,50,45,12,0.48151041666666666,ok,0,0.48177083333333337,0.48151041666666666,0.0,0.3333333333333333,0
mi,109,version_28,17,temporal_array,50,46,12,0.48151041666666666,ok,0,0.4786458333333333,0.48151041666666666,0.0,0.6666666666666666,0
mi,109,version_28,17,temporal_array,100,42,25,0.5307017543859649,ok,1,0.5381030701754386,0.5381030701754386,0.0074013157894736725,0.6153846153846154,20
mi,109,version_28,17,temporal_array,100,43,25,0.5307017543859649,ok,1,0.5205592105263158,0.5205592105263158,-0.010142543859649078,0.44871794871794873,2
mi,109,version_28,17,temporal_array,100,44,25,0.5307017543859649,ok,1,0.5238486842105263,0.5238486842105263,-0.006853070175438569,0.4423076923076923,1
mi,109,version_28,17,temporal_array,100,45,25,0.5307017543859649,ok,1,0.5249451754385964,0.5249451754385964,-0.005756578947368474,0.4358974358974359,0
mi,109,version_28,17,temporal_array,100,46,25,0.5307017543859649,ok,0,0.5257675438596491,0.5307017543859649,0.0,0.5512820512820513,0
mi,109,version_28,17,temporal_array,150,42,38,0.42824074074074076,ok,0,0.40856481481481477,0.42824074074074076,0.0,0.6166666666666667,0
mi,109,version_28,17,temporal_array,150,43,38,0.42824074074074076,ok,0,0.4201388888888889,0.42824074074074076,0.0,0.5333333333333333,0
mi,109,version_28,17,temporal_array,150,44,38,0.42824074074074076,ok,1,0.45949074074074076,0.45949074074074076,0.03125,0.5638888888888889,39
mi,109,version_28,17,temporal_array,150,45,38,0.42824074074074076,ok,0,0.4282407407407407,0.42824074074074076,0.0,0.44722222222222224,0
mi,109,version_28,17,temporal_array,150,46,38,0.42824074074074076,ok,1,0.46064814814814814,0.46064814814814814,0.032407407407407385,0.4916666666666667,28
mi,109,version_29,0,stratified,10,42,2,0.5932760364004045,ungateable,,,0.5932760364004045,0.0,,
mi,109,version_29,0,stratified,10,43,2,0.6044826423997304,ungateable,,,0.6044826423997304,0.0,,
mi,109,version_29,0,stratified,10,44,2,0.594118638355241,ungateable,,,0.594118638355241,0.0,,
mi,109,version_29,0,stratified,10,45,2,0.5931917762049208,ungateable,,,0.5931917762049208,0.0,,
mi,109,version_29,0,stratified,10,46,2,0.5923491742500843,ungateable,,,0.5923491742500843,0.0,,
mi,109,version_29,0,stratified,20,42,5,0.588229859571323,ungateable,,,0.588229859571323,0.0,,
mi,109,version_29,0,stratified,20,43,5,0.6271249076127126,ungateable,,,0.6271249076127126,0.0,,
mi,109,version_29,0,stratified,20,44,5,0.591371027346637,ungateable,,,0.591371027346637,0.0,,
mi,109,version_29,0,stratified,20,45,5,0.5895232815964524,ungateable,,,0.5895232815964524,0.0,,
mi,109,version_29,0,stratified,20,46,5,0.5909090909090909,ungateable,,,0.5909090909090909,0.0,,
mi,109,version_29,0,stratified,50,42,12,0.5844447214259005,ok,1,0.5768415804561884,0.5768415804561884,-0.007603140969712152,0.8571428571428572,34
mi,109,version_29,0,stratified,50,43,12,0.6143587186837841,ok,1,0.5793344135610121,0.5793344135610121,-0.03502430512277199,0.4571428571428572,7
mi,109,version_29,0,stratified,50,44,12,0.5848186463916241,ok,0,0.590178237566995,0.5848186463916241,0.0,0.5142857142857142,4
mi,109,version_29,0,stratified,50,45,12,0.5924217873613362,ok,1,0.6085005608874485,0.6085005608874485,0.01607877352611231,0.7142857142857143,17
mi,109,version_29,0,stratified,50,46,12,0.6113673189579958,ok,1,0.6131123021313722,0.6131123021313722,0.0017449831733764576,0.45714285714285713,4
mi,109,version_29,0,stratified,100,42,25,0.6043621013133208,ok,1,0.6095215759849906,0.6095215759849906,0.005159474671669773,0.4722222222222222,44
mi,109,version_29,0,stratified,100,43,25,0.6486866791744841,ok,1,0.5560506566604128,0.5560506566604128,-0.09263602251407133,0.5972222222222222,59
mi,109,version_29,0,stratified,100,44,25,0.5931050656660413,ok,0,0.5865384615384616,0.5931050656660413,0.0,0.625,0
mi,109,version_29,0,stratified,100,45,25,0.6064727954971857,ok,0,0.6024859287054409,0.6064727954971857,0.0,0.58,0
mi,109,version_29,0,stratified,100,46,25,0.6043621013133208,ok,1,0.5924015009380863,0.5924015009380863,-0.011960600375234498,0.6933333333333334,10
mi,109,version_29,0,stratified,150,42,38,0.6141826923076923,ok,1,0.5763221153846154,0.5763221153846154,-0.03786057692307687,0.6434782608695652,34
mi,109,version_29,0,stratified,150,43,38,0.6466346153846153,ok,1,0.5486778846153847,0.5486778846153847,-0.09795673076923062,0.6492753623188405,46
mi,109,version_29,0,stratified,150,44,38,0.5901442307692308,ok,1,0.6286057692307693,0.6286057692307693,0.038461538461538436,0.5623188405797102,18
mi,109,version_29,0,stratified,150,45,38,0.5841346153846154,ok,1,0.5811298076923077,0.5811298076923077,-0.0030048076923077094,0.5072463768115942,5
mi,109,version_29,0,stratified,150,46,38,0.6286057692307692,ok,0,0.6268028846153846,0.6286057692307692,0.0,0.6840579710144927,0
mi,109,version_29,0,stratified,200,42,50,0.5641025641025641,ok,1,0.5311355311355311,0.5311355311355311,-0.03296703296703296,0.7334465195246179,11
mi,109,version_29,0,stratified,200,43,50,0.6153846153846154,ok,1,0.7692307692307693,0.7692307692307693,0.15384615384615385,0.5348047538200339,13
mi,109,version_29,0,stratified,200,44,50,0.5018315018315018,ok,1,0.6080586080586081,0.6080586080586081,0.1062271062271063,0.631578947368421,9
mi,109,version_29,0,stratified,200,45,50,0.652014652014652,ok,0,0.6483516483516484,0.652014652014652,0.0,0.5755517826825127,0
mi,109,version_29,0,stratified,200,46,50,0.6153846153846154,ok,1,0.6080586080586081,0.6080586080586081,-0.0073260073260073,0.6264855687606112,0
mi,109,version_29,0,temporal_array,10,42,2,0.6067710537452391,ungateable,,,0.6067710537452391,0.0,,
mi,109,version_29,0,temporal_array,10,43,2,0.6067710537452391,ungateable,,,0.6067710537452391,0.0,,
mi,109,version_29,0,temporal_array,10,44,2,0.6067710537452391,ungateable,,,0.6067710537452391,0.0,,
mi,109,version_29,0,temporal_array,10,45,2,0.6067710537452391,ungateable,,,0.6067710537452391,0.0,,
mi,109,version_29,0,temporal_array,10,46,2,0.6067710537452391,ungateable,,,0.6067710537452391,0.0,,
mi,109,version_29,0,temporal_array,20,42,5,0.5958955223880598,ungateable,,,0.5958955223880598,0.0,,
mi,109,version_29,0,temporal_array,20,43,5,0.5958955223880598,ungateable,,,0.5958955223880598,0.0,,
mi,109,version_29,0,temporal_array,20,44,5,0.5958955223880598,ungateable,,,0.5958955223880598,0.0,,
mi,109,version_29,0,temporal_array,20,45,5,0.5958955223880598,ungateable,,,0.5958955223880598,0.0,,
mi,109,version_29,0,temporal_array,20,46,5,0.5958955223880598,ungateable,,,0.5958955223880598,0.0,,
mi,109,version_29,0,temporal_array,50,42,12,0.6184895833333333,ok,1,0.6430989583333333,0.6430989583333333,0.024609375000000044,0.6111111111111112,10
mi,109,version_29,0,temporal_array,50,43,12,0.6184895833333333,ok,1,0.6283854166666666,0.6283854166666666,0.009895833333333326,0.3888888888888889,3
mi,109,version_29,0,temporal_array,50,44,12,0.6184895833333333,ok,1,0.5940104166666668,0.5940104166666668,-0.024479166666666496,0.6111111111111112,52
mi,109,version_29,0,temporal_array,50,45,12,0.6184895833333333,ok,1,0.612890625,0.612890625,-0.005598958333333237,0.4444444444444445,17
mi,109,version_29,0,temporal_array,50,46,12,0.6184895833333333,ok,1,0.5936197916666667,0.5936197916666667,-0.024869791666666585,0.8333333333333333,28
mi,109,version_29,0,temporal_array,100,42,25,0.5995065789473684,ok,1,0.5175438596491229,0.5175438596491229,-0.0819627192982455,0.6666666666666667,20
mi,109,version_29,0,temporal_array,100,43,25,0.5995065789473684,ok,1,0.5866228070175439,0.5866228070175439,-0.012883771929824483,0.5641025641025641,16
mi,109,version_29,0,temporal_array,100,44,25,0.5995065789473684,ok,1,0.5932017543859649,0.5932017543859649,-0.006304824561403466,0.6474358974358975,0
mi,109,version_29,0,temporal_array,100,45,25,0.5995065789473684,ok,1,0.5838815789473684,0.5838815789473684,-0.015625,0.576923076923077,8
mi,109,version_29,0,temporal_array,100,46,25,0.5995065789473684,ok,1,0.5910087719298245,0.5910087719298245,-0.008497807017543879,0.75,3
mi,109,version_29,0,temporal_array,150,42,38,0.611111111111111,ok,1,0.5972222222222222,0.5972222222222222,-0.01388888888888884,0.6777777777777778,4
mi,109,version_29,0,temporal_array,150,43,38,0.611111111111111,ok,1,0.5949074074074074,0.5949074074074074,-0.01620370370370361,0.688888888888889,8
mi,109,version_29,0,temporal_array,150,44,38,0.611111111111111,ok,1,0.59375,0.59375,-0.01736111111111105,0.6138888888888889,10
mi,109,version_29,0,temporal_array,150,45,38,0.611111111111111,ok,1,0.6215277777777777,0.6215277777777777,0.01041666666666663,0.5499999999999999,1
mi,109,version_29,0,temporal_array,150,46,38,0.611111111111111,ok,1,0.5636574074074074,0.5636574074074074,-0.04745370370370361,0.6277777777777778,32
mi,109,version_29,17,stratified,10,42,2,0.5811425682507584,ungateable,,,0.5811425682507584,0.0,,
mi,109,version_29,17,stratified,10,43,2,0.5768452982810921,ungateable,,,0.5768452982810921,0.0,,
mi,109,version_29,17,stratified,10,44,2,0.5655544320862824,ungateable,,,0.5655544320862824,0.0,,
mi,109,version_29,17,stratified,10,45,2,0.5778564206268959,ungateable,,,0.5778564206268959,0.0,,
mi,109,version_29,17,stratified,10,46,2,0.5672396359959555,ungateable,,,0.5672396359959555,0.0,,
mi,109,version_29,17,stratified,20,42,5,0.585550628233555,ungateable,,,0.585550628233555,0.0,,
mi,109,version_29,17,stratified,20,43,5,0.566611234294161,ungateable,,,0.566611234294161,0.0,,
mi,109,version_29,17,stratified,20,44,5,0.5592202512934221,ungateable,,,0.5592202512934221,0.0,,
mi,109,version_29,17,stratified,20,45,5,0.584349593495935,ungateable,,,0.584349593495935,0.0,,
mi,109,version_29,17,stratified,20,46,5,0.5675351071692535,ungateable,,,0.5675351071692535,0.0,,
mi,109,version_29,17,stratified,50,42,12,0.55590178237567,ok,1,0.5454318833354107,0.5454318833354107,-0.0104698990402593,0.6000000000000001,13
mi,109,version_29,17,stratified,50,43,12,0.5623831484482114,ok,1,0.5568989156175994,0.5568989156175994,-0.005484232830611946,0.7142857142857143,8
mi,109,version_29,17,stratified,50,44,12,0.5738501807304002,ok,1,0.5605135236195936,0.5605135236195936,-0.01333665711080656,0.6571428571428571,15
mi,109,version_29,17,stratified,50,45,12,0.562757073413935,ok,0,0.5642527732768291,0.562757073413935,0.0,0.48571428571428577,0
mi,109,version_29,17,stratified,50,46,12,0.6035148946778014,ok,0,0.5814533217001122,0.6035148946778014,0.0,0.2285714285714286,6
mi,109,version_29,17,stratified,100,42,25,0.5114915572232646,ok,1,0.5408067542213884,0.5408067542213884,0.029315196998123794,0.6388888888888888,14
mi,109,version_29,17,stratified,100,43,25,0.5558161350844277,ok,1,0.5940431519699813,0.5940431519699813,0.03822701688555352,0.5208333333333333,50
mi,109,version_29,17,stratified,100,44,25,0.5947467166979362,ok,0,0.5961538461538461,0.5947467166979362,0.0,0.4236111111111111,0
mi,109,version_29,17,stratified,100,45,25,0.5546435272045028,ok,1,0.5309568480300187,0.5309568480300187,-0.023686679174484082,0.8866666666666667,13
mi,109,version_29,17,stratified,100,46,25,0.5642589118198874,ok,1,0.5213414634146342,0.5213414634146342,-0.042917448405253245,0.8133333333333334,19
mi,109,version_29,17,stratified,150,42,38,0.4909855769230769,ok,1,0.4717548076923077,0.4717548076923077,-0.019230769230769218,0.7391304347826088,19
mi,109,version_29,17,stratified,150,43,38,0.563701923076923,ok,1,0.5745192307692306,0.5745192307692306,0.010817307692307598,0.7159420289855073,40
mi,109,version_29,17,stratified,150,44,38,0.4963942307692308,ok,1,0.5054086538461539,0.5054086538461539,0.009014423076923073,0.7391304347826086,1
mi,109,version_29,17,stratified,150,45,38,0.46875000000000006,ok,0,0.45612980769230765,0.46875000000000006,0.0,0.6521739130434783,0
mi,109,version_29,17,stratified,150,46,38,0.5432692307692307,ok,1,0.5264423076923077,0.5264423076923077,-0.016826923076923017,0.7478260869565218,52
mi,109,version_29,17,stratified,200,42,50,0.37728937728937734,ok,1,0.4835164835164836,0.4835164835164836,0.10622710622710624,0.597623089983022,30
mi,109,version_29,17,stratified,200,43,50,0.5128205128205128,ok,0,0.5421245421245422,0.5128205128205128,0.0,0.6502546689303905,3
mi,109,version_29,17,stratified,200,44,50,0.5054945054945055,ok,0,0.6483516483516484,0.5054945054945055,0.0,0.5806451612903225,13
mi,109,version_29,17,stratified,200,45,50,0.5567765567765568,ok,0,0.5311355311355311,0.5567765567765568,0.0,0.6502546689303904,0
mi,109,version_29,17,stratified,200,46,50,0.5494505494505495,ok,1,0.5750915750915752,0.5750915750915752,0.02564102564102566,0.7181663837011885,12
mi,109,version_29,17,temporal_array,10,42,2,0.5694456199746085,ungateable,,,0.5694456199746085,0.0,,
mi,109,version_29,17,temporal_array,10,43,2,0.5694456199746085,ungateable,,,0.5694456199746085,0.0,,
mi,109,version_29,17,temporal_array,10,44,2,0.5694456199746085,ungateable,,,0.5694456199746085,0.0,,
mi,109,version_29,17,temporal_array,10,45,2,0.5694456199746085,ungateable,,,0.5694456199746085,0.0,,
mi,109,version_29,17,temporal_array,10,46,2,0.5694456199746085,ungateable,,,0.5694456199746085,0.0,,
mi,109,version_29,17,temporal_array,20,42,5,0.5699626865671642,ungateable,,,0.5699626865671642,0.0,,
mi,109,version_29,17,temporal_array,20,43,5,0.5699626865671642,ungateable,,,0.5699626865671642,0.0,,
mi,109,version_29,17,temporal_array,20,44,5,0.5699626865671642,ungateable,,,0.5699626865671642,0.0,,
mi,109,version_29,17,temporal_array,20,45,5,0.5699626865671642,ungateable,,,0.5699626865671642,0.0,,
mi,109,version_29,17,temporal_array,20,46,5,0.5699626865671642,ungateable,,,0.5699626865671642,0.0,,
mi,109,version_29,17,temporal_array,50,42,12,0.5466145833333333,ok,1,0.5302083333333333,0.5302083333333333,-0.016406250000000067,0.8333333333333335,26
mi,109,version_29,17,temporal_array,50,43,12,0.5466145833333333,ok,0,0.5397135416666666,0.5466145833333333,0.0,0.6388888888888888,0
mi,109,version_29,17,temporal_array,50,44,12,0.5466145833333333,ok,0,0.540234375,0.5466145833333333,0.0,0.6944444444444444,0
mi,109,version_29,17,temporal_array,50,45,12,0.5466145833333333,ok,0,0.5446614583333333,0.5466145833333333,0.0,0.5277777777777777,0
mi,109,version_29,17,temporal_array,50,46,12,0.5466145833333333,ok,0,0.5419270833333334,0.5466145833333333,0.0,0.75,0
mi,109,version_29,17,temporal_array,100,42,25,0.5899122807017543,ok,1,0.6186951754385965,0.6186951754385965,0.028782894736842257,0.6538461538461539,27
mi,109,version_29,17,temporal_array,100,43,25,0.5899122807017543,ok,1,0.5951206140350876,0.5951206140350876,0.00520833333333337,0.6025641025641025,21
mi,109,version_29,17,temporal_array,100,44,25,0.5899122807017543,ok,1,0.5858004385964912,0.5858004385964912,-0.004111842105263053,0.6538461538461539,2
mi,109,version_29,17,temporal_array,100,45,25,0.5899122807017543,ok,0,0.5844298245614035,0.5899122807017543,0.0,0.5897435897435898,0
mi,109,version_29,17,temporal_array,100,46,25,0.5899122807017543,ok,1,0.6041666666666666,0.6041666666666666,0.014254385964912353,0.6666666666666667,22
mi,109,version_29,17,temporal_array,150,42,38,0.5497685185185185,ok,0,0.5474537037037037,0.5497685185185185,0.0,0.6388888888888888,0
mi,109,version_29,17,temporal_array,150,43,38,0.5497685185185185,ok,0,0.5474537037037037,0.5497685185185185,0.0,0.5416666666666667,0
mi,109,version_29,17,temporal_array,150,44,38,0.5497685185185185,ok,1,0.5324074074074074,0.5324074074074074,-0.01736111111111105,0.6333333333333333,16
mi,109,version_29,17,temporal_array,150,45,38,0.5497685185185185,ok,0,0.5428240740740741,0.5497685185185185,0.0,0.5111111111111111,0
mi,109,version_29,17,temporal_array,150,46,38,0.5497685185185185,ok,1,0.5983796296296297,0.5983796296296297,0.04861111111111116,0.563888888888889,57
mi,109,version_30,0,stratified,10,42,2,0.6042298618132793,ungateable,,,0.6042298618132793,0.0,,
mi,109,version_30,0,stratified,10,43,2,0.608948432760364,ungateable,,,0.608948432760364,0.0,,
mi,109,version_30,0,stratified,10,44,2,0.6087799123693967,ungateable,,,0.6087799123693967,0.0,,
mi,109,version_30,0,stratified,10,45,2,0.6088641725648803,ungateable,,,0.6088641725648803,0.0,,
mi,109,version_30,0,stratified,10,46,2,0.6006066734074823,ungateable,,,0.6006066734074823,0.0,,
mi,109,version_30,0,stratified,20,42,5,0.5992239467849224,ungateable,,,0.5992239467849224,0.0,,
mi,109,version_30,0,stratified,20,43,5,0.6253695491500371,ungateable,,,0.6253695491500371,0.0,,
mi,109,version_30,0,stratified,20,44,5,0.6019955654101995,ungateable,,,0.6019955654101995,0.0,,
mi,109,version_30,0,stratified,20,45,5,0.6080931263858093,ungateable,,,0.6080931263858093,0.0,,
mi,109,version_30,0,stratified,20,46,5,0.5988543976348853,ungateable,,,0.5988543976348853,0.0,,
mi,109,version_30,0,stratified,50,42,12,0.5874361211516889,ok,1,0.5667456063816527,0.5667456063816527,-0.02069051477003614,0.8,16
mi,109,version_30,0,stratified,50,43,12,0.6138601520628194,ok,1,0.5780879970086003,0.5780879970086003,-0.03577215505421916,0.5142857142857142,8
mi,109,version_30,0,stratified,50,44,12,0.6003988532967718,ok,1,0.6031409697120779,0.6031409697120779,0.002742116415306084,0.6857142857142857,1
mi,109,version_30,0,stratified,50,45,12,0.6047613112302131,ok,1,0.6068802193693132,0.6068802193693132,0.0021189081391000952,0.8,0
mi,109,version_30,0,stratified,50,46,12,0.5952885454318834,ok,1,0.5820765299763181,0.5820765299763181,-0.013212015455565274,0.8285714285714286,8
mi,109,version_30,0,stratified,100,42,25,0.6031894934333958,ok,1,0.5776266416510318,0.5776266416510318,-0.02556285178236395,0.5902777777777778,46
mi,109,version_30,0,stratified,100,43,25,0.6343808630393997,ok,1,0.599202626641651,0.599202626641651,-0.03517823639774864,0.5625,38
mi,109,version_30,0,stratified,100,44,25,0.6116322701688556,ok,0,0.6167917448405253,0.6116322701688556,0.0,0.5486111111111112,0
mi,109,version_30,0,stratified,100,45,25,0.5881801125703565,ok,1,0.5963883677298311,0.5963883677298311,0.008208255159474542,0.6266666666666666,3
mi,109,version_30,0,stratified,100,46,25,0.5954502814258912,ok,1,0.5612101313320825,0.5612101313320825,-0.03424015009380865,0.8,8
mi,109,version_30,0,stratified,150,42,38,0.5853365384615384,ok,1,0.5414663461538461,0.5414663461538461,-0.04387019230769229,0.6086956521739131,24
mi,109,version_30,0,stratified,150,43,38,0.6364182692307693,ok,1,0.5042067307692308,0.5042067307692308,-0.13221153846153844,0.663768115942029,30
mi,109,version_30,0,stratified,150,44,38,0.5889423076923077,ok,0,0.5883413461538461,0.5889423076923077,0.0,0.4521739130434782,0
mi,109,version_30,0,stratified,150,45,38,0.5841346153846154,ok,1,0.5721153846153846,0.5721153846153846,-0.012019230769230838,0.5565217391304348,2
mi,109,version_30,0,stratified,150,46,38,0.5859375,ok,0,0.5799278846153846,0.5859375,0.0,0.6956521739130436,0
mi,109,version_30,0,stratified,200,42,50,0.5714285714285714,ok,1,0.5787545787545787,0.5787545787545787,0.0073260073260073,0.7215619694397283,8
mi,109,version_30,0,stratified,200,43,50,0.6190476190476191,ok,1,0.6556776556776557,0.6556776556776557,0.03663003663003661,0.5602716468590832,42
mi,109,version_30,0,stratified,200,44,50,0.5311355311355311,ok,1,0.6043956043956044,0.6043956043956044,0.07326007326007322,0.66383701188455,9
mi,109,version_30,0,stratified,200,45,50,0.6483516483516484,ok,1,0.5970695970695971,0.5970695970695971,-0.05128205128205132,0.5297113752122241,13
mi,109,version_30,0,stratified,200,46,50,0.6593406593406593,ok,1,0.6043956043956045,0.6043956043956045,-0.05494505494505486,0.6689303904923599,19
mi,109,version_30,0,temporal_array,10,42,2,0.6157426999576809,ungateable,,,0.6157426999576809,0.0,,
mi,109,version_30,0,temporal_array,10,43,2,0.6157426999576809,ungateable,,,0.6157426999576809,0.0,,
mi,109,version_30,0,temporal_array,10,44,2,0.6157426999576809,ungateable,,,0.6157426999576809,0.0,,
mi,109,version_30,0,temporal_array,10,45,2,0.6157426999576809,ungateable,,,0.6157426999576809,0.0,,
mi,109,version_30,0,temporal_array,10,46,2,0.6157426999576809,ungateable,,,0.6157426999576809,0.0,,
mi,109,version_30,0,temporal_array,20,42,5,0.6042910447761195,ungateable,,,0.6042910447761195,0.0,,
mi,109,version_30,0,temporal_array,20,43,5,0.6042910447761195,ungateable,,,0.6042910447761195,0.0,,
mi,109,version_30,0,temporal_array,20,44,5,0.6042910447761195,ungateable,,,0.6042910447761195,0.0,,
mi,109,version_30,0,temporal_array,20,45,5,0.6042910447761195,ungateable,,,0.6042910447761195,0.0,,
mi,109,version_30,0,temporal_array,20,46,5,0.6042910447761195,ungateable,,,0.6042910447761195,0.0,,
mi,109,version_30,0,temporal_array,50,42,12,0.6346354166666668,ok,1,0.555078125,0.555078125,-0.07955729166666681,0.888888888888889,26
mi,109,version_30,0,temporal_array,50,43,12,0.6346354166666668,ok,1,0.5876302083333333,0.5876302083333333,-0.04700520833333344,0.4444444444444445,15
mi,109,version_30,0,temporal_array,50,44,12,0.6346354166666668,ok,1,0.5692708333333333,0.5692708333333333,-0.0653645833333335,0.75,48
mi,109,version_30,0,temporal_array,50,45,12,0.6346354166666668,ok,1,0.55390625,0.55390625,-0.08072916666666674,0.6666666666666667,40
mi,109,version_30,0,temporal_array,50,46,12,0.6346354166666668,ok,1,0.6225260416666667,0.6225260416666667,-0.012109375000000089,0.5,4
mi,109,version_30,0,temporal_array,100,42,25,0.6373355263157895,ok,1,0.5405701754385964,0.5405701754385964,-0.09676535087719307,0.7692307692307692,17
mi,109,version_30,0,temporal_array,100,43,25,0.6373355263157895,ok,1,0.5496162280701754,0.5496162280701754,-0.08771929824561409,0.6217948717948718,11
mi,109,version_30,0,temporal_array,100,44,25,0.6373355263157895,ok,1,0.5049342105263158,0.5049342105263158,-0.13240131578947367,0.6730769230769231,22
mi,109,version_30,0,temporal_array,100,45,25,0.6373355263157895,ok,1,0.6203399122807017,0.6203399122807017,-0.016995614035087758,0.5833333333333334,1
mi,109,version_30,0,temporal_array,100,46,25,0.6373355263157895,ok,1,0.6151315789473684,0.6151315789473684,-0.02220394736842113,0.7628205128205128,1
mi,109,version_30,0,temporal_array,150,42,38,0.6331018518518519,ok,1,0.6180555555555556,0.6180555555555556,-0.01504629629629628,0.6416666666666667,3
mi,109,version_30,0,temporal_array,150,43,38,0.6331018518518519,ok,1,0.576388888888889,0.576388888888889,-0.05671296296296291,0.6944444444444444,9
mi,109,version_30,0,temporal_array,150,44,38,0.6331018518518519,ok,1,0.5162037037037037,0.5162037037037037,-0.11689814814814814,0.7333333333333334,18
mi,109,version_30,0,temporal_array,150,45,38,0.6331018518518519,ok,1,0.5381944444444444,0.5381944444444444,-0.09490740740740744,0.5694444444444444,21
mi,109,version_30,0,temporal_array,150,46,38,0.6331018518518519,ok,1,0.5196759259259259,0.5196759259259259,-0.11342592592592593,0.6138888888888888,19
mi,109,version_30,17,stratified,10,42,2,0.5273003033367037,ungateable,,,0.5273003033367037,0.0,,
mi,109,version_30,17,stratified,10,43,2,0.529659588810246,ungateable,,,0.529659588810246,0.0,,
mi,109,version_30,17,stratified,10,44,2,0.5231715537580047,ungateable,,,0.5231715537580047,0.0,,
mi,109,version_30,17,stratified,10,45,2,0.5327772160431412,ungateable,,,0.5327772160431412,0.0,,
mi,109,version_30,17,stratified,10,46,2,0.521402089652848,ungateable,,,0.521402089652848,0.0,,
mi,109,version_30,17,stratified,20,42,5,0.5325203252032521,ungateable,,,0.5325203252032521,0.0,,
mi,109,version_30,17,stratified,20,43,5,0.5206023651145603,ungateable,,,0.5206023651145603,0.0,,
mi,109,version_30,17,stratified,20,44,5,0.5241130820399114,ungateable,,,0.5241130820399114,0.0,,
mi,109,version_30,17,stratified,20,45,5,0.5528455284552846,ungateable,,,0.5528455284552846,0.0,,
mi,109,version_30,17,stratified,20,46,5,0.5295639320029564,ungateable,,,0.5295639320029564,0.0,,
mi,109,version_30,17,stratified,50,42,12,0.5430636918858283,ok,1,0.507914745107815,0.507914745107815,-0.03514894677801328,0.4,22
mi,109,version_30,17,stratified,50,43,12,0.5183846441480743,ok,1,0.505795836968715,0.505795836968715,-0.012588807179359285,0.48571428571428565,8
mi,109,version_30,17,stratified,50,44,12,0.5375794590552163,ok,1,0.5253645768415804,0.5253645768415804,-0.01221488221363587,0.37142857142857144,3
mi,109,version_30,17,stratified,50,45,12,0.541443350367693,ok,1,0.533964851053222,0.533964851053222,-0.007478499314470977,0.4571428571428571,1
mi,109,version_30,17,stratified,50,46,12,0.5615106568615231,ok,0,0.5615106568615231,0.5615106568615231,0.0,0.2285714285714286,0
mi,109,version_30,17,stratified,100,42,25,0.551594746716698,ok,0,0.5469043151969981,0.551594746716698,0.0,0.5833333333333333,0
mi,109,version_30,17,stratified,100,43,25,0.5433864915572233,ok,1,0.5318949343339587,0.5318949343339587,-0.011491557223264559,0.3333333333333333,36
mi,109,version_30,17,stratified,100,44,25,0.5687148217636022,ok,1,0.5626172607879926,0.5626172607879926,-0.0060975609756096505,0.5763888888888888,6
mi,109,version_30,17,stratified,100,45,25,0.5166510318949344,ok,1,0.5117260787992495,0.5117260787992495,-0.00492495309568497,0.5666666666666667,6
mi,109,version_30,17,stratified,100,46,25,0.5168855534709194,ok,0,0.5145403377110694,0.5168855534709194,0.0,0.6466666666666667,1
mi,109,version_30,17,stratified,150,42,38,0.5540865384615385,ok,1,0.49519230769230765,0.49519230769230765,-0.05889423076923089,0.5594202898550724,23
mi,109,version_30,17,stratified,150,43,38,0.5240384615384616,ok,1,0.5216346153846154,0.5216346153846154,-0.0024038461538461453,0.3884057971014493,39
mi,109,version_30,17,stratified,150,44,38,0.49399038461538464,ok,1,0.49759615384615385,0.49759615384615385,0.003605769230769218,0.6521739130434783,11
mi,109,version_30,17,stratified,150,45,38,0.4849759615384615,ok,0,0.4801682692307692,0.4849759615384615,0.0,0.5565217391304348,0
mi,109,version_30,17,stratified,150,46,38,0.46814903846153844,ok,1,0.4585336538461539,0.4585336538461539,-0.009615384615384526,0.591304347826087,18
mi,109,version_30,17,stratified,200,42,50,0.49816849816849823,ok,0,0.49084249084249093,0.49816849816849823,0.0,0.42954159592529706,0
mi,109,version_30,17,stratified,200,43,50,0.21245421245421248,ok,0,0.21978021978021978,0.21245421245421248,0.0,0.6893039049235993,2
mi,109,version_30,17,stratified,200,44,50,0.4981684981684982,ok,1,0.4688644688644689,0.4688644688644689,-0.029304029304029255,0.5806451612903225,0
mi,109,version_30,17,stratified,200,45,50,0.4871794871794872,ok,1,0.4505494505494506,0.4505494505494506,-0.03663003663003661,0.533106960950764,0
mi,109,version_30,17,stratified,200,46,50,0.4615384615384615,ok,1,0.4652014652014652,0.4652014652014652,0.0036630036630037055,0.5823429541595925,46
mi,109,version_30,17,temporal_array,10,42,2,0.5193398222598391,ungateable,,,0.5193398222598391,0.0,,
mi,109,version_30,17,temporal_array,10,43,2,0.5193398222598391,ungateable,,,0.5193398222598391,0.0,,
mi,109,version_30,17,temporal_array,10,44,2,0.5193398222598391,ungateable,,,0.5193398222598391,0.0,,
mi,109,version_30,17,temporal_array,10,45,2,0.5193398222598391,ungateable,,,0.5193398222598391,0.0,,
mi,109,version_30,17,temporal_array,10,46,2,0.5193398222598391,ungateable,,,0.5193398222598391,0.0,,
mi,109,version_30,17,temporal_array,20,42,5,0.5200559701492538,ungateable,,,0.5200559701492538,0.0,,
mi,109,version_30,17,temporal_array,20,43,5,0.5200559701492538,ungateable,,,0.5200559701492538,0.0,,
mi,109,version_30,17,temporal_array,20,44,5,0.5200559701492538,ungateable,,,0.5200559701492538,0.0,,
mi,109,version_30,17,temporal_array,20,45,5,0.5200559701492538,ungateable,,,0.5200559701492538,0.0,,
mi,109,version_30,17,temporal_array,20,46,5,0.5200559701492538,ungateable,,,0.5200559701492538,0.0,,
mi,109,version_30,17,temporal_array,50,42,12,0.4881510416666667,ok,1,0.49322916666666666,0.49322916666666666,0.005078124999999989,0.9166666666666667,30
mi,109,version_30,17,temporal_array,50,43,12,0.4881510416666667,ok,1,0.4772135416666667,0.4772135416666667,-0.010937499999999989,0.8333333333333334,2
mi,109,version_30,17,temporal_array,50,44,12,0.4881510416666667,ok,0,0.48242187499999994,0.4881510416666667,0.0,0.8055555555555556,0
mi,109,version_30,17,temporal_array,50,45,12,0.4881510416666667,ok,0,0.484375,0.4881510416666667,0.0,0.6388888888888888,0
mi,109,version_30,17,temporal_array,50,46,12,0.4881510416666667,ok,1,0.48216145833333335,0.48216145833333335,-0.005989583333333326,0.9444444444444445,1
mi,109,version_30,17,temporal_array,100,42,25,0.5095942982456141,ok,1,0.48848684210526316,0.48848684210526316,-0.021107456140350922,0.7628205128205128,28
mi,109,version_30,17,temporal_array,100,43,25,0.5095942982456141,ok,1,0.47834429824561403,0.47834429824561403,-0.031250000000000056,0.7051282051282052,7
mi,109,version_30,17,temporal_array,100,44,25,0.5095942982456141,ok,1,0.48684210526315785,0.48684210526315785,-0.022752192982456232,0.6346153846153846,3
mi,109,version_30,17,temporal_array,100,45,25,0.5095942982456141,ok,1,0.487938596491228,0.487938596491228,-0.02165570175438608,0.6538461538461539,14
mi,109,version_30,17,temporal_array,100,46,25,0.5095942982456141,ok,1,0.5010964912280702,0.5010964912280702,-0.008497807017543879,0.6025641025641025,27
mi,109,version_30,17,temporal_array,150,42,38,0.3877314814814815,ok,1,0.37962962962962965,0.37962962962962965,-0.00810185185185186,0.8138888888888889,2
mi,109,version_30,17,temporal_array,150,43,38,0.3877314814814815,ok,0,0.38773148148148145,0.3877314814814815,0.0,0.47777777777777775,0
mi,109,version_30,17,temporal_array,150,44,38,0.3877314814814815,ok,1,0.35532407407407407,0.35532407407407407,-0.03240740740740744,0.5416666666666667,29
mi,109,version_30,17,temporal_array,150,45,38,0.3877314814814815,ok,1,0.38078703703703703,0.38078703703703703,-0.006944444444444475,0.5194444444444445,0
mi,109,version_30,17,temporal_array,150,46,38,0.3877314814814815,ok,1,0.3900462962962963,0.3900462962962963,0.0023148148148147696,0.5166666666666667,0
mi,109,version_41,0,stratified,10,42,2,0.610886417256488,ungateable,,,0.610886417256488,0.0,,
mi,109,version_41,0,stratified,10,43,2,0.6121503201887429,ungateable,,,0.6121503201887429,0.0,,
mi,109,version_41,0,stratified,10,44,2,0.6132457027300303,ungateable,,,0.6132457027300303,0.0,,
mi,109,version_41,0,stratified,10,45,2,0.6060835861139197,ungateable,,,0.6060835861139197,0.0,,
mi,109,version_41,0,stratified,10,46,2,0.6117290192113246,ungateable,,,0.6117290192113246,0.0,,
mi,109,version_41,0,stratified,20,42,5,0.6026422764227642,ungateable,,,0.6026422764227642,0.0,,
mi,109,version_41,0,stratified,20,43,5,0.6301736881005173,ungateable,,,0.6301736881005173,0.0,,
mi,109,version_41,0,stratified,20,44,5,0.6043976348854397,ungateable,,,0.6043976348854397,0.0,,
mi,109,version_41,0,stratified,20,45,5,0.6022727272727272,ungateable,,,0.6022727272727272,0.0,,
mi,109,version_41,0,stratified,20,46,5,0.6045824094604583,ungateable,,,0.6045824094604583,0.0,,
mi,109,version_41,0,stratified,50,42,12,0.5871868378412065,ok,1,0.6063816527483485,0.6063816527483485,0.019194814907142033,0.7714285714285715,7
mi,109,version_41,0,stratified,50,43,12,0.6229589928954257,ok,1,0.48460675557771415,0.48460675557771415,-0.1383522373177115,0.6571428571428571,40
mi,109,version_41,0,stratified,50,44,12,0.6104948273713074,ok,1,0.6308114171756202,0.6308114171756202,0.020316589804312724,0.5428571428571429,6
mi,109,version_41,0,stratified,50,45,12,0.5980306618471893,ok,1,0.5957871120528481,0.5957871120528481,-0.0022435497943412708,0.8285714285714285,13
mi,109,version_41,0,stratified,50,46,12,0.602642403091113,ok,1,0.6097469774398604,0.6097469774398604,0.007104574348747339,0.7428571428571429,16
mi,109,version_41,0,stratified,100,42,25,0.597326454033771,ok,1,0.5898217636022514,0.5898217636022514,-0.007504690431519689,0.5347222222222222,20
mi,109,version_41,0,stratified,100,43,25,0.62640712945591,ok,1,0.5933395872420263,0.5933395872420263,-0.03306754221388375,0.5416666666666667,24
mi,109,version_41,0,stratified,100,44,25,0.6137429643527205,ok,1,0.6360225140712946,0.6360225140712946,0.022279549718574154,0.5347222222222222,2
mi,109,version_41,0,stratified,100,45,25,0.5816135084427767,ok,1,0.6146810506566603,0.6146810506566603,0.03306754221388364,0.5333333333333334,14
mi,109,version_41,0,stratified,100,46,25,0.5736397748592871,ok,1,0.5358818011257036,0.5358818011257036,-0.03775797373358347,0.7733333333333333,13
mi,109,version_41,0,stratified,150,42,38,0.6177884615384616,ok,1,0.5685096153846154,0.5685096153846154,-0.049278846153846145,0.7391304347826086,13
mi,109,version_41,0,stratified,150,43,38,0.6388221153846153,ok,1,0.5979567307692307,0.5979567307692307,-0.04086538461538458,0.5536231884057972,31
mi,109,version_41,0,stratified,150,44,38,0.6027644230769231,ok,1,0.6213942307692307,0.6213942307692307,0.0186298076923076,0.5043478260869565,1
mi,109,version_41,0,stratified,150,45,38,0.6051682692307692,ok,1,0.6141826923076923,0.6141826923076923,0.009014423076923128,0.5884057971014492,0
mi,109,version_41,0,stratified,150,46,38,0.5510817307692308,ok,1,0.6015625,0.6015625,0.05048076923076916,0.7971014492753623,4
mi,109,version_41,0,stratified,200,42,50,0.63003663003663,ok,1,0.4908424908424909,0.4908424908424909,-0.13919413919413914,0.6689303904923599,34
mi,109,version_41,0,stratified,200,43,50,0.6263736263736264,ok,1,0.73992673992674,0.73992673992674,0.1135531135531136,0.5144312393887946,10
mi,109,version_41,0,stratified,200,44,50,0.5604395604395604,ok,1,0.5970695970695971,0.5970695970695971,0.03663003663003661,0.6349745331069608,5
mi,109,version_41,0,stratified,200,45,50,0.6630036630036631,ok,1,0.6703296703296704,0.6703296703296704,0.0073260073260073,0.5789473684210525,0
mi,109,version_41,0,stratified,200,46,50,0.5384615384615385,ok,1,0.5274725274725275,0.5274725274725275,-0.010989010989011061,0.6910016977928691,17
mi,109,version_41,0,temporal_array,10,42,2,0.626661024121879,ungateable,,,0.626661024121879,0.0,,
mi,109,version_41,0,temporal_array,10,43,2,0.626661024121879,ungateable,,,0.626661024121879,0.0,,
mi,109,version_41,0,temporal_array,10,44,2,0.626661024121879,ungateable,,,0.626661024121879,0.0,,
mi,109,version_41,0,temporal_array,10,45,2,0.626661024121879,ungateable,,,0.626661024121879,0.0,,
mi,109,version_41,0,temporal_array,10,46,2,0.626661024121879,ungateable,,,0.626661024121879,0.0,,
mi,109,version_41,0,temporal_array,20,42,5,0.6229477611940298,ungateable,,,0.6229477611940298,0.0,,
mi,109,version_41,0,temporal_array,20,43,5,0.6229477611940298,ungateable,,,0.6229477611940298,0.0,,
mi,109,version_41,0,temporal_array,20,44,5,0.6229477611940298,ungateable,,,0.6229477611940298,0.0,,
mi,109,version_41,0,temporal_array,20,45,5,0.6229477611940298,ungateable,,,0.6229477611940298,0.0,,
mi,109,version_41,0,temporal_array,20,46,5,0.6229477611940298,ungateable,,,0.6229477611940298,0.0,,
mi,109,version_41,0,temporal_array,50,42,12,0.6470052083333333,ok,1,0.6446614583333333,0.6446614583333333,-0.002343749999999978,0.638888888888889,1
mi,109,version_41,0,temporal_array,50,43,12,0.6470052083333333,ok,1,0.6342447916666667,0.6342447916666667,-0.012760416666666607,0.6388888888888888,6
mi,109,version_41,0,temporal_array,50,44,12,0.6470052083333333,ok,1,0.5626302083333333,0.5626302083333333,-0.08437499999999998,0.6111111111111112,27
mi,109,version_41,0,temporal_array,50,45,12,0.6470052083333333,ok,1,0.5269531249999999,0.5269531249999999,-0.12005208333333339,0.5277777777777778,35
mi,109,version_41,0,temporal_array,50,46,12,0.6470052083333333,ok,1,0.5454427083333333,0.5454427083333333,-0.1015625,0.8055555555555557,16
mi,109,version_41,0,temporal_array,100,42,25,0.6781798245614035,ok,1,0.493969298245614,0.493969298245614,-0.1842105263157895,0.8205128205128206,24
mi,109,version_41,0,temporal_array,100,43,25,0.6781798245614035,ok,1,0.48190789473684204,0.48190789473684204,-0.19627192982456143,0.6987179487179488,25
mi,109,version_41,0,temporal_array,100,44,25,0.6781798245614035,ok,1,0.6269188596491229,0.6269188596491229,-0.051260964912280604,0.5384615384615384,4
mi,109,version_41,0,temporal_array,100,45,25,0.6781798245614035,ok,1,0.47889254385964913,0.47889254385964913,-0.19928728070175433,0.6217948717948718,22
mi,109,version_41,0,temporal_array,100,46,25,0.6781798245614035,ok,1,0.5767543859649122,0.5767543859649122,-0.10142543859649122,0.7884615384615384,7
mi,109,version_41,0,temporal_array,150,42,38,0.6666666666666667,ok,1,0.6365740740740741,0.6365740740740741,-0.03009259259259267,0.6361111111111111,7
mi,109,version_41,0,temporal_array,150,43,38,0.6666666666666667,ok,1,0.6620370370370371,0.6620370370370371,-0.00462962962962965,0.7083333333333333,7
mi,109,version_41,0,temporal_array,150,44,38,0.6666666666666667,ok,1,0.5543981481481481,0.5543981481481481,-0.1122685185185186,0.6166666666666667,20
mi,109,version_41,0,temporal_array,150,45,38,0.6666666666666667,ok,1,0.6967592592592593,0.6967592592592593,0.03009259259259256,0.48611111111111116,2
mi,109,version_41,0,temporal_array,150,46,38,0.6666666666666667,ok,1,0.5925925925925926,0.5925925925925926,-0.07407407407407418,0.5388888888888889,34
mi,109,version_41,17,stratified,10,42,2,0.5803842264914054,ungateable,,,0.5803842264914054,0.0,,
mi,109,version_41,17,stratified,10,43,2,0.5761712167172228,ungateable,,,0.5761712167172228,0.0,,
mi,109,version_41,17,stratified,10,44,2,0.580974047859791,ungateable,,,0.580974047859791,0.0,,
mi,109,version_41,17,stratified,10,45,2,0.5904954499494439,ungateable,,,0.5904954499494439,0.0,,
mi,109,version_41,17,stratified,10,46,2,0.5695146612740141,ungateable,,,0.5695146612740141,0.0,,
mi,109,version_41,17,stratified,20,42,5,0.592110125646711,ungateable,,,0.592110125646711,0.0,,
mi,109,version_41,17,stratified,20,43,5,0.5656873614190687,ungateable,,,0.5656873614190687,0.0,,
mi,109,version_41,17,stratified,20,44,5,0.5770509977827051,ungateable,,,0.5770509977827051,0.0,,
mi,109,version_41,17,stratified,20,45,5,0.5984848484848485,ungateable,,,0.5984848484848485,0.0,,
mi,109,version_41,17,stratified,20,46,5,0.5658721359940871,ungateable,,,0.5658721359940871,0.0,,
mi,109,version_41,17,stratified,50,42,12,0.5874361211516889,ok,1,0.5759690888695002,0.5759690888695002,-0.011467032282188705,0.6857142857142857,5
mi,109,version_41,17,stratified,50,43,12,0.5722298392122648,ok,0,0.5748473139723297,0.5722298392122648,0.0,0.6285714285714286,0
mi,109,version_41,17,stratified,50,44,12,0.5989031534338777,ok,1,0.5745980306618471,0.5745980306618471,-0.024305122772030563,0.5142857142857142,22
mi,109,version_41,17,stratified,50,45,12,0.590926087498442,ok,0,0.5932942789480244,0.590926087498442,0.0,0.4571428571428571,0
mi,109,version_41,17,stratified,50,46,12,0.6063816527483485,ok,1,0.6127383771656488,0.6127383771656488,0.006356724417300286,0.5142857142857143,3
mi,109,version_41,17,stratified,100,42,25,0.5984990619136961,ok,0,0.6130393996247654,0.5984990619136961,0.0,0.5763888888888888,1
mi,109,version_41,17,stratified,100,43,25,0.5738742964352721,ok,0,0.5773921200750469,0.5738742964352721,0.0,0.4097222222222222,0
mi,109,version_41,17,stratified,100,44,25,0.5804409005628518,ok,1,0.5820825515947468,0.5820825515947468,0.0016416510318949529,0.5208333333333333,6
mi,109,version_41,17,stratified,100,45,25,0.5884146341463414,ok,1,0.5909943714821764,0.5909943714821764,0.002579737335834942,0.6933333333333334,18
mi,109,version_41,17,stratified,100,46,25,0.5630863039399625,ok,1,0.5281425891181988,0.5281425891181988,-0.03494371482176373,0.8533333333333333,13
mi,109,version_41,17,stratified,150,42,38,0.5919471153846154,ok,1,0.6057692307692307,0.6057692307692307,0.013822115384615308,0.5942028985507246,17
mi,109,version_41,17,stratified,150,43,38,0.5853365384615385,ok,1,0.5709134615384617,0.5709134615384617,-0.014423076923076872,0.4869565217391304,1
mi,109,version_41,17,stratified,150,44,38,0.48978365384615385,ok,1,0.49278846153846156,0.49278846153846156,0.0030048076923077094,0.6289855072463768,0
mi,109,version_41,17,stratified,150,45,38,0.5739182692307692,ok,1,0.588341346153846,0.588341346153846,0.014423076923076872,0.6405797101449275,0
mi,109,version_41,17,stratified,150,46,38,0.5889423076923077,ok,1,0.5997596153846154,0.5997596153846154,0.01081730769230771,0.6579710144927536,5
mi,109,version_41,17,stratified,200,42,50,0.46153846153846156,ok,0,0.4981684981684982,0.46153846153846156,0.0,0.5382003395585739,0
mi,109,version_41,17,stratified,200,43,50,0.40293040293040294,ok,0,0.4285714285714286,0.40293040293040294,0.0,0.6264855687606112,0
mi,109,version_41,17,stratified,200,44,50,0.5494505494505495,ok,0,0.5531135531135531,0.5494505494505495,0.0,0.5823429541595926,0
mi,109,version_41,17,stratified,200,45,50,0.608058608058608,ok,1,0.6410256410256411,0.6410256410256411,0.03296703296703307,0.6027164685908319,1
mi,109,version_41,17,stratified,200,46,50,0.63003663003663,ok,1,0.6153846153846154,0.6153846153846154,-0.0146520146520146,0.5314091680814941,26
mi,109,version_41,17,temporal_array,10,42,2,0.5742699957680913,ungateable,,,0.5742699957680913,0.0,,
mi,109,version_41,17,temporal_array,10,43,2,0.5742699957680913,ungateable,,,0.5742699957680913,0.0,,
mi,109,version_41,17,temporal_array,10,44,2,0.5742699957680913,ungateable,,,0.5742699957680913,0.0,,
mi,109,version_41,17,temporal_array,10,45,2,0.5742699957680913,ungateable,,,0.5742699957680913,0.0,,
mi,109,version_41,17,temporal_array,10,46,2,0.5742699957680913,ungateable,,,0.5742699957680913,0.0,,
mi,109,version_41,17,temporal_array,20,42,5,0.5677238805970148,ungateable,,,0.5677238805970148,0.0,,
mi,109,version_41,17,temporal_array,20,43,5,0.5677238805970148,ungateable,,,0.5677238805970148,0.0,,
mi,109,version_41,17,temporal_array,20,44,5,0.5677238805970148,ungateable,,,0.5677238805970148,0.0,,
mi,109,version_41,17,temporal_array,20,45,5,0.5677238805970148,ungateable,,,0.5677238805970148,0.0,,
mi,109,version_41,17,temporal_array,20,46,5,0.5677238805970148,ungateable,,,0.5677238805970148,0.0,,
mi,109,version_41,17,temporal_array,50,42,12,0.5499999999999999,ok,0,0.5558593749999999,0.5499999999999999,0.0,0.75,0
mi,109,version_41,17,temporal_array,50,43,12,0.5499999999999999,ok,1,0.5492187500000001,0.5492187500000001,-0.0007812499999998446,0.7777777777777778,9
mi,109,version_41,17,temporal_array,50,44,12,0.5499999999999999,ok,0,0.5545572916666667,0.5499999999999999,0.0,0.7222222222222221,0
mi,109,version_41,17,temporal_array,50,45,12,0.5499999999999999,ok,1,0.5536458333333334,0.5536458333333334,0.003645833333333459,0.6111111111111112,9
mi,109,version_41,17,temporal_array,50,46,12,0.5499999999999999,ok,1,0.5559895833333333,0.5559895833333333,0.005989583333333326,0.6944444444444444,0
mi,109,version_41,17,temporal_array,100,42,25,0.591282894736842,ok,1,0.5929276315789473,0.5929276315789473,0.00164473684210531,0.641025641025641,19
mi,109,version_41,17,temporal_array,100,43,25,0.591282894736842,ok,0,0.587171052631579,0.591282894736842,0.0,0.6153846153846154,0
mi,109,version_41,17,temporal_array,100,44,25,0.591282894736842,ok,0,0.5866228070175439,0.591282894736842,0.0,0.5064102564102564,0
mi,109,version_41,17,temporal_array,100,45,25,0.591282894736842,ok,1,0.6041666666666667,0.6041666666666667,0.012883771929824706,0.6538461538461539,3
mi,109,version_41,17,temporal_array,100,46,25,0.591282894736842,ok,1,0.6030701754385964,0.6030701754385964,0.011787280701754388,0.6987179487179488,23
mi,109,version_41,17,temporal_array,150,42,38,0.537037037037037,ok,1,0.5358796296296297,0.5358796296296297,-0.0011574074074073293,0.7388888888888889,0
mi,109,version_41,17,temporal_array,150,43,38,0.537037037037037,ok,0,0.5462962962962963,0.537037037037037,0.0,0.6472222222222221,0
mi,109,version_41,17,temporal_array,150,44,38,0.537037037037037,ok,1,0.5428240740740741,0.5428240740740741,0.0057870370370370905,0.5166666666666666,16
mi,109,version_41,17,temporal_array,150,45,38,0.537037037037037,ok,0,0.5335648148148149,0.537037037037037,0.0,0.55,0
mi,109,version_41,17,temporal_array,150,46,38,0.537037037037037,ok,0,0.5462962962962963,0.537037037037037,0.0,0.5,0
