paradigm,subject,fold,calib_size,coverage_target,seed,status,n_pos,n_task_neg,n_base_neg,calib_pos_rate,calib_baseline_frac,n_eval,baseline_auc,adapted_auc,delta_auc
mi,99,version_27,50,0.0,42,ok,19,31,0,0.38,0.0,184,0.7639287049732021,0.664340022435498,-0.09958868253770414
mi,99,version_27,50,0.0,43,ok,19,31,0,0.38,0.0,184,0.7695375794590552,0.6714445967842453,-0.09809298267480993
mi,99,version_27,50,0.0,44,ok,19,31,0,0.38,0.0,184,0.7631808550417549,0.7194316340521002,-0.043749220989654725
mi,99,version_27,50,0.0,45,ok,19,31,0,0.38,0.0,184,0.7615605135236196,0.6776766795463044,-0.08388383397731525
mi,99,version_27,50,0.0,46,ok,19,31,0,0.38,0.0,184,0.7533341642777016,0.7180605758444472,-0.035273588433254455
mi,99,version_27,50,0.25,42,ok,19,23,8,0.38,0.16,184,0.765299763180855,0.7513398977938427,-0.013959865387012327
mi,99,version_27,50,0.25,43,ok,19,23,8,0.38,0.16,184,0.7697868627695376,0.6357970833852674,-0.13398977938427015
mi,99,version_27,50,0.25,44,ok,19,23,8,0.38,0.16,184,0.7366321824753834,0.6896422784494578,-0.04698990402592562
mi,99,version_27,50,0.25,45,ok,19,23,8,0.38,0.16,184,0.7787610619469026,0.6711953134737629,-0.10756574847313971
mi,99,version_27,50,0.25,46,ok,19,23,8,0.38,0.16,184,0.7438613984793718,0.7031035772155054,-0.0407578212638664
mi,99,version_27,50,0.5,42,ok,19,15,16,0.38,0.32,184,0.7236694503303003,0.6763056213386515,-0.047363828991648815
mi,99,version_27,50,0.5,43,ok,19,15,16,0.38,0.32,184,0.7281565499189829,0.6857783871369812,-0.04237816278200168
mi,99,version_27,50,0.5,44,ok,19,15,16,0.38,0.32,184,0.7514645394490839,0.6672067805060451,-0.08425775894303877
mi,99,version_27,50,0.5,45,ok,19,15,16,0.38,0.32,184,0.7242926586065063,0.7286551165399477,0.004362457933441477
mi,99,version_27,50,0.5,46,ok,19,15,16,0.38,0.32,184,0.773526112426773,0.7294029664713947,-0.04412314595537836
mi,99,version_27,50,0.75,42,ok,19,8,23,0.38,0.46,184,0.763180855041755,0.633428891935685,-0.12975196310607007
mi,99,version_27,50,0.75,43,ok,19,8,23,0.38,0.46,184,0.7168141592920354,0.6771781129253396,-0.03963604636669582
mi,99,version_27,50,0.75,44,ok,19,8,23,0.38,0.46,184,0.7370061074411068,0.681540570858781,-0.05546553658232589
mi,99,version_27,50,0.75,45,ok,19,8,23,0.38,0.46,184,0.7316465162657361,0.6781752461672691,-0.05347127009846697
mi,99,version_27,50,0.75,46,ok,19,8,23,0.38,0.46,184,0.7224230337778886,0.6450205658731148,-0.07740246790477379
mi,99,version_27,50,1.0,42,ok,19,0,31,0.38,0.62,184,0.7074660351489468,0.664340022435498,-0.04312601271344885
mi,99,version_27,50,1.0,43,ok,19,0,31,0.38,0.62,184,0.7361336158544186,0.7444846067555777,0.008350990901159094
mi,99,version_27,50,1.0,44,ok,19,0,31,0.38,0.62,184,0.7458556649632306,0.6462669824255266,-0.09958868253770403
mi,99,version_27,50,1.0,45,ok,19,0,31,0.38,0.62,184,0.7224230337778886,0.7027296522497819,-0.019693381528106735
mi,99,version_27,50,1.0,46,ok,19,0,31,0.38,0.62,184,0.7169388009472767,0.6505047987037268,-0.0664340022435499
mi,99,version_27,100,0.0,42,ok,38,62,0,0.38,0.0,134,0.7722795497185742,0.7234990619136961,-0.04878048780487809
mi,99,version_27,100,0.0,43,ok,38,62,0,0.38,0.0,134,0.7633677298311444,0.6693245778611633,-0.09404315196998114
mi,99,version_27,100,0.0,44,ok,38,62,0,0.38,0.0,134,0.7645403377110694,0.7070825515947466,-0.057457786116322795
mi,99,version_27,100,0.0,45,ok,38,62,0,0.38,0.0,134,0.7870544090056285,0.6810506566604126,-0.10600375234521586
mi,99,version_27,100,0.0,46,ok,38,62,0,0.38,0.0,134,0.7762664165103189,0.7314727954971857,-0.04479362101313322
mi,99,version_27,100,0.25,42,ok,38,46,16,0.38,0.16,134,0.7847091932457786,0.7713414634146342,-0.013367729831144426
mi,99,version_27,100,0.25,43,ok,38,46,16,0.38,0.16,134,0.7591463414634146,0.7408536585365854,-0.018292682926829285
mi,99,version_27,100,0.25,44,ok,38,46,16,0.38,0.16,134,0.7851782363977486,0.7169324577861164,-0.06824577861163228
mi,99,version_27,100,0.25,45,ok,38,46,16,0.38,0.16,134,0.7765009380863039,0.7354596622889306,-0.04104127579737338
mi,99,version_27,100,0.25,46,ok,38,46,16,0.38,0.16,134,0.774390243902439,0.7514071294559099,-0.022983114446529118
mi,99,version_27,100,0.5,42,ok,38,31,31,0.38,0.31,134,0.7288930581613509,0.7457786116322702,0.016885553470919357
mi,99,version_27,100,0.5,43,ok,38,31,31,0.38,0.31,134,0.7183395872420263,0.7237335834896811,0.005393996247654798
mi,99,version_27,100,0.5,44,ok,38,31,31,0.38,0.31,134,0.7912757973733583,0.7800187617260788,-0.011257035647279534
mi,99,version_27,100,0.5,45,ok,38,31,31,0.38,0.31,134,0.7148217636022514,0.701923076923077,-0.012898686679174376
mi,99,version_27,100,0.5,46,ok,38,31,31,0.38,0.31,134,0.7647748592870545,0.651969981238274,-0.11280487804878048
mi,99,version_27,100,0.75,42,ok,38,16,46,0.38,0.46,134,0.7354596622889306,0.6301594746716698,-0.10530018761726079
mi,99,version_27,100,0.75,43,ok,38,16,46,0.38,0.46,134,0.7387429643527205,0.6038930581613509,-0.1348499061913696
mi,99,version_27,100,0.75,44,ok,38,16,46,0.38,0.46,134,0.7131801125703565,0.6554878048780488,-0.05769230769230771
mi,99,version_27,100,0.75,45,ok,38,16,46,0.38,0.46,134,0.7696998123827392,0.6822232645403377,-0.08747654784240155
mi,99,version_27,100,0.75,46,ok,38,16,46,0.38,0.46,134,0.7225609756097561,0.7040337711069419,-0.0185272045028142
mi,99,version_27,100,1.0,,unattainable,,,,,,,,,
mi,99,version_27,150,0.0,,unattainable,,,,,,,,,
mi,99,version_27,150,0.25,42,ok,58,69,23,0.38666666666666666,0.15333333333333332,84,0.8251201923076924,0.807091346153846,-0.018028846153846367
mi,99,version_27,150,0.25,43,ok,58,69,23,0.38666666666666666,0.15333333333333332,84,0.8058894230769231,0.8281249999999999,0.02223557692307676
mi,99,version_27,150,0.25,44,ok,58,69,23,0.38666666666666666,0.15333333333333332,84,0.7379807692307692,0.7235576923076923,-0.014423076923076872
mi,99,version_27,150,0.25,45,ok,58,69,23,0.38666666666666666,0.15333333333333332,84,0.7151442307692307,0.7385817307692307,0.0234375
mi,99,version_27,150,0.25,46,ok,58,69,23,0.38666666666666666,0.15333333333333332,84,0.6712740384615384,0.6971153846153846,0.025841346153846145
mi,99,version_27,150,0.5,42,ok,58,46,46,0.38666666666666666,0.30666666666666664,84,0.6610576923076924,0.678485576923077,0.01742788461538458
mi,99,version_27,150,0.5,43,ok,58,46,46,0.38666666666666666,0.30666666666666664,84,0.7596153846153846,0.8167067307692308,0.057091346153846256
mi,99,version_27,150,0.5,44,ok,58,46,46,0.38666666666666666,0.30666666666666664,84,0.7596153846153847,0.703125,-0.05649038461538469
mi,99,version_27,150,0.5,45,ok,58,46,46,0.38666666666666666,0.30666666666666664,84,0.6826923076923076,0.709735576923077,0.027043269230769384
mi,99,version_27,150,0.5,46,ok,58,46,46,0.38666666666666666,0.30666666666666664,84,0.7367788461538461,0.7512019230769231,0.014423076923076983
mi,99,version_27,150,0.75,,unattainable,,,,,,,,,
mi,99,version_27,150,1.0,,unattainable,,,,,,,,,
mi,99,version_27,200,0.0,,unattainable,,,,,,,,,
mi,99,version_27,200,0.25,,unattainable,,,,,,,,,
mi,99,version_27,200,0.5,,unattainable,,,,,,,,,
mi,99,version_27,200,0.75,,unattainable,,,,,,,,,
mi,99,version_27,200,1.0,,unattainable,,,,,,,,,
mi,99,version_28,50,0.0,42,ok,19,31,0,0.38,0.0,184,0.7402467904773774,0.651377290290415,-0.08886950018696238
mi,99,version_28,50,0.0,43,ok,19,31,0,0.38,0.0,184,0.7377539573725539,0.6102455440608252,-0.12750841331172869
mi,99,version_28,50,0.0,44,ok,19,31,0,0.38,0.0,184,0.7348871993020069,0.6871494453446342,-0.047737753957372675
mi,99,version_28,50,0.0,45,ok,19,31,0,0.38,0.0,184,0.7510906144833602,0.583447588183971,-0.1676430262993892
mi,99,version_28,50,0.0,46,ok,19,31,0,0.38,0.0,184,0.734388632681042,0.6706967468527982,-0.06369188582824381
mi,99,version_28,50,0.25,42,ok,19,23,8,0.38,0.16,184,0.7234201670198181,0.6953757945905522,-0.02804437242926594
mi,99,version_28,50,0.25,43,ok,19,23,8,0.38,0.16,184,0.7451078150317837,0.6161037018571606,-0.12900411317462313
mi,99,version_28,50,0.25,44,ok,19,23,8,0.38,0.16,184,0.7135734762557647,0.708338526735635,-0.005234949520129706
mi,99,version_28,50,0.25,45,ok,19,23,8,0.38,0.16,184,0.7548298641405958,0.5808301134239062,-0.1739997507166896
mi,99,version_28,50,0.25,46,ok,19,23,8,0.38,0.16,184,0.7107067181852175,0.6983671943163405,-0.012339523868876934
mi,99,version_28,50,0.5,42,ok,19,15,16,0.38,0.32,184,0.7074660351489468,0.6456437741493207,-0.061822260999626066
mi,99,version_28,50,0.5,43,ok,19,15,16,0.38,0.32,184,0.7054717686650879,0.6716938800947276,-0.03377788857036024
mi,99,version_28,50,0.5,44,ok,19,15,16,0.38,0.32,184,0.7115792097719057,0.6744359965100337,-0.03714321326187198
mi,99,version_28,50,0.5,45,ok,19,15,16,0.38,0.32,184,0.7173127259130002,0.687024803689393,-0.03028792222360721
mi,99,version_28,50,0.5,46,ok,19,15,16,0.38,0.32,184,0.7700361460800199,0.6442727159416676,-0.12576343013835234
mi,99,version_28,50,0.75,42,ok,19,8,23,0.38,0.46,184,0.7503427645519133,0.5915492957746479,-0.1587934687772654
mi,99,version_28,50,0.75,43,ok,19,8,23,0.38,0.46,184,0.700735385765923,0.648635173875109,-0.05210021189081393
mi,99,version_28,50,0.75,44,ok,19,8,23,0.38,0.46,184,0.7104574348747352,0.6935061697619345,-0.016951265112800762
mi,99,version_28,50,0.75,45,ok,19,8,23,0.38,0.46,184,0.7120777763928705,0.6769288296148573,-0.03514894677801317
mi,99,version_28,50,0.75,46,ok,19,8,23,0.38,0.46,184,0.6726910133366573,0.6518758569113798,-0.020815156425277426
mi,99,version_28,50,1.0,42,ok,19,0,31,0.38,0.62,184,0.6797955876854044,0.651377290290415,-0.028418297394989356
mi,99,version_28,50,1.0,43,ok,19,0,31,0.38,0.62,184,0.7070921101832232,0.6827869874111929,-0.02430512277203023
mi,99,version_28,50,1.0,44,ok,19,0,31,0.38,0.62,184,0.7208026922597532,0.6673314221612864,-0.05347127009846686
mi,99,version_28,50,1.0,45,ok,19,0,31,0.38,0.62,184,0.6906394116913873,0.6558643898790976,-0.03477502181228975
mi,99,version_28,50,1.0,46,ok,19,0,31,0.38,0.62,184,0.6981179110058581,0.6515019319456562,-0.04661597906020187
mi,99,version_28,100,0.0,42,ok,38,62,0,0.38,0.0,134,0.7659474671669793,0.6639305816135085,-0.10201688555347077
mi,99,version_28,100,0.0,43,ok,38,62,0,0.38,0.0,134,0.7504690431519699,0.5745778611632271,-0.17589118198874287
mi,99,version_28,100,0.0,44,ok,38,62,0,0.38,0.0,134,0.7532833020637898,0.6665103189493434,-0.08677298311444637
mi,99,version_28,100,0.0,45,ok,38,62,0,0.38,0.0,134,0.7631332082551595,0.6672138836772983,-0.09591932457786123
mi,99,version_28,100,0.0,46,ok,38,62,0,0.38,0.0,134,0.7610225140712946,0.6883208255159474,-0.0727016885553472
mi,99,version_28,100,0.25,42,ok,38,46,16,0.38,0.16,134,0.7375703564727956,0.6864446529080674,-0.05112570356472812
mi,99,version_28,100,0.25,43,ok,38,46,16,0.38,0.16,134,0.7272514071294559,0.6805816135084428,-0.04666979362101309
mi,99,version_28,100,0.25,44,ok,38,46,16,0.38,0.16,134,0.7551594746716698,0.7054409005628519,-0.04971857410881786
mi,99,version_28,100,0.25,45,ok,38,46,16,0.38,0.16,134,0.7361632270168856,0.7023921200750468,-0.033771106941838824
mi,99,version_28,100,0.25,46,ok,38,46,16,0.38,0.16,134,0.7389774859287054,0.7033302063789869,-0.03564727954971847
mi,99,version_28,100,0.5,42,ok,38,31,31,0.38,0.31,134,0.7164634146341464,0.674953095684803,-0.04151031894934343
mi,99,version_28,100,0.5,43,ok,38,31,31,0.38,0.31,134,0.6946529080675423,0.6885553470919324,-0.0060975609756098725
mi,99,version_28,100,0.5,44,ok,38,31,31,0.38,0.31,134,0.7361632270168855,0.7091932457786115,-0.026969981238273988
mi,99,version_28,100,0.5,45,ok,38,31,31,0.38,0.31,134,0.6662757973733583,0.6819887429643527,0.015712945590994454
mi,99,version_28,100,0.5,46,ok,38,31,31,0.38,0.31,134,0.7298311444652907,0.6451688555347092,-0.08466228893058159
mi,99,version_28,100,0.75,42,ok,38,16,46,0.38,0.46,134,0.671200750469043,0.6409474671669794,-0.03025328330206367
mi,99,version_28,100,0.75,43,ok,38,16,46,0.38,0.46,134,0.6967636022514071,0.5708255159474671,-0.12593808630394
mi,99,version_28,100,0.75,44,ok,38,16,46,0.38,0.46,134,0.6742495309568479,0.6341463414634146,-0.04010318949343328
mi,99,version_28,100,0.75,45,ok,38,16,46,0.38,0.46,134,0.74812382739212,0.6761257035647279,-0.07199812382739212
mi,99,version_28,100,0.75,46,ok,38,16,46,0.38,0.46,134,0.7122420262664164,0.6484521575984991,-0.06378986866791736
mi,99,version_28,100,1.0,,unattainable,,,,,,,,,
mi,99,version_28,150,0.0,,unattainable,,,,,,,,,
mi,99,version_28,150,0.25,42,ok,58,69,23,0.38666666666666666,0.15333333333333332,84,0.8185096153846154,0.7469951923076923,-0.07151442307692313
mi,99,version_28,150,0.25,43,ok,58,69,23,0.38666666666666666,0.15333333333333332,84,0.7764423076923076,0.7848557692307693,0.008413461538461675
mi,99,version_28,150,0.25,44,ok,58,69,23,0.38666666666666666,0.15333333333333332,84,0.7121394230769231,0.7115384615384616,-0.0006009615384615641
mi,99,version_28,150,0.25,45,ok,58,69,23,0.38666666666666666,0.15333333333333332,84,0.7109375,0.7205528846153847,0.009615384615384692
mi,99,version_28,150,0.25,46,ok,58,69,23,0.38666666666666666,0.15333333333333332,84,0.6875,0.705528846153846,0.018028846153846034
mi,99,version_28,150,0.5,42,ok,58,46,46,0.38666666666666666,0.30666666666666664,84,0.6676682692307693,0.662860576923077,-0.004807692307692291
mi,99,version_28,150,0.5,43,ok,58,46,46,0.38666666666666666,0.30666666666666664,84,0.696514423076923,0.7271634615384615,0.030649038461538436
mi,99,version_28,150,0.5,44,ok,58,46,46,0.38666666666666666,0.30666666666666664,84,0.7139423076923077,0.704326923076923,-0.009615384615384692
mi,99,version_28,150,0.5,45,ok,58,46,46,0.38666666666666666,0.30666666666666664,84,0.6796875,0.6947115384615385,0.015024038461538547
mi,99,version_28,150,0.5,46,ok,58,46,46,0.38666666666666666,0.30666666666666664,84,0.7391826923076923,0.734375,-0.004807692307692291
mi,99,version_28,150,0.75,,unattainable,,,,,,,,,
mi,99,version_28,150,1.0,,unattainable,,,,,,,,,
mi,99,version_28,200,0.0,,unattainable,,,,,,,,,
mi,99,version_28,200,0.25,,unattainable,,,,,,,,,
mi,99,version_28,200,0.5,,unattainable,,,,,,,,,
mi,99,version_28,200,0.75,,unattainable,,,,,,,,,
mi,99,version_28,200,1.0,,unattainable,,,,,,,,,
mi,99,version_29,50,0.0,42,ok,19,31,0,0.38,0.0,184,0.7740246790477378,0.638289916490091,-0.13573476255764672
mi,99,version_29,50,0.0,43,ok,19,31,0,0.38,0.0,184,0.7581951888321077,0.6936308114171756,-0.06456437741493204
mi,99,version_29,50,0.0,44,ok,19,31,0,0.38,0.0,184,0.7717811292533965,0.7633054966969961,-0.008475632556400381
mi,99,version_29,50,0.0,45,ok,19,31,0,0.38,0.0,184,0.7566994889692135,0.7196809173625826,-0.03701857160663091
mi,99,version_29,50,0.0,46,ok,19,31,0,0.38,0.0,184,0.751589181104325,0.7416178486850306,-0.009971332419294487
mi,99,version_29,50,0.25,42,ok,19,23,8,0.38,0.16,184,0.7585691137978312,0.7616851551788608,0.0031160413810296106
mi,99,version_29,50,0.25,43,ok,19,23,8,0.38,0.16,184,0.7834974448460675,0.6177240433752961,-0.16577340147077146
mi,99,version_29,50,0.25,44,ok,19,23,8,0.38,0.16,184,0.7468527982051602,0.7340147077153185,-0.012838090489841636
mi,99,version_29,50,0.25,45,ok,19,23,8,0.38,0.16,184,0.7740246790477378,0.6662096472641157,-0.10781503178362206
mi,99,version_29,50,0.25,46,ok,19,23,8,0.38,0.16,184,0.7421164153059953,0.730898666334289,-0.011217748971706243
mi,99,version_29,50,0.5,42,ok,19,15,16,0.38,0.32,184,0.72890439985043,0.6940047363828992,-0.03489966346753082
mi,99,version_29,50,0.5,43,ok,19,15,16,0.38,0.32,184,0.736382899164901,0.7090863766670821,-0.027296522497818887
mi,99,version_29,50,0.5,44,ok,19,15,16,0.38,0.32,184,0.7522123893805309,0.7026050105945406,-0.04960737878599031
mi,99,version_29,50,0.5,45,ok,19,15,16,0.38,0.32,184,0.7280319082637418,0.7325190078524243,0.0044870995886825416
mi,99,version_29,50,0.5,46,ok,19,15,16,0.38,0.32,184,0.7662968964227846,0.6692010469899041,-0.09709584943288052
mi,99,version_29,50,0.75,42,ok,19,8,23,0.38,0.46,184,0.7606880219369313,0.6101209024055839,-0.15056711953134738
mi,99,version_29,50,0.75,43,ok,19,8,23,0.38,0.46,184,0.7346379159915243,0.6716938800947276,-0.06294403589679665
mi,99,version_29,50,0.75,44,ok,19,8,23,0.38,0.46,184,0.7527109560014958,0.7154431010843825,-0.037267854917113374
mi,99,version_29,50,0.75,45,ok,19,8,23,0.38,0.46,184,0.7252897918484357,0.6704474635423159,-0.05484232830611979
mi,99,version_29,50,0.75,46,ok,19,8,23,0.38,0.46,184,0.7037267854917113,0.7069674685279821,0.003240683036270786
mi,99,version_29,50,1.0,42,ok,19,0,31,0.38,0.62,184,0.7153184594291412,0.6976193443848934,-0.017699115044247815
mi,99,version_29,50,1.0,43,ok,19,0,31,0.38,0.62,184,0.7341393493705596,0.6845319705845694,-0.0496073787859902
mi,99,version_29,50,1.0,44,ok,19,0,31,0.38,0.62,184,0.761186588557896,0.693256886451452,-0.067929702106444
mi,99,version_29,50,1.0,45,ok,19,0,31,0.38,0.62,184,0.7285304748847063,0.6805434376168515,-0.047987037267854804
mi,99,version_29,50,1.0,46,ok,19,0,31,0.38,0.62,184,0.7264115667456064,0.6629689642278449,-0.06344260251776146
mi,99,version_29,100,0.0,42,ok,38,62,0,0.38,0.0,134,0.7577392120075047,0.7424953095684803,-0.015243902439024404
mi,99,version_29,100,0.0,43,ok,38,62,0,0.38,0.0,134,0.748827392120075,0.6780018761726078,-0.07082551594746722
mi,99,version_29,100,0.0,44,ok,38,62,0,0.38,0.0,134,0.7621951219512195,0.7106003752345216,-0.05159474671669795
mi,99,version_29,100,0.0,45,ok,38,62,0,0.38,0.0,134,0.7673545966228893,0.6864446529080677,-0.08090994371482163
mi,99,version_29,100,0.0,46,ok,38,62,0,0.38,0.0,134,0.7568011257035647,0.7464821763602252,-0.010318949343339545
mi,99,version_29,100,0.25,42,ok,38,46,16,0.38,0.16,134,0.7640712945590994,0.7673545966228893,0.0032833020637899057
mi,99,version_29,100,0.25,43,ok,38,46,16,0.38,0.16,134,0.7591463414634146,0.7075515947467166,-0.05159474671669806
mi,99,version_29,100,0.25,44,ok,38,46,16,0.38,0.16,134,0.7915103189493433,0.7692307692307694,-0.022279549718573932
mi,99,version_29,100,0.25,45,ok,38,46,16,0.38,0.16,134,0.7947936210131332,0.7708724202626641,-0.023921200750469107
mi,99,version_29,100,0.25,46,ok,38,46,16,0.38,0.16,134,0.7875234521575984,0.7760318949343339,-0.011491557223264559
mi,99,version_29,100,0.5,42,ok,38,31,31,0.38,0.31,134,0.7310037523452158,0.7692307692307693,0.03822701688555352
mi,99,version_29,100,0.5,43,ok,38,31,31,0.38,0.31,134,0.7356941838649156,0.7371013133208255,0.0014071294559099279
mi,99,version_29,100,0.5,44,ok,38,31,31,0.38,0.31,134,0.7795497185741088,0.7565666041275797,-0.022983114446529118
mi,99,version_29,100,0.5,45,ok,38,31,31,0.38,0.31,134,0.7202157598499062,0.7385084427767356,0.018292682926829396
mi,99,version_29,100,0.5,46,ok,38,31,31,0.38,0.31,134,0.7577392120075047,0.6744840525328331,-0.08325515947467166
mi,99,version_29,100,0.75,42,ok,38,16,46,0.38,0.46,134,0.7253752345215759,0.7049718574108819,-0.020403377110694065
mi,99,version_29,100,0.75,43,ok,38,16,46,0.38,0.46,134,0.7478893058161351,0.6463414634146342,-0.10154784240150094
mi,99,version_29,100,0.75,44,ok,38,16,46,0.38,0.46,134,0.7378048780487805,0.6937148217636023,-0.04409005628517815
mi,99,version_29,100,0.75,45,ok,38,16,46,0.38,0.46,134,0.7823639774859287,0.6904315196998124,-0.09193245778611625
mi,99,version_29,100,0.75,46,ok,38,16,46,0.38,0.46,134,0.7406191369606003,0.7563320825515948,0.015712945590994454
mi,99,version_29,100,1.0,,unattainable,,,,,,,,,
mi,99,version_29,150,0.0,,unattainable,,,,,,,,,
mi,99,version_29,150,0.25,42,ok,58,69,23,0.38666666666666666,0.15333333333333332,84,0.8046875,0.8094951923076923,0.004807692307692291
mi,99,version_29,150,0.25,43,ok,58,69,23,0.38666666666666666,0.15333333333333332,84,0.8070913461538461,0.8245192307692308,0.017427884615384692
mi,99,version_29,150,0.25,44,ok,58,69,23,0.38666666666666666,0.15333333333333332,84,0.7325721153846154,0.7506009615384616,0.018028846153846145
mi,99,version_29,150,0.25,45,ok,58,69,23,0.38666666666666666,0.15333333333333332,84,0.7145432692307693,0.7397836538461539,0.02524038461538458
mi,99,version_29,150,0.25,46,ok,58,69,23,0.38666666666666666,0.15333333333333332,84,0.6712740384615384,0.6604567307692307,-0.01081730769230771
mi,99,version_29,150,0.5,42,ok,58,46,46,0.38666666666666666,0.30666666666666664,84,0.6598557692307693,0.6844951923076924,0.024639423076923128
mi,99,version_29,150,0.5,43,ok,58,46,46,0.38666666666666666,0.30666666666666664,84,0.735576923076923,0.7704326923076923,0.034855769230769273
mi,99,version_29,150,0.5,44,ok,58,46,46,0.38666666666666666,0.30666666666666664,84,0.775841346153846,0.7752403846153847,-0.000600961538461342
mi,99,version_29,150,0.5,45,ok,58,46,46,0.38666666666666666,0.30666666666666664,84,0.7283653846153847,0.7139423076923077,-0.014423076923076983
mi,99,version_29,150,0.5,46,ok,58,46,46,0.38666666666666666,0.30666666666666664,84,0.7397836538461539,0.7782451923076923,0.038461538461538436
mi,99,version_29,150,0.75,,unattainable,,,,,,,,,
mi,99,version_29,150,1.0,,unattainable,,,,,,,,,
mi,99,version_29,200,0.0,,unattainable,,,,,,,,,
mi,99,version_29,200,0.25,,unattainable,,,,,,,,,
mi,99,version_29,200,0.5,,unattainable,,,,,,,,,
mi,99,version_29,200,0.75,,unattainable,,,,,,,,,
mi,99,version_29,200,1.0,,unattainable,,,,,,,,,
mi,99,version_30,50,0.0,42,ok,19,31,0,0.38,0.0,184,0.7785117786364204,0.662968964227845,-0.11554281440857539
mi,99,version_30,50,0.0,43,ok,19,31,0,0.38,0.0,184,0.7737753957372554,0.5926710706718186,-0.18110432506543683
mi,99,version_30,50,0.0,44,ok,19,31,0,0.38,0.0,184,0.7695375794590552,0.7194316340521002,-0.05010594540695501
mi,99,version_30,50,0.0,45,ok,19,31,0,0.38,0.0,184,0.7867381278823383,0.6354231584195439,-0.15131496946279444
mi,99,version_30,50,0.0,46,ok,19,31,0,0.38,0.0,184,0.7585691137978313,0.6640907391250155,-0.09447837467281583
mi,99,version_30,50,0.25,42,ok,19,23,8,0.38,0.16,184,0.7719057709086377,0.6731895799576217,-0.09871619095101591
mi,99,version_30,50,0.25,43,ok,19,23,8,0.38,0.16,184,0.787236694503303,0.6490090988408326,-0.13822759566247045
mi,99,version_30,50,0.25,44,ok,19,23,8,0.38,0.16,184,0.7571980555901783,0.7308986663342889,-0.02629938925588937
mi,99,version_30,50,0.25,45,ok,19,23,8,0.38,0.16,184,0.786488844571856,0.6568615231210271,-0.1296273214508289
mi,99,version_30,50,0.25,46,ok,19,23,8,0.38,0.16,184,0.7493456313099839,0.704848560388882,-0.04449707092110189
mi,99,version_30,50,0.5,42,ok,19,15,16,0.38,0.32,184,0.7573226972454195,0.6634675308488097,-0.09385516639660973
mi,99,version_30,50,0.5,43,ok,19,15,16,0.38,0.32,184,0.7320204412314596,0.7013585940421289,-0.030661847189330738
mi,99,version_30,50,0.5,44,ok,19,15,16,0.38,0.32,184,0.7402467904773776,0.652000498566621,-0.08824629191075661
mi,99,version_30,50,0.5,45,ok,19,15,16,0.38,0.32,184,0.7503427645519133,0.7195562757073415,-0.030786488844571802
mi,99,version_30,50,0.5,46,ok,19,15,16,0.38,0.32,184,0.789230960987162,0.6177240433752961,-0.17150691761186587
mi,99,version_30,50,0.75,42,ok,19,8,23,0.38,0.46,184,0.7772653620840084,0.637666708213885,-0.13959865387012338
mi,99,version_30,50,0.75,43,ok,19,8,23,0.38,0.46,184,0.7436121151688895,0.6498815904275209,-0.09373052474136856
mi,99,version_30,50,0.75,44,ok,19,8,23,0.38,0.46,184,0.7600648136607255,0.6736881465785866,-0.08637666708213898
mi,99,version_30,50,0.75,45,ok,19,8,23,0.38,0.46,184,0.7513398977938427,0.6715692384394866,-0.07977065935435612
mi,99,version_30,50,0.75,46,ok,19,8,23,0.38,0.46,184,0.7193069923968591,0.69724541941917,-0.02206157297768918
mi,99,version_30,50,1.0,42,ok,19,0,31,0.38,0.62,184,0.7255390751589181,0.6751838464414807,-0.05035522871743747
mi,99,version_30,50,1.0,43,ok,19,0,31,0.38,0.62,184,0.7620590801445843,0.6495076654617974,-0.11255141468278695
mi,99,version_30,50,1.0,44,ok,19,0,31,0.38,0.62,184,0.7442353234450954,0.6695749719556277,-0.0746603514894677
mi,99,version_30,50,1.0,45,ok,19,0,31,0.38,0.62,184,0.7310233079895301,0.6406581079396735,-0.0903652000498566
mi,99,version_30,50,1.0,46,ok,19,0,31,0.38,0.62,184,0.7482238564128133,0.6718185217499688,-0.07640533466284449
mi,99,version_30,100,0.0,42,ok,38,62,0,0.38,0.0,134,0.7753283302063789,0.6993433395872419,-0.075984990619137
mi,99,version_30,100,0.0,43,ok,38,62,0,0.38,0.0,134,0.7659474671669794,0.5792682926829268,-0.18667917448405258
mi,99,version_30,100,0.0,44,ok,38,62,0,0.38,0.0,134,0.7926829268292682,0.6805816135084428,-0.1121013133208254
mi,99,version_30,100,0.0,45,ok,38,62,0,0.38,0.0,134,0.7809568480300187,0.6421200750469044,-0.13883677298311436
mi,99,version_30,100,0.0,46,ok,38,62,0,0.38,0.0,134,0.7715759849906191,0.7068480300187617,-0.06472795497185735
mi,99,version_30,100,0.25,42,ok,38,46,16,0.38,0.16,134,0.7825984990619138,0.7375703564727956,-0.04502814258911825
mi,99,version_30,100,0.25,43,ok,38,46,16,0.38,0.16,134,0.7535178236397748,0.7021575984990619,-0.05136022514071292
mi,99,version_30,100,0.25,44,ok,38,46,16,0.38,0.16,134,0.7966697936210132,0.7134146341463415,-0.08325515947467166
mi,99,version_30,100,0.25,45,ok,38,46,16,0.38,0.16,134,0.7917448405253283,0.6948874296435271,-0.09685741088180122
mi,99,version_30,100,0.25,46,ok,38,46,16,0.38,0.16,134,0.7847091932457787,0.7033302063789868,-0.0813789868667919
mi,99,version_30,100,0.5,42,ok,38,31,31,0.38,0.31,134,0.7281894934333959,0.7042682926829268,-0.023921200750469107
mi,99,version_30,100,0.5,43,ok,38,31,31,0.38,0.31,134,0.7155253283302064,0.6988742964352721,-0.01665103189493433
mi,99,version_30,100,0.5,44,ok,38,31,31,0.38,0.31,134,0.7772045028142589,0.7101313320825516,-0.06707317073170727
mi,99,version_30,100,0.5,45,ok,38,31,31,0.38,0.31,134,0.7326454033771107,0.6986397748592871,-0.03400562851782363
mi,99,version_30,100,0.5,46,ok,38,31,31,0.38,0.31,134,0.7575046904315197,0.6714352720450282,-0.08606941838649151
mi,99,version_30,100,0.75,42,ok,38,16,46,0.38,0.46,134,0.747420262664165,0.6592401500938087,-0.0881801125703563
mi,99,version_30,100,0.75,43,ok,38,16,46,0.38,0.46,134,0.7542213883677298,0.6409474671669794,-0.11327392120075042
mi,99,version_30,100,0.75,44,ok,38,16,46,0.38,0.46,134,0.728658536585366,0.6496247654784242,-0.07903377110694176
mi,99,version_30,100,0.75,45,ok,38,16,46,0.38,0.46,134,0.773452157598499,0.6587711069418386,-0.11468105065666034
mi,99,version_30,100,0.75,46,ok,38,16,46,0.38,0.46,134,0.7403846153846153,0.6812851782363979,-0.059099437148217415
mi,99,version_30,100,1.0,,unattainable,,,,,,,,,
mi,99,version_30,150,0.0,,unattainable,,,,,,,,,
mi,99,version_30,150,0.25,42,ok,58,69,23,0.38666666666666666,0.15333333333333332,84,0.8335336538461537,0.7710336538461539,-0.06249999999999989
mi,99,version_30,150,0.25,43,ok,58,69,23,0.38666666666666666,0.15333333333333332,84,0.8064903846153846,0.8125,0.006009615384615419
mi,99,version_30,150,0.25,44,ok,58,69,23,0.38666666666666666,0.15333333333333332,84,0.7518028846153847,0.7379807692307692,-0.01382211538461553
mi,99,version_30,150,0.25,45,ok,58,69,23,0.38666666666666666,0.15333333333333332,84,0.7241586538461537,0.6995192307692306,-0.024639423076923128
mi,99,version_30,150,0.25,46,ok,58,69,23,0.38666666666666666,0.15333333333333332,84,0.6917067307692307,0.6436298076923077,-0.04807692307692302
mi,99,version_30,150,0.5,42,ok,58,46,46,0.38666666666666666,0.30666666666666664,84,0.731971153846154,0.7085336538461537,-0.023437500000000222
mi,99,version_30,150,0.5,43,ok,58,46,46,0.38666666666666666,0.30666666666666664,84,0.7421875,0.7403846153846153,-0.0018028846153846922
mi,99,version_30,150,0.5,44,ok,58,46,46,0.38666666666666666,0.30666666666666664,84,0.7409855769230769,0.7145432692307693,-0.0264423076923076
mi,99,version_30,150,0.5,45,ok,58,46,46,0.38666666666666666,0.30666666666666664,84,0.6983173076923077,0.6736778846153846,-0.024639423076923128
mi,99,version_30,150,0.5,46,ok,58,46,46,0.38666666666666666,0.30666666666666664,84,0.7475961538461539,0.751201923076923,0.0036057692307691624
mi,99,version_30,150,0.75,,unattainable,,,,,,,,,
mi,99,version_30,150,1.0,,unattainable,,,,,,,,,
mi,99,version_30,200,0.0,,unattainable,,,,,,,,,
mi,99,version_30,200,0.25,,unattainable,,,,,,,,,
mi,99,version_30,200,0.5,,unattainable,,,,,,,,,
mi,99,version_30,200,0.75,,unattainable,,,,,,,,,
mi,99,version_30,200,1.0,,unattainable,,,,,,,,,
mi,99,version_41,50,0.0,42,ok,19,31,0,0.38,0.0,184,0.7518384644148075,0.6728156549918983,-0.07902280942290918
mi,99,version_41,50,0.0,43,ok,19,31,0,0.38,0.0,184,0.7565748473139724,0.6457684158045619,-0.1108064315094105
mi,99,version_41,50,0.0,44,ok,19,31,0,0.38,0.0,184,0.7588183971083137,0.6878972952760812,-0.07092110183223244
mi,99,version_41,50,0.0,45,ok,19,31,0,0.38,0.0,184,0.757198055590178,0.5989031534338777,-0.15829490215630038
mi,99,version_41,50,0.0,46,ok,19,31,0,0.38,0.0,184,0.7417424903402717,0.707590676804188,-0.034151813536083764
mi,99,version_41,50,0.25,42,ok,19,23,8,0.38,0.16,184,0.7462295899289543,0.682911629066434,-0.06331796086252028
mi,99,version_41,50,0.25,43,ok,19,23,8,0.38,0.16,184,0.7654244048360963,0.6344260251776144,-0.13099837965848193
mi,99,version_41,50,0.25,44,ok,19,23,8,0.38,0.16,184,0.7392496572354481,0.7251651501931945,-0.014084507042253613
mi,99,version_41,50,0.25,45,ok,19,23,8,0.38,0.16,184,0.7613112302131372,0.6367942166271968,-0.12451701358594036
mi,99,version_41,50,0.25,46,ok,19,23,8,0.38,0.16,184,0.7386264489592422,0.7138227595662471,-0.024803689392995154
mi,99,version_41,50,0.5,42,ok,19,15,16,0.38,0.32,184,0.7205534089492709,0.6404088246291911,-0.08014458432007976
mi,99,version_41,50,0.5,43,ok,19,15,16,0.38,0.32,184,0.7080892434251528,0.7122024180481117,0.004113174622958904
mi,99,version_41,50,0.5,44,ok,19,15,16,0.38,0.32,184,0.7170634426025178,0.6967468527982053,-0.0203165898043125
mi,99,version_41,50,0.5,45,ok,19,15,16,0.38,0.32,184,0.7321450828867008,0.7232955253645769,-0.008849557522123908
mi,99,version_41,50,0.5,46,ok,19,15,16,0.38,0.32,184,0.7554530724168017,0.6825377041007104,-0.07291536831609136
mi,99,version_41,50,0.75,42,ok,19,8,23,0.38,0.46,184,0.7527109560014956,0.5915492957746479,-0.16116166022684775
mi,99,version_41,50,0.75,43,ok,19,8,23,0.38,0.46,184,0.7120777763928706,0.665087872366945,-0.04698990402592562
mi,99,version_41,50,0.75,44,ok,19,8,23,0.38,0.46,184,0.7361336158544186,0.6663342889193569,-0.06979932693506175
mi,99,version_41,50,0.75,45,ok,19,8,23,0.38,0.46,184,0.7352611242677304,0.6736881465785866,-0.061572977689143826
mi,99,version_41,50,0.75,46,ok,19,8,23,0.38,0.46,184,0.7041007104574347,0.675433129751963,-0.028667580705471707
mi,99,version_41,50,1.0,42,ok,19,0,31,0.38,0.62,184,0.7154431010843825,0.6619718309859155,-0.05347127009846697
mi,99,version_41,50,1.0,43,ok,19,0,31,0.38,0.62,184,0.7523370310357722,0.6380406331796086,-0.11429639785616363
mi,99,version_41,50,1.0,44,ok,19,0,31,0.38,0.62,184,0.7340147077153185,0.6299389255889318,-0.10407578212638668
mi,99,version_41,50,1.0,45,ok,19,0,31,0.38,0.62,184,0.7109560014956999,0.6814159292035399,-0.029540072292160047
mi,99,version_41,50,1.0,46,ok,19,0,31,0.38,0.62,184,0.7043499937679173,0.6357970833852673,-0.06855291038264999
mi,99,version_41,100,0.0,42,ok,38,62,0,0.38,0.0,134,0.7664165103189494,0.6667448405253282,-0.09967166979362119
mi,99,version_41,100,0.0,43,ok,38,62,0,0.38,0.0,134,0.7530487804878049,0.6196060037523452,-0.13344277673545968
mi,99,version_41,100,0.0,44,ok,38,62,0,0.38,0.0,134,0.7633677298311445,0.673311444652908,-0.0900562851782365
mi,99,version_41,100,0.0,45,ok,38,62,0,0.38,0.0,134,0.7661819887429643,0.6646341463414634,-0.10154784240150083
mi,99,version_41,100,0.0,46,ok,38,62,0,0.38,0.0,134,0.748358348968105,0.7077861163227017,-0.04057223264540333
mi,99,version_41,100,0.25,42,ok,38,46,16,0.38,0.16,134,0.7692307692307693,0.7361632270168855,-0.03306754221388375
mi,99,version_41,100,0.25,43,ok,38,46,16,0.38,0.16,134,0.7431988742964353,0.7052063789868668,-0.0379924953095685
mi,99,version_41,100,0.25,44,ok,38,46,16,0.38,0.16,134,0.7818949343339587,0.7267823639774859,-0.05511257035647288
mi,99,version_41,100,0.25,45,ok,38,46,16,0.38,0.16,134,0.7675891181988743,0.7138836772983115,-0.05370544090056284
mi,99,version_41,100,0.25,46,ok,38,46,16,0.38,0.16,134,0.7474202626641651,0.7305347091932458,-0.016885553470919246
mi,99,version_41,100,0.5,42,ok,38,31,31,0.38,0.31,134,0.7286585365853658,0.7467166979362102,0.01805816135084437
mi,99,version_41,100,0.5,43,ok,38,31,31,0.38,0.31,134,0.7047373358348967,0.724437148217636,0.019699812382739323
mi,99,version_41,100,0.5,44,ok,38,31,31,0.38,0.31,134,0.7945590994371482,0.7113039399624765,-0.08325515947467166
mi,99,version_41,100,0.5,45,ok,38,31,31,0.38,0.31,134,0.7005159474671669,0.6946529080675422,-0.0058630393996247365
mi,99,version_41,100,0.5,46,ok,38,31,31,0.38,0.31,134,0.7378048780487805,0.6958255159474672,-0.041979362101313256
mi,99,version_41,100,0.75,42,ok,38,16,46,0.38,0.46,134,0.7317073170731707,0.6604127579737337,-0.07129455909943705
mi,99,version_41,100,0.75,43,ok,38,16,46,0.38,0.46,134,0.7636022514071295,0.6829268292682927,-0.08067542213883672
mi,99,version_41,100,0.75,44,ok,38,16,46,0.38,0.46,134,0.7098968105065666,0.6564258911819887,-0.053470919324577926
mi,99,version_41,100,0.75,45,ok,38,16,46,0.38,0.46,134,0.7685272045028143,0.6852720450281427,-0.08325515947467166
mi,99,version_41,100,0.75,46,ok,38,16,46,0.38,0.46,134,0.7455440900562852,0.7148217636022515,-0.03072232645403372
mi,99,version_41,100,1.0,,unattainable,,,,,,,,,
mi,99,version_41,150,0.0,,unattainable,,,,,,,,,
mi,99,version_41,150,0.25,42,ok,58,69,23,0.38666666666666666,0.15333333333333332,84,0.8197115384615384,0.7698317307692307,-0.04987980769230771
mi,99,version_41,150,0.25,43,ok,58,69,23,0.38666666666666666,0.15333333333333332,84,0.7776442307692307,0.7674278846153846,-0.010216346153846145
mi,99,version_41,150,0.25,44,ok,58,69,23,0.38666666666666666,0.15333333333333332,84,0.7331730769230769,0.7451923076923077,0.012019230769230838
mi,99,version_41,150,0.25,45,ok,58,69,23,0.38666666666666666,0.15333333333333332,84,0.6856971153846154,0.6706730769230769,-0.015024038461538547
mi,99,version_41,150,0.25,46,ok,58,69,23,0.38666666666666666,0.15333333333333332,84,0.7079326923076923,0.6604567307692308,-0.04747596153846145
mi,99,version_41,150,0.5,42,ok,58,46,46,0.38666666666666666,0.30666666666666664,84,0.7115384615384616,0.6820913461538461,-0.02944711538461542
mi,99,version_41,150,0.5,43,ok,58,46,46,0.38666666666666666,0.30666666666666664,84,0.7235576923076923,0.6941105769230769,-0.02944711538461542
mi,99,version_41,150,0.5,44,ok,58,46,46,0.38666666666666666,0.30666666666666664,84,0.764423076923077,0.6712740384615384,-0.09314903846153855
mi,99,version_41,150,0.5,45,ok,58,46,46,0.38666666666666666,0.30666666666666664,84,0.6676682692307693,0.6868990384615384,0.019230769230769162
mi,99,version_41,150,0.5,46,ok,58,46,46,0.38666666666666666,0.30666666666666664,84,0.7457932692307692,0.7385817307692307,-0.007211538461538436
mi,99,version_41,150,0.75,,unattainable,,,,,,,,,
mi,99,version_41,150,1.0,,unattainable,,,,,,,,,
mi,99,version_41,200,0.0,,unattainable,,,,,,,,,
mi,99,version_41,200,0.25,,unattainable,,,,,,,,,
mi,99,version_41,200,0.5,,unattainable,,,,,,,,,
mi,99,version_41,200,0.75,,unattainable,,,,,,,,,
mi,99,version_41,200,1.0,,unattainable,,,,,,,,,
mi,101,version_27,50,0.0,42,ok,19,31,0,0.38,0.0,184,0.7387510906144833,0.6028916864015954,-0.1358594042128879
mi,101,version_27,50,0.0,43,ok,19,31,0,0.38,0.0,184,0.7407453570983423,0.6397856163529851,-0.10095974074535718
mi,101,version_27,50,0.0,44,ok,19,31,0,0.38,0.0,184,0.7520877477252899,0.5908014458432007,-0.16128630188208914
mi,101,version_27,50,0.0,45,ok,19,31,0,0.38,0.0,184,0.7345132743362832,0.6144833603390254,-0.12002991399725782
mi,101,version_27,50,0.0,46,ok,19,31,0,0.38,0.0,184,0.6880219369313225,0.6597282811915742,-0.02829365573974829
mi,101,version_27,50,0.25,42,ok,19,23,8,0.38,0.16,184,0.7449831733765423,0.5758444472142591,-0.1691387261622832
mi,101,version_27,50,0.25,43,ok,19,23,8,0.38,0.16,184,0.7388757322697246,0.6250779010345258,-0.11379783123519882
mi,101,version_27,50,0.25,44,ok,19,23,8,0.38,0.16,184,0.7245419419169887,0.6937554530724168,-0.030786488844571913
mi,101,version_27,50,0.25,45,ok,19,23,8,0.38,0.16,184,0.7266608500560887,0.6096223357846192,-0.1170385142714695
mi,101,version_27,50,0.25,46,ok,19,23,8,0.38,0.16,184,0.7717811292533966,0.5343387760189455,-0.23744235323445106
mi,101,version_27,50,0.5,42,ok,19,15,16,0.38,0.32,184,0.7428642652374423,0.5747226723170884,-0.1681415929203539
mi,101,version_27,50,0.5,43,ok,19,15,16,0.38,0.32,184,0.7084631683908762,0.6304374922098966,-0.07802567618097955
mi,101,version_27,50,0.5,44,ok,19,15,16,0.38,0.32,184,0.7438613984793717,0.5898043126012713,-0.1540570858781004
mi,101,version_27,50,0.5,45,ok,19,15,16,0.38,0.32,184,0.6918858282437992,0.6435248660102206,-0.04836096223357855
mi,101,version_27,50,0.5,46,ok,19,15,16,0.38,0.32,184,0.7199302006730649,0.5610120902405584,-0.15891811043250648
mi,101,version_27,50,0.75,42,ok,19,8,23,0.38,0.46,184,0.7161909510158295,0.6610993393992273,-0.055091611616602254
mi,101,version_27,50,0.75,43,ok,19,8,23,0.38,0.46,184,0.7042253521126761,0.6481366072541443,-0.05608874485853177
mi,101,version_27,50,0.75,44,ok,19,8,23,0.38,0.46,184,0.7472267231708837,0.6816652125140221,-0.06556151065686155
mi,101,version_27,50,0.75,45,ok,19,8,23,0.38,0.46,184,0.6898915617599403,0.6400348996634675,-0.04985666209647277
mi,101,version_27,50,0.75,46,ok,19,8,23,0.38,0.46,184,0.7272840583322947,0.6260750342764552,-0.10120902405583954
mi,101,version_27,50,1.0,42,ok,19,0,31,0.38,0.62,184,0.7231708837093357,0.5516639660974697,-0.17150691761186598
mi,101,version_27,50,1.0,43,ok,19,0,31,0.38,0.62,184,0.7272840583322946,0.6435248660102206,-0.08375919232207396
mi,101,version_27,50,1.0,44,ok,19,0,31,0.38,0.62,184,0.7031035772155055,0.6662096472641156,-0.03689392995138996
mi,101,version_27,50,1.0,45,ok,19,0,31,0.38,0.62,184,0.7181852174996884,0.6104948273713074,-0.107690390128381
mi,101,version_27,50,1.0,46,ok,19,0,31,0.38,0.62,184,0.737130749096348,0.5954131870871245,-0.14171756200922347
mi,101,version_27,100,0.0,42,ok,38,62,0,0.38,0.0,134,0.7448405253283301,0.6439962476547842,-0.10084427767354587
mi,101,version_27,100,0.0,43,ok,38,62,0,0.38,0.0,134,0.7558630393996248,0.6160881801125703,-0.13977485928705458
mi,101,version_27,100,0.0,44,ok,38,62,0,0.38,0.0,134,0.7284240150093809,0.6158536585365855,-0.11257035647279545
mi,101,version_27,100,0.0,45,ok,38,62,0,0.38,0.0,134,0.7947936210131332,0.675656660412758,-0.11913696060037526
mi,101,version_27,100,0.0,46,ok,38,62,0,0.38,0.0,134,0.7298311444652908,0.6815196998123827,-0.04831144465290815
mi,101,version_27,100,0.25,42,ok,38,46,16,0.38,0.16,134,0.7471857410881801,0.7136491557223265,-0.03353658536585369
mi,101,version_27,100,0.25,43,ok,38,46,16,0.38,0.16,134,0.7481238273921201,0.7417917448405253,-0.0063320825515947865
mi,101,version_27,100,0.25,44,ok,38,46,16,0.38,0.16,134,0.6995778611632271,0.6468105065666041,-0.05276735459662296
mi,101,version_27,100,0.25,45,ok,38,46,16,0.38,0.16,134,0.726313320825516,0.6449343339587241,-0.0813789868667919
mi,101,version_27,100,0.25,46,ok,38,46,16,0.38,0.16,134,0.7181050656660413,0.6798780487804877,-0.03822701688555352
mi,101,version_27,100,0.5,42,ok,38,31,31,0.38,0.31,134,0.7300656660412758,0.6486866791744841,-0.08137898686679168
mi,101,version_27,100,0.5,43,ok,38,31,31,0.38,0.31,134,0.7408536585365854,0.6273452157598499,-0.11350844277673544
mi,101,version_27,100,0.5,44,ok,38,31,31,0.38,0.31,134,0.7359287054409005,0.598968105065666,-0.1369606003752345
mi,101,version_27,100,0.5,45,ok,38,31,31,0.38,0.31,134,0.7199812382739211,0.7019230769230769,-0.01805816135084426
mi,101,version_27,100,0.5,46,ok,38,31,31,0.38,0.31,134,0.7553939962476548,0.6681519699812383,-0.08724202626641653
mi,101,version_27,100,0.75,42,ok,38,16,46,0.38,0.46,134,0.7209193245778612,0.6566604127579737,-0.06425891181988752
mi,101,version_27,100,0.75,43,ok,38,16,46,0.38,0.46,134,0.6941838649155722,0.6559568480300187,-0.03822701688555341
mi,101,version_27,100,0.75,44,ok,38,16,46,0.38,0.46,134,0.7349906191369606,0.6620544090056285,-0.07293621013133211
mi,101,version_27,100,0.75,45,ok,38,16,46,0.38,0.46,134,0.7178705440900562,0.7159943714821764,-0.0018761726078798668
mi,101,version_27,100,0.75,46,ok,38,16,46,0.38,0.46,134,0.797138836772983,0.6515009380863039,-0.1456378986866791
mi,101,version_27,100,1.0,,unattainable,,,,,,,,,
mi,101,version_27,150,0.0,,unattainable,,,,,,,,,
mi,101,version_27,150,0.25,42,ok,58,69,23,0.38666666666666666,0.15333333333333332,84,0.7319711538461539,0.6706730769230769,-0.06129807692307698
mi,101,version_27,150,0.25,43,ok,58,69,23,0.38666666666666666,0.15333333333333332,84,0.7926682692307692,0.7620192307692307,-0.030649038461538436
mi,101,version_27,150,0.25,44,ok,58,69,23,0.38666666666666666,0.15333333333333332,84,0.7151442307692307,0.602764423076923,-0.11237980769230771
mi,101,version_27,150,0.25,45,ok,58,69,23,0.38666666666666666,0.15333333333333332,84,0.782451923076923,0.6838942307692308,-0.09855769230769218
mi,101,version_27,150,0.25,46,ok,58,69,23,0.38666666666666666,0.15333333333333332,84,0.743389423076923,0.5643028846153846,-0.17908653846153844
mi,101,version_27,150,0.5,42,ok,58,46,46,0.38666666666666666,0.30666666666666664,84,0.7043269230769231,0.6844951923076922,-0.01983173076923095
mi,101,version_27,150,0.5,43,ok,58,46,46,0.38666666666666666,0.30666666666666664,84,0.7289663461538461,0.6628605769230769,-0.06610576923076927
mi,101,version_27,150,0.5,44,ok,58,46,46,0.38666666666666666,0.30666666666666664,84,0.6911057692307693,0.7067307692307692,0.015624999999999889
mi,101,version_27,150,0.5,45,ok,58,46,46,0.38666666666666666,0.30666666666666664,84,0.8125,0.7235576923076923,-0.08894230769230771
mi,101,version_27,150,0.5,46,ok,58,46,46,0.38666666666666666,0.30666666666666664,84,0.7475961538461537,0.6826923076923078,-0.06490384615384592
mi,101,version_27,150,0.75,,unattainable,,,,,,,,,
mi,101,version_27,150,1.0,,unattainable,,,,,,,,,
mi,101,version_27,200,0.0,,unattainable,,,,,,,,,
mi,101,version_27,200,0.25,,unattainable,,,,,,,,,
mi,101,version_27,200,0.5,,unattainable,,,,,,,,,
mi,101,version_27,200,0.75,,unattainable,,,,,,,,,
mi,101,version_27,200,1.0,,unattainable,,,,,,,,,
mi,101,version_28,50,0.0,42,ok,19,31,0,0.38,0.0,184,0.7184345008101708,0.7024803689392995,-0.015954131870871247
mi,101,version_28,50,0.0,43,ok,19,31,0,0.38,0.0,184,0.7200548423283062,0.7255390751589181,0.005484232830611946
mi,101,version_28,50,0.0,44,ok,19,31,0,0.38,0.0,184,0.7473513648261249,0.6028916864015954,-0.14445967842452945
mi,101,version_28,50,0.0,45,ok,19,31,0,0.38,0.0,184,0.725414433503677,0.6714445967842454,-0.05396983671943156
mi,101,version_28,50,0.0,46,ok,19,31,0,0.38,0.0,184,0.713822759566247,0.707590676804188,-0.006232082762058999
mi,101,version_28,50,0.25,42,ok,19,23,8,0.38,0.16,184,0.706967468527982,0.6947525863143462,-0.012214882213635758
mi,101,version_28,50,0.25,43,ok,19,23,8,0.38,0.16,184,0.7201794839835473,0.6797955876854045,-0.04038389629814276
mi,101,version_28,50,0.25,44,ok,19,23,8,0.38,0.16,184,0.7244173002617476,0.7462295899289543,0.02181228966720672
mi,101,version_28,50,0.25,45,ok,19,23,8,0.38,0.16,184,0.7163155926710706,0.6529976318085504,-0.06331796086252017
mi,101,version_28,50,0.25,46,ok,19,23,8,0.38,0.16,184,0.7394989405459303,0.6962482861772404,-0.04325065436868991
mi,101,version_28,50,0.5,42,ok,19,15,16,0.38,0.32,184,0.7215505421912003,0.717935934189206,-0.0036146080019943128
mi,101,version_28,50,0.5,43,ok,19,15,16,0.38,0.32,184,0.695251152935311,0.6810420042378162,-0.014209148697494789
mi,101,version_28,50,0.5,44,ok,19,15,16,0.38,0.32,184,0.7291536831609123,0.6765549046491338,-0.05259877851177852
mi,101,version_28,50,0.5,45,ok,19,15,16,0.38,0.32,184,0.6871494453446342,0.7151938177739001,0.02804437242926594
mi,101,version_28,50,0.5,46,ok,19,15,16,0.38,0.32,184,0.7127009846690765,0.7006107441106818,-0.012090240558394694
mi,101,version_28,50,0.75,42,ok,19,8,23,0.38,0.46,184,0.7039760688021937,0.6864015954131871,-0.01757447338900653
mi,101,version_28,50,0.75,43,ok,19,8,23,0.38,0.46,184,0.7104574348747351,0.6441480742864266,-0.0663093605883085
mi,101,version_28,50,0.75,44,ok,19,8,23,0.38,0.46,184,0.7591923220740371,0.6625950392621214,-0.09659728281191571
mi,101,version_28,50,0.75,45,ok,19,8,23,0.38,0.46,184,0.692509036520005,0.7463542315841954,0.0538451950641905
mi,101,version_28,50,0.75,46,ok,19,8,23,0.38,0.46,184,0.7090863766670821,0.7391250155802068,0.03003863891312475
mi,101,version_28,50,1.0,42,ok,19,0,31,0.38,0.62,184,0.7145706094976941,0.6625950392621215,-0.05197557023557264
mi,101,version_28,50,1.0,43,ok,19,0,31,0.38,0.62,184,0.7146952511529353,0.7849931447089616,0.07029789355602634
mi,101,version_28,50,1.0,44,ok,19,0,31,0.38,0.62,184,0.7113299264614235,0.7115792097719058,0.0002492833104823511
mi,101,version_28,50,1.0,45,ok,19,0,31,0.38,0.62,184,0.7161909510158296,0.6477626822884208,-0.06842826872740881
mi,101,version_28,50,1.0,46,ok,19,0,31,0.38,0.62,184,0.7286551165399476,0.6796709460301633,-0.04898417050978432
mi,101,version_28,100,0.0,42,ok,38,62,0,0.38,0.0,134,0.6951219512195123,0.6925422138836774,-0.0025797373358348308
mi,101,version_28,100,0.0,43,ok,38,62,0,0.38,0.0,134,0.7265478424015009,0.6939493433395872,-0.0325984990619137
mi,101,version_28,100,0.0,44,ok,38,62,0,0.38,0.0,134,0.7091932457786116,0.7174015009380863,0.008208255159474653
mi,101,version_28,100,0.0,45,ok,38,62,0,0.38,0.0,134,0.7460131332082551,0.7373358348968105,-0.008677298311444592
mi,101,version_28,100,0.0,46,ok,38,62,0,0.38,0.0,134,0.7523452157598499,0.7708724202626641,0.0185272045028142
mi,101,version_28,100,0.25,42,ok,38,46,16,0.38,0.16,134,0.7272514071294559,0.7298311444652908,0.002579737335834942
mi,101,version_28,100,0.25,43,ok,38,46,16,0.38,0.16,134,0.7199812382739212,0.7382739212007504,0.018292682926829174
mi,101,version_28,100,0.25,44,ok,38,46,16,0.38,0.16,134,0.6712007504690432,0.6397748592870545,-0.031425891181988685
mi,101,version_28,100,0.25,45,ok,38,46,16,0.38,0.16,134,0.7197467166979362,0.7234990619136961,0.0037523452157598447
mi,101,version_28,100,0.25,46,ok,38,46,16,0.38,0.16,134,0.726782363977486,0.7460131332082552,0.019230769230769273
mi,101,version_28,100,0.5,42,ok,38,31,31,0.38,0.31,134,0.7338180112570357,0.7181050656660413,-0.015712945590994454
mi,101,version_28,100,0.5,43,ok,38,31,31,0.38,0.31,134,0.7582082551594747,0.7202157598499062,-0.0379924953095685
mi,101,version_28,100,0.5,44,ok,38,31,31,0.38,0.31,134,0.6972326454033771,0.701688555347092,0.004455909943714809
mi,101,version_28,100,0.5,45,ok,38,31,31,0.38,0.31,134,0.7122420262664165,0.7565666041275797,0.04432457786116317
mi,101,version_28,100,0.5,46,ok,38,31,31,0.38,0.31,134,0.703799249530957,0.7094277673545966,0.0056285178236396005
mi,101,version_28,100,0.75,42,ok,38,16,46,0.38,0.46,134,0.7052063789868668,0.7568011257035647,0.05159474671669795
mi,101,version_28,100,0.75,43,ok,38,16,46,0.38,0.46,134,0.6510318949343339,0.7035647279549718,0.05253283302063794
mi,101,version_28,100,0.75,44,ok,38,16,46,0.38,0.46,134,0.7380393996247655,0.676594746716698,-0.061444652908067554
mi,101,version_28,100,0.75,45,ok,38,16,46,0.38,0.46,134,0.7164634146341464,0.7077861163227017,-0.008677298311444703
mi,101,version_28,100,0.75,46,ok,38,16,46,0.38,0.46,134,0.7708724202626641,0.7077861163227017,-0.0630863039399624
mi,101,version_28,100,1.0,,unattainable,,,,,,,,,
mi,101,version_28,150,0.0,,unattainable,,,,,,,,,
mi,101,version_28,150,0.25,42,ok,58,69,23,0.38666666666666666,0.15333333333333332,84,0.7229567307692307,0.7163461538461539,-0.006610576923076872
mi,101,version_28,150,0.25,43,ok,58,69,23,0.38666666666666666,0.15333333333333332,84,0.7980769230769231,0.7734375,-0.024639423076923128
mi,101,version_28,150,0.25,44,ok,58,69,23,0.38666666666666666,0.15333333333333332,84,0.7265625,0.7223557692307692,-0.0042067307692308376
mi,101,version_28,150,0.25,45,ok,58,69,23,0.38666666666666666,0.15333333333333332,84,0.7818509615384615,0.7217548076923076,-0.060096153846153855
mi,101,version_28,150,0.25,46,ok,58,69,23,0.38666666666666666,0.15333333333333332,84,0.7770432692307692,0.6592548076923077,-0.11778846153846145
mi,101,version_28,150,0.5,42,ok,58,46,46,0.38666666666666666,0.30666666666666664,84,0.7049278846153847,0.7704326923076923,0.0655048076923076
mi,101,version_28,150,0.5,43,ok,58,46,46,0.38666666666666666,0.30666666666666664,84,0.7013221153846154,0.7301682692307693,0.028846153846153855
mi,101,version_28,150,0.5,44,ok,58,46,46,0.38666666666666666,0.30666666666666664,84,0.6436298076923077,0.7157451923076923,0.07211538461538458
mi,101,version_28,150,0.5,45,ok,58,46,46,0.38666666666666666,0.30666666666666664,84,0.8076923076923077,0.7734375,-0.03425480769230771
mi,101,version_28,150,0.5,46,ok,58,46,46,0.38666666666666666,0.30666666666666664,84,0.7385817307692307,0.780048076923077,0.041466346153846256
mi,101,version_28,150,0.75,,unattainable,,,,,,,,,
mi,101,version_28,150,1.0,,unattainable,,,,,,,,,
mi,101,version_28,200,0.0,,unattainable,,,,,,,,,
mi,101,version_28,200,0.25,,unattainable,,,,,,,,,
mi,101,version_28,200,0.5,,unattainable,,,,,,,,,
mi,101,version_28,200,0.75,,unattainable,,,,,,,,,
mi,101,version_28,200,1.0,,unattainable,,,,,,,,,
mi,101,version_29,50,0.0,42,ok,19,31,0,0.38,0.0,184,0.690390128380905,0.6349245917985791,-0.05546553658232589
mi,101,version_29,50,0.0,43,ok,19,31,0,0.38,0.0,184,0.7114545681166646,0.6174747600648136,-0.09397980805185102
mi,101,version_29,50,0.0,44,ok,19,31,0,0.38,0.0,184,0.7129502679795588,0.539449083883834,-0.1735011840957249
mi,101,version_29,50,0.0,45,ok,19,31,0,0.38,0.0,184,0.6847812538950517,0.6392870497320204,-0.04549420416303129
mi,101,version_29,50,0.0,46,ok,19,31,0,0.38,0.0,184,0.6779259628567867,0.6107441106817898,-0.06718185217499695
mi,101,version_29,50,0.25,42,ok,19,23,8,0.38,0.16,184,0.716564875981553,0.5855664963230712,-0.13099837965848182
mi,101,version_29,50,0.25,43,ok,19,23,8,0.38,0.16,184,0.7092110183223234,0.5322198678798455,-0.17699115044247782
mi,101,version_29,50,0.25,44,ok,19,23,8,0.38,0.16,184,0.7097095849432882,0.6825377041007105,-0.02717188084257771
mi,101,version_29,50,0.25,45,ok,19,23,8,0.38,0.16,184,0.6892683534837343,0.5989031534338777,-0.0903652000498566
mi,101,version_29,50,0.25,46,ok,19,23,8,0.38,0.16,184,0.7140720428767294,0.6640907391250156,-0.049981303751713835
mi,101,version_29,50,0.5,42,ok,19,15,16,0.38,0.32,184,0.7003614608001995,0.6516265736008974,-0.04873488719930208
mi,101,version_29,50,0.5,43,ok,19,15,16,0.38,0.32,184,0.692509036520005,0.6103701857160664,-0.08213885080393857
mi,101,version_29,50,0.5,44,ok,19,15,16,0.38,0.32,184,0.6962482861772404,0.6002742116415306,-0.09597407453570983
mi,101,version_29,50,0.5,45,ok,19,15,16,0.38,0.32,184,0.681540570858781,0.6633428891935684,-0.018197681665212517
mi,101,version_29,50,0.5,46,ok,19,15,16,0.38,0.32,184,0.6906394116913872,0.5994017200548423,-0.09123769163654494
mi,101,version_29,50,0.75,42,ok,19,8,23,0.38,0.46,184,0.6714445967842453,0.6483858905646267,-0.023058706219618585
mi,101,version_29,50,0.75,43,ok,19,8,23,0.38,0.46,184,0.6976193443848935,0.6723170883709336,-0.025302256013959856
mi,101,version_29,50,0.75,44,ok,19,8,23,0.38,0.46,184,0.7242926586065064,0.6290664340022436,-0.09522622460426278
mi,101,version_29,50,0.75,45,ok,19,8,23,0.38,0.46,184,0.6817898541692634,0.6543686900162033,-0.027421164153060062
mi,101,version_29,50,0.75,46,ok,19,8,23,0.38,0.46,184,0.6776766795463045,0.6315592671070672,-0.04611741243923728
mi,101,version_29,50,1.0,42,ok,19,0,31,0.38,0.62,184,0.6846566122398106,0.5542814408575346,-0.13037517138227595
mi,101,version_29,50,1.0,43,ok,19,0,31,0.38,0.62,184,0.7252897918484358,0.5727284058332295,-0.1525613860152063
mi,101,version_29,50,1.0,44,ok,19,0,31,0.38,0.62,184,0.7016078773526113,0.5976567368814658,-0.10395114047114551
mi,101,version_29,50,1.0,45,ok,19,0,31,0.38,0.62,184,0.7012339523868878,0.6252025426897668,-0.07603140969712097
mi,101,version_29,50,1.0,46,ok,19,0,31,0.38,0.62,184,0.6999875358344758,0.6237068428268727,-0.0762806930076031
mi,101,version_29,100,0.0,42,ok,38,62,0,0.38,0.0,134,0.6704971857410882,0.5820825515947468,-0.08841463414634143
mi,101,version_29,100,0.0,43,ok,38,62,0,0.38,0.0,134,0.6920731707317074,0.6109287054409005,-0.08114446529080688
mi,101,version_29,100,0.0,44,ok,38,62,0,0.38,0.0,134,0.6911350844277674,0.62406191369606,-0.06707317073170738
mi,101,version_29,100,0.0,45,ok,38,62,0,0.38,0.0,134,0.727954971857411,0.6737804878048781,-0.05417448405253289
mi,101,version_29,100,0.0,46,ok,38,62,0,0.38,0.0,134,0.6937148217636023,0.6930112570356474,-0.0007035647279549639
mi,101,version_29,100,0.25,42,ok,38,46,16,0.38,0.16,134,0.7005159474671669,0.7075515947467167,0.0070356472795497504
mi,101,version_29,100,0.25,43,ok,38,46,16,0.38,0.16,134,0.6960600375234521,0.6906660412757973,-0.005393996247654798
mi,101,version_29,100,0.25,44,ok,38,46,16,0.38,0.16,134,0.6395403377110693,0.6067073170731707,-0.03283302063789861
mi,101,version_29,100,0.25,45,ok,38,46,16,0.38,0.16,134,0.6794090056285178,0.6013133208255159,-0.07809568480300189
mi,101,version_29,100,0.25,46,ok,38,46,16,0.38,0.16,134,0.6801125703564728,0.6939493433395874,0.013836772983114587
mi,101,version_29,100,0.5,42,ok,38,31,31,0.38,0.31,134,0.7211538461538461,0.6552532833020639,-0.06590056285178225
mi,101,version_29,100,0.5,43,ok,38,31,31,0.38,0.31,134,0.6977016885553471,0.6918386491557224,-0.0058630393996247365
mi,101,version_29,100,0.5,44,ok,38,31,31,0.38,0.31,134,0.7087242026266416,0.6038930581613509,-0.10483114446529074
mi,101,version_29,100,0.5,45,ok,38,31,31,0.38,0.31,134,0.6852720450281427,0.6770637898686679,-0.008208255159474764
mi,101,version_29,100,0.5,46,ok,38,31,31,0.38,0.31,134,0.7326454033771106,0.6580675422138835,-0.07457786116322707
mi,101,version_29,100,0.75,42,ok,38,16,46,0.38,0.46,134,0.700984990619137,0.6463414634146342,-0.05464352720450283
mi,101,version_29,100,0.75,43,ok,38,16,46,0.38,0.46,134,0.6627579737335835,0.6364915572232646,-0.026266416510318913
mi,101,version_29,100,0.75,44,ok,38,16,46,0.38,0.46,134,0.7117729831144465,0.6278142589118199,-0.08395872420262662
mi,101,version_29,100,0.75,45,ok,38,16,46,0.38,0.46,134,0.7349906191369606,0.6123358348968104,-0.1226547842401502
mi,101,version_29,100,0.75,46,ok,38,16,46,0.38,0.46,134,0.7614915572232646,0.5351782363977486,-0.22631332082551592
mi,101,version_29,100,1.0,,unattainable,,,,,,,,,
mi,101,version_29,150,0.0,,unattainable,,,,,,,,,
mi,101,version_29,150,0.25,42,ok,58,69,23,0.38666666666666666,0.15333333333333332,84,0.7091346153846154,0.6977163461538461,-0.011418269230769273
mi,101,version_29,150,0.25,43,ok,58,69,23,0.38666666666666666,0.15333333333333332,84,0.7349759615384616,0.7391826923076923,0.0042067307692307265
mi,101,version_29,150,0.25,44,ok,58,69,23,0.38666666666666666,0.15333333333333332,84,0.6520432692307693,0.5787259615384615,-0.07331730769230782
mi,101,version_29,150,0.25,45,ok,58,69,23,0.38666666666666666,0.15333333333333332,84,0.7500000000000001,0.5901442307692307,-0.15985576923076938
mi,101,version_29,150,0.25,46,ok,58,69,23,0.38666666666666666,0.15333333333333332,84,0.709735576923077,0.5594951923076923,-0.1502403846153847
mi,101,version_29,150,0.5,42,ok,58,46,46,0.38666666666666666,0.30666666666666664,84,0.6772836538461539,0.7295673076923077,0.052283653846153855
mi,101,version_29,150,0.5,43,ok,58,46,46,0.38666666666666666,0.30666666666666664,84,0.7163461538461539,0.6568509615384616,-0.05949519230769229
mi,101,version_29,150,0.5,44,ok,58,46,46,0.38666666666666666,0.30666666666666664,84,0.6436298076923077,0.7259615384615385,0.08233173076923084
mi,101,version_29,150,0.5,45,ok,58,46,46,0.38666666666666666,0.30666666666666664,84,0.7193509615384616,0.7205528846153846,0.0012019230769230171
mi,101,version_29,150,0.5,46,ok,58,46,46,0.38666666666666666,0.30666666666666664,84,0.6887019230769231,0.680889423076923,-0.007812500000000111
mi,101,version_29,150,0.75,,unattainable,,,,,,,,,
mi,101,version_29,150,1.0,,unattainable,,,,,,,,,
mi,101,version_29,200,0.0,,unattainable,,,,,,,,,
mi,101,version_29,200,0.25,,unattainable,,,,,,,,,
mi,101,version_29,200,0.5,,unattainable,,,,,,,,,
mi,101,version_29,200,0.75,,unattainable,,,,,,,,,
mi,101,version_29,200,1.0,,unattainable,,,,,,,,,
mi,101,version_30,50,0.0,42,ok,19,31,0,0.38,0.0,184,0.7250405085379534,0.5755951639037767,-0.1494453446341767
mi,101,version_30,50,0.0,43,ok,19,31,0,0.38,0.0,184,0.7277826249532594,0.6409073912501558,-0.08687523370310357
mi,101,version_30,50,0.0,44,ok,19,31,0,0.38,0.0,184,0.7270347750218122,0.5666209647264115,-0.1604138102954007
mi,101,version_30,50,0.0,45,ok,19,31,0,0.38,0.0,184,0.7042253521126761,0.6710706718185216,-0.03315468029415447
mi,101,version_30,50,0.0,46,ok,19,31,0,0.38,0.0,184,0.6956250779010344,0.6323071170385143,-0.06331796086252017
mi,101,version_30,50,0.25,42,ok,19,23,8,0.38,0.16,184,0.6931322447962109,0.6223357846192198,-0.07079646017699115
mi,101,version_30,50,0.25,43,ok,19,23,8,0.38,0.16,184,0.7169388009472765,0.6159790602019195,-0.10095974074535696
mi,101,version_30,50,0.25,44,ok,19,23,8,0.38,0.16,184,0.703477502181229,0.6739374298890689,-0.029540072292160047
mi,101,version_30,50,0.25,45,ok,19,23,8,0.38,0.16,184,0.7074660351489467,0.6586065062944035,-0.048859528854543144
mi,101,version_30,50,0.25,46,ok,19,23,8,0.38,0.16,184,0.7352611242677304,0.6477626822884207,-0.08749844197930967
mi,101,version_30,50,0.5,42,ok,19,15,16,0.38,0.32,184,0.723420167019818,0.5802069051477003,-0.1432132618721177
mi,101,version_30,50,0.5,43,ok,19,15,16,0.38,0.32,184,0.7122024180481117,0.6279446591050729,-0.08425775894303877
mi,101,version_30,50,0.5,44,ok,19,15,16,0.38,0.32,184,0.7209273339149944,0.6117412439237193,-0.1091860899912751
mi,101,version_30,50,0.5,45,ok,19,15,16,0.38,0.32,184,0.7100835099090116,0.6093730524741369,-0.10071045743487472
mi,101,version_30,50,0.5,46,ok,19,15,16,0.38,0.32,184,0.7210519755702356,0.5795836968714945,-0.14146827869874112
mi,101,version_30,50,0.75,42,ok,19,8,23,0.38,0.46,184,0.7168141592920353,0.6117412439237193,-0.10507291536831598
mi,101,version_30,50,0.75,43,ok,19,8,23,0.38,0.46,184,0.7003614608001995,0.577215505421912,-0.12314595537828743
mi,101,version_30,50,0.75,44,ok,19,8,23,0.38,0.46,184,0.7528355976567369,0.627321450828867,-0.12551414682786988
mi,101,version_30,50,0.75,45,ok,19,8,23,0.38,0.46,184,0.6983671943163405,0.6531222734637916,-0.04524492085254894
mi,101,version_30,50,0.75,46,ok,19,8,23,0.38,0.46,184,0.7327682911629066,0.646516265736009,-0.0862520254268977
mi,101,version_30,50,1.0,42,ok,19,0,31,0.38,0.62,184,0.7184345008101708,0.5461797332668578,-0.17225476754331304
mi,101,version_30,50,1.0,43,ok,19,0,31,0.38,0.62,184,0.7145706094976941,0.6304374922098965,-0.0841331172877976
mi,101,version_30,50,1.0,44,ok,19,0,31,0.38,0.62,184,0.7069674685279821,0.682911629066434,-0.0240558394615481
mi,101,version_30,50,1.0,45,ok,19,0,31,0.38,0.62,184,0.7331422161286302,0.6352985167643027,-0.09784369936432746
mi,101,version_30,50,1.0,46,ok,19,0,31,0.38,0.62,184,0.7239187336407827,0.621837217998255,-0.10208151564252776
mi,101,version_30,100,0.0,42,ok,38,62,0,0.38,0.0,134,0.7035647279549719,0.6332082551594747,-0.07035647279549728
mi,101,version_30,100,0.0,43,ok,38,62,0,0.38,0.0,134,0.7286585365853658,0.6458724202626641,-0.08278611632270172
mi,101,version_30,100,0.0,44,ok,38,62,0,0.38,0.0,134,0.6878517823639775,0.6538461538461537,-0.03400562851782374
mi,101,version_30,100,0.0,45,ok,38,62,0,0.38,0.0,134,0.725375234521576,0.7188086303939962,-0.0065666041275798115
mi,101,version_30,100,0.0,46,ok,38,62,0,0.38,0.0,134,0.7234990619136961,0.6674484052532833,-0.056050656660412757
mi,101,version_30,100,0.25,42,ok,38,46,16,0.38,0.16,134,0.6988742964352721,0.6024859287054409,-0.09638836772983117
mi,101,version_30,100,0.25,43,ok,38,46,16,0.38,0.16,134,0.7371013133208255,0.7274859287054409,-0.009615384615384581
mi,101,version_30,100,0.25,44,ok,38,46,16,0.38,0.16,134,0.6744840525328331,0.6308630393996247,-0.04362101313320832
mi,101,version_30,100,0.25,45,ok,38,46,16,0.38,0.16,134,0.7159943714821763,0.6313320825515948,-0.08466228893058148
mi,101,version_30,100,0.25,46,ok,38,46,16,0.38,0.16,134,0.6873827392120075,0.6862101313320826,-0.001172607879924903
mi,101,version_30,100,0.5,42,ok,38,31,31,0.38,0.31,134,0.7286585365853658,0.6386022514071295,-0.09005628517823638
mi,101,version_30,100,0.5,43,ok,38,31,31,0.38,0.31,134,0.7539868667917448,0.6083489681050657,-0.1456378986866791
mi,101,version_30,100,0.5,44,ok,38,31,31,0.38,0.31,134,0.7103658536585366,0.6301594746716699,-0.08020637898686667
mi,101,version_30,100,0.5,45,ok,38,31,31,0.38,0.31,134,0.7030956848030019,0.6543151969981238,-0.04878048780487809
mi,101,version_30,100,0.5,46,ok,38,31,31,0.38,0.31,134,0.6911350844277674,0.6439962476547842,-0.04713883677298314
mi,101,version_30,100,0.75,42,ok,38,16,46,0.38,0.46,134,0.7342870544090055,0.6866791744840526,-0.04760787992495297
mi,101,version_30,100,0.75,43,ok,38,16,46,0.38,0.46,134,0.702626641651032,0.6092870544090057,-0.09333958724202629
mi,101,version_30,100,0.75,44,ok,38,16,46,0.38,0.46,134,0.7237335834896811,0.6796435272045028,-0.04409005628517826
mi,101,version_30,100,0.75,45,ok,38,16,46,0.38,0.46,134,0.7098968105065666,0.6278142589118199,-0.08208255159474676
mi,101,version_30,100,0.75,46,ok,38,16,46,0.38,0.46,134,0.7349906191369605,0.5802063789868668,-0.15478424015009373
mi,101,version_30,100,1.0,,unattainable,,,,,,,,,
mi,101,version_30,150,0.0,,unattainable,,,,,,,,,
mi,101,version_30,150,0.25,42,ok,58,69,23,0.38666666666666666,0.15333333333333332,84,0.7073317307692307,0.6544471153846154,-0.05288461538461531
mi,101,version_30,150,0.25,43,ok,58,69,23,0.38666666666666666,0.15333333333333332,84,0.7235576923076924,0.6881009615384616,-0.03545673076923084
mi,101,version_30,150,0.25,44,ok,58,69,23,0.38666666666666666,0.15333333333333332,84,0.6971153846153846,0.5865384615384615,-0.11057692307692313
mi,101,version_30,150,0.25,45,ok,58,69,23,0.38666666666666666,0.15333333333333332,84,0.7373798076923076,0.7145432692307692,-0.022836538461538436
mi,101,version_30,150,0.25,46,ok,58,69,23,0.38666666666666666,0.15333333333333332,84,0.7109375,0.4813701923076923,-0.2295673076923077
mi,101,version_30,150,0.5,42,ok,58,46,46,0.38666666666666666,0.30666666666666664,84,0.7319711538461539,0.6640625,-0.06790865384615385
mi,101,version_30,150,0.5,43,ok,58,46,46,0.38666666666666666,0.30666666666666664,84,0.7566105769230769,0.6622596153846154,-0.09435096153846145
mi,101,version_30,150,0.5,44,ok,58,46,46,0.38666666666666666,0.30666666666666664,84,0.6935096153846154,0.6406249999999999,-0.05288461538461553
mi,101,version_30,150,0.5,45,ok,58,46,46,0.38666666666666666,0.30666666666666664,84,0.8010817307692308,0.7632211538461539,-0.03786057692307698
mi,101,version_30,150,0.5,46,ok,58,46,46,0.38666666666666666,0.30666666666666664,84,0.7175480769230769,0.736778846153846,0.019230769230769162
mi,101,version_30,150,0.75,,unattainable,,,,,,,,,
mi,101,version_30,150,1.0,,unattainable,,,,,,,,,
mi,101,version_30,200,0.0,,unattainable,,,,,,,,,
mi,101,version_30,200,0.25,,unattainable,,,,,,,,,
mi,101,version_30,200,0.5,,unattainable,,,,,,,,,
mi,101,version_30,200,0.75,,unattainable,,,,,,,,,
mi,101,version_30,200,1.0,,unattainable,,,,,,,,,
mi,101,version_41,50,0.0,42,ok,19,31,0,0.38,0.0,184,0.7456063816527483,0.7175620092234825,-0.02804437242926583
mi,101,version_41,50,0.0,43,ok,19,31,0,0.38,0.0,184,0.7318957995762184,0.7053471270098467,-0.026548672566371723
mi,101,version_41,50,0.0,44,ok,19,31,0,0.38,0.0,184,0.7520877477252897,0.648635173875109,-0.1034525738501807
mi,101,version_41,50,0.0,45,ok,19,31,0,0.38,0.0,184,0.7284058332294654,0.719930200673065,-0.008475632556400381
mi,101,version_41,50,0.0,46,ok,19,31,0,0.38,0.0,184,0.7037267854917113,0.7285304748847065,0.024803689392995154
mi,101,version_41,50,0.25,42,ok,19,23,8,0.38,0.16,184,0.7275333416427769,0.7348871993020069,0.007353857659229912
mi,101,version_41,50,0.25,43,ok,19,23,8,0.38,0.16,184,0.7345132743362831,0.6930076031409698,-0.04150567119531334
mi,101,version_41,50,0.25,44,ok,19,23,8,0.38,0.16,184,0.7290290415056712,0.7250405085379534,-0.003988532967717728
mi,101,version_41,50,0.25,45,ok,19,23,8,0.38,0.16,184,0.74049607378786,0.6850305372055341,-0.05546553658232589
mi,101,version_41,50,0.25,46,ok,19,23,8,0.38,0.16,184,0.7333914994391125,0.7428642652374423,0.009472765798329785
mi,101,version_41,50,0.5,42,ok,19,15,16,0.38,0.32,184,0.7437367568241307,0.7119531347376293,-0.03178362208650132
mi,101,version_41,50,0.5,43,ok,19,15,16,0.38,0.32,184,0.7198055590178238,0.6827869874111929,-0.03701857160663091
mi,101,version_41,50,0.5,44,ok,19,15,16,0.38,0.32,184,0.74261498192696,0.7320204412314596,-0.010594540695500365
mi,101,version_41,50,0.5,45,ok,19,15,16,0.38,0.32,184,0.7242926586065063,0.7001121774897171,-0.024180481116789165
mi,101,version_41,50,0.5,46,ok,19,15,16,0.38,0.32,184,0.7191823507416178,0.686401595413187,-0.03278075532843083
mi,101,version_41,50,0.75,42,ok,19,8,23,0.38,0.46,184,0.7299015330923595,0.7292783248161536,-0.0006232082762058777
mi,101,version_41,50,0.75,43,ok,19,8,23,0.38,0.46,184,0.7498441979309486,0.6518758569113797,-0.09796834101956886
mi,101,version_41,50,0.75,44,ok,19,8,23,0.38,0.46,184,0.7548298641405957,0.7107067181852175,-0.04412314595537825
mi,101,version_41,50,0.75,45,ok,19,8,23,0.38,0.46,184,0.7244173002617476,0.6721924467156923,-0.05222485354605522
mi,101,version_41,50,0.75,46,ok,19,8,23,0.38,0.46,184,0.7375046740620717,0.7103327932194939,-0.02717188084257771
mi,101,version_41,50,1.0,42,ok,19,0,31,0.38,0.62,184,0.737130749096348,0.6719431634052101,-0.06518758569113792
mi,101,version_41,50,1.0,43,ok,19,0,31,0.38,0.62,184,0.7583198304873489,0.6987411192820641,-0.059578711205284796
mi,101,version_41,50,1.0,44,ok,19,0,31,0.38,0.62,184,0.7381278823382774,0.7174373675682414,-0.020690514770036028
mi,101,version_41,50,1.0,45,ok,19,0,31,0.38,0.62,184,0.7380032406830362,0.7217998255016826,-0.016203415181353598
mi,101,version_41,50,1.0,46,ok,19,0,31,0.38,0.62,184,0.7468527982051602,0.6168515517886078,-0.1300012464165523
mi,101,version_41,100,0.0,42,ok,38,62,0,0.38,0.0,134,0.7288930581613509,0.6887898686679175,-0.04010318949343339
mi,101,version_41,100,0.0,43,ok,38,62,0,0.38,0.0,134,0.7239681050656661,0.701923076923077,-0.02204502814258913
mi,101,version_41,100,0.0,44,ok,38,62,0,0.38,0.0,134,0.7159943714821764,0.721622889305816,0.0056285178236396005
mi,101,version_41,100,0.0,45,ok,38,62,0,0.38,0.0,134,0.7509380863039399,0.7288930581613509,-0.022045028142589018
mi,101,version_41,100,0.0,46,ok,38,62,0,0.38,0.0,134,0.724437148217636,0.7371013133208255,0.012664165103189462
mi,101,version_41,100,0.25,42,ok,38,46,16,0.38,0.16,134,0.7293621013133208,0.7338180112570357,0.00445590994371492
mi,101,version_41,100,0.25,43,ok,38,46,16,0.38,0.16,134,0.7265478424015009,0.7614915572232646,0.034943714821763616
mi,101,version_41,100,0.25,44,ok,38,46,16,0.38,0.16,134,0.7073170731707317,0.6704971857410882,-0.03681988742964348
mi,101,version_41,100,0.25,45,ok,38,46,16,0.38,0.16,134,0.7436679174484052,0.7075515947467167,-0.03611632270168852
mi,101,version_41,100,0.25,46,ok,38,46,16,0.38,0.16,134,0.7237335834896811,0.7356941838649156,0.011960600375234498
mi,101,version_41,100,0.5,42,ok,38,31,31,0.38,0.31,134,0.7349906191369606,0.7328799249530956,-0.002110694183865003
mi,101,version_41,100,0.5,43,ok,38,31,31,0.38,0.31,134,0.7521106941838649,0.6962945590994372,-0.05581613508442773
mi,101,version_41,100,0.5,44,ok,38,31,31,0.38,0.31,134,0.7023921200750469,0.6838649155722326,-0.01852720450281431
mi,101,version_41,100,0.5,45,ok,38,31,31,0.38,0.31,134,0.7577392120075046,0.7891651031894934,0.031425891181988796
mi,101,version_41,100,0.5,46,ok,38,31,31,0.38,0.31,134,0.7363977485928707,0.7488273921200751,0.012429643527204437
mi,101,version_41,100,0.75,42,ok,38,16,46,0.38,0.46,134,0.7736866791744841,0.7893996247654784,0.015712945590994343
mi,101,version_41,100,0.75,43,ok,38,16,46,0.38,0.46,134,0.7096622889305817,0.7328799249530957,0.023217636022514032
mi,101,version_41,100,0.75,44,ok,38,16,46,0.38,0.46,134,0.7753283302063789,0.7441369606003752,-0.03119136960600377
mi,101,version_41,100,0.75,45,ok,38,16,46,0.38,0.46,134,0.7181050656660413,0.7077861163227017,-0.010318949343339545
mi,101,version_41,100,0.75,46,ok,38,16,46,0.38,0.46,134,0.7964352720450282,0.7021575984990619,-0.09427767354596628
mi,101,version_41,100,1.0,,unattainable,,,,,,,,,
mi,101,version_41,150,0.0,,unattainable,,,,,,,,,
mi,101,version_41,150,0.25,42,ok,58,69,23,0.38666666666666666,0.15333333333333332,84,0.7175480769230769,0.7764423076923077,0.05889423076923084
mi,101,version_41,150,0.25,43,ok,58,69,23,0.38666666666666666,0.15333333333333332,84,0.7932692307692307,0.7998798076923077,0.006610576923076983
mi,101,version_41,150,0.25,44,ok,58,69,23,0.38666666666666666,0.15333333333333332,84,0.7235576923076923,0.7307692307692307,0.007211538461538436
mi,101,version_41,150,0.25,45,ok,58,69,23,0.38666666666666666,0.15333333333333332,84,0.7451923076923077,0.7181490384615385,-0.027043269230769162
mi,101,version_41,150,0.25,46,ok,58,69,23,0.38666666666666666,0.15333333333333332,84,0.7385817307692307,0.6989182692307693,-0.03966346153846145
mi,101,version_41,150,0.5,42,ok,58,46,46,0.38666666666666666,0.30666666666666664,84,0.6881009615384616,0.765625,0.07752403846153844
mi,101,version_41,150,0.5,43,ok,58,46,46,0.38666666666666666,0.30666666666666664,84,0.7830528846153846,0.8197115384615385,0.036658653846153966
mi,101,version_41,150,0.5,44,ok,58,46,46,0.38666666666666666,0.30666666666666664,84,0.7241586538461539,0.7475961538461539,0.0234375
mi,101,version_41,150,0.5,45,ok,58,46,46,0.38666666666666666,0.30666666666666664,84,0.8106971153846153,0.817908653846154,0.007211538461538658
mi,101,version_41,150,0.5,46,ok,58,46,46,0.38666666666666666,0.30666666666666664,84,0.780048076923077,0.765625,-0.014423076923076983
mi,101,version_41,150,0.75,,unattainable,,,,,,,,,
mi,101,version_41,150,1.0,,unattainable,,,,,,,,,
mi,101,version_41,200,0.0,,unattainable,,,,,,,,,
mi,101,version_41,200,0.25,,unattainable,,,,,,,,,
mi,101,version_41,200,0.5,,unattainable,,,,,,,,,
mi,101,version_41,200,0.75,,unattainable,,,,,,,,,
mi,101,version_41,200,1.0,,unattainable,,,,,,,,,
mi,102,version_27,50,0.0,42,ok,19,31,0,0.38,0.0,184,0.9206032656113673,0.9211018322323321,0.0004985666209648132
mi,102,version_27,50,0.0,43,ok,19,31,0,0.38,0.0,184,0.92932818147825,0.9315717312725912,0.0022435497943411598
mi,102,version_27,50,0.0,44,ok,19,31,0,0.38,0.0,184,0.924591798579085,0.9277078399601147,0.0031160413810297216
mi,102,version_27,50,0.0,45,ok,19,31,0,0.38,0.0,184,0.9268353483734263,0.9171132992646143,-0.009722049108812025
mi,102,version_27,50,0.0,46,ok,19,31,0,0.38,0.0,184,0.9254642901657734,0.9274585566496324,0.0019942664838590307
mi,102,version_27,50,0.25,42,ok,19,23,8,0.38,0.16,184,0.9254642901657733,0.9366820391374797,0.011217748971706465
mi,102,version_27,50,0.25,43,ok,19,23,8,0.38,0.16,184,0.9137479745731023,0.910881216502555,-0.0028667580705472595
mi,102,version_27,50,0.25,44,ok,19,23,8,0.38,0.16,184,0.9300760314096971,0.9161161660226849,-0.013959865387012216
mi,102,version_27,50,0.25,45,ok,19,23,8,0.38,0.16,184,0.9310731646516266,0.9152436744359965,-0.01582949021563007
mi,102,version_27,50,0.25,46,ok,19,23,8,0.38,0.16,184,0.9209771905770908,0.926586065062944,0.0056088744858532324
mi,102,version_27,50,0.5,42,ok,19,15,16,0.38,0.32,184,0.9036520004985666,0.9020316589804314,-0.001620341518135282
mi,102,version_27,50,0.5,43,ok,19,15,16,0.38,0.32,184,0.9206032656113674,0.916988657609373,-0.0036146080019944238
mi,102,version_27,50,0.5,44,ok,19,15,16,0.38,0.32,184,0.9164900909884084,0.897045992770784,-0.019444098217624384
mi,102,version_27,50,0.5,45,ok,19,15,16,0.38,0.32,184,0.9143711828493083,0.8954256512526486,-0.01894553159665968
mi,102,version_27,50,0.5,46,ok,19,15,16,0.38,0.32,184,0.9209771905770908,0.9031534338776019,-0.01782375669948888
mi,102,version_27,50,0.75,42,ok,19,8,23,0.38,0.46,184,0.9001620341518136,0.8601520628193942,-0.04000997133241946
mi,102,version_27,50,0.75,43,ok,19,8,23,0.38,0.46,184,0.9128754829864141,0.8762308363455067,-0.036644646640907386
mi,102,version_27,50,0.75,44,ok,19,8,23,0.38,0.46,184,0.9153683160912378,0.8820889941418422,-0.033279321949395646
mi,102,version_27,50,0.75,45,ok,19,8,23,0.38,0.46,184,0.9098840832606256,0.8918110432506543,-0.018073040009971342
mi,102,version_27,50,0.75,46,ok,19,8,23,0.38,0.46,184,0.9041505671195313,0.866882712202418,-0.037267854917113374
mi,102,version_27,50,1.0,42,ok,19,0,31,0.38,0.62,184,0.8926835348373426,0.8476878972952762,-0.04499563754206648
mi,102,version_27,50,1.0,43,ok,19,0,31,0.38,0.62,184,0.9046491337404962,0.8542939050230587,-0.05035522871743747
mi,102,version_27,50,1.0,44,ok,19,0,31,0.38,0.62,184,0.9021563006356725,0.8424529477751465,-0.05970335286052608
mi,102,version_27,50,1.0,45,ok,19,0,31,0.38,0.62,184,0.912127633054967,0.8470646890190702,-0.06506294403589685
mi,102,version_27,50,1.0,46,ok,19,0,31,0.38,0.62,184,0.8997881091860901,0.8650130873738003,-0.03477502181228975
mi,102,version_27,100,0.0,42,ok,38,62,0,0.38,0.0,134,0.9469981238273921,0.9514540337711069,0.004455909943714809
mi,102,version_27,100,0.0,43,ok,38,62,0,0.38,0.0,134,0.974202626641651,0.9828799249530956,0.008677298311444592
mi,102,version_27,100,0.0,44,ok,38,62,0,0.38,0.0,134,0.9676360225140713,0.9636491557223266,-0.003986866791744759
mi,102,version_27,100,0.0,45,ok,38,62,0,0.38,0.0,134,0.9348030018761726,0.9373827392120075,0.002579737335834942
mi,102,version_27,100,0.0,46,ok,38,62,0,0.38,0.0,134,0.9418386491557224,0.9505159474671669,0.008677298311444592
mi,102,version_27,100,0.25,42,ok,38,46,16,0.38,0.16,134,0.9378517823639775,0.9364446529080676,-0.0014071294559099279
mi,102,version_27,100,0.25,43,ok,38,46,16,0.38,0.16,134,0.9216697936210131,0.9249530956848029,0.0032833020637897947
mi,102,version_27,100,0.25,44,ok,38,46,16,0.38,0.16,134,0.9174484052532833,0.9317542213883677,0.014305816135084415
mi,102,version_27,100,0.25,45,ok,38,46,16,0.38,0.16,134,0.9301125703564728,0.9085365853658537,-0.02157598499061908
mi,102,version_27,100,0.25,46,ok,38,46,16,0.38,0.16,134,0.9366791744840526,0.9460600375234521,0.009380863039399556
mi,102,version_27,100,0.5,42,ok,38,31,31,0.38,0.31,134,0.9345684803001877,0.9301125703564728,-0.00445590994371492
mi,102,version_27,100,0.5,43,ok,38,31,31,0.38,0.31,134,0.9019699812382739,0.8944652908067543,-0.007504690431519578
mi,102,version_27,100,0.5,44,ok,38,31,31,0.38,0.31,134,0.9113508442776735,0.8862570356472795,-0.02509380863039401
mi,102,version_27,100,0.5,45,ok,38,31,31,0.38,0.31,134,0.9249530956848029,0.9143996247654784,-0.010553470919324459
mi,102,version_27,100,0.5,46,ok,38,31,31,0.38,0.31,134,0.9125234521575986,0.8886022514071295,-0.023921200750469107
mi,102,version_27,100,0.75,42,ok,38,16,46,0.38,0.46,134,0.8714821763602252,0.8428705440900564,-0.02861163227016883
mi,102,version_27,100,0.75,43,ok,38,16,46,0.38,0.46,134,0.87593808630394,0.850140712945591,-0.025797373358348974
mi,102,version_27,100,0.75,44,ok,38,16,46,0.38,0.46,134,0.8902439024390243,0.8581144465290808,-0.03212945590994354
mi,102,version_27,100,0.75,45,ok,38,16,46,0.38,0.46,134,0.8667917448405253,0.826688555347092,-0.04010318949343339
mi,102,version_27,100,0.75,46,ok,38,16,46,0.38,0.46,134,0.8862570356472795,0.8827392120075047,-0.0035178236397748197
mi,102,version_27,100,1.0,,unattainable,,,,,,,,,
mi,102,version_27,150,0.0,,unattainable,,,,,,,,,
mi,102,version_27,150,0.25,42,ok,58,69,23,0.38666666666666666,0.15333333333333332,84,0.9537259615384615,0.9573317307692307,0.0036057692307692735
mi,102,version_27,150,0.25,43,ok,58,69,23,0.38666666666666666,0.15333333333333332,84,0.9621394230769231,0.9705528846153846,0.008413461538461453
mi,102,version_27,150,0.25,44,ok,58,69,23,0.38666666666666666,0.15333333333333332,84,0.9194711538461539,0.9254807692307693,0.006009615384615419
mi,102,version_27,150,0.25,45,ok,58,69,23,0.38666666666666666,0.15333333333333332,84,0.946514423076923,0.9615384615384616,0.015024038461538547
mi,102,version_27,150,0.25,46,ok,58,69,23,0.38666666666666666,0.15333333333333332,84,0.9567307692307692,0.9747596153846154,0.018028846153846256
mi,102,version_27,150,0.5,42,ok,58,46,46,0.38666666666666666,0.30666666666666664,84,0.8822115384615384,0.8689903846153847,-0.013221153846153744
mi,102,version_27,150,0.5,43,ok,58,46,46,0.38666666666666666,0.30666666666666664,84,0.8822115384615384,0.8257211538461537,-0.05649038461538469
mi,102,version_27,150,0.5,44,ok,58,46,46,0.38666666666666666,0.30666666666666664,84,0.8533653846153846,0.8287259615384616,-0.024639423076923017
mi,102,version_27,150,0.5,45,ok,58,46,46,0.38666666666666666,0.30666666666666664,84,0.9272836538461537,0.9399038461538463,0.012620192307692513
mi,102,version_27,150,0.5,46,ok,58,46,46,0.38666666666666666,0.30666666666666664,84,0.8828125,0.8623798076923077,-0.02043269230769229
mi,102,version_27,150,0.75,,unattainable,,,,,,,,,
mi,102,version_27,150,1.0,,unattainable,,,,,,,,,
mi,102,version_27,200,0.0,,unattainable,,,,,,,,,
mi,102,version_27,200,0.25,,unattainable,,,,,,,,,
mi,102,version_27,200,0.5,,unattainable,,,,,,,,,
mi,102,version_27,200,0.75,,unattainable,,,,,,,,,
mi,102,version_27,200,1.0,,unattainable,,,,,,,,,
mi,102,version_28,50,0.0,42,ok,19,31,0,0.38,0.0,184,0.9214757571980555,0.9426648385890566,0.021189081391001063
mi,102,version_28,50,0.0,43,ok,19,31,0,0.38,0.0,184,0.9287049732020441,0.9447837467281566,0.016078773526112422
mi,102,version_28,50,0.0,44,ok,19,31,0,0.38,0.0,184,0.9283310482363206,0.9488969213511156,0.020565873114794964
mi,102,version_28,50,0.0,45,ok,19,31,0,0.38,0.0,184,0.9264614234077029,0.9462794465910507,0.0198180231833478
mi,102,version_28,50,0.0,46,ok,19,31,0,0.38,0.0,184,0.924467156923844,0.9466533715567743,0.022186214632930357
mi,102,version_28,50,0.25,42,ok,19,23,8,0.38,0.16,184,0.9259628567867382,0.9415430636918859,0.01558020690514772
mi,102,version_28,50,0.25,43,ok,19,23,8,0.38,0.16,184,0.9191075657484731,0.9245917985790851,0.005484232830612057
mi,102,version_28,50,0.25,44,ok,19,23,8,0.38,0.16,184,0.9202293406456438,0.9194814907141966,-0.0007478499314471643
mi,102,version_28,50,0.25,45,ok,19,23,8,0.38,0.16,184,0.9229714570609497,0.9406705721051976,0.017699115044247815
mi,102,version_28,50,0.25,46,ok,19,23,8,0.38,0.16,184,0.9141218995388258,0.9283310482363205,0.014209148697494678
mi,102,version_28,50,0.5,42,ok,19,15,16,0.38,0.32,184,0.9093855166396609,0.9127508413311729,0.0033653246915119617
mi,102,version_28,50,0.5,43,ok,19,15,16,0.38,0.32,184,0.916240807677926,0.9358095475507915,0.019568739872865448
mi,102,version_28,50,0.5,44,ok,19,15,16,0.38,0.32,184,0.9154929577464789,0.9186089991275085,0.0031160413810296106
mi,102,version_28,50,0.5,45,ok,19,15,16,0.38,0.32,184,0.908014458432008,0.9065187585691138,-0.0014956998628942175
mi,102,version_28,50,0.5,46,ok,19,15,16,0.38,0.32,184,0.9227221737504674,0.9055216253271844,-0.017200548423283002
mi,102,version_28,50,0.75,42,ok,19,8,23,0.38,0.46,184,0.8989156175994018,0.8662595039262121,-0.03265611367318966
mi,102,version_28,50,0.75,43,ok,19,8,23,0.38,0.46,184,0.9086376667082139,0.8810918608999128,-0.027545805808301127
mi,102,version_28,50,0.75,44,ok,19,8,23,0.38,0.46,184,0.9105072915368316,0.8768540446217126,-0.03365324691511906
mi,102,version_28,50,0.75,45,ok,19,8,23,0.38,0.46,184,0.914246541194067,0.8926835348373426,-0.021563006356724368
mi,102,version_28,50,0.75,46,ok,19,8,23,0.38,0.46,184,0.9036520004985666,0.8708712451701359,-0.03278075532843072
mi,102,version_28,50,1.0,42,ok,19,0,31,0.38,0.62,184,0.8876978686276953,0.854543188333541,-0.03315468029415425
mi,102,version_28,50,1.0,43,ok,19,0,31,0.38,0.62,184,0.9082637417424904,0.8515517886077527,-0.05671195313473765
mi,102,version_28,50,1.0,44,ok,19,0,31,0.38,0.62,184,0.9068926835348374,0.8508039386763057,-0.05608874485853177
mi,102,version_28,50,1.0,45,ok,19,0,31,0.38,0.62,184,0.914246541194067,0.8539199800573352,-0.06032656113673185
mi,102,version_28,50,1.0,46,ok,19,0,31,0.38,0.62,184,0.9031534338776019,0.8662595039262122,-0.03689392995138974
mi,102,version_28,100,0.0,42,ok,38,62,0,0.38,0.0,134,0.9404315196998124,0.9657598499061915,0.025328330206379035
mi,102,version_28,100,0.0,43,ok,38,62,0,0.38,0.0,134,0.9716228893058162,0.9901500938086304,0.0185272045028142
mi,102,version_28,100,0.0,44,ok,38,62,0,0.38,0.0,134,0.9580206378986866,0.9666979362101313,0.008677298311444703
mi,102,version_28,100,0.0,45,ok,38,62,0,0.38,0.0,134,0.9310506566604128,0.950046904315197,0.01899624765478425
mi,102,version_28,100,0.0,46,ok,38,62,0,0.38,0.0,134,0.9387898686679175,0.9631801125703565,0.024390243902439046
mi,102,version_28,100,0.25,42,ok,38,46,16,0.38,0.16,134,0.9352720450281425,0.9521575984990619,0.016885553470919357
mi,102,version_28,100,0.25,43,ok,38,46,16,0.38,0.16,134,0.9343339587242026,0.9418386491557222,0.007504690431519689
mi,102,version_28,100,0.25,44,ok,38,46,16,0.38,0.16,134,0.9148686679174484,0.9340994371482176,0.019230769230769273
mi,102,version_28,100,0.25,45,ok,38,46,16,0.38,0.16,134,0.9357410881801126,0.9364446529080674,0.0007035647279548529
mi,102,version_28,100,0.25,46,ok,38,46,16,0.38,0.16,134,0.9420731707317074,0.951688555347092,0.009615384615384581
mi,102,version_28,100,0.5,42,ok,38,31,31,0.38,0.31,134,0.9364446529080676,0.9301125703564728,-0.0063320825515947865
mi,102,version_28,100,0.5,43,ok,38,31,31,0.38,0.31,134,0.9052532833020638,0.9129924953095685,0.007739212007504714
mi,102,version_28,100,0.5,44,ok,38,31,31,0.38,0.31,134,0.9075984990619137,0.8810975609756098,-0.026500938086303938
mi,102,version_28,100,0.5,45,ok,38,31,31,0.38,0.31,134,0.9204971857410881,0.9075984990619137,-0.012898686679174376
mi,102,version_28,100,0.5,46,ok,38,31,31,0.38,0.31,134,0.9071294559099438,0.8923545966228893,-0.014774859287054465
mi,102,version_28,100,0.75,42,ok,38,16,46,0.38,0.46,134,0.877110694183865,0.8515478424015008,-0.02556285178236417
mi,102,version_28,100,0.75,43,ok,38,16,46,0.38,0.46,134,0.8801594746716698,0.8548311444652907,-0.025328330206379035
mi,102,version_28,100,0.75,44,ok,38,16,46,0.38,0.46,134,0.899390243902439,0.8574108818011257,-0.04197936210131337
mi,102,version_28,100,0.75,45,ok,38,16,46,0.38,0.46,134,0.8796904315196998,0.8398217636022516,-0.03986866791744825
mi,102,version_28,100,0.75,46,ok,38,16,46,0.38,0.46,134,0.8946998123827392,0.8850844277673546,-0.009615384615384581
mi,102,version_28,100,1.0,,unattainable,,,,,,,,,
mi,102,version_28,150,0.0,,unattainable,,,,,,,,,
mi,102,version_28,150,0.25,42,ok,58,69,23,0.38666666666666666,0.15333333333333332,84,0.9375,0.9495192307692307,0.012019230769230727
mi,102,version_28,150,0.25,43,ok,58,69,23,0.38666666666666666,0.15333333333333332,84,0.9525240384615384,0.9837740384615384,0.03125
mi,102,version_28,150,0.25,44,ok,58,69,23,0.38666666666666666,0.15333333333333332,84,0.9080528846153846,0.9332932692307693,0.025240384615384692
mi,102,version_28,150,0.25,45,ok,58,69,23,0.38666666666666666,0.15333333333333332,84,0.9543269230769231,0.9681490384615384,0.013822115384615308
mi,102,version_28,150,0.25,46,ok,58,69,23,0.38666666666666666,0.15333333333333332,84,0.9621394230769231,0.9735576923076923,0.011418269230769162
mi,102,version_28,150,0.5,42,ok,58,46,46,0.38666666666666666,0.30666666666666664,84,0.8852163461538461,0.8701923076923077,-0.015024038461538436
mi,102,version_28,150,0.5,43,ok,58,46,46,0.38666666666666666,0.30666666666666664,84,0.8888221153846154,0.8449519230769231,-0.04387019230769229
mi,102,version_28,150,0.5,44,ok,58,46,46,0.38666666666666666,0.30666666666666664,84,0.8497596153846153,0.8377403846153846,-0.012019230769230727
mi,102,version_28,150,0.5,45,ok,58,46,46,0.38666666666666666,0.30666666666666664,84,0.9092548076923077,0.9411057692307693,0.031850961538461564
mi,102,version_28,150,0.5,46,ok,58,46,46,0.38666666666666666,0.30666666666666664,84,0.8713942307692308,0.8816105769230769,0.010216346153846034
mi,102,version_28,150,0.75,,unattainable,,,,,,,,,
mi,102,version_28,150,1.0,,unattainable,,,,,,,,,
mi,102,version_28,200,0.0,,unattainable,,,,,,,,,
mi,102,version_28,200,0.25,,unattainable,,,,,,,,,
mi,102,version_28,200,0.5,,unattainable,,,,,,,,,
mi,102,version_28,200,0.75,,unattainable,,,,,,,,,
mi,102,version_28,200,1.0,,unattainable,,,,,,,,,
mi,102,version_29,50,0.0,42,ok,19,31,0,0.38,0.0,184,0.9426648385890566,0.9440358967967095,0.001371058207652931
mi,102,version_29,50,0.0,43,ok,19,31,0,0.38,0.0,184,0.9426648385890565,0.9304499563754207,-0.012214882213635758
mi,102,version_29,50,0.0,44,ok,19,31,0,0.38,0.0,184,0.9492708463168391,0.9455315966596036,-0.0037392496572354883
mi,102,version_29,50,0.0,45,ok,19,31,0,0.38,0.0,184,0.9446591050729154,0.9305745980306619,-0.014084507042253502
mi,102,version_29,50,0.0,46,ok,19,31,0,0.38,0.0,184,0.944409821762433,0.9470272965224978,0.0026174747600647974
mi,102,version_29,50,0.25,42,ok,19,23,8,0.38,0.16,184,0.9388009472765798,0.9303253147201794,-0.008475632556400381
mi,102,version_29,50,0.25,43,ok,19,23,8,0.38,0.16,184,0.9339399227221737,0.9163654493331672,-0.01757447338900653
mi,102,version_29,50,0.25,44,ok,19,23,8,0.38,0.16,184,0.9416677053471271,0.9095101582949021,-0.032157547052224955
mi,102,version_29,50,0.25,45,ok,19,23,8,0.38,0.16,184,0.944409821762433,0.9374298890689268,-0.006979932693506274
mi,102,version_29,50,0.25,46,ok,19,23,8,0.38,0.16,184,0.9346877726536209,0.9284556898915618,-0.00623208276205911
mi,102,version_29,50,0.5,42,ok,19,15,16,0.38,0.32,184,0.923843948647638,0.9136233329178611,-0.010220615729776839
mi,102,version_29,50,0.5,43,ok,19,15,16,0.38,0.32,184,0.944409821762433,0.9326935061697619,-0.011716315592671167
mi,102,version_29,50,0.5,44,ok,19,15,16,0.38,0.32,184,0.9363081141717562,0.9125015580206906,-0.02380655615106564
mi,102,version_29,50,0.5,45,ok,19,15,16,0.38,0.32,184,0.9359341892060327,0.8999127508413313,-0.0360214383647014
mi,102,version_29,50,0.5,46,ok,19,15,16,0.38,0.32,184,0.9300760314096972,0.9022809422909137,-0.027795089118783478
mi,102,version_29,50,0.75,42,ok,19,8,23,0.38,0.46,184,0.917611865885579,0.8670073538576593,-0.05060451202791971
mi,102,version_29,50,0.75,43,ok,19,8,23,0.38,0.46,184,0.934812414308862,0.8814657858656363,-0.053346628443225685
mi,102,version_29,50,0.75,44,ok,19,8,23,0.38,0.46,184,0.9259628567867381,0.8900660600772778,-0.03589679670946022
mi,102,version_29,50,0.75,45,ok,19,8,23,0.38,0.46,184,0.9318210145830736,0.8848311105571482,-0.0469899040259254
mi,102,version_29,50,0.75,46,ok,19,8,23,0.38,0.46,184,0.9283310482363205,0.8782251028293655,-0.05010594540695501
mi,102,version_29,50,1.0,42,ok,19,0,31,0.38,0.62,184,0.9130001246416553,0.8635173875109061,-0.04948273713074913
mi,102,version_29,50,1.0,43,ok,19,0,31,0.38,0.62,184,0.9227221737504674,0.8610245544060825,-0.06169761934438489
mi,102,version_29,50,1.0,44,ok,19,0,31,0.38,0.62,184,0.9257135734762558,0.8560388881964353,-0.06967468527982057
mi,102,version_29,50,1.0,45,ok,19,0,31,0.38,0.62,184,0.9282064065810793,0.860027421164153,-0.06817898541692635
mi,102,version_29,50,1.0,46,ok,19,0,31,0.38,0.62,184,0.9277078399601146,0.8785990277950891,-0.049108812165025495
mi,102,version_29,100,0.0,42,ok,38,62,0,0.38,0.0,134,0.9678705440900564,0.9634146341463414,-0.00445590994371492
mi,102,version_29,100,0.0,43,ok,38,62,0,0.38,0.0,134,0.9849906191369606,0.9894465290806754,0.004455909943714809
mi,102,version_29,100,0.0,44,ok,38,62,0,0.38,0.0,134,0.9702157598499062,0.9674015009380863,-0.0028142589118198558
mi,102,version_29,100,0.0,45,ok,38,62,0,0.38,0.0,134,0.951219512195122,0.9479362101313321,-0.0032833020637899057
mi,102,version_29,100,0.0,46,ok,38,62,0,0.38,0.0,134,0.9533302063789869,0.9521575984990619,-0.001172607879925014
mi,102,version_29,100,0.25,42,ok,38,46,16,0.38,0.16,134,0.950281425891182,0.9437148217636022,-0.0065666041275798115
mi,102,version_29,100,0.25,43,ok,38,46,16,0.38,0.16,134,0.949343339587242,0.9439493433395872,-0.005393996247654798
mi,102,version_29,100,0.25,44,ok,38,46,16,0.38,0.16,134,0.9324577861163226,0.9301125703564728,-0.002345215759849806
mi,102,version_29,100,0.25,45,ok,38,46,16,0.38,0.16,134,0.948405253283302,0.9216697936210131,-0.026735459662288963
mi,102,version_29,100,0.25,46,ok,38,46,16,0.38,0.16,134,0.9594277673545967,0.9552063789868668,-0.004221388367729895
mi,102,version_29,100,0.5,42,ok,38,31,31,0.38,0.31,134,0.9333958724202626,0.9197936210131332,-0.01360225140712934
mi,102,version_29,100,0.5,43,ok,38,31,31,0.38,0.31,134,0.9364446529080676,0.9146341463414633,-0.021810506566604215
mi,102,version_29,100,0.5,44,ok,38,31,31,0.38,0.31,134,0.9287054409005628,0.8820356472795498,-0.04666979362101309
mi,102,version_29,100,0.5,45,ok,38,31,31,0.38,0.31,134,0.9366791744840526,0.9129924953095685,-0.023686679174484082
mi,102,version_29,100,0.5,46,ok,38,31,31,0.38,0.31,134,0.9226078799249531,0.8681988742964353,-0.054409005628517804
mi,102,version_29,100,0.75,42,ok,38,16,46,0.38,0.46,134,0.9003283302063789,0.8562382739212008,-0.04409005628517815
mi,102,version_29,100,0.75,43,ok,38,16,46,0.38,0.46,134,0.8972795497185742,0.8684333958724203,-0.028846153846153855
mi,102,version_29,100,0.75,44,ok,38,16,46,0.38,0.46,134,0.9108818011257035,0.8515478424015009,-0.05933395872420255
mi,102,version_29,100,0.75,45,ok,38,16,46,0.38,0.46,134,0.8916510318949343,0.8395872420262664,-0.05206378986866789
mi,102,version_29,100,0.75,46,ok,38,16,46,0.38,0.46,134,0.9118198874296435,0.8853189493433395,-0.026500938086303938
mi,102,version_29,100,1.0,,unattainable,,,,,,,,,
mi,102,version_29,150,0.0,,unattainable,,,,,,,,,
mi,102,version_29,150,0.25,42,ok,58,69,23,0.38666666666666666,0.15333333333333332,84,0.955528846153846,0.9513221153846153,-0.0042067307692307265
mi,102,version_29,150,0.25,43,ok,58,69,23,0.38666666666666666,0.15333333333333332,84,0.977764423076923,0.9765625,-0.0012019230769230171
mi,102,version_29,150,0.25,44,ok,58,69,23,0.38666666666666666,0.15333333333333332,84,0.9459134615384616,0.9381009615384615,-0.007812500000000111
mi,102,version_29,150,0.25,45,ok,58,69,23,0.38666666666666666,0.15333333333333332,84,0.9597355769230769,0.9561298076923077,-0.0036057692307691624
mi,102,version_29,150,0.25,46,ok,58,69,23,0.38666666666666666,0.15333333333333332,84,0.9747596153846153,0.9753605769230769,0.0006009615384615641
mi,102,version_29,150,0.5,42,ok,58,46,46,0.38666666666666666,0.30666666666666664,84,0.9068509615384615,0.880408653846154,-0.026442307692307487
mi,102,version_29,150,0.5,43,ok,58,46,46,0.38666666666666666,0.30666666666666664,84,0.8984375,0.8239182692307692,-0.07451923076923084
mi,102,version_29,150,0.5,44,ok,58,46,46,0.38666666666666666,0.30666666666666664,84,0.8822115384615384,0.830528846153846,-0.0516826923076924
mi,102,version_29,150,0.5,45,ok,58,46,46,0.38666666666666666,0.30666666666666664,84,0.9489182692307693,0.954326923076923,0.005408653846153744
mi,102,version_29,150,0.5,46,ok,58,46,46,0.38666666666666666,0.30666666666666664,84,0.8918269230769231,0.8599759615384617,-0.03185096153846145
mi,102,version_29,150,0.75,,unattainable,,,,,,,,,
mi,102,version_29,150,1.0,,unattainable,,,,,,,,,
mi,102,version_29,200,0.0,,unattainable,,,,,,,,,
mi,102,version_29,200,0.25,,unattainable,,,,,,,,,
mi,102,version_29,200,0.5,,unattainable,,,,,,,,,
mi,102,version_29,200,0.75,,unattainable,,,,,,,,,
mi,102,version_29,200,1.0,,unattainable,,,,,,,,,
mi,102,version_30,50,0.0,42,ok,19,31,0,0.38,0.0,184,0.9189829240932319,0.9378038140346504,0.018820889941418506
mi,102,version_30,50,0.0,43,ok,19,31,0,0.38,0.0,184,0.9194814907141967,0.9344384893431384,0.014956998628941731
mi,102,version_30,50,0.0,44,ok,19,31,0,0.38,0.0,184,0.9184843574722672,0.9419169886576093,0.023432631185342112
mi,102,version_30,50,0.0,45,ok,19,31,0,0.38,0.0,184,0.9141218995388258,0.9270846316839088,0.012962732145082922
mi,102,version_30,50,0.0,46,ok,19,31,0,0.38,0.0,184,0.9209771905770908,0.94303876355478,0.02206157297768918
mi,102,version_30,50,0.25,42,ok,19,23,8,0.38,0.16,184,0.9212264738875733,0.9264614234077029,0.005234949520129595
mi,102,version_30,50,0.25,43,ok,19,23,8,0.38,0.16,184,0.9065187585691138,0.9161161660226848,0.00959740745357096
mi,102,version_30,50,0.25,44,ok,19,23,8,0.38,0.16,184,0.9227221737504674,0.9225975320952262,-0.00012464165524117554
mi,102,version_30,50,0.25,45,ok,19,23,8,0.38,0.16,184,0.918359715817026,0.9359341892060327,0.01757447338900664
mi,102,version_30,50,0.25,46,ok,19,23,8,0.38,0.16,184,0.9125015580206904,0.9328181478250032,0.020316589804312724
mi,102,version_30,50,0.5,42,ok,19,15,16,0.38,0.32,184,0.9127508413311729,0.91349869126262,0.0007478499314470533
mi,102,version_30,50,0.5,43,ok,19,15,16,0.38,0.32,184,0.9189829240932319,0.9310731646516266,0.012090240558394694
mi,102,version_30,50,0.5,44,ok,19,15,16,0.38,0.32,184,0.9232207403714321,0.9260874984419794,0.0028667580705472595
mi,102,version_30,50,0.5,45,ok,19,15,16,0.38,0.32,184,0.9127508413311729,0.9128754829864141,0.00012464165524117554
mi,102,version_30,50,0.5,46,ok,19,15,16,0.38,0.32,184,0.9037766421538077,0.9167393742988907,0.012962732145083034
mi,102,version_30,50,0.75,42,ok,19,8,23,0.38,0.46,184,0.9004113174622959,0.8857036021438364,-0.014707715318459491
mi,102,version_30,50,0.75,43,ok,19,8,23,0.38,0.46,184,0.9163654493331672,0.8903153433877602,-0.02605010594540702
mi,102,version_30,50,0.75,44,ok,19,8,23,0.38,0.46,184,0.9075158918110433,0.9067680418795961,-0.0007478499314471643
mi,102,version_30,50,0.75,45,ok,19,8,23,0.38,0.46,184,0.922472890439985,0.9036520004985666,-0.018820889941418395
mi,102,version_30,50,0.75,46,ok,19,8,23,0.38,0.46,184,0.9009098840832607,0.9007852424280194,-0.00012464165524128656
mi,102,version_30,50,1.0,42,ok,19,0,31,0.38,0.62,184,0.8924342515268604,0.8769786862769537,-0.015455565249906655
mi,102,version_30,50,1.0,43,ok,19,0,31,0.38,0.62,184,0.9154929577464789,0.8610245544060825,-0.054468403340396376
mi,102,version_30,50,1.0,44,ok,19,0,31,0.38,0.62,184,0.9042752087747726,0.8555403215754706,-0.04873488719930208
mi,102,version_30,50,1.0,45,ok,19,0,31,0.38,0.62,184,0.9147451078150318,0.8520503552287175,-0.0626947525863143
mi,102,version_30,50,1.0,46,ok,19,0,31,0.38,0.62,184,0.9202293406456438,0.879222236071295,-0.04100710457434875
mi,102,version_30,100,0.0,42,ok,38,62,0,0.38,0.0,134,0.923545966228893,0.9559099437148217,0.032363977485928785
mi,102,version_30,100,0.0,43,ok,38,62,0,0.38,0.0,134,0.9495778611632271,0.9674015009380863,0.017823639774859235
mi,102,version_30,100,0.0,44,ok,38,62,0,0.38,0.0,134,0.9404315196998123,0.9448874296435272,0.00445590994371492
mi,102,version_30,100,0.0,45,ok,38,62,0,0.38,0.0,134,0.9226078799249531,0.9336303939962476,0.011022514071294509
mi,102,version_30,100,0.0,46,ok,38,62,0,0.38,0.0,134,0.9214352720450282,0.9554409005628518,0.03400562851782363
mi,102,version_30,100,0.25,42,ok,38,46,16,0.38,0.16,134,0.9169793621013133,0.9343339587242027,0.017354596622889407
mi,102,version_30,100,0.25,43,ok,38,46,16,0.38,0.16,134,0.924718574108818,0.9324577861163228,0.007739212007504825
mi,102,version_30,100,0.25,44,ok,38,46,16,0.38,0.16,134,0.899624765478424,0.9193245778611633,0.019699812382739323
mi,102,version_30,100,0.25,45,ok,38,46,16,0.38,0.16,134,0.9174484052532832,0.9340994371482176,0.016651031894934443
mi,102,version_30,100,0.25,46,ok,38,46,16,0.38,0.16,134,0.9282363977485928,0.951454033771107,0.023217636022514254
mi,102,version_30,100,0.5,42,ok,38,31,31,0.38,0.31,134,0.9348030018761726,0.9458255159474671,0.011022514071294509
mi,102,version_30,100,0.5,43,ok,38,31,31,0.38,0.31,134,0.9099437148217636,0.9115853658536586,0.0016416510318949529
mi,102,version_30,100,0.5,44,ok,38,31,31,0.38,0.31,134,0.897045028142589,0.9043151969981238,0.007270168855534775
mi,102,version_30,100,0.5,45,ok,38,31,31,0.38,0.31,134,0.9118198874296435,0.9207317073170732,0.008911819887429728
mi,102,version_30,100,0.5,46,ok,38,31,31,0.38,0.31,134,0.8963414634146342,0.8942307692307692,-0.002110694183865003
mi,102,version_30,100,0.75,42,ok,38,16,46,0.38,0.46,134,0.8963414634146342,0.8616322701688555,-0.0347091932457787
mi,102,version_30,100,0.75,43,ok,38,16,46,0.38,0.46,134,0.8883677298311445,0.8782833020637899,-0.010084427767354631
mi,102,version_30,100,0.75,44,ok,38,16,46,0.38,0.46,134,0.8972795497185742,0.8550656660412758,-0.04221388367729839
mi,102,version_30,100,0.75,45,ok,38,16,46,0.38,0.46,134,0.8649155722326455,0.8515478424015009,-0.013367729831144537
mi,102,version_30,100,0.75,46,ok,38,16,46,0.38,0.46,134,0.8876641651031896,0.8925891181988743,0.004924953095684748
mi,102,version_30,100,1.0,,unattainable,,,,,,,,,
mi,102,version_30,150,0.0,,unattainable,,,,,,,,,
mi,102,version_30,150,0.25,42,ok,58,69,23,0.38666666666666666,0.15333333333333332,84,0.9086538461538463,0.9525240384615385,0.04387019230769229
mi,102,version_30,150,0.25,43,ok,58,69,23,0.38666666666666666,0.15333333333333332,84,0.9344951923076923,0.9669471153846154,0.03245192307692313
mi,102,version_30,150,0.25,44,ok,58,69,23,0.38666666666666666,0.15333333333333332,84,0.8870192307692307,0.9158653846153847,0.028846153846153966
mi,102,version_30,150,0.25,45,ok,58,69,23,0.38666666666666666,0.15333333333333332,84,0.9417067307692307,0.9669471153846154,0.025240384615384692
mi,102,version_30,150,0.25,46,ok,58,69,23,0.38666666666666666,0.15333333333333332,84,0.9417067307692308,0.9771634615384616,0.035456730769230727
mi,102,version_30,150,0.5,42,ok,58,46,46,0.38666666666666666,0.30666666666666664,84,0.9230769230769231,0.9104567307692307,-0.012620192307692402
mi,102,version_30,150,0.5,43,ok,58,46,46,0.38666666666666666,0.30666666666666664,84,0.8756009615384616,0.8449519230769231,-0.030649038461538436
mi,102,version_30,150,0.5,44,ok,58,46,46,0.38666666666666666,0.30666666666666664,84,0.8798076923076923,0.8563701923076923,-0.0234375
mi,102,version_30,150,0.5,45,ok,58,46,46,0.38666666666666666,0.30666666666666664,84,0.9338942307692308,0.9332932692307692,-0.0006009615384616751
mi,102,version_30,150,0.5,46,ok,58,46,46,0.38666666666666666,0.30666666666666664,84,0.8587740384615384,0.859375,0.0006009615384615641
mi,102,version_30,150,0.75,,unattainable,,,,,,,,,
mi,102,version_30,150,1.0,,unattainable,,,,,,,,,
mi,102,version_30,200,0.0,,unattainable,,,,,,,,,
mi,102,version_30,200,0.25,,unattainable,,,,,,,,,
mi,102,version_30,200,0.5,,unattainable,,,,,,,,,
mi,102,version_30,200,0.75,,unattainable,,,,,,,,,
mi,102,version_30,200,1.0,,unattainable,,,,,,,,,
mi,102,version_41,50,0.0,42,ok,19,31,0,0.38,0.0,184,0.9321949395487972,0.9355602642403091,0.0033653246915119617
mi,102,version_41,50,0.0,43,ok,19,31,0,0.38,0.0,184,0.9336906394116914,0.9460301632805683,0.012339523868876934
mi,102,version_41,50,0.0,44,ok,19,31,0,0.38,0.0,184,0.9379284556898915,0.9466533715567742,0.008724915866882732
mi,102,version_41,50,0.0,45,ok,19,31,0,0.38,0.0,184,0.935435622585068,0.9339399227221737,-0.0014956998628942175
mi,102,version_41,50,0.0,46,ok,19,31,0,0.38,0.0,184,0.9386763056213386,0.9513897544559391,0.01271344883460046
mi,102,version_41,50,0.25,42,ok,19,23,8,0.38,0.16,184,0.9368066807927209,0.9464040882462919,0.00959740745357096
mi,102,version_41,50,0.25,43,ok,19,23,8,0.38,0.16,184,0.9273339149943911,0.9238439486476381,-0.003489966346753026
mi,102,version_41,50,0.25,44,ok,19,23,8,0.38,0.16,184,0.9369313224479621,0.921101832232332,-0.01582949021563007
mi,102,version_41,50,0.25,45,ok,19,23,8,0.38,0.16,184,0.9386763056213385,0.9432880468652624,0.004611741243923828
mi,102,version_41,50,0.25,46,ok,19,23,8,0.38,0.16,184,0.9277078399601146,0.9329427894802443,0.005234949520129706
mi,102,version_41,50,0.5,42,ok,19,15,16,0.38,0.32,184,0.9247164402343262,0.9187336407827495,-0.005982799451576648
mi,102,version_41,50,0.5,43,ok,19,15,16,0.38,0.32,184,0.9442851801071918,0.9432880468652624,-0.0009971332419294043
mi,102,version_41,50,0.5,44,ok,19,15,16,0.38,0.32,184,0.9316963729278326,0.9306992396859031,-0.0009971332419295154
mi,102,version_41,50,0.5,45,ok,19,15,16,0.38,0.32,184,0.9335659977564502,0.9264614234077029,-0.007104574348747339
mi,102,version_41,50,0.5,46,ok,19,15,16,0.38,0.32,184,0.9272092733391499,0.9149943911255142,-0.012214882213635758
mi,102,version_41,50,0.75,42,ok,19,8,23,0.38,0.46,184,0.920353982300885,0.8837093356599776,-0.0366446466409075
mi,102,version_41,50,0.75,43,ok,19,8,23,0.38,0.46,184,0.9292035398230089,0.9040259254642902,-0.02517761435871868
mi,102,version_41,50,0.75,44,ok,19,8,23,0.38,0.46,184,0.9323195812040384,0.903901283809049,-0.028418297394989356
mi,102,version_41,50,0.75,45,ok,19,8,23,0.38,0.46,184,0.9303253147201795,0.8989156175994016,-0.0314096971207779
mi,102,version_41,50,0.75,46,ok,19,8,23,0.38,0.46,184,0.9237193069923969,0.896422784494578,-0.027296522497818887
mi,102,version_41,50,1.0,42,ok,19,0,31,0.38,0.62,184,0.9172379409198554,0.8721176617225477,-0.04512027919730777
mi,102,version_41,50,1.0,43,ok,19,0,31,0.38,0.62,184,0.9242178736133615,0.870995886825377,-0.05322198678798451
mi,102,version_41,50,1.0,44,ok,19,0,31,0.38,0.62,184,0.9196061323694379,0.8668827122024181,-0.05272342016701981
mi,102,version_41,50,1.0,45,ok,19,0,31,0.38,0.62,184,0.9284556898915618,0.8736133615854418,-0.054842328306120014
mi,102,version_41,50,1.0,46,ok,19,0,31,0.38,0.62,184,0.9259628567867382,0.887448585317213,-0.03851427146952513
mi,102,version_41,100,0.0,42,ok,38,62,0,0.38,0.0,134,0.9465290806754222,0.9559099437148217,0.009380863039399556
mi,102,version_41,100,0.0,43,ok,38,62,0,0.38,0.0,134,0.9706848030018762,0.9852251407129455,0.014540337711069329
mi,102,version_41,100,0.0,44,ok,38,62,0,0.38,0.0,134,0.9669324577861164,0.973264540337711,0.0063320825515946755
mi,102,version_41,100,0.0,45,ok,38,62,0,0.38,0.0,134,0.9469981238273921,0.951688555347092,0.004690431519699834
mi,102,version_41,100,0.0,46,ok,38,62,0,0.38,0.0,134,0.9458255159474671,0.9664634146341463,0.0206378986866792
mi,102,version_41,100,0.25,42,ok,38,46,16,0.38,0.16,134,0.9376172607879925,0.949343339587242,0.011726078799249584
mi,102,version_41,100,0.25,43,ok,38,46,16,0.38,0.16,134,0.9322232645403377,0.9427767354596623,0.010553470919324681
mi,102,version_41,100,0.25,44,ok,38,46,16,0.38,0.16,134,0.9263602251407129,0.9340994371482176,0.007739212007504714
mi,102,version_41,100,0.25,45,ok,38,46,16,0.38,0.16,134,0.9315196998123827,0.9371482176360225,0.0056285178236398226
mi,102,version_41,100,0.25,46,ok,38,46,16,0.38,0.16,134,0.950750469043152,0.9652908067542214,0.01454033771106944
mi,102,version_41,100,0.5,42,ok,38,31,31,0.38,0.31,134,0.9479362101313321,0.952626641651032,0.004690431519699834
mi,102,version_41,100,0.5,43,ok,38,31,31,0.38,0.31,134,0.9183864915572232,0.9195590994371483,0.001172607879925125
mi,102,version_41,100,0.5,44,ok,38,31,31,0.38,0.31,134,0.9284709193245778,0.9108818011257035,-0.01758911819887432
mi,102,version_41,100,0.5,45,ok,38,31,31,0.38,0.31,134,0.9439493433395871,0.926125703564728,-0.017823639774859124
mi,102,version_41,100,0.5,46,ok,38,31,31,0.38,0.31,134,0.9310506566604129,0.9015009380863039,-0.02954971857410893
mi,102,version_41,100,0.75,42,ok,38,16,46,0.38,0.46,134,0.9038461538461539,0.87453095684803,-0.029315196998123905
mi,102,version_41,100,0.75,43,ok,38,16,46,0.38,0.46,134,0.9029080675422139,0.8660881801125703,-0.036819887429643594
mi,102,version_41,100,0.75,44,ok,38,16,46,0.38,0.46,134,0.9118198874296435,0.8698405253283302,-0.041979362101313256
mi,102,version_41,100,0.75,45,ok,38,16,46,0.38,0.46,134,0.8860225140712946,0.8421669793621013,-0.043855534709193345
mi,102,version_41,100,0.75,46,ok,38,16,46,0.38,0.46,134,0.9111163227016885,0.900797373358349,-0.010318949343339545
mi,102,version_41,100,1.0,,unattainable,,,,,,,,,
mi,102,version_41,150,0.0,,unattainable,,,,,,,,,
mi,102,version_41,150,0.25,42,ok,58,69,23,0.38666666666666666,0.15333333333333332,84,0.9519230769230769,0.9597355769230769,0.0078125
mi,102,version_41,150,0.25,43,ok,58,69,23,0.38666666666666666,0.15333333333333332,84,0.9585336538461539,0.9735576923076923,0.015024038461538436
mi,102,version_41,150,0.25,44,ok,58,69,23,0.38666666666666666,0.15333333333333332,84,0.920673076923077,0.9248798076923077,0.0042067307692307265
mi,102,version_41,150,0.25,45,ok,58,69,23,0.38666666666666666,0.15333333333333332,84,0.9459134615384616,0.9663461538461537,0.02043269230769218
mi,102,version_41,150,0.25,46,ok,58,69,23,0.38666666666666666,0.15333333333333332,84,0.9735576923076923,0.9849759615384616,0.011418269230769273
mi,102,version_41,150,0.5,42,ok,58,46,46,0.38666666666666666,0.30666666666666664,84,0.9140625,0.8972355769230769,-0.016826923076923128
mi,102,version_41,150,0.5,43,ok,58,46,46,0.38666666666666666,0.30666666666666664,84,0.9014423076923077,0.8485576923076924,-0.05288461538461531
mi,102,version_41,150,0.5,44,ok,58,46,46,0.38666666666666666,0.30666666666666664,84,0.8858173076923077,0.8491586538461537,-0.036658653846153966
mi,102,version_41,150,0.5,45,ok,58,46,46,0.38666666666666666,0.30666666666666664,84,0.9375,0.9507211538461537,0.013221153846153744
mi,102,version_41,150,0.5,46,ok,58,46,46,0.38666666666666666,0.30666666666666664,84,0.890625,0.8810096153846154,-0.009615384615384581
mi,102,version_41,150,0.75,,unattainable,,,,,,,,,
mi,102,version_41,150,1.0,,unattainable,,,,,,,,,
mi,102,version_41,200,0.0,,unattainable,,,,,,,,,
mi,102,version_41,200,0.25,,unattainable,,,,,,,,,
mi,102,version_41,200,0.5,,unattainable,,,,,,,,,
mi,102,version_41,200,0.75,,unattainable,,,,,,,,,
mi,102,version_41,200,1.0,,unattainable,,,,,,,,,
mi,103,version_27,50,0.0,42,ok,19,31,0,0.38,0.0,184,0.8390876230836345,0.8107939673438863,-0.02829365573974818
mi,103,version_27,50,0.0,43,ok,19,31,0,0.38,0.0,184,0.8190203165898043,0.8167767667954631,-0.0022435497943412708
mi,103,version_27,50,0.0,44,ok,19,31,0,0.38,0.0,184,0.8398354730150817,0.8023183347874859,-0.037517138227595725
mi,103,version_27,50,0.0,45,ok,19,31,0,0.38,0.0,184,0.8247538327308986,0.8028169014084507,-0.021936931322447895
mi,103,version_27,50,0.0,46,ok,19,31,0,0.38,0.0,184,0.8367194316340522,0.8177739000373925,-0.01894553159665968
mi,103,version_27,50,0.25,42,ok,19,23,8,0.38,0.16,184,0.8407079646017699,0.8010719182350741,-0.03963604636669582
mi,103,version_27,50,0.25,43,ok,19,23,8,0.38,0.16,184,0.8560388881964353,0.8159042752087748,-0.04013461298766041
mi,103,version_27,50,0.25,44,ok,19,23,8,0.38,0.16,184,0.834600523494952,0.808550417549545,-0.02605010594540691
mi,103,version_27,50,0.25,45,ok,19,23,8,0.38,0.16,184,0.8327308986663343,0.789230960987162,-0.043499937679172374
mi,103,version_27,50,0.25,46,ok,19,23,8,0.38,0.16,184,0.8540446217125763,0.8392122647388759,-0.014832356973700445
mi,103,version_27,50,0.5,42,ok,19,15,16,0.38,0.32,184,0.8491835971581704,0.7768914371182849,-0.07229216003988548
mi,103,version_27,50,0.5,43,ok,19,15,16,0.38,0.32,184,0.8307366321824754,0.7997008600274212,-0.031035772155054153
mi,103,version_27,50,0.5,44,ok,19,15,16,0.38,0.32,184,0.844197930948523,0.8321076903901284,-0.012090240558394583
mi,103,version_27,50,0.5,45,ok,19,15,16,0.38,0.32,184,0.8530474884706469,0.8501807304000997,-0.0028667580705472595
mi,103,version_27,50,0.5,46,ok,19,15,16,0.38,0.32,184,0.8355976567368815,0.8165274834849807,-0.019070173251900746
mi,103,version_27,50,0.75,42,ok,19,8,23,0.38,0.46,184,0.8506792970210645,0.8355976567368815,-0.015081640284183018
mi,103,version_27,50,0.75,43,ok,19,8,23,0.38,0.46,184,0.8207652997631808,0.8202667331422161,-0.0004985666209647022
mi,103,version_27,50,0.75,44,ok,19,8,23,0.38,0.46,184,0.8334787485977814,0.8191449582450455,-0.014333790352735853
mi,103,version_27,50,0.75,45,ok,19,8,23,0.38,0.46,184,0.8132868004487099,0.8240059827994516,0.010719182350741652
mi,103,version_27,50,0.75,46,ok,19,8,23,0.38,0.46,184,0.8279945157671694,0.8412065312227346,0.013212015455565163
mi,103,version_27,50,1.0,42,ok,19,0,31,0.38,0.62,184,0.818771033279322,0.8256263243175869,0.006855291038264877
mi,103,version_27,50,1.0,43,ok,19,0,31,0.38,0.62,184,0.829739498940546,0.8341019568739874,0.004362457933441366
mi,103,version_27,50,1.0,44,ok,19,0,31,0.38,0.62,184,0.8474386139847937,0.7458556649632307,-0.10158294902156295
mi,103,version_27,50,1.0,45,ok,19,0,31,0.38,0.62,184,0.8323569737006108,0.8058083011342391,-0.026548672566371723
mi,103,version_27,50,1.0,46,ok,19,0,31,0.38,0.62,184,0.833852673563505,0.8515517886077528,0.017699115044247815
mi,103,version_27,100,0.0,42,ok,38,62,0,0.38,0.0,134,0.7886960600375235,0.7584427767354598,-0.03025328330206367
mi,103,version_27,100,0.0,43,ok,38,62,0,0.38,0.0,134,0.8304409005628517,0.8142589118198874,-0.01618198874296428
mi,103,version_27,100,0.0,44,ok,38,62,0,0.38,0.0,134,0.8553001876172608,0.8424015009380863,-0.012898686679174487
mi,103,version_27,100,0.0,45,ok,38,62,0,0.38,0.0,134,0.8710131332082551,0.8466228893058162,-0.024390243902438935
mi,103,version_27,100,0.0,46,ok,38,62,0,0.38,0.0,134,0.8377110694183865,0.8044090056285178,-0.03330206378986866
mi,103,version_27,100,0.25,42,ok,38,46,16,0.38,0.16,134,0.8555347091932458,0.8374765478424016,-0.01805816135084426
mi,103,version_27,100,0.25,43,ok,38,46,16,0.38,0.16,134,0.7966697936210132,0.7668855534709194,-0.029784240150093844
mi,103,version_27,100,0.25,44,ok,38,46,16,0.38,0.16,134,0.8348968105065666,0.8095684803001877,-0.025328330206378924
mi,103,version_27,100,0.25,45,ok,38,46,16,0.38,0.16,134,0.8529549718574108,0.826923076923077,-0.026031894934333777
mi,103,version_27,100,0.25,46,ok,38,46,16,0.38,0.16,134,0.8079268292682927,0.7828330206378987,-0.02509380863039401
mi,103,version_27,100,0.5,42,ok,38,31,31,0.38,0.31,134,0.798311444652908,0.8398217636022515,0.04151031894934343
mi,103,version_27,100,0.5,43,ok,38,31,31,0.38,0.31,134,0.8522514071294559,0.851078799249531,-0.001172607879924903
mi,103,version_27,100,0.5,44,ok,38,31,31,0.38,0.31,134,0.8283302063789869,0.825046904315197,-0.0032833020637899057
mi,103,version_27,100,0.5,45,ok,38,31,31,0.38,0.31,134,0.8337242026266416,0.8449812382739212,0.011257035647279645
mi,103,version_27,100,0.5,46,ok,38,31,31,0.38,0.31,134,0.8503752345215759,0.8090994371482177,-0.04127579737335818
mi,103,version_27,100,0.75,42,ok,38,16,46,0.38,0.46,134,0.8112101313320825,0.7947936210131331,-0.016416510318949418
mi,103,version_27,100,0.75,43,ok,38,16,46,0.38,0.46,134,0.8332551594746717,0.8088649155722326,-0.024390243902439046
mi,103,version_27,100,0.75,44,ok,38,16,46,0.38,0.46,134,0.8348968105065666,0.8297373358348967,-0.005159474671669884
mi,103,version_27,100,0.75,45,ok,38,16,46,0.38,0.46,134,0.8105065666041276,0.8140243902439024,0.0035178236397748197
mi,103,version_27,100,0.75,46,ok,38,16,46,0.38,0.46,134,0.8651500938086304,0.8466228893058162,-0.0185272045028142
mi,103,version_27,100,1.0,,unattainable,,,,,,,,,
mi,103,version_27,150,0.0,,unattainable,,,,,,,,,
mi,103,version_27,150,0.25,42,ok,58,69,23,0.38666666666666666,0.15333333333333332,84,0.8701923076923077,0.8683894230769231,-0.0018028846153845812
mi,103,version_27,150,0.25,43,ok,58,69,23,0.38666666666666666,0.15333333333333332,84,0.8509615384615385,0.8707932692307693,0.019831730769230727
mi,103,version_27,150,0.25,44,ok,58,69,23,0.38666666666666666,0.15333333333333332,84,0.8924278846153846,0.8834134615384616,-0.009014423076923017
mi,103,version_27,150,0.25,45,ok,58,69,23,0.38666666666666666,0.15333333333333332,84,0.8353365384615385,0.8419471153846153,0.006610576923076761
mi,103,version_27,150,0.25,46,ok,58,69,23,0.38666666666666666,0.15333333333333332,84,0.8539663461538463,0.8725961538461539,0.0186298076923076
mi,103,version_27,150,0.5,42,ok,58,46,46,0.38666666666666666,0.30666666666666664,84,0.8978365384615384,0.8485576923076923,-0.049278846153846145
mi,103,version_27,150,0.5,43,ok,58,46,46,0.38666666666666666,0.30666666666666664,84,0.8701923076923077,0.8359374999999999,-0.03425480769230782
mi,103,version_27,150,0.5,44,ok,58,46,46,0.38666666666666666,0.30666666666666664,84,0.8695913461538461,0.8629807692307693,-0.006610576923076872
mi,103,version_27,150,0.5,45,ok,58,46,46,0.38666666666666666,0.30666666666666664,84,0.9164663461538463,0.8545673076923077,-0.06189903846153855
mi,103,version_27,150,0.5,46,ok,58,46,46,0.38666666666666666,0.30666666666666664,84,0.8269230769230769,0.8245192307692307,-0.0024038461538461453
mi,103,version_27,150,0.75,,unattainable,,,,,,,,,
mi,103,version_27,150,1.0,,unattainable,,,,,,,,,
mi,103,version_27,200,0.0,,unattainable,,,,,,,,,
mi,103,version_27,200,0.25,,unattainable,,,,,,,,,
mi,103,version_27,200,0.5,,unattainable,,,,,,,,,
mi,103,version_27,200,0.75,,unattainable,,,,,,,,,
mi,103,version_27,200,1.0,,unattainable,,,,,,,,,
mi,103,version_28,50,0.0,42,ok,19,31,0,0.38,0.0,184,0.8793468777265362,0.8292409323195812,-0.05010594540695501
mi,103,version_28,50,0.0,43,ok,19,31,0,0.38,0.0,184,0.8569113797831236,0.8445718559142465,-0.012339523868877045
mi,103,version_28,50,0.0,44,ok,19,31,0,0.38,0.0,184,0.8622709709584943,0.8428268727408701,-0.01944409821762416
mi,103,version_28,50,0.0,45,ok,19,31,0,0.38,0.0,184,0.8638913124766296,0.8292409323195812,-0.034650380157048466
mi,103,version_28,50,0.0,46,ok,19,31,0,0.38,0.0,184,0.8666334288919357,0.8516764302629939,-0.014956998628941842
mi,103,version_28,50,0.25,42,ok,19,23,8,0.38,0.16,184,0.874361211516889,0.8479371806057585,-0.026424030911130436
mi,103,version_28,50,0.25,43,ok,19,23,8,0.38,0.16,184,0.890190701732519,0.872990153309236,-0.017200548423283002
mi,103,version_28,50,0.25,44,ok,19,23,8,0.38,0.16,184,0.871619095101583,0.8594042128879472,-0.012214882213635758
mi,103,version_28,50,0.25,45,ok,19,23,8,0.38,0.16,184,0.86812912875483,0.8453197058456937,-0.022809422909136234
mi,103,version_28,50,0.25,46,ok,19,23,8,0.38,0.16,184,0.8672566371681417,0.8631434625451826,-0.004113174622959126
mi,103,version_28,50,0.5,42,ok,19,15,16,0.38,0.32,184,0.8711205284806182,0.8282437990776517,-0.042876729402966496
mi,103,version_28,50,0.5,43,ok,19,15,16,0.38,0.32,184,0.862021687648012,0.8423283061199053,-0.019693381528106735
mi,103,version_28,50,0.5,44,ok,19,15,16,0.38,0.32,184,0.878474386139848,0.860650629440359,-0.01782375669948899
mi,103,version_28,50,0.5,45,ok,19,15,16,0.38,0.32,184,0.8995388258756076,0.8986663342889193,-0.0008724915866883398
mi,103,version_28,50,0.5,46,ok,19,15,16,0.38,0.32,184,0.8668827122024181,0.8342265985292284,-0.03265611367318966
mi,103,version_28,50,0.75,42,ok,19,8,23,0.38,0.46,184,0.868253770410071,0.8420790228094229,-0.026174747600648085
mi,103,version_28,50,0.75,43,ok,19,8,23,0.38,0.46,184,0.8516764302629939,0.8610245544060825,0.00934812414308861
mi,103,version_28,50,0.75,44,ok,19,8,23,0.38,0.46,184,0.866882712202418,0.8262495325937929,-0.040633179608625114
mi,103,version_28,50,0.75,45,ok,19,8,23,0.38,0.46,184,0.8546678299887823,0.8565374548174,0.0018696248286176331
mi,103,version_28,50,0.75,46,ok,19,8,23,0.38,0.46,184,0.8600274211641531,0.846940047363829,-0.013087373800324098
mi,103,version_28,50,1.0,42,ok,19,0,31,0.38,0.62,184,0.8481864639162408,0.8379658481864638,-0.01022061572977695
mi,103,version_28,50,1.0,43,ok,19,0,31,0.38,0.62,184,0.8699987535834476,0.8475632556400349,-0.022435497943412708
mi,103,version_28,50,1.0,44,ok,19,0,31,0.38,0.62,184,0.8837093356599776,0.7922223607129503,-0.09148697494702729
mi,103,version_28,50,1.0,45,ok,19,0,31,0.38,0.62,184,0.8727408699987537,0.8151564252773277,-0.05758444472142599
mi,103,version_28,50,1.0,46,ok,19,0,31,0.38,0.62,184,0.8602767044746354,0.8547924716440235,-0.005484232830611946
mi,103,version_28,100,0.0,42,ok,38,62,0,0.38,0.0,134,0.8456848030018762,0.803001876172608,-0.04268292682926822
mi,103,version_28,100,0.0,43,ok,38,62,0,0.38,0.0,134,0.8602251407129455,0.8567073170731707,-0.0035178236397748197
mi,103,version_28,100,0.0,44,ok,38,62,0,0.38,0.0,134,0.8909474671669794,0.8954033771106942,0.004455909943714809
mi,103,version_28,100,0.0,45,ok,38,62,0,0.38,0.0,134,0.901031894934334,0.8780487804878049,-0.022983114446529118
mi,103,version_28,100,0.0,46,ok,38,62,0,0.38,0.0,134,0.8775797373358349,0.8339587242026266,-0.04362101313320832
mi,103,version_28,100,0.25,42,ok,38,46,16,0.38,0.16,134,0.899624765478424,0.8578799249530957,-0.04174484052532823
mi,103,version_28,100,0.25,43,ok,38,46,16,0.38,0.16,134,0.8625703564727956,0.8306754221388368,-0.031894934333958735
mi,103,version_28,100,0.25,44,ok,38,46,16,0.38,0.16,134,0.8876641651031896,0.8571763602251408,-0.030487804878048808
mi,103,version_28,100,0.25,45,ok,38,46,16,0.38,0.16,134,0.8637429643527205,0.8548311444652907,-0.008911819887429728
mi,103,version_28,100,0.25,46,ok,38,46,16,0.38,0.16,134,0.8531894934333958,0.8224671669793621,-0.03072232645403372
mi,103,version_28,100,0.5,42,ok,38,31,31,0.38,0.31,134,0.8649155722326455,0.876172607879925,0.011257035647279534
mi,103,version_28,100,0.5,43,ok,38,31,31,0.38,0.31,134,0.8968105065666041,0.8869606003752345,-0.009849906191369606
mi,103,version_28,100,0.5,44,ok,38,31,31,0.38,0.31,134,0.8862570356472795,0.8621013133208255,-0.02415572232645402
mi,103,version_28,100,0.5,45,ok,38,31,31,0.38,0.31,134,0.8651500938086303,0.8543621013133209,-0.010787992495309373
mi,103,version_28,100,0.5,46,ok,38,31,31,0.38,0.31,134,0.8867260787992496,0.874296435272045,-0.012429643527204548
mi,103,version_28,100,0.75,42,ok,38,16,46,0.38,0.46,134,0.8356003752345216,0.8072232645403377,-0.028377110694183916
mi,103,version_28,100,0.75,43,ok,38,16,46,0.38,0.46,134,0.8665572232645404,0.8562382739212008,-0.010318949343339656
mi,103,version_28,100,0.75,44,ok,38,16,46,0.38,0.46,134,0.8764071294559099,0.8381801125703565,-0.03822701688555341
mi,103,version_28,100,0.75,45,ok,38,16,46,0.38,0.46,134,0.8806285178236397,0.8538930581613509,-0.026735459662288852
mi,103,version_28,100,0.75,46,ok,38,16,46,0.38,0.46,134,0.8916510318949343,0.8388836772983115,-0.05276735459662285
mi,103,version_28,100,1.0,,unattainable,,,,,,,,,
mi,103,version_28,150,0.0,,unattainable,,,,,,,,,
mi,103,version_28,150,0.25,42,ok,58,69,23,0.38666666666666666,0.15333333333333332,84,0.930889423076923,0.9002403846153846,-0.030649038461538436
mi,103,version_28,150,0.25,43,ok,58,69,23,0.38666666666666666,0.15333333333333332,84,0.8858173076923076,0.9032451923076923,0.017427884615384692
mi,103,version_28,150,0.25,44,ok,58,69,23,0.38666666666666666,0.15333333333333332,84,0.9098557692307693,0.8810096153846154,-0.028846153846153855
mi,103,version_28,150,0.25,45,ok,58,69,23,0.38666666666666666,0.15333333333333332,84,0.8635817307692307,0.8804086538461537,0.016826923076923017
mi,103,version_28,150,0.25,46,ok,58,69,23,0.38666666666666666,0.15333333333333332,84,0.9038461538461539,0.9032451923076923,-0.0006009615384615641
mi,103,version_28,150,0.5,42,ok,58,46,46,0.38666666666666666,0.30666666666666664,84,0.9206730769230769,0.8719951923076923,-0.04867788461538458
mi,103,version_28,150,0.5,43,ok,58,46,46,0.38666666666666666,0.30666666666666664,84,0.8701923076923077,0.8299278846153846,-0.04026442307692313
mi,103,version_28,150,0.5,44,ok,58,46,46,0.38666666666666666,0.30666666666666664,84,0.8786057692307692,0.8774038461538461,-0.0012019230769230171
mi,103,version_28,150,0.5,45,ok,58,46,46,0.38666666666666666,0.30666666666666664,84,0.9176682692307692,0.8641826923076923,-0.05348557692307687
mi,103,version_28,150,0.5,46,ok,58,46,46,0.38666666666666666,0.30666666666666664,84,0.8251201923076923,0.8185096153846154,-0.006610576923076872
mi,103,version_28,150,0.75,,unattainable,,,,,,,,,
mi,103,version_28,150,1.0,,unattainable,,,,,,,,,
mi,103,version_28,200,0.0,,unattainable,,,,,,,,,
mi,103,version_28,200,0.25,,unattainable,,,,,,,,,
mi,103,version_28,200,0.5,,unattainable,,,,,,,,,
mi,103,version_28,200,0.75,,unattainable,,,,,,,,,
mi,103,version_28,200,1.0,,unattainable,,,,,,,,,
mi,103,version_29,50,0.0,42,ok,19,31,0,0.38,0.0,184,0.8490589555029291,0.8155303502430512,-0.033528605259877886
mi,103,version_29,50,0.0,43,ok,19,31,0,0.38,0.0,184,0.8246291910756575,0.8255016826623457,0.0008724915866882288
mi,103,version_29,50,0.0,44,ok,19,31,0,0.38,0.0,184,0.8495575221238938,0.8556649632307117,0.006107441106817935
mi,103,version_29,50,0.0,45,ok,19,31,0,0.38,0.0,184,0.8364701483235697,0.8210145830736632,-0.015455565249906544
mi,103,version_29,50,0.0,46,ok,19,31,0,0.38,0.0,184,0.8461921974323818,0.854543188333541,0.008350990901159205
mi,103,version_29,50,0.25,42,ok,19,23,8,0.38,0.16,184,0.8430761560513524,0.814657858656363,-0.028418297394989467
mi,103,version_29,50,0.25,43,ok,19,23,8,0.38,0.16,184,0.8539199800573352,0.8210145830736633,-0.0329053969836719
mi,103,version_29,50,0.25,44,ok,19,23,8,0.38,0.16,184,0.8415804561884581,0.838713698117911,-0.0028667580705471485
mi,103,version_29,50,0.25,45,ok,19,23,8,0.38,0.16,184,0.8261248909385517,0.8358469400473638,0.009722049108812136
mi,103,version_29,50,0.25,46,ok,19,23,8,0.38,0.16,184,0.8557896048859529,0.8489343138476879,-0.006855291038264988
mi,103,version_29,50,0.5,42,ok,19,15,16,0.38,0.32,184,0.8559142465411941,0.7932194939548797,-0.0626947525863144
mi,103,version_29,50,0.5,43,ok,19,15,16,0.38,0.32,184,0.8362208650130873,0.837342639910258,0.001121774897170691
mi,103,version_29,50,0.5,44,ok,19,15,16,0.38,0.32,184,0.8466907640533465,0.8494328804686526,0.002742116415306084
mi,103,version_29,50,0.5,45,ok,19,15,16,0.38,0.32,184,0.8761061946902655,0.8561635298516764,-0.019942664838589086
mi,103,version_29,50,0.5,46,ok,19,15,16,0.38,0.32,184,0.8387136981179111,0.7867381278823383,-0.051975570235572754
mi,103,version_29,50,0.75,42,ok,19,8,23,0.38,0.46,184,0.8516764302629939,0.8191449582450455,-0.03253147201794837
mi,103,version_29,50,0.75,43,ok,19,8,23,0.38,0.46,184,0.8225102829365575,0.8112925339648511,-0.011217748971706354
mi,103,version_29,50,0.75,44,ok,19,8,23,0.38,0.46,184,0.8441979309485229,0.8419543811541818,-0.0022435497943411598
mi,103,version_29,50,0.75,45,ok,19,8,23,0.38,0.46,184,0.8357222983921226,0.853795338402094,0.018073040009971342
mi,103,version_29,50,0.75,46,ok,19,8,23,0.38,0.46,184,0.8395861897045993,0.8460675557771408,0.006481366072541461
mi,103,version_29,50,1.0,42,ok,19,0,31,0.38,0.62,184,0.8346005234949521,0.8387136981179111,0.004113174622959015
mi,103,version_29,50,1.0,43,ok,19,0,31,0.38,0.62,184,0.8383397731521874,0.8137853670696746,-0.024554406082512803
mi,103,version_29,50,1.0,44,ok,19,0,31,0.38,0.62,184,0.8607752710956,0.7702854293905023,-0.09048984170509777
mi,103,version_29,50,1.0,45,ok,19,0,31,0.38,0.62,184,0.8377165648759816,0.81540570858781,-0.022310856288171532
mi,103,version_29,50,1.0,46,ok,19,0,31,0.38,0.62,184,0.8420790228094229,0.8587810046117412,0.0167019818023183
mi,103,version_29,100,0.0,42,ok,38,62,0,0.38,0.0,134,0.8060506566604128,0.800422138836773,-0.0056285178236397115
mi,103,version_29,100,0.0,43,ok,38,62,0,0.38,0.0,134,0.825750469043152,0.8128517823639775,-0.012898686679174487
mi,103,version_29,100,0.0,44,ok,38,62,0,0.38,0.0,134,0.8625703564727956,0.8827392120075046,0.02016885553470904
mi,103,version_29,100,0.0,45,ok,38,62,0,0.38,0.0,134,0.8855534709193246,0.8477954971857411,-0.03775797373358347
mi,103,version_29,100,0.0,46,ok,38,62,0,0.38,0.0,134,0.8445121951219512,0.8363039399624765,-0.008208255159474653
mi,103,version_29,100,0.25,42,ok,38,46,16,0.38,0.16,134,0.852251407129456,0.8363039399624765,-0.01594746716697948
mi,103,version_29,100,0.25,43,ok,38,46,16,0.38,0.16,134,0.8189493433395872,0.8034709193245778,-0.015478424015009429
mi,103,version_29,100,0.25,44,ok,38,46,16,0.38,0.16,134,0.8583489681050657,0.8395872420262664,-0.018761726078799223
mi,103,version_29,100,0.25,45,ok,38,46,16,0.38,0.16,134,0.852720450281426,0.848968105065666,-0.0037523452157599557
mi,103,version_29,100,0.25,46,ok,38,46,16,0.38,0.16,134,0.8353658536585366,0.827626641651032,-0.007739212007504603
mi,103,version_29,100,0.5,42,ok,38,31,31,0.38,0.31,134,0.8400562851782364,0.8442776735459662,0.004221388367729784
mi,103,version_29,100,0.5,43,ok,38,31,31,0.38,0.31,134,0.8595215759849906,0.8698405253283302,0.010318949343339656
mi,103,version_29,100,0.5,44,ok,38,31,31,0.38,0.31,134,0.8602251407129456,0.8712476547842402,0.011022514071294509
mi,103,version_29,100,0.5,45,ok,38,31,31,0.38,0.31,134,0.8299718574108819,0.8543621013133209,0.024390243902439046
mi,103,version_29,100,0.5,46,ok,38,31,31,0.38,0.31,134,0.8656191369606003,0.8393527204502814,-0.026266416510318913
mi,103,version_29,100,0.75,42,ok,38,16,46,0.38,0.46,134,0.8236397748592871,0.8356003752345215,0.011960600375234387
mi,103,version_29,100,0.75,43,ok,38,16,46,0.38,0.46,134,0.8555347091932458,0.8590525328330206,0.0035178236397748197
mi,103,version_29,100,0.75,44,ok,38,16,46,0.38,0.46,134,0.8567073170731707,0.8522514071294559,-0.004455909943714809
mi,103,version_29,100,0.75,45,ok,38,16,46,0.38,0.46,134,0.8372420262664165,0.8440431519699813,0.0068011257035647255
mi,103,version_29,100,0.75,46,ok,38,16,46,0.38,0.46,134,0.900093808630394,0.8346622889305816,-0.06543151969981242
mi,103,version_29,100,1.0,,unattainable,,,,,,,,,
mi,103,version_29,150,0.0,,unattainable,,,,,,,,,
mi,103,version_29,150,0.25,42,ok,58,69,23,0.38666666666666666,0.15333333333333332,84,0.890625,0.890625,0.0
mi,103,version_29,150,0.25,43,ok,58,69,23,0.38666666666666666,0.15333333333333332,84,0.858173076923077,0.8984375,0.04026442307692302
mi,103,version_29,150,0.25,44,ok,58,69,23,0.38666666666666666,0.15333333333333332,84,0.8623798076923077,0.8852163461538463,0.022836538461538547
mi,103,version_29,150,0.25,45,ok,58,69,23,0.38666666666666666,0.15333333333333332,84,0.8203125,0.8557692307692308,0.03545673076923084
mi,103,version_29,150,0.25,46,ok,58,69,23,0.38666666666666666,0.15333333333333332,84,0.8647836538461539,0.8918269230769231,0.027043269230769273
mi,103,version_29,150,0.5,42,ok,58,46,46,0.38666666666666666,0.30666666666666664,84,0.9158653846153846,0.8695913461538461,-0.046274038461538436
mi,103,version_29,150,0.5,43,ok,58,46,46,0.38666666666666666,0.30666666666666664,84,0.8623798076923077,0.8443509615384616,-0.018028846153846145
mi,103,version_29,150,0.5,44,ok,58,46,46,0.38666666666666666,0.30666666666666664,84,0.875,0.8545673076923077,-0.02043269230769229
mi,103,version_29,150,0.5,45,ok,58,46,46,0.38666666666666666,0.30666666666666664,84,0.9140625,0.8743990384615384,-0.039663461538461564
mi,103,version_29,150,0.5,46,ok,58,46,46,0.38666666666666666,0.30666666666666664,84,0.8052884615384615,0.8413461538461539,0.0360576923076924
mi,103,version_29,150,0.75,,unattainable,,,,,,,,,
mi,103,version_29,150,1.0,,unattainable,,,,,,,,,
mi,103,version_29,200,0.0,,unattainable,,,,,,,,,
mi,103,version_29,200,0.25,,unattainable,,,,,,,,,
mi,103,version_29,200,0.5,,unattainable,,,,,,,,,
mi,103,version_29,200,0.75,,unattainable,,,,,,,,,
mi,103,version_29,200,1.0,,unattainable,,,,,,,,,
mi,103,version_30,50,0.0,42,ok,19,31,0,0.38,0.0,184,0.8648884457185592,0.8039386763056214,-0.06094976941293773
mi,103,version_30,50,0.0,43,ok,19,31,0,0.38,0.0,184,0.8493082388134114,0.8220117163155927,-0.027296522497818776
mi,103,version_30,50,0.0,44,ok,19,31,0,0.38,0.0,184,0.8495575221238938,0.8060575844447213,-0.043499937679172485
mi,103,version_30,50,0.0,45,ok,19,31,0,0.38,0.0,184,0.8471893306743113,0.8321076903901283,-0.015081640284183018
mi,103,version_30,50,0.0,46,ok,19,31,0,0.38,0.0,184,0.8582824379907764,0.844197930948523,-0.014084507042253391
mi,103,version_30,50,0.25,42,ok,19,23,8,0.38,0.16,184,0.8713698117911006,0.8329801819768167,-0.038389629814283954
mi,103,version_30,50,0.25,43,ok,19,23,8,0.38,0.16,184,0.8651377290290416,0.8258756076280693,-0.039262121400972294
mi,103,version_30,50,0.25,44,ok,19,23,8,0.38,0.16,184,0.8501807304000997,0.8200174498317337,-0.030163280568365924
mi,103,version_30,50,0.25,45,ok,19,23,8,0.38,0.16,184,0.8514271469525114,0.8307366321824754,-0.020690514770036028
mi,103,version_30,50,0.25,46,ok,19,23,8,0.38,0.16,184,0.8630188208899414,0.8075532843076156,-0.05546553658232578
mi,103,version_30,50,0.5,42,ok,19,15,16,0.38,0.32,184,0.863392745855665,0.8157796335535337,-0.04761311230213128
mi,103,version_30,50,0.5,43,ok,19,15,16,0.38,0.32,184,0.8564128131621588,0.8425775894303876,-0.013835223731771151
mi,103,version_30,50,0.5,44,ok,19,15,16,0.38,0.32,184,0.87236694503303,0.8541692633678175,-0.018197681665212517
mi,103,version_30,50,0.5,45,ok,19,15,16,0.38,0.32,184,0.8842079022809423,0.8594042128879471,-0.024803689392995154
mi,103,version_30,50,0.5,46,ok,19,15,16,0.38,0.32,184,0.8529228468154056,0.810669325688645,-0.04225352112676062
mi,103,version_30,50,0.75,42,ok,19,8,23,0.38,0.46,184,0.8587810046117412,0.8596534961984295,0.0008724915866882288
mi,103,version_30,50,0.75,43,ok,19,8,23,0.38,0.46,184,0.8368440732892932,0.8151564252773277,-0.021687648011965543
mi,103,version_30,50,0.75,44,ok,19,8,23,0.38,0.46,184,0.8616477626822884,0.8438240059827995,-0.01782375669948888
mi,103,version_30,50,0.75,45,ok,19,8,23,0.38,0.46,184,0.8486850305372056,0.8404586812912875,-0.00822634924591803
mi,103,version_30,50,0.75,46,ok,19,8,23,0.38,0.46,184,0.8564128131621588,0.8461921974323818,-0.01022061572977695
mi,103,version_30,50,1.0,42,ok,19,0,31,0.38,0.62,184,0.8412065312227347,0.843574722672317,0.0023681914495823353
mi,103,version_30,50,1.0,43,ok,19,0,31,0.38,0.62,184,0.857285304748847,0.8445718559142465,-0.01271344883460046
mi,103,version_30,50,1.0,44,ok,19,0,31,0.38,0.62,184,0.8666334288919356,0.8255016826623458,-0.041131746229589816
mi,103,version_30,50,1.0,45,ok,19,0,31,0.38,0.62,184,0.8615231210270472,0.8350990901159168,-0.026424030911130436
mi,103,version_30,50,1.0,46,ok,19,0,31,0.38,0.62,184,0.8534214134363705,0.8491835971581702,-0.0042378162782003015
mi,103,version_30,100,0.0,42,ok,38,62,0,0.38,0.0,134,0.8149624765478424,0.8032363977485929,-0.011726078799249473
mi,103,version_30,100,0.0,43,ok,38,62,0,0.38,0.0,134,0.8356003752345216,0.8065196998123827,-0.02908067542213888
mi,103,version_30,100,0.0,44,ok,38,62,0,0.38,0.0,134,0.876172607879925,0.8698405253283301,-0.0063320825515948975
mi,103,version_30,100,0.0,45,ok,38,62,0,0.38,0.0,134,0.8871951219512195,0.8292682926829268,-0.057926829268292734
mi,103,version_30,100,0.0,46,ok,38,62,0,0.38,0.0,134,0.8616322701688556,0.8187148217636022,-0.042917448405253356
mi,103,version_30,100,0.25,42,ok,38,46,16,0.38,0.16,134,0.8787523452157598,0.8348968105065666,-0.043855534709193233
mi,103,version_30,100,0.25,43,ok,38,46,16,0.38,0.16,134,0.8109756097560976,0.7931519699812383,-0.017823639774859346
mi,103,version_30,100,0.25,44,ok,38,46,16,0.38,0.16,134,0.8623358348968105,0.8388836772983115,-0.023452157598499057
mi,103,version_30,100,0.25,45,ok,38,46,16,0.38,0.16,134,0.8712476547842403,0.8388836772983115,-0.032363977485928785
mi,103,version_30,100,0.25,46,ok,38,46,16,0.38,0.16,134,0.8374765478424014,0.7959662288930581,-0.04151031894934332
mi,103,version_30,100,0.5,42,ok,38,31,31,0.38,0.31,134,0.8604596622889306,0.8646810506566605,0.004221388367729895
mi,103,version_30,100,0.5,43,ok,38,31,31,0.38,0.31,134,0.8595215759849906,0.8613977485928705,0.0018761726078799779
mi,103,version_30,100,0.5,44,ok,38,31,31,0.38,0.31,134,0.8876641651031895,0.8785178236397748,-0.009146341463414642
mi,103,version_30,100,0.5,45,ok,38,31,31,0.38,0.31,134,0.8637429643527205,0.8639774859287055,0.000234521575985025
mi,103,version_30,100,0.5,46,ok,38,31,31,0.38,0.31,134,0.8484990619136961,0.8245778611632271,-0.023921200750468996
mi,103,version_30,100,0.75,42,ok,38,16,46,0.38,0.46,134,0.8484990619136962,0.8409943714821764,-0.0075046904315198
mi,103,version_30,100,0.75,43,ok,38,16,46,0.38,0.46,134,0.8613977485928705,0.8440431519699813,-0.017354596622889296
mi,103,version_30,100,0.75,44,ok,38,16,46,0.38,0.46,134,0.8562382739212009,0.8374765478424016,-0.018761726078799335
mi,103,version_30,100,0.75,45,ok,38,16,46,0.38,0.46,134,0.8583489681050657,0.8102720450281425,-0.04807692307692313
mi,103,version_30,100,0.75,46,ok,38,16,46,0.38,0.46,134,0.901735459662289,0.8571763602251408,-0.0445590994371482
mi,103,version_30,100,1.0,,unattainable,,,,,,,,,
mi,103,version_30,150,0.0,,unattainable,,,,,,,,,
mi,103,version_30,150,0.25,42,ok,58,69,23,0.38666666666666666,0.15333333333333332,84,0.9170673076923077,0.9026442307692307,-0.014423076923076983
mi,103,version_30,150,0.25,43,ok,58,69,23,0.38666666666666666,0.15333333333333332,84,0.876201923076923,0.8786057692307692,0.0024038461538461453
mi,103,version_30,150,0.25,44,ok,58,69,23,0.38666666666666666,0.15333333333333332,84,0.8852163461538461,0.8936298076923077,0.008413461538461564
mi,103,version_30,150,0.25,45,ok,58,69,23,0.38666666666666666,0.15333333333333332,84,0.8389423076923077,0.8311298076923076,-0.007812500000000111
mi,103,version_30,150,0.25,46,ok,58,69,23,0.38666666666666666,0.15333333333333332,84,0.8984375,0.8942307692307692,-0.0042067307692308376
mi,103,version_30,150,0.5,42,ok,58,46,46,0.38666666666666666,0.30666666666666664,84,0.9230769230769231,0.8719951923076923,-0.05108173076923084
mi,103,version_30,150,0.5,43,ok,58,46,46,0.38666666666666666,0.30666666666666664,84,0.8792067307692307,0.8557692307692308,-0.02343749999999989
mi,103,version_30,150,0.5,44,ok,58,46,46,0.38666666666666666,0.30666666666666664,84,0.8707932692307693,0.8756009615384616,0.004807692307692291
mi,103,version_30,150,0.5,45,ok,58,46,46,0.38666666666666666,0.30666666666666664,84,0.9128605769230769,0.8443509615384615,-0.06850961538461542
mi,103,version_30,150,0.5,46,ok,58,46,46,0.38666666666666666,0.30666666666666664,84,0.8335336538461537,0.819110576923077,-0.01442307692307676
mi,103,version_30,150,0.75,,unattainable,,,,,,,,,
mi,103,version_30,150,1.0,,unattainable,,,,,,,,,
mi,103,version_30,200,0.0,,unattainable,,,,,,,,,
mi,103,version_30,200,0.25,,unattainable,,,,,,,,,
mi,103,version_30,200,0.5,,unattainable,,,,,,,,,
mi,103,version_30,200,0.75,,unattainable,,,,,,,,,
mi,103,version_30,200,1.0,,unattainable,,,,,,,,,
mi,103,version_41,50,0.0,42,ok,19,31,0,0.38,0.0,184,0.8237566994889692,0.8212638663841456,-0.002492833104823622
mi,103,version_41,50,0.0,43,ok,19,31,0,0.38,0.0,184,0.8134114421039511,0.8365947899788109,0.02318334787485976
mi,103,version_41,50,0.0,44,ok,19,31,0,0.38,0.0,184,0.819394241555528,0.8227595662470397,0.0033653246915117396
mi,103,version_41,50,0.0,45,ok,19,31,0,0.38,0.0,184,0.822260999626075,0.8258756076280692,0.0036146080019942017
mi,103,version_41,50,0.0,46,ok,19,31,0,0.38,0.0,184,0.8276205908014458,0.8527982051601645,0.02517761435871868
mi,103,version_41,50,0.25,42,ok,19,23,8,0.38,0.16,184,0.8337280319082637,0.8313598404586812,-0.0023681914495825573
mi,103,version_41,50,0.25,43,ok,19,23,8,0.38,0.16,184,0.8363455066683285,0.8101707590676804,-0.026174747600648085
mi,103,version_41,50,0.25,44,ok,19,23,8,0.38,0.16,184,0.8260002492833104,0.8035647513398978,-0.022435497943412597
mi,103,version_41,50,0.25,45,ok,19,23,8,0.38,0.16,184,0.8169014084507042,0.8334787485977815,0.016577340147077235
mi,103,version_41,50,0.25,46,ok,19,23,8,0.38,0.16,184,0.8424529477751465,0.8161535585192571,-0.02629938925588937
mi,103,version_41,50,0.5,42,ok,19,15,16,0.38,0.32,184,0.843450081017076,0.7937180605758445,-0.049732020441231484
mi,103,version_41,50,0.5,43,ok,19,15,16,0.38,0.32,184,0.8197681665212515,0.8216377913498691,0.0018696248286176331
mi,103,version_41,50,0.5,44,ok,19,15,16,0.38,0.32,184,0.8147825003116042,0.8444472142590053,0.02966471394740111
mi,103,version_41,50,0.5,45,ok,19,15,16,0.38,0.32,184,0.8479371806057584,0.8773526112426773,0.02941543063691887
mi,103,version_41,50,0.5,46,ok,19,15,16,0.38,0.32,184,0.8185217499688396,0.819518883210769,0.0009971332419294043
mi,103,version_41,50,0.75,42,ok,19,8,23,0.38,0.46,184,0.8311105571481989,0.8632681042004238,0.032157547052224844
mi,103,version_41,50,0.75,43,ok,19,8,23,0.38,0.46,184,0.7977065935435623,0.8136607254144335,0.015954131870871135
mi,103,version_41,50,0.75,44,ok,19,8,23,0.38,0.46,184,0.8225102829365574,0.8277452324566871,0.005234949520129706
mi,103,version_41,50,0.75,45,ok,19,8,23,0.38,0.46,184,0.8090489841705099,0.8353483734263991,0.02629938925588926
mi,103,version_41,50,0.75,46,ok,19,8,23,0.38,0.46,184,0.835348373426399,0.8319830487348873,-0.0033653246915117396
mi,103,version_41,50,1.0,42,ok,19,0,31,0.38,0.62,184,0.8069300760314096,0.834600523494952,0.027670447463542303
mi,103,version_41,50,1.0,43,ok,19,0,31,0.38,0.62,184,0.8087997008600274,0.845568989156176,0.03676928829614856
mi,103,version_41,50,1.0,44,ok,19,0,31,0.38,0.62,184,0.8299887822510282,0.790602019194815,-0.03938676305621325
mi,103,version_41,50,1.0,45,ok,19,0,31,0.38,0.62,184,0.8121650255515392,0.8141592920353983,0.0019942664838590307
mi,103,version_41,50,1.0,46,ok,19,0,31,0.38,0.62,184,0.8175246167269102,0.8317337654244048,0.014209148697494567
mi,103,version_41,100,0.0,42,ok,38,62,0,0.38,0.0,134,0.8018292682926829,0.8022983114446528,0.00046904315196993895
mi,103,version_41,100,0.0,43,ok,38,62,0,0.38,0.0,134,0.8128517823639774,0.8224671669793622,0.009615384615384803
mi,103,version_41,100,0.0,44,ok,38,62,0,0.38,0.0,134,0.8698405253283302,0.8595215759849906,-0.010318949343339656
mi,103,version_41,100,0.0,45,ok,38,62,0,0.38,0.0,134,0.8632739212007505,0.8463883677298312,-0.016885553470919357
mi,103,version_41,100,0.0,46,ok,38,62,0,0.38,0.0,134,0.8358348968105065,0.8311444652908068,-0.004690431519699723
mi,103,version_41,100,0.25,42,ok,38,46,16,0.38,0.16,134,0.8475609756097561,0.8398217636022514,-0.007739212007504714
mi,103,version_41,100,0.25,43,ok,38,46,16,0.38,0.16,134,0.7837711069418387,0.8006566604127578,0.016885553470919135
mi,103,version_41,100,0.25,44,ok,38,46,16,0.38,0.16,134,0.8339587242026266,0.8400562851782365,0.0060975609756098725
mi,103,version_41,100,0.25,45,ok,38,46,16,0.38,0.16,134,0.8325515947467166,0.8353658536585366,0.002814258911819967
mi,103,version_41,100,0.25,46,ok,38,46,16,0.38,0.16,134,0.8180112570356473,0.8020637898686679,-0.015947467166979368
mi,103,version_41,100,0.5,42,ok,38,31,31,0.38,0.31,134,0.799015009380863,0.848264540337711,0.04924953095684803
mi,103,version_41,100,0.5,43,ok,38,31,31,0.38,0.31,134,0.8170731707317074,0.8588180112570357,0.04174484052532834
mi,103,version_41,100,0.5,44,ok,38,31,31,0.38,0.31,134,0.8365384615384617,0.8581144465290808,0.02157598499061908
mi,103,version_41,100,0.5,45,ok,38,31,31,0.38,0.31,134,0.8088649155722326,0.8435741088180112,0.03470919324577859
mi,103,version_41,100,0.5,46,ok,38,31,31,0.38,0.31,134,0.8358348968105066,0.8159005628517824,-0.019934333958724237
mi,103,version_41,100,0.75,42,ok,38,16,46,0.38,0.46,134,0.7933864915572233,0.8309099437148217,0.03752345215759845
mi,103,version_41,100,0.75,43,ok,38,16,46,0.38,0.46,134,0.8468574108818012,0.8309099437148217,-0.01594746716697948
mi,103,version_41,100,0.75,44,ok,38,16,46,0.38,0.46,134,0.8100375234521575,0.8283302063789869,0.018292682926829396
mi,103,version_41,100,0.75,45,ok,38,16,46,0.38,0.46,134,0.7936210131332083,0.8022983114446529,0.008677298311444592
mi,103,version_41,100,0.75,46,ok,38,16,46,0.38,0.46,134,0.8764071294559099,0.8531894934333959,-0.023217636022514032
mi,103,version_41,100,1.0,,unattainable,,,,,,,,,
mi,103,version_41,150,0.0,,unattainable,,,,,,,,,
mi,103,version_41,150,0.25,42,ok,58,69,23,0.38666666666666666,0.15333333333333332,84,0.8936298076923078,0.8894230769230769,-0.004206730769230949
mi,103,version_41,150,0.25,43,ok,58,69,23,0.38666666666666666,0.15333333333333332,84,0.8599759615384616,0.8810096153846153,0.021033653846153744
mi,103,version_41,150,0.25,44,ok,58,69,23,0.38666666666666666,0.15333333333333332,84,0.8677884615384616,0.8695913461538461,0.0018028846153845812
mi,103,version_41,150,0.25,45,ok,58,69,23,0.38666666666666666,0.15333333333333332,84,0.8197115384615384,0.8545673076923077,0.034855769230769273
mi,103,version_41,150,0.25,46,ok,58,69,23,0.38666666666666666,0.15333333333333332,84,0.846153846153846,0.8900240384615384,0.0438701923076924
mi,103,version_41,150,0.5,42,ok,58,46,46,0.38666666666666666,0.30666666666666664,84,0.8972355769230769,0.8269230769230769,-0.0703125
mi,103,version_41,150,0.5,43,ok,58,46,46,0.38666666666666666,0.30666666666666664,84,0.8179086538461539,0.8215144230769231,0.0036057692307692735
mi,103,version_41,150,0.5,44,ok,58,46,46,0.38666666666666666,0.30666666666666664,84,0.8804086538461539,0.8503605769230769,-0.030048076923076983
mi,103,version_41,150,0.5,45,ok,58,46,46,0.38666666666666666,0.30666666666666664,84,0.8966346153846154,0.8275240384615384,-0.06911057692307698
mi,103,version_41,150,0.5,46,ok,58,46,46,0.38666666666666666,0.30666666666666664,84,0.790264423076923,0.8149038461538461,0.024639423076923128
mi,103,version_41,150,0.75,,unattainable,,,,,,,,,
mi,103,version_41,150,1.0,,unattainable,,,,,,,,,
mi,103,version_41,200,0.0,,unattainable,,,,,,,,,
mi,103,version_41,200,0.25,,unattainable,,,,,,,,,
mi,103,version_41,200,0.5,,unattainable,,,,,,,,,
mi,103,version_41,200,0.75,,unattainable,,,,,,,,,
mi,103,version_41,200,1.0,,unattainable,,,,,,,,,
mi,104,version_27,50,0.0,42,ok,19,31,0,0.38,0.0,180,0.8938503721112416,0.8753100927013971,-0.018540279409844485
mi,104,version_27,50,0.0,43,ok,19,31,0,0.38,0.0,180,0.883927405666536,0.8905862384123254,0.006658832745789378
mi,104,version_27,50,0.0,44,ok,19,31,0,0.38,0.0,180,0.8841885363624494,0.8954171562867215,0.011228619924272043
mi,104,version_27,50,0.0,45,ok,19,31,0,0.38,0.0,180,0.8852330591461026,0.8912390651521087,0.006006006006006093
mi,104,version_27,50,0.0,46,ok,19,31,0,0.38,0.0,180,0.9065152108630369,0.894503198851025,-0.012012012012011852
mi,104,version_27,50,0.25,42,ok,19,23,8,0.38,0.16,180,0.8962005483744614,0.8841885363624494,-0.012012012012011963
mi,104,version_27,50,0.25,43,ok,19,23,8,0.38,0.16,180,0.8978978978978978,0.9050789920355137,0.007181094137615918
mi,104,version_27,50,0.25,44,ok,19,23,8,0.38,0.16,180,0.8899334116725421,0.900117508813161,0.010184097140618853
mi,104,version_27,50,0.25,45,ok,19,23,8,0.38,0.16,180,0.8837968403185794,0.8811855333594465,-0.0026113069591329197
mi,104,version_27,50,0.25,46,ok,19,23,8,0.38,0.16,180,0.881707794751273,0.8766157461809636,-0.0050920485703094265
mi,104,version_27,50,0.5,42,ok,19,15,16,0.38,0.32,180,0.8935892414153284,0.8751795273534404,-0.01840971406188796
mi,104,version_27,50,0.5,43,ok,19,15,16,0.38,0.32,180,0.9056012534273403,0.8663010836923881,-0.039300169734952206
mi,104,version_27,50,0.5,44,ok,19,15,16,0.38,0.32,180,0.8948948948948949,0.8901945423684554,-0.004700352526439522
mi,104,version_27,50,0.5,45,ok,19,15,16,0.38,0.32,180,0.8881054968011489,0.8728293510902206,-0.01527614571092828
mi,104,version_27,50,0.5,46,ok,19,15,16,0.38,0.32,180,0.897114505810158,0.8867998433215825,-0.010314662488575488
mi,104,version_27,50,0.75,42,ok,19,8,23,0.38,0.46,180,0.8878443661052358,0.8804021412717065,-0.007442224833529298
mi,104,version_27,50,0.75,43,ok,19,8,23,0.38,0.46,180,0.9048178613396005,0.882491186839013,-0.022326674500587562
mi,104,version_27,50,0.75,44,ok,19,8,23,0.38,0.46,180,0.9105627366496931,0.8860164512338425,-0.024546285415850577
mi,104,version_27,50,0.75,45,ok,19,8,23,0.38,0.46,180,0.924141532837185,0.8882360621491057,-0.035905470688079366
mi,104,version_27,50,0.75,46,ok,19,8,23,0.38,0.46,180,0.891108499804152,0.8775297036166602,-0.013578796187491804
mi,104,version_27,50,1.0,42,ok,19,0,31,0.38,0.62,180,0.9332811071941507,0.8600339469904686,-0.07324716020368205
mi,104,version_27,50,1.0,43,ok,19,0,31,0.38,0.62,180,0.9186577882230056,0.8617312965139052,-0.05692649170910036
mi,104,version_27,50,1.0,44,ok,19,0,31,0.38,0.62,180,0.893719806763285,0.861470165817992,-0.032249640945293034
mi,104,version_27,50,1.0,45,ok,19,0,31,0.38,0.62,180,0.9099099099099099,0.8626452539496018,-0.047264655960308155
mi,104,version_27,50,1.0,46,ok,19,0,31,0.38,0.62,180,0.8984201592897245,0.8519388954171563,-0.046481263872568235
mi,104,version_27,100,0.0,42,ok,38,62,0,0.38,0.0,130,0.89275,0.9012499999999999,0.008499999999999841
mi,104,version_27,100,0.0,43,ok,38,62,0,0.38,0.0,130,0.8907499999999999,0.88375,-0.006999999999999895
mi,104,version_27,100,0.0,44,ok,38,62,0,0.38,0.0,130,0.89575,0.90675,0.010999999999999899
mi,104,version_27,100,0.0,45,ok,38,62,0,0.38,0.0,130,0.8867499999999999,0.89225,0.00550000000000006
mi,104,version_27,100,0.0,46,ok,38,62,0,0.38,0.0,130,0.89225,0.89925,0.007000000000000006
mi,104,version_27,100,0.25,42,ok,38,46,16,0.38,0.16,130,0.887,0.86725,-0.019750000000000045
mi,104,version_27,100,0.25,43,ok,38,46,16,0.38,0.16,130,0.91975,0.9229999999999999,0.003249999999999975
mi,104,version_27,100,0.25,44,ok,38,46,16,0.38,0.16,130,0.8855,0.89325,0.007750000000000035
mi,104,version_27,100,0.25,45,ok,38,46,16,0.38,0.16,130,0.868,0.85525,-0.012750000000000039
mi,104,version_27,100,0.25,46,ok,38,46,16,0.38,0.16,130,0.9015,0.901,-0.0004999999999999449
mi,104,version_27,100,0.5,42,ok,38,31,31,0.38,0.31,130,0.9119999999999999,0.9035,-0.008499999999999952
mi,104,version_27,100,0.5,43,ok,38,31,31,0.38,0.31,130,0.8965000000000001,0.8935,-0.0030000000000001137
mi,104,version_27,100,0.5,44,ok,38,31,31,0.38,0.31,130,0.9115,0.9315,0.020000000000000018
mi,104,version_27,100,0.5,45,ok,38,31,31,0.38,0.31,130,0.9097500000000001,0.9175,0.007749999999999924
mi,104,version_27,100,0.5,46,ok,38,31,31,0.38,0.31,130,0.89725,0.886,-0.011249999999999982
mi,104,version_27,100,0.75,42,ok,38,16,46,0.38,0.46,130,0.89525,0.87225,-0.02300000000000002
mi,104,version_27,100,0.75,43,ok,38,16,46,0.38,0.46,130,0.91675,0.9295,0.012750000000000039
mi,104,version_27,100,0.75,44,ok,38,16,46,0.38,0.46,130,0.9079999999999999,0.89525,-0.012749999999999928
mi,104,version_27,100,0.75,45,ok,38,16,46,0.38,0.46,130,0.8815,0.887,0.00550000000000006
mi,104,version_27,100,0.75,46,ok,38,16,46,0.38,0.46,130,0.9035,0.90175,-0.0017499999999999183
mi,104,version_27,100,1.0,,unattainable,,,,,,,,,
mi,104,version_27,150,0.0,,unattainable,,,,,,,,,
mi,104,version_27,150,0.25,42,ok,58,69,23,0.38666666666666666,0.15333333333333332,80,0.8626666666666667,0.8833333333333334,0.020666666666666722
mi,104,version_27,150,0.25,43,ok,58,69,23,0.38666666666666666,0.15333333333333332,80,0.876,0.8926666666666667,0.01666666666666672
mi,104,version_27,150,0.25,44,ok,58,69,23,0.38666666666666666,0.15333333333333332,80,0.8526666666666667,0.8693333333333334,0.01666666666666672
mi,104,version_27,150,0.25,45,ok,58,69,23,0.38666666666666666,0.15333333333333332,80,0.8939999999999999,0.8993333333333333,0.005333333333333412
mi,104,version_27,150,0.25,46,ok,58,69,23,0.38666666666666666,0.15333333333333332,80,0.9046666666666667,0.9266666666666666,0.02199999999999991
mi,104,version_27,150,0.5,42,ok,58,46,46,0.38666666666666666,0.30666666666666664,80,0.9426666666666667,0.9380000000000001,-0.004666666666666597
mi,104,version_27,150,0.5,43,ok,58,46,46,0.38666666666666666,0.30666666666666664,80,0.8686666666666667,0.8613333333333333,-0.007333333333333414
mi,104,version_27,150,0.5,44,ok,58,46,46,0.38666666666666666,0.30666666666666664,80,0.9513333333333334,0.9273333333333333,-0.02400000000000002
mi,104,version_27,150,0.5,45,ok,58,46,46,0.38666666666666666,0.30666666666666664,80,0.8666666666666667,0.882,0.01533333333333331
mi,104,version_27,150,0.5,46,ok,58,46,46,0.38666666666666666,0.30666666666666664,80,0.9306666666666668,0.9286666666666666,-0.002000000000000113
mi,104,version_27,150,0.75,,unattainable,,,,,,,,,
mi,104,version_27,150,1.0,,unattainable,,,,,,,,,
mi,104,version_27,200,0.0,,unattainable,,,,,,,,,
mi,104,version_27,200,0.25,,unattainable,,,,,,,,,
mi,104,version_27,200,0.5,,unattainable,,,,,,,,,
mi,104,version_27,200,0.75,,unattainable,,,,,,,,,
mi,104,version_27,200,1.0,,unattainable,,,,,,,,,
mi,104,version_28,50,0.0,42,ok,19,31,0,0.38,0.0,180,0.8552030291160726,0.8969839404622013,0.04178091134612871
mi,104,version_28,50,0.0,43,ok,19,31,0,0.38,0.0,180,0.8653871262566915,0.8992035513774644,0.033816425120772986
mi,104,version_28,50,0.0,44,ok,19,31,0,0.38,0.0,180,0.8670844757801279,0.8992035513774645,0.03211907559733662
mi,104,version_28,50,0.0,45,ok,19,31,0,0.38,0.0,180,0.8579449014231623,0.9142185663924794,0.05627366496931718
mi,104,version_28,50,0.0,46,ok,19,31,0,0.38,0.0,180,0.8903251077164122,0.9097793445619533,0.01945423684554115
mi,104,version_28,50,0.25,42,ok,19,23,8,0.38,0.16,180,0.875701788745267,0.8992035513774643,0.023501762632197276
mi,104,version_28,50,0.25,43,ok,19,23,8,0.38,0.16,180,0.8845802324063193,0.9071680376028203,0.022587805196500943
mi,104,version_28,50,0.25,44,ok,19,23,8,0.38,0.16,180,0.8579449014231624,0.8984201592897245,0.04047525786656214
mi,104,version_28,50,0.25,45,ok,19,23,8,0.38,0.16,180,0.8635592113852985,0.9015537276406842,0.037994516255385746
mi,104,version_28,50,0.25,46,ok,19,23,8,0.38,0.16,180,0.8681289985637812,0.9006397702049875,0.032510771641206304
mi,104,version_28,50,0.5,42,ok,19,15,16,0.38,0.32,180,0.8737433085259172,0.8836662749706228,0.009922966444705583
mi,104,version_28,50,0.5,43,ok,19,15,16,0.38,0.32,180,0.8792270531400966,0.8832745789267528,0.004047525786656125
mi,104,version_28,50,0.5,44,ok,19,15,16,0.38,0.32,180,0.8751795273534404,0.9006397702049875,0.025460242851547132
mi,104,version_28,50,0.5,45,ok,19,15,16,0.38,0.32,180,0.8593811202506855,0.8866692779736258,0.027288157722940354
mi,104,version_28,50,0.5,46,ok,19,15,16,0.38,0.32,180,0.8751795273534403,0.8985507246376812,0.023371197284240863
mi,104,version_28,50,0.75,42,ok,19,8,23,0.38,0.46,180,0.8676067371719546,0.8931975453714585,0.02559080819950388
mi,104,version_28,50,0.75,43,ok,19,8,23,0.38,0.46,180,0.8738738738738739,0.8960699830265048,0.022196109152630816
mi,104,version_28,50,0.75,44,ok,19,8,23,0.38,0.46,180,0.9057318187752971,0.891108499804152,-0.014623318971145105
mi,104,version_28,50,0.75,45,ok,19,8,23,0.38,0.46,180,0.9041650345998172,0.9157853505679593,0.011620315968142059
mi,104,version_28,50,0.75,46,ok,19,8,23,0.38,0.46,180,0.8800104452278366,0.9044261652957305,0.024415720067893942
mi,104,version_28,50,1.0,42,ok,19,0,31,0.38,0.62,180,0.9210079644862255,0.8719153936545241,-0.049092570831701376
mi,104,version_28,50,1.0,43,ok,19,0,31,0.38,0.62,180,0.8945031988510249,0.8896722809766289,-0.004830917874396046
mi,104,version_28,50,1.0,44,ok,19,0,31,0.38,0.62,180,0.8587282935109022,0.8888888888888888,0.030160595377986654
mi,104,version_28,50,1.0,45,ok,19,0,31,0.38,0.62,180,0.8794881838360099,0.8854941898420159,0.006006006006005982
mi,104,version_28,50,1.0,46,ok,19,0,31,0.38,0.62,180,0.873482177830004,0.8728293510902206,-0.0006528267397833964
mi,104,version_28,100,0.0,42,ok,38,62,0,0.38,0.0,130,0.86125,0.9119999999999999,0.05074999999999996
mi,104,version_28,100,0.0,43,ok,38,62,0,0.38,0.0,130,0.8492500000000001,0.8967499999999999,0.047499999999999876
mi,104,version_28,100,0.0,44,ok,38,62,0,0.38,0.0,130,0.86775,0.931,0.06325000000000003
mi,104,version_28,100,0.0,45,ok,38,62,0,0.38,0.0,130,0.8565,0.914,0.057499999999999996
mi,104,version_28,100,0.0,46,ok,38,62,0,0.38,0.0,130,0.8434999999999999,0.909,0.06550000000000011
mi,104,version_28,100,0.25,42,ok,38,46,16,0.38,0.16,130,0.866,0.87525,0.00924999999999998
mi,104,version_28,100,0.25,43,ok,38,46,16,0.38,0.16,130,0.88275,0.92675,0.04399999999999993
mi,104,version_28,100,0.25,44,ok,38,46,16,0.38,0.16,130,0.8512500000000001,0.9015,0.050249999999999906
mi,104,version_28,100,0.25,45,ok,38,46,16,0.38,0.16,130,0.8422499999999999,0.87825,0.03600000000000003
mi,104,version_28,100,0.25,46,ok,38,46,16,0.38,0.16,130,0.8670000000000001,0.89925,0.03224999999999989
mi,104,version_28,100,0.5,42,ok,38,31,31,0.38,0.31,130,0.8857499999999999,0.91425,0.02850000000000008
mi,104,version_28,100,0.5,43,ok,38,31,31,0.38,0.31,130,0.87725,0.8952500000000001,0.018000000000000127
mi,104,version_28,100,0.5,44,ok,38,31,31,0.38,0.31,130,0.889,0.93725,0.048250000000000015
mi,104,version_28,100,0.5,45,ok,38,31,31,0.38,0.31,130,0.88875,0.91625,0.02749999999999997
mi,104,version_28,100,0.5,46,ok,38,31,31,0.38,0.31,130,0.8640000000000001,0.9077500000000001,0.043749999999999956
mi,104,version_28,100,0.75,42,ok,38,16,46,0.38,0.46,130,0.895,0.88425,-0.010750000000000037
mi,104,version_28,100,0.75,43,ok,38,16,46,0.38,0.46,130,0.89175,0.92875,0.03699999999999992
mi,104,version_28,100,0.75,44,ok,38,16,46,0.38,0.46,130,0.8962499999999999,0.90475,0.008500000000000174
mi,104,version_28,100,0.75,45,ok,38,16,46,0.38,0.46,130,0.8492500000000001,0.88125,0.03199999999999992
mi,104,version_28,100,0.75,46,ok,38,16,46,0.38,0.46,130,0.8895,0.89425,0.004750000000000032
mi,104,version_28,100,1.0,,unattainable,,,,,,,,,
mi,104,version_28,150,0.0,,unattainable,,,,,,,,,
mi,104,version_28,150,0.25,42,ok,58,69,23,0.38666666666666666,0.15333333333333332,80,0.8326666666666667,0.9066666666666667,0.07400000000000007
mi,104,version_28,150,0.25,43,ok,58,69,23,0.38666666666666666,0.15333333333333332,80,0.83,0.9020000000000001,0.07200000000000017
mi,104,version_28,150,0.25,44,ok,58,69,23,0.38666666666666666,0.15333333333333332,80,0.8406666666666667,0.8879999999999999,0.04733333333333323
mi,104,version_28,150,0.25,45,ok,58,69,23,0.38666666666666666,0.15333333333333332,80,0.8546666666666667,0.9186666666666667,0.06400000000000006
mi,104,version_28,150,0.25,46,ok,58,69,23,0.38666666666666666,0.15333333333333332,80,0.8806666666666667,0.9386666666666666,0.05799999999999994
mi,104,version_28,150,0.5,42,ok,58,46,46,0.38666666666666666,0.30666666666666664,80,0.9206666666666667,0.9433333333333334,0.022666666666666613
mi,104,version_28,150,0.5,43,ok,58,46,46,0.38666666666666666,0.30666666666666664,80,0.8560000000000001,0.8540000000000001,-0.0020000000000000018
mi,104,version_28,150,0.5,44,ok,58,46,46,0.38666666666666666,0.30666666666666664,80,0.964,0.9406666666666668,-0.023333333333333206
mi,104,version_28,150,0.5,45,ok,58,46,46,0.38666666666666666,0.30666666666666664,80,0.824,0.9033333333333333,0.07933333333333337
mi,104,version_28,150,0.5,46,ok,58,46,46,0.38666666666666666,0.30666666666666664,80,0.9013333333333333,0.9153333333333333,0.014000000000000012
mi,104,version_28,150,0.75,,unattainable,,,,,,,,,
mi,104,version_28,150,1.0,,unattainable,,,,,,,,,
mi,104,version_28,200,0.0,,unattainable,,,,,,,,,
mi,104,version_28,200,0.25,,unattainable,,,,,,,,,
mi,104,version_28,200,0.5,,unattainable,,,,,,,,,
mi,104,version_28,200,0.75,,unattainable,,,,,,,,,
mi,104,version_28,200,1.0,,unattainable,,,,,,,,,
mi,104,version_29,50,0.0,42,ok,19,31,0,0.38,0.0,180,0.8917613265439353,0.8749183966575271,-0.01684292988640812
mi,104,version_29,50,0.0,43,ok,19,31,0,0.38,0.0,180,0.8955477216346781,0.8750489620054838,-0.02049875962919434
mi,104,version_29,50,0.0,44,ok,19,31,0,0.38,0.0,180,0.8907168037602821,0.87909648779214,-0.011620315968142059
mi,104,version_29,50,0.0,45,ok,19,31,0,0.38,0.0,180,0.8997258127692911,0.902728815772294,0.0030030030030029353
mi,104,version_29,50,0.0,46,ok,19,31,0,0.38,0.0,180,0.9123906515210862,0.8938503721112416,-0.018540279409844596
mi,104,version_29,50,0.25,42,ok,19,23,8,0.38,0.16,180,0.900509204857031,0.8806632719676197,-0.019845932889411277
mi,104,version_29,50,0.25,43,ok,19,23,8,0.38,0.16,180,0.9063846455150804,0.8750489620054838,-0.03133568350959659
mi,104,version_29,50,0.25,44,ok,19,23,8,0.38,0.16,180,0.8884971928450189,0.8942420681551118,0.005744875310092823
mi,104,version_29,50,0.25,45,ok,19,23,8,0.38,0.16,180,0.8984201592897245,0.8754406580493537,-0.022979501240370848
mi,104,version_29,50,0.25,46,ok,19,23,8,0.38,0.16,180,0.9006397702049876,0.8826217521869696,-0.018018018018018056
mi,104,version_29,50,0.5,42,ok,19,15,16,0.38,0.32,180,0.8909779344561953,0.8524611568089828,-0.03851677764721251
mi,104,version_29,50,0.5,43,ok,19,15,16,0.38,0.32,180,0.9146102624363494,0.8737433085259172,-0.04086695391043216
mi,104,version_29,50,0.5,44,ok,19,15,16,0.38,0.32,180,0.9024676850763808,0.8751795273534404,-0.027288157722940354
mi,104,version_29,50,0.5,45,ok,19,15,16,0.38,0.32,180,0.8954171562867215,0.8849719284501893,-0.010445227836532123
mi,104,version_29,50,0.5,46,ok,19,15,16,0.38,0.32,180,0.9150019584802193,0.8738738738738739,-0.041128084606345316
mi,104,version_29,50,0.75,42,ok,19,8,23,0.38,0.46,180,0.8917613265439353,0.8681289985637812,-0.023632327980154022
mi,104,version_29,50,0.75,43,ok,19,8,23,0.38,0.46,180,0.9003786395090744,0.8801410105757932,-0.020237628933281182
mi,104,version_29,50,0.75,44,ok,19,8,23,0.38,0.46,180,0.9206162684423553,0.8861470165817991,-0.03446925186055627
mi,104,version_29,50,0.75,45,ok,19,8,23,0.38,0.46,180,0.9274056665361012,0.8935892414153284,-0.033816425120772875
mi,104,version_29,50,0.75,46,ok,19,8,23,0.38,0.46,180,0.9010314662488575,0.8844496670583627,-0.01658179919049485
mi,104,version_29,50,1.0,42,ok,19,0,31,0.38,0.62,180,0.9257083170126648,0.8522000261130696,-0.07350829089959521
mi,104,version_29,50,1.0,43,ok,19,0,31,0.38,0.62,180,0.9082125603864734,0.8135526831179005,-0.09465987726857283
mi,104,version_29,50,1.0,44,ok,19,0,31,0.38,0.62,180,0.8849719284501893,0.861470165817992,-0.023501762632197387
mi,104,version_29,50,1.0,45,ok,19,0,31,0.38,0.62,180,0.9005092048570309,0.824259041650346,-0.07625016320668487
mi,104,version_29,50,1.0,46,ok,19,0,31,0.38,0.62,180,0.9080819950385167,0.8369238804021413,-0.07115811463637545
mi,104,version_29,100,0.0,42,ok,38,62,0,0.38,0.0,130,0.9119999999999999,0.90575,-0.006249999999999867
mi,104,version_29,100,0.0,43,ok,38,62,0,0.38,0.0,130,0.9095000000000001,0.90375,-0.005750000000000033
mi,104,version_29,100,0.0,44,ok,38,62,0,0.38,0.0,130,0.91525,0.9137500000000001,-0.0014999999999999458
mi,104,version_29,100,0.0,45,ok,38,62,0,0.38,0.0,130,0.8895,0.8915,0.0020000000000000018
mi,104,version_29,100,0.0,46,ok,38,62,0,0.38,0.0,130,0.8895000000000001,0.8945,0.004999999999999893
mi,104,version_29,100,0.25,42,ok,38,46,16,0.38,0.16,130,0.88175,0.854,-0.027750000000000052
mi,104,version_29,100,0.25,43,ok,38,46,16,0.38,0.16,130,0.93725,0.9169999999999999,-0.0202500000000001
mi,104,version_29,100,0.25,44,ok,38,46,16,0.38,0.16,130,0.902,0.90225,0.00024999999999997247
mi,104,version_29,100,0.25,45,ok,38,46,16,0.38,0.16,130,0.87975,0.8455,-0.03425
mi,104,version_29,100,0.25,46,ok,38,46,16,0.38,0.16,130,0.8925,0.90075,0.00825000000000009
mi,104,version_29,100,0.5,42,ok,38,31,31,0.38,0.31,130,0.91725,0.88425,-0.03300000000000003
mi,104,version_29,100,0.5,43,ok,38,31,31,0.38,0.31,130,0.8887499999999999,0.8734999999999999,-0.015249999999999986
mi,104,version_29,100,0.5,44,ok,38,31,31,0.38,0.31,130,0.90825,0.9075,-0.0007500000000000284
mi,104,version_29,100,0.5,45,ok,38,31,31,0.38,0.31,130,0.9235,0.8959999999999999,-0.02750000000000008
mi,104,version_29,100,0.5,46,ok,38,31,31,0.38,0.31,130,0.9015000000000001,0.8752500000000001,-0.026249999999999996
mi,104,version_29,100,0.75,42,ok,38,16,46,0.38,0.46,130,0.9005,0.86225,-0.038250000000000006
mi,104,version_29,100,0.75,43,ok,38,16,46,0.38,0.46,130,0.9179999999999999,0.91025,-0.007749999999999924
mi,104,version_29,100,0.75,44,ok,38,16,46,0.38,0.46,130,0.929,0.8922499999999999,-0.03675000000000017
mi,104,version_29,100,0.75,45,ok,38,16,46,0.38,0.46,130,0.89925,0.88,-0.01924999999999999
mi,104,version_29,100,0.75,46,ok,38,16,46,0.38,0.46,130,0.9137500000000001,0.8765000000000001,-0.037250000000000005
mi,104,version_29,100,1.0,,unattainable,,,,,,,,,
mi,104,version_29,150,0.0,,unattainable,,,,,,,,,
mi,104,version_29,150,0.25,42,ok,58,69,23,0.38666666666666666,0.15333333333333332,80,0.8666666666666667,0.8846666666666667,0.018000000000000016
mi,104,version_29,150,0.25,43,ok,58,69,23,0.38666666666666666,0.15333333333333332,80,0.8773333333333333,0.8953333333333333,0.018000000000000016
mi,104,version_29,150,0.25,44,ok,58,69,23,0.38666666666666666,0.15333333333333332,80,0.892,0.8733333333333333,-0.01866666666666672
mi,104,version_29,150,0.25,45,ok,58,69,23,0.38666666666666666,0.15333333333333332,80,0.932,0.9226666666666667,-0.009333333333333305
mi,104,version_29,150,0.25,46,ok,58,69,23,0.38666666666666666,0.15333333333333332,80,0.9206666666666667,0.932,0.011333333333333306
mi,104,version_29,150,0.5,42,ok,58,46,46,0.38666666666666666,0.30666666666666664,80,0.9526666666666666,0.9319999999999999,-0.02066666666666661
mi,104,version_29,150,0.5,43,ok,58,46,46,0.38666666666666666,0.30666666666666664,80,0.8926666666666666,0.8853333333333333,-0.007333333333333303
mi,104,version_29,150,0.5,44,ok,58,46,46,0.38666666666666666,0.30666666666666664,80,0.9413333333333334,0.9246666666666667,-0.016666666666666607
mi,104,version_29,150,0.5,45,ok,58,46,46,0.38666666666666666,0.30666666666666664,80,0.8826666666666666,0.882,-0.0006666666666665932
mi,104,version_29,150,0.5,46,ok,58,46,46,0.38666666666666666,0.30666666666666664,80,0.9506666666666667,0.9073333333333333,-0.043333333333333335
mi,104,version_29,150,0.75,,unattainable,,,,,,,,,
mi,104,version_29,150,1.0,,unattainable,,,,,,,,,
mi,104,version_29,200,0.0,,unattainable,,,,,,,,,
mi,104,version_29,200,0.25,,unattainable,,,,,,,,,
mi,104,version_29,200,0.5,,unattainable,,,,,,,,,
mi,104,version_29,200,0.75,,unattainable,,,,,,,,,
mi,104,version_29,200,1.0,,unattainable,,,,,,,,,
mi,104,version_30,50,0.0,42,ok,19,31,0,0.38,0.0,180,0.8827523175349262,0.8749183966575271,-0.007833920877399092
mi,104,version_30,50,0.0,43,ok,19,31,0,0.38,0.0,180,0.8819689254471864,0.9166993080036558,0.03473038255646943
mi,104,version_30,50,0.0,44,ok,19,31,0,0.38,0.0,180,0.8706097401749575,0.866692779736258,-0.0039169604386994905
mi,104,version_30,50,0.0,45,ok,19,31,0,0.38,0.0,180,0.8690429559994778,0.8931975453714583,0.02415458937198056
mi,104,version_30,50,0.0,46,ok,19,31,0,0.38,0.0,180,0.9041650345998172,0.9099099099099099,0.005744875310092712
mi,104,version_30,50,0.25,42,ok,19,23,8,0.38,0.16,180,0.8844496670583627,0.9126517822169996,0.02820211515863691
mi,104,version_30,50,0.25,43,ok,19,23,8,0.38,0.16,180,0.8771380075727903,0.906515210863037,0.029377203290246734
mi,104,version_30,50,0.25,44,ok,19,23,8,0.38,0.16,180,0.8717848283065674,0.9088653871262566,0.03708055881968919
mi,104,version_30,50,0.25,45,ok,19,23,8,0.38,0.16,180,0.8661705183444314,0.8781825303564434,0.012012012012012074
mi,104,version_30,50,0.25,46,ok,19,23,8,0.38,0.16,180,0.8798798798798799,0.8743961352657005,-0.005483744614179442
mi,104,version_30,50,0.5,42,ok,19,15,16,0.38,0.32,180,0.8822300561430997,0.8647342995169082,-0.017495756626191517
mi,104,version_30,50,0.5,43,ok,19,15,16,0.38,0.32,180,0.8992035513774644,0.8832745789267529,-0.015928972450711565
mi,104,version_30,50,0.5,44,ok,19,15,16,0.38,0.32,180,0.8738738738738739,0.8875832354093223,0.013709361535448328
mi,104,version_30,50,0.5,45,ok,19,15,16,0.38,0.32,180,0.868912390651521,0.8879749314531923,0.019062540801671246
mi,104,version_30,50,0.5,46,ok,19,15,16,0.38,0.32,180,0.8830134482308394,0.8831440135787962,0.00013056534795685693
mi,104,version_30,50,0.75,42,ok,19,8,23,0.38,0.46,180,0.8840579710144927,0.8857553205379293,0.0016973495234365865
mi,104,version_30,50,0.75,43,ok,19,8,23,0.38,0.46,180,0.8790964877921399,0.8981590285938112,0.019062540801671357
mi,104,version_30,50,0.75,44,ok,19,8,23,0.38,0.46,180,0.8934586760673717,0.8673456064760413,-0.026113069591330418
mi,104,version_30,50,0.75,45,ok,19,8,23,0.38,0.46,180,0.9096487792139967,0.9118683901292598,0.002219610915263126
mi,104,version_30,50,0.75,46,ok,19,8,23,0.38,0.46,180,0.8758323540932237,0.8922835879357618,0.016451233842538104
mi,104,version_30,50,1.0,42,ok,19,0,31,0.38,0.62,180,0.9135657396526963,0.8883666274970623,-0.025199112155633974
mi,104,version_30,50,1.0,43,ok,19,0,31,0.38,0.62,180,0.8967228097662879,0.8729599164381774,-0.023762893328110546
mi,104,version_30,50,1.0,44,ok,19,0,31,0.38,0.62,180,0.8740044392218306,0.8841885363624494,0.010184097140618853
mi,104,version_30,50,1.0,45,ok,19,0,31,0.38,0.62,180,0.8827523175349262,0.8834051442747095,0.0006528267397832854
mi,104,version_30,50,1.0,46,ok,19,0,31,0.38,0.62,180,0.8777908343125734,0.864081472777125,-0.013709361535448439
mi,104,version_30,100,0.0,42,ok,38,62,0,0.38,0.0,130,0.8647499999999999,0.9,0.035250000000000115
mi,104,version_30,100,0.0,43,ok,38,62,0,0.38,0.0,130,0.8875,0.886,-0.0014999999999999458
mi,104,version_30,100,0.0,44,ok,38,62,0,0.38,0.0,130,0.887,0.90525,0.01824999999999999
mi,104,version_30,100,0.0,45,ok,38,62,0,0.38,0.0,130,0.8805000000000001,0.89825,0.017749999999999932
mi,104,version_30,100,0.0,46,ok,38,62,0,0.38,0.0,130,0.8634999999999999,0.9007499999999999,0.037250000000000005
mi,104,version_30,100,0.25,42,ok,38,46,16,0.38,0.16,130,0.874,0.879,0.0050000000000000044
mi,104,version_30,100,0.25,43,ok,38,46,16,0.38,0.16,130,0.909,0.9339999999999999,0.02499999999999991
mi,104,version_30,100,0.25,44,ok,38,46,16,0.38,0.16,130,0.8712500000000001,0.88425,0.0129999999999999
mi,104,version_30,100,0.25,45,ok,38,46,16,0.38,0.16,130,0.8534999999999999,0.86425,0.010750000000000037
mi,104,version_30,100,0.25,46,ok,38,46,16,0.38,0.16,130,0.888,0.91525,0.027249999999999996
mi,104,version_30,100,0.5,42,ok,38,31,31,0.38,0.31,130,0.89275,0.91325,0.020499999999999963
mi,104,version_30,100,0.5,43,ok,38,31,31,0.38,0.31,130,0.87525,0.89125,0.016000000000000014
mi,104,version_30,100,0.5,44,ok,38,31,31,0.38,0.31,130,0.88575,0.938,0.05224999999999991
mi,104,version_30,100,0.5,45,ok,38,31,31,0.38,0.31,130,0.889,0.91875,0.029749999999999943
mi,104,version_30,100,0.5,46,ok,38,31,31,0.38,0.31,130,0.89675,0.89025,-0.006500000000000061
mi,104,version_30,100,0.75,42,ok,38,16,46,0.38,0.46,130,0.88625,0.87475,-0.011499999999999955
mi,104,version_30,100,0.75,43,ok,38,16,46,0.38,0.46,130,0.8925,0.9269999999999999,0.034499999999999975
mi,104,version_30,100,0.75,44,ok,38,16,46,0.38,0.46,130,0.89,0.9065,0.01649999999999996
mi,104,version_30,100,0.75,45,ok,38,16,46,0.38,0.46,130,0.863,0.8775000000000001,0.014500000000000068
mi,104,version_30,100,0.75,46,ok,38,16,46,0.38,0.46,130,0.88825,0.89575,0.007500000000000062
mi,104,version_30,100,1.0,,unattainable,,,,,,,,,
mi,104,version_30,150,0.0,,unattainable,,,,,,,,,
mi,104,version_30,150,0.25,42,ok,58,69,23,0.38666666666666666,0.15333333333333332,80,0.8386666666666667,0.9013333333333334,0.06266666666666676
mi,104,version_30,150,0.25,43,ok,58,69,23,0.38666666666666666,0.15333333333333332,80,0.844,0.8986666666666667,0.05466666666666675
mi,104,version_30,150,0.25,44,ok,58,69,23,0.38666666666666666,0.15333333333333332,80,0.848,0.8773333333333334,0.029333333333333433
mi,104,version_30,150,0.25,45,ok,58,69,23,0.38666666666666666,0.15333333333333332,80,0.8766666666666666,0.9166666666666667,0.04000000000000015
mi,104,version_30,150,0.25,46,ok,58,69,23,0.38666666666666666,0.15333333333333332,80,0.9153333333333333,0.9386666666666666,0.023333333333333317
mi,104,version_30,150,0.5,42,ok,58,46,46,0.38666666666666666,0.30666666666666664,80,0.9219999999999999,0.9426666666666667,0.020666666666666722
mi,104,version_30,150,0.5,43,ok,58,46,46,0.38666666666666666,0.30666666666666664,80,0.8593333333333334,0.864,0.004666666666666597
mi,104,version_30,150,0.5,44,ok,58,46,46,0.38666666666666666,0.30666666666666664,80,0.9319999999999999,0.9326666666666666,0.0006666666666667043
mi,104,version_30,150,0.5,45,ok,58,46,46,0.38666666666666666,0.30666666666666664,80,0.8346666666666667,0.8926666666666667,0.05800000000000005
mi,104,version_30,150,0.5,46,ok,58,46,46,0.38666666666666666,0.30666666666666664,80,0.9226666666666667,0.9426666666666668,0.020000000000000018
mi,104,version_30,150,0.75,,unattainable,,,,,,,,,
mi,104,version_30,150,1.0,,unattainable,,,,,,,,,
mi,104,version_30,200,0.0,,unattainable,,,,,,,,,
mi,104,version_30,200,0.25,,unattainable,,,,,,,,,
mi,104,version_30,200,0.5,,unattainable,,,,,,,,,
mi,104,version_30,200,0.75,,unattainable,,,,,,,,,
mi,104,version_30,200,1.0,,unattainable,,,,,,,,,
mi,104,version_41,50,0.0,42,ok,19,31,0,0.38,0.0,180,0.8860164512338425,0.8922835879357618,0.006267136701919251
mi,104,version_41,50,0.0,43,ok,19,31,0,0.38,0.0,180,0.8682595639117379,0.9029899464682073,0.03473038255646943
mi,104,version_41,50,0.0,44,ok,19,31,0,0.38,0.0,180,0.8716542629586108,0.8878443661052358,0.016190103146624946
mi,104,version_41,50,0.0,45,ok,19,31,0,0.38,0.0,180,0.8708708708708709,0.9029899464682073,0.0321190755973364
mi,104,version_41,50,0.0,46,ok,19,31,0,0.38,0.0,180,0.8938503721112416,0.9010314662488575,0.007181094137615918
mi,104,version_41,50,0.25,42,ok,19,23,8,0.38,0.16,180,0.8841885363624494,0.8905862384123254,0.006397702049875997
mi,104,version_41,50,0.25,43,ok,19,23,8,0.38,0.16,180,0.8818383600992297,0.9078208643426035,0.025982504243373783
mi,104,version_41,50,0.25,44,ok,19,23,8,0.38,0.16,180,0.8698263480872176,0.9020759890325107,0.032249640945293145
mi,104,version_41,50,0.25,45,ok,19,23,8,0.38,0.16,180,0.8630369499934717,0.8856247551899725,0.022587805196500832
mi,104,version_41,50,0.25,46,ok,19,23,8,0.38,0.16,180,0.8708708708708709,0.8867998433215825,0.015928972450711565
mi,104,version_41,50,0.5,42,ok,19,15,16,0.38,0.32,180,0.8798798798798798,0.8826217521869696,0.0027418723070897766
mi,104,version_41,50,0.5,43,ok,19,15,16,0.38,0.32,180,0.894111502807155,0.8924141532837184,-0.0016973495234365865
mi,104,version_41,50,0.5,44,ok,19,15,16,0.38,0.32,180,0.8867998433215825,0.8930669800235017,0.006267136701919251
mi,104,version_41,50,0.5,45,ok,19,15,16,0.38,0.32,180,0.870087478783131,0.8965922444183314,0.026504765635200433
mi,104,version_41,50,0.5,46,ok,19,15,16,0.38,0.32,180,0.8826217521869696,0.881707794751273,-0.0009139574356965552
mi,104,version_41,50,0.75,42,ok,19,8,23,0.38,0.46,180,0.8712625669147409,0.875701788745267,0.004439221830526141
mi,104,version_41,50,0.75,43,ok,19,8,23,0.38,0.46,180,0.8928058493275884,0.8804021412717065,-0.012403708055881979
mi,104,version_41,50,0.75,44,ok,19,8,23,0.38,0.46,180,0.8935892414153284,0.8845802324063194,-0.009009009009008917
mi,104,version_41,50,0.75,45,ok,19,8,23,0.38,0.46,180,0.905340122731427,0.9144796970883927,0.009139574356965663
mi,104,version_41,50,0.75,46,ok,19,8,23,0.38,0.46,180,0.8773991382687034,0.8844496670583627,0.007050528789659283
mi,104,version_41,50,1.0,42,ok,19,0,31,0.38,0.62,180,0.9217913565739653,0.8866692779736258,-0.035122078600339446
mi,104,version_41,50,1.0,43,ok,19,0,31,0.38,0.62,180,0.8964616790703747,0.8712625669147408,-0.025199112155633863
mi,104,version_41,50,1.0,44,ok,19,0,31,0.38,0.62,180,0.8804021412717065,0.8779213996605302,-0.0024807416111762848
mi,104,version_41,50,1.0,45,ok,19,0,31,0.38,0.62,180,0.8934586760673717,0.8544196370283327,-0.03903903903903905
mi,104,version_41,50,1.0,46,ok,19,0,31,0.38,0.62,180,0.8865387126256692,0.8713931322626975,-0.015145580362971645
mi,104,version_41,100,0.0,42,ok,38,62,0,0.38,0.0,130,0.8772499999999999,0.905,0.027750000000000163
mi,104,version_41,100,0.0,43,ok,38,62,0,0.38,0.0,130,0.887,0.9095,0.022499999999999964
mi,104,version_41,100,0.0,44,ok,38,62,0,0.38,0.0,130,0.8855,0.91625,0.030750000000000055
mi,104,version_41,100,0.0,45,ok,38,62,0,0.38,0.0,130,0.876,0.897,0.02100000000000002
mi,104,version_41,100,0.0,46,ok,38,62,0,0.38,0.0,130,0.87525,0.91225,0.03700000000000003
mi,104,version_41,100,0.25,42,ok,38,46,16,0.38,0.16,130,0.89225,0.8709999999999999,-0.021250000000000102
mi,104,version_41,100,0.25,43,ok,38,46,16,0.38,0.16,130,0.89825,0.9284999999999999,0.030249999999999888
mi,104,version_41,100,0.25,44,ok,38,46,16,0.38,0.16,130,0.87775,0.90025,0.022499999999999964
mi,104,version_41,100,0.25,45,ok,38,46,16,0.38,0.16,130,0.862,0.8792500000000001,0.0172500000000001
mi,104,version_41,100,0.25,46,ok,38,46,16,0.38,0.16,130,0.8847499999999999,0.90725,0.022500000000000075
mi,104,version_41,100,0.5,42,ok,38,31,31,0.38,0.31,130,0.9057499999999999,0.9232499999999999,0.01749999999999996
mi,104,version_41,100,0.5,43,ok,38,31,31,0.38,0.31,130,0.8835,0.894,0.010500000000000065
mi,104,version_41,100,0.5,44,ok,38,31,31,0.38,0.31,130,0.8945,0.9329999999999999,0.03849999999999998
mi,104,version_41,100,0.5,45,ok,38,31,31,0.38,0.31,130,0.8999999999999999,0.9157500000000001,0.015750000000000153
mi,104,version_41,100,0.5,46,ok,38,31,31,0.38,0.31,130,0.88975,0.9015,0.011749999999999927
mi,104,version_41,100,0.75,42,ok,38,16,46,0.38,0.46,130,0.89525,0.90425,0.009000000000000008
mi,104,version_41,100,0.75,43,ok,38,16,46,0.38,0.46,130,0.89825,0.917,0.018750000000000044
mi,104,version_41,100,0.75,44,ok,38,16,46,0.38,0.46,130,0.9005000000000001,0.92025,0.019749999999999934
mi,104,version_41,100,0.75,45,ok,38,16,46,0.38,0.46,130,0.866,0.889,0.02300000000000002
mi,104,version_41,100,0.75,46,ok,38,16,46,0.38,0.46,130,0.8847499999999999,0.9007499999999999,0.016000000000000014
mi,104,version_41,100,1.0,,unattainable,,,,,,,,,
mi,104,version_41,150,0.0,,unattainable,,,,,,,,,
mi,104,version_41,150,0.25,42,ok,58,69,23,0.38666666666666666,0.15333333333333332,80,0.8380000000000001,0.8946666666666667,0.05666666666666664
mi,104,version_41,150,0.25,43,ok,58,69,23,0.38666666666666666,0.15333333333333332,80,0.882,0.8993333333333333,0.01733333333333331
mi,104,version_41,150,0.25,44,ok,58,69,23,0.38666666666666666,0.15333333333333332,80,0.8346666666666667,0.8773333333333333,0.04266666666666663
mi,104,version_41,150,0.25,45,ok,58,69,23,0.38666666666666666,0.15333333333333332,80,0.878,0.916,0.038000000000000034
mi,104,version_41,150,0.25,46,ok,58,69,23,0.38666666666666666,0.15333333333333332,80,0.8906666666666667,0.9339999999999999,0.043333333333333224
mi,104,version_41,150,0.5,42,ok,58,46,46,0.38666666666666666,0.30666666666666664,80,0.932,0.94,0.007999999999999896
mi,104,version_41,150,0.5,43,ok,58,46,46,0.38666666666666666,0.30666666666666664,80,0.8586666666666667,0.8566666666666667,-0.0020000000000000018
mi,104,version_41,150,0.5,44,ok,58,46,46,0.38666666666666666,0.30666666666666664,80,0.9506666666666667,0.9440000000000001,-0.006666666666666599
mi,104,version_41,150,0.5,45,ok,58,46,46,0.38666666666666666,0.30666666666666664,80,0.8513333333333333,0.872,0.020666666666666722
mi,104,version_41,150,0.5,46,ok,58,46,46,0.38666666666666666,0.30666666666666664,80,0.9193333333333333,0.9166666666666666,-0.002666666666666706
mi,104,version_41,150,0.75,,unattainable,,,,,,,,,
mi,104,version_41,150,1.0,,unattainable,,,,,,,,,
mi,104,version_41,200,0.0,,unattainable,,,,,,,,,
mi,104,version_41,200,0.25,,unattainable,,,,,,,,,
mi,104,version_41,200,0.5,,unattainable,,,,,,,,,
mi,104,version_41,200,0.75,,unattainable,,,,,,,,,
mi,104,version_41,200,1.0,,unattainable,,,,,,,,,
mi,105,version_27,50,0.0,42,ok,19,31,0,0.38,0.0,184,0.8191449582450455,0.8526735635049233,0.033528605259877775
mi,105,version_27,50,0.0,43,ok,19,31,0,0.38,0.0,184,0.8212638663841455,0.8136607254144335,-0.007603140969712041
mi,105,version_27,50,0.0,44,ok,19,31,0,0.38,0.0,184,0.8301134239062694,0.7820017449831734,-0.04811167892309598
mi,105,version_27,50,0.0,45,ok,19,31,0,0.38,0.0,184,0.8314844821139226,0.8235074161784868,-0.00797706593543579
mi,105,version_27,50,0.0,46,ok,19,31,0,0.38,0.0,184,0.8334787485977815,0.7575719805559017,-0.07590676804187979
mi,105,version_27,50,0.25,42,ok,19,23,8,0.38,0.16,184,0.8481864639162409,0.8436993643275583,-0.0044870995886825416
mi,105,version_27,50,0.25,43,ok,19,23,8,0.38,0.16,184,0.8145332170011217,0.8348498068054344,0.020316589804312724
mi,105,version_27,50,0.25,44,ok,19,23,8,0.38,0.16,184,0.8348498068054344,0.783123519880344,-0.0517262869250904
mi,105,version_27,50,0.25,45,ok,19,23,8,0.38,0.16,184,0.7958369687149446,0.8312351988034401,0.03539823008849552
mi,105,version_27,50,0.25,46,ok,19,23,8,0.38,0.16,184,0.8231334912127632,0.8602767044746354,0.0371432132618722
mi,105,version_27,50,0.5,42,ok,19,15,16,0.38,0.32,184,0.7818771033279321,0.7712825626324318,-0.010594540695500365
mi,105,version_27,50,0.5,43,ok,19,15,16,0.38,0.32,184,0.8223856412813163,0.814657858656363,-0.007727782624953328
mi,105,version_27,50,0.5,44,ok,19,15,16,0.38,0.32,184,0.8055590178237567,0.8116664589305747,0.006107441106817935
mi,105,version_27,50,0.5,45,ok,19,15,16,0.38,0.32,184,0.7978312351988034,0.8122896672067804,0.014458432007977029
mi,105,version_27,50,0.5,46,ok,19,15,16,0.38,0.32,184,0.7810046117412439,0.7878599027795089,0.006855291038264988
mi,105,version_27,50,0.75,42,ok,19,8,23,0.38,0.46,184,0.7813785367069674,0.7949644771282562,0.0135859404212888
mi,105,version_27,50,0.75,43,ok,19,8,23,0.38,0.46,184,0.7619344384893432,0.7719057709086378,0.009971332419294598
mi,105,version_27,50,0.75,44,ok,19,8,23,0.38,0.46,184,0.8102954007229216,0.8225102829365574,0.012214882213635758
mi,105,version_27,50,0.75,45,ok,19,8,23,0.38,0.46,184,0.7919730774024679,0.7906020191948149,-0.001371058207653042
mi,105,version_27,50,0.75,46,ok,19,8,23,0.38,0.46,184,0.8053097345132744,0.7908513025052973,-0.014458432007977029
mi,105,version_27,50,1.0,42,ok,19,0,31,0.38,0.62,184,0.7772653620840085,0.7614358718683785,-0.01582949021563007
mi,105,version_27,50,1.0,43,ok,19,0,31,0.38,0.62,184,0.7831235198803439,0.80169512651128,0.018571606630936155
mi,105,version_27,50,1.0,44,ok,19,0,31,0.38,0.62,184,0.7959616103701858,0.7716564875981553,-0.024305122772030452
mi,105,version_27,50,1.0,45,ok,19,0,31,0.38,0.62,184,0.7881091860899913,0.7879845444347502,-0.00012464165524106452
mi,105,version_27,50,1.0,46,ok,19,0,31,0.38,0.62,184,0.7843699364327558,0.8264988159042752,0.04212887947151944
mi,105,version_27,100,0.0,42,ok,38,62,0,0.38,0.0,134,0.8529549718574109,0.8309099437148217,-0.02204502814258913
mi,105,version_27,100,0.0,43,ok,38,62,0,0.38,0.0,134,0.8557692307692307,0.8030018761726079,-0.05276735459662285
mi,105,version_27,100,0.0,44,ok,38,62,0,0.38,0.0,134,0.8571763602251407,0.8377110694183865,-0.019465290806754187
mi,105,version_27,100,0.0,45,ok,38,62,0,0.38,0.0,134,0.8968105065666041,0.8123827392120075,-0.08442776735459656
mi,105,version_27,100,0.0,46,ok,38,62,0,0.38,0.0,134,0.8358348968105066,0.8344277673545966,-0.001407129455910039
mi,105,version_27,100,0.25,42,ok,38,46,16,0.38,0.16,134,0.8348968105065666,0.8353658536585366,0.00046904315196993895
mi,105,version_27,100,0.25,43,ok,38,46,16,0.38,0.16,134,0.7919793621013134,0.7971388367729831,0.005159474671669773
mi,105,version_27,100,0.25,44,ok,38,46,16,0.38,0.16,134,0.8538930581613507,0.8778142589118199,0.023921200750469107
mi,105,version_27,100,0.25,45,ok,38,46,16,0.38,0.16,134,0.8424015009380863,0.8161350844277673,-0.026266416510319024
mi,105,version_27,100,0.25,46,ok,38,46,16,0.38,0.16,134,0.8409943714821764,0.8337242026266416,-0.007270168855534775
mi,105,version_27,100,0.5,42,ok,38,31,31,0.38,0.31,134,0.8201219512195123,0.8639774859287054,0.04385553470919312
mi,105,version_27,100,0.5,43,ok,38,31,31,0.38,0.31,134,0.8020637898686679,0.8081613508442776,0.0060975609756097615
mi,105,version_27,100,0.5,44,ok,38,31,31,0.38,0.31,134,0.8374765478424016,0.8592870544090057,0.021810506566604104
mi,105,version_27,100,0.5,45,ok,38,31,31,0.38,0.31,134,0.7954971857410883,0.8107410881801126,0.015243902439024293
mi,105,version_27,100,0.5,46,ok,38,31,31,0.38,0.31,134,0.8224671669793622,0.8212945590994372,-0.001172607879925014
mi,105,version_27,100,0.75,42,ok,38,16,46,0.38,0.46,134,0.7781425891181989,0.8135553470919324,0.035412757973733555
mi,105,version_27,100,0.75,43,ok,38,16,46,0.38,0.46,134,0.7823639774859287,0.8062851782363978,0.023921200750469107
mi,105,version_27,100,0.75,44,ok,38,16,46,0.38,0.46,134,0.7582082551594747,0.7945590994371482,0.036350844277673544
mi,105,version_27,100,0.75,45,ok,38,16,46,0.38,0.46,134,0.7847091932457786,0.8323170731707317,0.04760787992495308
mi,105,version_27,100,0.75,46,ok,38,16,46,0.38,0.46,134,0.7427298311444653,0.7802532833020638,0.03752345215759845
mi,105,version_27,100,1.0,,unattainable,,,,,,,,,
mi,105,version_27,150,0.0,,unattainable,,,,,,,,,
mi,105,version_27,150,0.25,42,ok,58,69,23,0.38666666666666666,0.15333333333333332,84,0.8353365384615384,0.8599759615384615,0.024639423076923017
mi,105,version_27,150,0.25,43,ok,58,69,23,0.38666666666666666,0.15333333333333332,84,0.8377403846153846,0.8389423076923077,0.0012019230769231282
mi,105,version_27,150,0.25,44,ok,58,69,23,0.38666666666666666,0.15333333333333332,84,0.8209134615384616,0.8503605769230769,0.029447115384615308
mi,105,version_27,150,0.25,45,ok,58,69,23,0.38666666666666666,0.15333333333333332,84,0.8930288461538461,0.8605769230769231,-0.03245192307692302
mi,105,version_27,150,0.25,46,ok,58,69,23,0.38666666666666666,0.15333333333333332,84,0.8960336538461539,0.8551682692307693,-0.04086538461538458
mi,105,version_27,150,0.5,42,ok,58,46,46,0.38666666666666666,0.30666666666666664,84,0.8082932692307693,0.8509615384615384,0.04266826923076916
mi,105,version_27,150,0.5,43,ok,58,46,46,0.38666666666666666,0.30666666666666664,84,0.766826923076923,0.8094951923076923,0.042668269230769273
mi,105,version_27,150,0.5,44,ok,58,46,46,0.38666666666666666,0.30666666666666664,84,0.8070913461538461,0.8299278846153846,0.022836538461538436
mi,105,version_27,150,0.5,45,ok,58,46,46,0.38666666666666666,0.30666666666666664,84,0.8743990384615385,0.8948317307692308,0.02043269230769229
mi,105,version_27,150,0.5,46,ok,58,46,46,0.38666666666666666,0.30666666666666664,84,0.7301682692307692,0.786658653846154,0.0564903846153848
mi,105,version_27,150,0.75,,unattainable,,,,,,,,,
mi,105,version_27,150,1.0,,unattainable,,,,,,,,,
mi,105,version_27,200,0.0,,unattainable,,,,,,,,,
mi,105,version_27,200,0.25,,unattainable,,,,,,,,,
mi,105,version_27,200,0.5,,unattainable,,,,,,,,,
mi,105,version_27,200,0.75,,unattainable,,,,,,,,,
mi,105,version_27,200,1.0,,unattainable,,,,,,,,,
mi,105,version_28,50,0.0,42,ok,19,31,0,0.38,0.0,184,0.8166521251402219,0.8188956749345632,0.0022435497943412708
mi,105,version_28,50,0.0,43,ok,19,31,0,0.38,0.0,184,0.8180231833478749,0.7972080269225976,-0.020815156425277315
mi,105,version_28,50,0.0,44,ok,19,31,0,0.38,0.0,184,0.8144085753458806,0.7675433129751963,-0.046865262370684335
mi,105,version_28,50,0.0,45,ok,19,31,0,0.38,0.0,184,0.8070547176866509,0.7989530100959741,-0.008101707590676854
mi,105,version_28,50,0.0,46,ok,19,31,0,0.38,0.0,184,0.8301134239062695,0.746104948273713,-0.08400847563255653
mi,105,version_28,50,0.25,42,ok,19,23,8,0.38,0.16,184,0.8347251651501932,0.7983298018197682,-0.036395363330425035
mi,105,version_28,50,0.25,43,ok,19,23,8,0.38,0.16,184,0.7874859778137854,0.7909759441605384,0.003489966346753026
mi,105,version_28,50,0.25,44,ok,19,23,8,0.38,0.16,184,0.8144085753458805,0.7605633802816901,-0.05384519506419039
mi,105,version_28,50,0.25,45,ok,19,23,8,0.38,0.16,184,0.7785117786364203,0.811915742241057,0.03340396360463671
mi,105,version_28,50,0.25,46,ok,19,23,8,0.38,0.16,184,0.8261248909385517,0.8038140346503801,-0.022310856288171532
mi,105,version_28,50,0.5,42,ok,19,15,16,0.38,0.32,184,0.7787610619469026,0.759067680418796,-0.019693381528106624
mi,105,version_28,50,0.5,43,ok,19,15,16,0.38,0.32,184,0.8317337654244048,0.7836220865013087,-0.04811167892309609
mi,105,version_28,50,0.5,44,ok,19,15,16,0.38,0.32,184,0.790726660850056,0.8190203165898043,0.02829365573974829
mi,105,version_28,50,0.5,45,ok,19,15,16,0.38,0.32,184,0.7821263866384146,0.7858656362956499,0.0037392496572352663
mi,105,version_28,50,0.5,46,ok,19,15,16,0.38,0.32,184,0.7958369687149446,0.7483484980680544,-0.04748847064689021
mi,105,version_28,50,0.75,42,ok,19,8,23,0.38,0.46,184,0.7674186713199551,0.7489717063442602,-0.01844696497569487
mi,105,version_28,50,0.75,43,ok,19,8,23,0.38,0.46,184,0.7606880219369314,0.7378785990277951,-0.022809422909136345
mi,105,version_28,50,0.75,44,ok,19,8,23,0.38,0.46,184,0.794091985541568,0.7918484357472269,-0.0022435497943411598
mi,105,version_28,50,0.75,45,ok,19,8,23,0.38,0.46,184,0.7813785367069674,0.7318957995762183,-0.04948273713074913
mi,105,version_28,50,0.75,46,ok,19,8,23,0.38,0.46,184,0.8028169014084507,0.7610619469026548,-0.041754954505795916
mi,105,version_28,50,1.0,42,ok,19,0,31,0.38,0.62,184,0.7706593543562259,0.7286551165399476,-0.04200423781627827
mi,105,version_28,50,1.0,43,ok,19,0,31,0.38,0.62,184,0.7802567618097969,0.7745232456687026,-0.005733516141094297
mi,105,version_28,50,1.0,44,ok,19,0,31,0.38,0.62,184,0.7897295276081266,0.7499688395861898,-0.039760688021936885
mi,105,version_28,50,1.0,45,ok,19,0,31,0.38,0.62,184,0.7949644771282562,0.7575719805559018,-0.03739249657235444
mi,105,version_28,50,1.0,46,ok,19,0,31,0.38,0.62,184,0.7798828368440733,0.7884831110557148,0.008600274211641445
mi,105,version_28,100,0.0,42,ok,38,62,0,0.38,0.0,134,0.8679643527204504,0.7938555347091932,-0.07410881801125713
mi,105,version_28,100,0.0,43,ok,38,62,0,0.38,0.0,134,0.8660881801125704,0.7891651031894935,-0.07692307692307687
mi,105,version_28,100,0.0,44,ok,38,62,0,0.38,0.0,134,0.8475609756097561,0.7917448405253283,-0.05581613508442773
mi,105,version_28,100,0.0,45,ok,38,62,0,0.38,0.0,134,0.8707786116322702,0.7950281425891181,-0.07575046904315208
mi,105,version_28,100,0.0,46,ok,38,62,0,0.38,0.0,134,0.848030018761726,0.8126172607879926,-0.035412757973733444
mi,105,version_28,100,0.25,42,ok,38,46,16,0.38,0.16,134,0.7797842401500938,0.7842401500938087,0.004455909943714809
mi,105,version_28,100,0.25,43,ok,38,46,16,0.38,0.16,134,0.7926829268292683,0.7546904315196998,-0.0379924953095685
mi,105,version_28,100,0.25,44,ok,38,46,16,0.38,0.16,134,0.8217636022514071,0.8304409005628518,0.008677298311444703
mi,105,version_28,100,0.25,45,ok,38,46,16,0.38,0.16,134,0.8203564727954972,0.74812382739212,-0.07223264540337715
mi,105,version_28,100,0.25,46,ok,38,46,16,0.38,0.16,134,0.8318480300187617,0.8098030018761726,-0.02204502814258913
mi,105,version_28,100,0.5,42,ok,38,31,31,0.38,0.31,134,0.8245778611632271,0.8013602251407128,-0.023217636022514254
mi,105,version_28,100,0.5,43,ok,38,31,31,0.38,0.31,134,0.8095684803001876,0.774155722326454,-0.035412757973733555
mi,105,version_28,100,0.5,44,ok,38,31,31,0.38,0.31,134,0.8412288930581614,0.8461538461538461,0.004924953095684748
mi,105,version_28,100,0.5,45,ok,38,31,31,0.38,0.31,134,0.7706378986866791,0.7882270168855535,0.01758911819887443
mi,105,version_28,100,0.5,46,ok,38,31,31,0.38,0.31,134,0.7781425891181989,0.7502345215759849,-0.027908067542213977
mi,105,version_28,100,0.75,42,ok,38,16,46,0.38,0.46,134,0.7600844277673545,0.7645403377110694,0.00445590994371492
mi,105,version_28,100,0.75,43,ok,38,16,46,0.38,0.46,134,0.7969043151969981,0.7645403377110694,-0.032363977485928674
mi,105,version_28,100,0.75,44,ok,38,16,46,0.38,0.46,134,0.7549249530956849,0.751641651031895,-0.0032833020637899057
mi,105,version_28,100,0.75,45,ok,38,16,46,0.38,0.46,134,0.798076923076923,0.7556285178236397,-0.042448405253283306
mi,105,version_28,100,0.75,46,ok,38,16,46,0.38,0.46,134,0.7335834896810507,0.724671669793621,-0.008911819887429728
mi,105,version_28,100,1.0,,unattainable,,,,,,,,,
mi,105,version_28,150,0.0,,unattainable,,,,,,,,,
mi,105,version_28,150,0.25,42,ok,58,69,23,0.38666666666666666,0.15333333333333332,84,0.8088942307692307,0.8028846153846154,-0.006009615384615308
mi,105,version_28,150,0.25,43,ok,58,69,23,0.38666666666666666,0.15333333333333332,84,0.8521634615384616,0.8209134615384615,-0.03125000000000011
mi,105,version_28,150,0.25,44,ok,58,69,23,0.38666666666666666,0.15333333333333332,84,0.7980769230769231,0.8257211538461539,0.027644230769230727
mi,105,version_28,150,0.25,45,ok,58,69,23,0.38666666666666666,0.15333333333333332,84,0.8876201923076923,0.8623798076923077,-0.02524038461538458
mi,105,version_28,150,0.25,46,ok,58,69,23,0.38666666666666666,0.15333333333333332,84,0.876201923076923,0.84375,-0.03245192307692302
mi,105,version_28,150,0.5,42,ok,58,46,46,0.38666666666666666,0.30666666666666664,84,0.7890625,0.8070913461538461,0.018028846153846145
mi,105,version_28,150,0.5,43,ok,58,46,46,0.38666666666666666,0.30666666666666664,84,0.7049278846153846,0.7542067307692307,0.049278846153846145
mi,105,version_28,150,0.5,44,ok,58,46,46,0.38666666666666666,0.30666666666666664,84,0.7542067307692307,0.7794471153846154,0.025240384615384692
mi,105,version_28,150,0.5,45,ok,58,46,46,0.38666666666666666,0.30666666666666664,84,0.8629807692307693,0.8545673076923077,-0.008413461538461564
mi,105,version_28,150,0.5,46,ok,58,46,46,0.38666666666666666,0.30666666666666664,84,0.6995192307692307,0.7481971153846154,0.04867788461538469
mi,105,version_28,150,0.75,,unattainable,,,,,,,,,
mi,105,version_28,150,1.0,,unattainable,,,,,,,,,
mi,105,version_28,200,0.0,,unattainable,,,,,,,,,
mi,105,version_28,200,0.25,,unattainable,,,,,,,,,
mi,105,version_28,200,0.5,,unattainable,,,,,,,,,
mi,105,version_28,200,0.75,,unattainable,,,,,,,,,
mi,105,version_28,200,1.0,,unattainable,,,,,,,,,
mi,105,version_29,50,0.0,42,ok,19,31,0,0.38,0.0,184,0.814657858656363,0.8389629814283933,0.02430512277203034
mi,105,version_29,50,0.0,43,ok,19,31,0,0.38,0.0,184,0.8127882338277452,0.8190203165898043,0.00623208276205911
mi,105,version_29,50,0.0,44,ok,19,31,0,0.38,0.0,184,0.8398354730150815,0.7945905521625326,-0.04524492085254894
mi,105,version_29,50,0.0,45,ok,19,31,0,0.38,0.0,184,0.809173625825751,0.8121650255515392,0.002991399725788213
mi,105,version_29,50,0.0,46,ok,19,31,0,0.38,0.0,184,0.8339773152187461,0.7595662470397607,-0.07441106817898535
mi,105,version_29,50,0.25,42,ok,19,23,8,0.38,0.16,184,0.8417050978436994,0.8114171756200922,-0.03028792222360721
mi,105,version_29,50,0.25,43,ok,19,23,8,0.38,0.16,184,0.8055590178237567,0.8102954007229216,0.004736382899164893
mi,105,version_29,50,0.25,44,ok,19,23,8,0.38,0.16,184,0.8171506917611866,0.797581951888321,-0.01956873987286556
mi,105,version_29,50,0.25,45,ok,19,23,8,0.38,0.16,184,0.7780132120154556,0.7863642029166148,0.008350990901159205
mi,105,version_29,50,0.25,46,ok,19,23,8,0.38,0.16,184,0.8255016826623458,0.8135360837591923,-0.011965598903153518
mi,105,version_29,50,0.5,42,ok,19,15,16,0.38,0.32,184,0.7862395612613735,0.7443599651003366,-0.04187959616103687
mi,105,version_29,50,0.5,43,ok,19,15,16,0.38,0.32,184,0.8307366321824754,0.8006979932693508,-0.030038638913124638
mi,105,version_29,50,0.5,44,ok,19,15,16,0.38,0.32,184,0.7887323943661972,0.8304873488719929,0.041754954505795694
mi,105,version_29,50,0.5,45,ok,19,15,16,0.38,0.32,184,0.7959616103701856,0.7998255016826623,0.003863891312476664
mi,105,version_29,50,0.5,46,ok,19,15,16,0.38,0.32,184,0.7898541692633678,0.7586937554530725,-0.03116041381029533
mi,105,version_29,50,0.75,42,ok,19,8,23,0.38,0.46,184,0.783123519880344,0.7464788732394366,-0.036644646640907386
mi,105,version_29,50,0.75,43,ok,19,8,23,0.38,0.46,184,0.7545805808301134,0.7259130001246417,-0.028667580705471707
mi,105,version_29,50,0.75,44,ok,19,8,23,0.38,0.46,184,0.802318334787486,0.8120403838962982,0.009722049108812136
mi,105,version_29,50,0.75,45,ok,19,8,23,0.38,0.46,184,0.7843699364327558,0.7807553284307617,-0.0036146080019940907
mi,105,version_29,50,0.75,46,ok,19,8,23,0.38,0.46,184,0.7938427022310857,0.7559516390377665,-0.03789106319331914
mi,105,version_29,50,1.0,42,ok,19,0,31,0.38,0.62,184,0.7695375794590552,0.7347625576467656,-0.03477502181228964
mi,105,version_29,50,1.0,43,ok,19,0,31,0.38,0.62,184,0.7775146453944909,0.7953384020939798,0.01782375669948888
mi,105,version_29,50,1.0,44,ok,19,0,31,0.38,0.62,184,0.78586563629565,0.7727782624953259,-0.013087373800324098
mi,105,version_29,50,1.0,45,ok,19,0,31,0.38,0.62,184,0.7862395612613735,0.77003614608002,-0.016203415181353487
mi,105,version_29,50,1.0,46,ok,19,0,31,0.38,0.62,184,0.7798828368440733,0.7876106194690266,0.007727782624953217
mi,105,version_29,100,0.0,42,ok,38,62,0,0.38,0.0,134,0.8660881801125704,0.8297373358348967,-0.036350844277673655
mi,105,version_29,100,0.0,43,ok,38,62,0,0.38,0.0,134,0.848733583489681,0.8217636022514072,-0.026969981238273766
mi,105,version_29,100,0.0,44,ok,38,62,0,0.38,0.0,134,0.8414634146341463,0.8531894934333959,0.011726078799249584
mi,105,version_29,100,0.0,45,ok,38,62,0,0.38,0.0,134,0.8785178236397748,0.8337242026266416,-0.04479362101313322
mi,105,version_29,100,0.0,46,ok,38,62,0,0.38,0.0,134,0.8330206378986867,0.848733583489681,0.01571294559099423
mi,105,version_29,100,0.25,42,ok,38,46,16,0.38,0.16,134,0.7858818011257036,0.8121482176360225,0.026266416510318913
mi,105,version_29,100,0.25,43,ok,38,46,16,0.38,0.16,134,0.8025328330206379,0.7696998123827392,-0.032833020637898724
mi,105,version_29,100,0.25,44,ok,38,46,16,0.38,0.16,134,0.8273921200750469,0.850609756097561,0.023217636022514032
mi,105,version_29,100,0.25,45,ok,38,46,16,0.38,0.16,134,0.7964352720450282,0.774859287054409,-0.02157598499061919
mi,105,version_29,100,0.25,46,ok,38,46,16,0.38,0.16,134,0.8435741088180112,0.8337242026266416,-0.009849906191369606
mi,105,version_29,100,0.5,42,ok,38,31,31,0.38,0.31,134,0.824812382739212,0.8520168855534709,0.027204502814258902
mi,105,version_29,100,0.5,43,ok,38,31,31,0.38,0.31,134,0.8224671669793621,0.7833020637898687,-0.0391651031894934
mi,105,version_29,100,0.5,44,ok,38,31,31,0.38,0.31,134,0.8327861163227017,0.8522514071294559,0.019465290806754187
mi,105,version_29,100,0.5,45,ok,38,31,31,0.38,0.31,134,0.7865853658536586,0.8311444652908068,0.0445590994371482
mi,105,version_29,100,0.5,46,ok,38,31,31,0.38,0.31,134,0.799718574108818,0.7661819887429644,-0.03353658536585358
mi,105,version_29,100,0.75,42,ok,38,16,46,0.38,0.46,134,0.7825984990619137,0.7776735459662288,-0.004924953095684859
mi,105,version_29,100,0.75,43,ok,38,16,46,0.38,0.46,134,0.7901031894934334,0.7783771106941839,-0.011726078799249473
mi,105,version_29,100,0.75,44,ok,38,16,46,0.38,0.46,134,0.749296435272045,0.7647748592870545,0.015478424015009429
mi,105,version_29,100,0.75,45,ok,38,16,46,0.38,0.46,134,0.7765009380863039,0.8081613508442776,0.03166041275797371
mi,105,version_29,100,0.75,46,ok,38,16,46,0.38,0.46,134,0.7624296435272045,0.7589118198874296,-0.0035178236397749307
mi,105,version_29,100,1.0,,unattainable,,,,,,,,,
mi,105,version_29,150,0.0,,unattainable,,,,,,,,,
mi,105,version_29,150,0.25,42,ok,58,69,23,0.38666666666666666,0.15333333333333332,84,0.8359375,0.868389423076923,0.03245192307692302
mi,105,version_29,150,0.25,43,ok,58,69,23,0.38666666666666666,0.15333333333333332,84,0.8497596153846153,0.8461538461538461,-0.0036057692307691624
mi,105,version_29,150,0.25,44,ok,58,69,23,0.38666666666666666,0.15333333333333332,84,0.8179086538461539,0.8431490384615384,0.02524038461538458
mi,105,version_29,150,0.25,45,ok,58,69,23,0.38666666666666666,0.15333333333333332,84,0.8900240384615385,0.875,-0.015024038461538547
mi,105,version_29,150,0.25,46,ok,58,69,23,0.38666666666666666,0.15333333333333332,84,0.8804086538461539,0.8906249999999999,0.010216346153846034
mi,105,version_29,150,0.5,42,ok,58,46,46,0.38666666666666666,0.30666666666666664,84,0.8010817307692307,0.8173076923076923,0.016225961538461564
mi,105,version_29,150,0.5,43,ok,58,46,46,0.38666666666666666,0.30666666666666664,84,0.7415865384615385,0.78125,0.03966346153846145
mi,105,version_29,150,0.5,44,ok,58,46,46,0.38666666666666666,0.30666666666666664,84,0.7451923076923077,0.7794471153846154,0.03425480769230771
mi,105,version_29,150,0.5,45,ok,58,46,46,0.38666666666666666,0.30666666666666664,84,0.8653846153846154,0.8846153846153846,0.019230769230769162
mi,105,version_29,150,0.5,46,ok,58,46,46,0.38666666666666666,0.30666666666666664,84,0.7001201923076923,0.7421875,0.04206730769230771
mi,105,version_29,150,0.75,,unattainable,,,,,,,,,
mi,105,version_29,150,1.0,,unattainable,,,,,,,,,
mi,105,version_29,200,0.0,,unattainable,,,,,,,,,
mi,105,version_29,200,0.25,,unattainable,,,,,,,,,
mi,105,version_29,200,0.5,,unattainable,,,,,,,,,
mi,105,version_29,200,0.75,,unattainable,,,,,,,,,
mi,105,version_29,200,1.0,,unattainable,,,,,,,,,
mi,105,version_30,50,0.0,42,ok,19,31,0,0.38,0.0,184,0.8151564252773277,0.8222609996260749,0.007104574348747228
mi,105,version_30,50,0.0,43,ok,19,31,0,0.38,0.0,184,0.8238813411442104,0.7585691137978312,-0.0653122273463792
mi,105,version_30,50,0.0,44,ok,19,31,0,0.38,0.0,184,0.8362208650130873,0.7909759441605385,-0.04524492085254883
mi,105,version_30,50,0.0,45,ok,19,31,0,0.38,0.0,184,0.8238813411442104,0.785242428019444,-0.038638913124766416
mi,105,version_30,50,0.0,46,ok,19,31,0,0.38,0.0,184,0.8372179982550169,0.704225352112676,-0.13299264614234085
mi,105,version_30,50,0.25,42,ok,19,23,8,0.38,0.16,184,0.8413311728779758,0.7923470023681914,-0.04898417050978432
mi,105,version_30,50,0.25,43,ok,19,23,8,0.38,0.16,184,0.8253770410071046,0.7770160787735261,-0.04836096223357855
mi,105,version_30,50,0.25,44,ok,19,23,8,0.38,0.16,184,0.8350990901159168,0.7881091860899914,-0.0469899040259254
mi,105,version_30,50,0.25,45,ok,19,23,8,0.38,0.16,184,0.7985790851302506,0.798205160164527,-0.0003739249657235266
mi,105,version_30,50,0.25,46,ok,19,23,8,0.38,0.16,184,0.8242552661099339,0.79745731023308,-0.026797955876853963
mi,105,version_30,50,0.5,42,ok,19,15,16,0.38,0.32,184,0.7856163529851677,0.7827495949146205,-0.0028667580705472595
mi,105,version_30,50,0.5,43,ok,19,15,16,0.38,0.32,184,0.8247538327308986,0.7724043375296024,-0.05234949520129628
mi,105,version_30,50,0.5,44,ok,19,15,16,0.38,0.32,184,0.8051850928580332,0.8121650255515394,0.006979932693506163
mi,105,version_30,50,0.5,45,ok,19,15,16,0.38,0.32,184,0.8026922597532096,0.7909759441605384,-0.011716315592671167
mi,105,version_30,50,0.5,46,ok,19,15,16,0.38,0.32,184,0.7987037267854917,0.7538327308986663,-0.044870995886825416
mi,105,version_30,50,0.75,42,ok,19,8,23,0.38,0.46,184,0.7925962856786738,0.774897170634426,-0.017699115044247815
mi,105,version_30,50,0.75,43,ok,19,8,23,0.38,0.46,184,0.7667954630437491,0.7360089741991774,-0.03078648884457169
mi,105,version_30,50,0.75,44,ok,19,8,23,0.38,0.46,184,0.8136607254144335,0.7757696622211143,-0.03789106319331914
mi,105,version_30,50,0.75,45,ok,19,8,23,0.38,0.46,184,0.7863642029166147,0.7639287049732021,-0.022435497943412597
mi,105,version_30,50,0.75,46,ok,19,8,23,0.38,0.46,184,0.7958369687149445,0.796210893680668,0.0003739249657235266
mi,105,version_30,50,1.0,42,ok,19,0,31,0.38,0.62,184,0.7701607877352611,0.7495949146204661,-0.020565873114794964
mi,105,version_30,50,1.0,43,ok,19,0,31,0.38,0.62,184,0.7766421538078025,0.7920977190577091,0.015455565249906544
mi,105,version_30,50,1.0,44,ok,19,0,31,0.38,0.62,184,0.8004487099588682,0.7701607877352612,-0.03028792222360699
mi,105,version_30,50,1.0,45,ok,19,0,31,0.38,0.62,184,0.7891063193319207,0.768041879596161,-0.021064439735759666
mi,105,version_30,50,1.0,46,ok,19,0,31,0.38,0.62,184,0.78374672815655,0.807179359341892,0.023432631185342
mi,105,version_30,100,0.0,42,ok,38,62,0,0.38,0.0,134,0.8628048780487806,0.8520168855534709,-0.010787992495309706
mi,105,version_30,100,0.0,43,ok,38,62,0,0.38,0.0,134,0.8649155722326454,0.7556285178236398,-0.10928705440900555
mi,105,version_30,100,0.0,44,ok,38,62,0,0.38,0.0,134,0.8466228893058162,0.7694652908067542,-0.07715759849906201
mi,105,version_30,100,0.0,45,ok,38,62,0,0.38,0.0,134,0.8972795497185742,0.773686679174484,-0.12359287054409018
mi,105,version_30,100,0.0,46,ok,38,62,0,0.38,0.0,134,0.851782363977486,0.8130863039399625,-0.03869606003752346
mi,105,version_30,100,0.25,42,ok,38,46,16,0.38,0.16,134,0.8076923076923077,0.7854127579737336,-0.022279549718574154
mi,105,version_30,100,0.25,43,ok,38,46,16,0.38,0.16,134,0.8025328330206378,0.7865853658536586,-0.015947467166979257
mi,105,version_30,100,0.25,44,ok,38,46,16,0.38,0.16,134,0.8227016885553471,0.8325515947467167,0.009849906191369606
mi,105,version_30,100,0.25,45,ok,38,46,16,0.38,0.16,134,0.8424015009380863,0.8051125703564729,-0.03728893058161342
mi,105,version_30,100,0.25,46,ok,38,46,16,0.38,0.16,134,0.8599906191369606,0.8034709193245779,-0.056519699812382695
mi,105,version_30,100,0.5,42,ok,38,31,31,0.38,0.31,134,0.8302063789868668,0.8227016885553471,-0.007504690431519689
mi,105,version_30,100,0.5,43,ok,38,31,31,0.38,0.31,134,0.821998123827392,0.7818949343339587,-0.04010318949343328
mi,105,version_30,100,0.5,44,ok,38,31,31,0.38,0.31,134,0.8372420262664164,0.8334896810506566,-0.0037523452157598447
mi,105,version_30,100,0.5,45,ok,38,31,31,0.38,0.31,134,0.7969043151969981,0.8234052532833022,0.02650093808630405
mi,105,version_30,100,0.5,46,ok,38,31,31,0.38,0.31,134,0.799484052532833,0.7818949343339587,-0.01758911819887421
mi,105,version_30,100,0.75,42,ok,38,16,46,0.38,0.46,134,0.7661819887429643,0.7877579737335835,0.02157598499061919
mi,105,version_30,100,0.75,43,ok,38,16,46,0.38,0.46,134,0.7886960600375235,0.7645403377110696,-0.02415572232645391
mi,105,version_30,100,0.75,44,ok,38,16,46,0.38,0.46,134,0.7600844277673545,0.7837711069418387,0.023686679174484193
mi,105,version_30,100,0.75,45,ok,38,16,46,0.38,0.46,134,0.8046435272045028,0.8020637898686679,-0.002579737335834942
mi,105,version_30,100,0.75,46,ok,38,16,46,0.38,0.46,134,0.7732176360225141,0.7532833020637899,-0.019934333958724237
mi,105,version_30,100,1.0,,unattainable,,,,,,,,,
mi,105,version_30,150,0.0,,unattainable,,,,,,,,,
mi,105,version_30,150,0.25,42,ok,58,69,23,0.38666666666666666,0.15333333333333332,84,0.8497596153846154,0.8557692307692308,0.006009615384615419
mi,105,version_30,150,0.25,43,ok,58,69,23,0.38666666666666666,0.15333333333333332,84,0.8221153846153846,0.7980769230769231,-0.024038461538461453
mi,105,version_30,150,0.25,44,ok,58,69,23,0.38666666666666666,0.15333333333333332,84,0.8461538461538463,0.8359375,-0.010216346153846256
mi,105,version_30,150,0.25,45,ok,58,69,23,0.38666666666666666,0.15333333333333332,84,0.8828125,0.8641826923076923,-0.01862980769230771
mi,105,version_30,150,0.25,46,ok,58,69,23,0.38666666666666666,0.15333333333333332,84,0.8948317307692307,0.8179086538461539,-0.07692307692307687
mi,105,version_30,150,0.5,42,ok,58,46,46,0.38666666666666666,0.30666666666666664,84,0.8046875,0.8094951923076924,0.004807692307692402
mi,105,version_30,150,0.5,43,ok,58,46,46,0.38666666666666666,0.30666666666666664,84,0.7469951923076924,0.7932692307692307,0.046274038461538325
mi,105,version_30,150,0.5,44,ok,58,46,46,0.38666666666666666,0.30666666666666664,84,0.7890625,0.7914663461538461,0.0024038461538461453
mi,105,version_30,150,0.5,45,ok,58,46,46,0.38666666666666666,0.30666666666666664,84,0.8786057692307692,0.8972355769230769,0.01862980769230771
mi,105,version_30,150,0.5,46,ok,58,46,46,0.38666666666666666,0.30666666666666664,84,0.7223557692307692,0.7439903846153846,0.02163461538461542
mi,105,version_30,150,0.75,,unattainable,,,,,,,,,
mi,105,version_30,150,1.0,,unattainable,,,,,,,,,
mi,105,version_30,200,0.0,,unattainable,,,,,,,,,
mi,105,version_30,200,0.25,,unattainable,,,,,,,,,
mi,105,version_30,200,0.5,,unattainable,,,,,,,,,
mi,105,version_30,200,0.75,,unattainable,,,,,,,,,
mi,105,version_30,200,1.0,,unattainable,,,,,,,,,
mi,105,version_41,50,0.0,42,ok,19,31,0,0.38,0.0,184,0.823632057833728,0.8399601146703228,0.016328056836594884
mi,105,version_41,50,0.0,43,ok,19,31,0,0.38,0.0,184,0.8225102829365575,0.82911629066434,0.006606007727782526
mi,105,version_41,50,0.0,44,ok,19,31,0,0.38,0.0,184,0.8359715817026051,0.7786364202916615,-0.057335161410943636
mi,105,version_41,50,0.0,45,ok,19,31,0,0.38,0.0,184,0.8282437990776518,0.7881091860899913,-0.04013461298766052
mi,105,version_41,50,0.0,46,ok,19,31,0,0.38,0.0,184,0.8281191574224106,0.7610619469026548,-0.06705721051975577
mi,105,version_41,50,0.25,42,ok,19,23,8,0.38,0.16,184,0.8415804561884582,0.8352237317711579,-0.006356724417300286
mi,105,version_41,50,0.25,43,ok,19,23,8,0.38,0.16,184,0.8186463916240808,0.8100461174124393,-0.008600274211641556
mi,105,version_41,50,0.25,44,ok,19,23,8,0.38,0.16,184,0.8439486476380407,0.789230960987162,-0.05471768665087873
mi,105,version_41,50,0.25,45,ok,19,23,8,0.38,0.16,184,0.7987037267854916,0.8288670073538577,0.030163280568366035
mi,105,version_41,50,0.25,46,ok,19,23,8,0.38,0.16,184,0.8430761560513524,0.8164028418297395,-0.026673314221612898
mi,105,version_41,50,0.5,42,ok,19,15,16,0.38,0.32,184,0.7914745107815032,0.7710332793219494,-0.020441231459553788
mi,105,version_41,50,0.5,43,ok,19,15,16,0.38,0.32,184,0.8213885080393868,0.8074286426523745,-0.013959865387012327
mi,105,version_41,50,0.5,44,ok,19,15,16,0.38,0.32,184,0.7970833852673563,0.8228842079022809,0.02580082263492456
mi,105,version_41,50,0.5,45,ok,19,15,16,0.38,0.32,184,0.7992022934064564,0.7820017449831734,-0.017200548423283002
mi,105,version_41,50,0.5,46,ok,19,15,16,0.38,0.32,184,0.7988283684407329,0.779633553533591,-0.01919481490714192
mi,105,version_41,50,0.75,42,ok,19,8,23,0.38,0.46,184,0.7868627695375796,0.7643026299389255,-0.022560139598654105
mi,105,version_41,50,0.75,43,ok,19,8,23,0.38,0.46,184,0.7633054966969961,0.7478499314470896,-0.015455565249906544
mi,105,version_41,50,0.75,44,ok,19,8,23,0.38,0.46,184,0.8208899414184222,0.7929702106443974,-0.027919730774024765
mi,105,version_41,50,0.75,45,ok,19,8,23,0.38,0.46,184,0.789978810918609,0.7881091860899911,-0.0018696248286178552
mi,105,version_41,50,0.75,46,ok,19,8,23,0.38,0.46,184,0.7907266608500562,0.7739000373924966,-0.016826623457559586
mi,105,version_41,50,1.0,42,ok,19,0,31,0.38,0.62,184,0.7691636544933316,0.7586937554530724,-0.01046989904025919
mi,105,version_41,50,1.0,43,ok,19,0,31,0.38,0.62,184,0.7775146453944908,0.757073413934937,-0.020441231459553788
mi,105,version_41,50,1.0,44,ok,19,0,31,0.38,0.62,184,0.7912252274710209,0.7515891811043252,-0.03963604636669571
mi,105,version_41,50,1.0,45,ok,19,0,31,0.38,0.62,184,0.7943412688520504,0.7609373052474137,-0.03340396360463671
mi,105,version_41,50,1.0,46,ok,19,0,31,0.38,0.62,184,0.7775146453944909,0.7965848186463916,0.019070173251900746
mi,105,version_41,100,0.0,42,ok,38,62,0,0.38,0.0,134,0.8630393996247655,0.824812382739212,-0.03822701688555352
mi,105,version_41,100,0.0,43,ok,38,62,0,0.38,0.0,134,0.8731238273921201,0.8180112570356473,-0.05511257035647288
mi,105,version_41,100,0.0,44,ok,38,62,0,0.38,0.0,134,0.8459193245778612,0.7809568480300187,-0.06496247654784248
mi,105,version_41,100,0.0,45,ok,38,62,0,0.38,0.0,134,0.8827392120075047,0.8149624765478424,-0.06777673545966234
mi,105,version_41,100,0.0,46,ok,38,62,0,0.38,0.0,134,0.8613977485928705,0.8431050656660413,-0.018292682926829285
mi,105,version_41,100,0.25,42,ok,38,46,16,0.38,0.16,134,0.8058161350844278,0.8151969981238274,0.009380863039399556
mi,105,version_41,100,0.25,43,ok,38,46,16,0.38,0.16,134,0.8130863039399625,0.7800187617260789,-0.03306754221388364
mi,105,version_41,100,0.25,44,ok,38,46,16,0.38,0.16,134,0.8395872420262664,0.8618667917448405,0.022279549718574043
mi,105,version_41,100,0.25,45,ok,38,46,16,0.38,0.16,134,0.8393527204502814,0.7992495309568481,-0.04010318949343328
mi,105,version_41,100,0.25,46,ok,38,46,16,0.38,0.16,134,0.8452157598499062,0.8189493433395872,-0.026266416510318913
mi,105,version_41,100,0.5,42,ok,38,31,31,0.38,0.31,134,0.8386491557223265,0.8449812382739212,0.0063320825515947865
mi,105,version_41,100,0.5,43,ok,38,31,31,0.38,0.31,134,0.8130863039399625,0.7753283302063789,-0.03775797373358358
mi,105,version_41,100,0.5,44,ok,38,31,31,0.38,0.31,134,0.8409943714821764,0.8503752345215759,0.009380863039399556
mi,105,version_41,100,0.5,45,ok,38,31,31,0.38,0.31,134,0.7957317073170731,0.8170731707317074,0.021341463414634276
mi,105,version_41,100,0.5,46,ok,38,31,31,0.38,0.31,134,0.8048780487804879,0.7922138836772983,-0.012664165103189573
mi,105,version_41,100,0.75,42,ok,38,16,46,0.38,0.46,134,0.7682926829268293,0.7835365853658537,0.015243902439024404
mi,105,version_41,100,0.75,43,ok,38,16,46,0.38,0.46,134,0.7685272045028143,0.7821294559099438,0.013602251407129451
mi,105,version_41,100,0.75,44,ok,38,16,46,0.38,0.46,134,0.7643058161350844,0.7802532833020638,0.015947467166979368
mi,105,version_41,100,0.75,45,ok,38,16,46,0.38,0.46,134,0.7922138836772984,0.7790806754221389,-0.013133208255159512
mi,105,version_41,100,0.75,46,ok,38,16,46,0.38,0.46,134,0.7779080675422139,0.7776735459662288,-0.000234521575985025
mi,105,version_41,100,1.0,,unattainable,,,,,,,,,
mi,105,version_41,150,0.0,,unattainable,,,,,,,,,
mi,105,version_41,150,0.25,42,ok,58,69,23,0.38666666666666666,0.15333333333333332,84,0.8467548076923077,0.8629807692307693,0.016225961538461564
mi,105,version_41,150,0.25,43,ok,58,69,23,0.38666666666666666,0.15333333333333332,84,0.8647836538461539,0.8485576923076924,-0.016225961538461453
mi,105,version_41,150,0.25,44,ok,58,69,23,0.38666666666666666,0.15333333333333332,84,0.8221153846153847,0.8473557692307693,0.02524038461538458
mi,105,version_41,150,0.25,45,ok,58,69,23,0.38666666666666666,0.15333333333333332,84,0.9068509615384616,0.8978365384615384,-0.009014423076923128
mi,105,version_41,150,0.25,46,ok,58,69,23,0.38666666666666666,0.15333333333333332,84,0.9026442307692307,0.8539663461538461,-0.04867788461538458
mi,105,version_41,150,0.5,42,ok,58,46,46,0.38666666666666666,0.30666666666666664,84,0.7650240384615384,0.8155048076923077,0.050480769230769273
mi,105,version_41,150,0.5,43,ok,58,46,46,0.38666666666666666,0.30666666666666664,84,0.7614182692307692,0.7770432692307692,0.015625
mi,105,version_41,150,0.5,44,ok,58,46,46,0.38666666666666666,0.30666666666666664,84,0.7662259615384615,0.7896634615384616,0.02343750000000011
mi,105,version_41,150,0.5,45,ok,58,46,46,0.38666666666666666,0.30666666666666664,84,0.8533653846153846,0.8762019230769231,0.022836538461538547
mi,105,version_41,150,0.5,46,ok,58,46,46,0.38666666666666666,0.30666666666666664,84,0.731971153846154,0.78125,0.049278846153846034
mi,105,version_41,150,0.75,,unattainable,,,,,,,,,
mi,105,version_41,150,1.0,,unattainable,,,,,,,,,
mi,105,version_41,200,0.0,,unattainable,,,,,,,,,
mi,105,version_41,200,0.25,,unattainable,,,,,,,,,
mi,105,version_41,200,0.5,,unattainable,,,,,,,,,
mi,105,version_41,200,0.75,,unattainable,,,,,,,,,
mi,105,version_41,200,1.0,,unattainable,,,,,,,,,
mi,106,version_27,50,0.0,42,ok,19,31,0,0.38,0.0,184,0.8080518509285803,0.8352237317711579,0.0271718808425776
mi,106,version_27,50,0.0,43,ok,19,31,0,0.38,0.0,184,0.8364701483235697,0.8200174498317337,-0.01645269849183595
mi,106,version_27,50,0.0,44,ok,19,31,0,0.38,0.0,184,0.8031908263741742,0.8097968341019569,0.006606007727782748
mi,106,version_27,50,0.0,45,ok,19,31,0,0.38,0.0,184,0.8059329427894802,0.8228842079022809,0.01695126511280065
mi,106,version_27,50,0.0,46,ok,19,31,0,0.38,0.0,184,0.8216377913498691,0.8652623706842827,0.04362457933441355
mi,106,version_27,50,0.25,42,ok,19,23,8,0.38,0.16,184,0.8147825003116042,0.8293655739748224,0.014583073663218205
mi,106,version_27,50,0.25,43,ok,19,23,8,0.38,0.16,184,0.8096721924467156,0.8147825003116042,0.00511030786488853
mi,106,version_27,50,0.25,44,ok,19,23,8,0.38,0.16,184,0.8131621587934688,0.7939673438863267,-0.019194814907142033
mi,106,version_27,50,0.25,45,ok,19,23,8,0.38,0.16,184,0.796834101956874,0.775520378910632,-0.021313723046242017
mi,106,version_27,50,0.25,46,ok,19,23,8,0.38,0.16,184,0.810544684033404,0.8379658481864639,0.02742116415305995
mi,106,version_27,50,0.5,42,ok,19,15,16,0.38,0.32,184,0.814657858656363,0.8006979932693506,-0.013959865387012327
mi,106,version_27,50,0.5,43,ok,19,15,16,0.38,0.32,184,0.8150317836220864,0.8408326062570111,0.02580082263492467
mi,106,version_27,50,0.5,44,ok,19,15,16,0.38,0.32,184,0.8061822260999626,0.8127882338277452,0.006606007727782637
mi,106,version_27,50,0.5,45,ok,19,15,16,0.38,0.32,184,0.8192695999002867,0.8486850305372056,0.02941543063691887
mi,106,version_27,50,0.5,46,ok,19,15,16,0.38,0.32,184,0.8056836594789979,0.829739498940546,0.0240558394615481
mi,106,version_27,50,0.75,42,ok,19,8,23,0.38,0.46,184,0.8054343761685155,0.7972080269225975,-0.00822634924591803
mi,106,version_27,50,0.75,43,ok,19,8,23,0.38,0.46,184,0.8013212015455565,0.7500934812414308,-0.0512277203041257
mi,106,version_27,50,0.75,44,ok,19,8,23,0.38,0.46,184,0.8180231833478748,0.7906020191948149,-0.02742116415305995
mi,106,version_27,50,0.75,45,ok,19,8,23,0.38,0.46,184,0.82911629066434,0.8246291910756575,-0.0044870995886825416
mi,106,version_27,50,0.75,46,ok,19,8,23,0.38,0.46,184,0.8260002492833105,0.8217624330051103,-0.0042378162782001905
mi,106,version_27,50,1.0,42,ok,19,0,31,0.38,0.62,184,0.8237566994889691,0.7616851551788607,-0.06207154431010842
mi,106,version_27,50,1.0,43,ok,19,0,31,0.38,0.62,184,0.8231334912127632,0.791349869126262,-0.031783622086501206
mi,106,version_27,50,1.0,44,ok,19,0,31,0.38,0.62,184,0.8035647513398978,0.7675433129751963,-0.03602143836470151
mi,106,version_27,50,1.0,45,ok,19,0,31,0.38,0.62,184,0.8233827745232457,0.7626822884207902,-0.060700486102455486
mi,106,version_27,50,1.0,46,ok,19,0,31,0.38,0.62,184,0.8350990901159168,0.8096721924467157,-0.025426897669201032
mi,106,version_27,100,0.0,42,ok,38,62,0,0.38,0.0,134,0.8602251407129456,0.8438086303939962,-0.016416510318949418
mi,106,version_27,100,0.0,43,ok,38,62,0,0.38,0.0,134,0.7729831144465291,0.825281425891182,0.05229831144465291
mi,106,version_27,100,0.0,44,ok,38,62,0,0.38,0.0,134,0.8426360225140714,0.8456848030018762,0.0030487804878047697
mi,106,version_27,100,0.0,45,ok,38,62,0,0.38,0.0,134,0.7830675422138836,0.8020637898686679,0.01899624765478425
mi,106,version_27,100,0.0,46,ok,38,62,0,0.38,0.0,134,0.8119136960600375,0.8409943714821764,0.02908067542213888
mi,106,version_27,100,0.25,42,ok,38,46,16,0.38,0.16,134,0.8156660412757973,0.8445121951219512,0.028846153846153855
mi,106,version_27,100,0.25,43,ok,38,46,16,0.38,0.16,134,0.8151969981238274,0.8227016885553471,0.007504690431519689
mi,106,version_27,100,0.25,44,ok,38,46,16,0.38,0.16,134,0.7783771106941839,0.799249530956848,0.020872420262664115
mi,106,version_27,100,0.25,45,ok,38,46,16,0.38,0.16,134,0.774390243902439,0.8271575984990619,0.05276735459662285
mi,106,version_27,100,0.25,46,ok,38,46,16,0.38,0.16,134,0.8154315196998123,0.8348968105065666,0.0194652908067543
mi,106,version_27,100,0.5,42,ok,38,31,31,0.38,0.31,134,0.7990150093808631,0.8421669793621013,0.04315196998123816
mi,106,version_27,100,0.5,43,ok,38,31,31,0.38,0.31,134,0.8116791744840526,0.8515478424015009,0.039868667917448364
mi,106,version_27,100,0.5,44,ok,38,31,31,0.38,0.31,134,0.8428705440900562,0.8292682926829269,-0.01360225140712934
mi,106,version_27,100,0.5,45,ok,38,31,31,0.38,0.31,134,0.8065196998123828,0.8184803001876172,0.011960600375234387
mi,106,version_27,100,0.5,46,ok,38,31,31,0.38,0.31,134,0.7544559099437148,0.7847091932457786,0.030253283302063783
mi,106,version_27,100,0.75,42,ok,38,16,46,0.38,0.46,134,0.8053470919324578,0.7753283302063789,-0.03001876172607887
mi,106,version_27,100,0.75,43,ok,38,16,46,0.38,0.46,134,0.7952626641651033,0.7905722326454033,-0.004690431519699945
mi,106,version_27,100,0.75,44,ok,38,16,46,0.38,0.46,134,0.7643058161350844,0.7847091932457786,0.020403377110694176
mi,106,version_27,100,0.75,45,ok,38,16,46,0.38,0.46,134,0.7985459662288931,0.8034709193245778,0.004924953095684748
mi,106,version_27,100,0.75,46,ok,38,16,46,0.38,0.46,134,0.8025328330206378,0.8224671669793622,0.01993433395872435
mi,106,version_27,100,1.0,,unattainable,,,,,,,,,
mi,106,version_27,150,0.0,,unattainable,,,,,,,,,
mi,106,version_27,150,0.25,42,ok,58,69,23,0.38666666666666666,0.15333333333333332,84,0.7830528846153846,0.8323317307692307,0.049278846153846145
mi,106,version_27,150,0.25,43,ok,58,69,23,0.38666666666666666,0.15333333333333332,84,0.8467548076923077,0.8737980769230769,0.027043269230769162
mi,106,version_27,150,0.25,44,ok,58,69,23,0.38666666666666666,0.15333333333333332,84,0.7740384615384616,0.8575721153846154,0.08353365384615385
mi,106,version_27,150,0.25,45,ok,58,69,23,0.38666666666666666,0.15333333333333332,84,0.8197115384615384,0.8521634615384615,0.03245192307692302
mi,106,version_27,150,0.25,46,ok,58,69,23,0.38666666666666666,0.15333333333333332,84,0.8215144230769231,0.8106971153846154,-0.01081730769230771
mi,106,version_27,150,0.5,42,ok,58,46,46,0.38666666666666666,0.30666666666666664,84,0.8804086538461539,0.8924278846153846,0.012019230769230727
mi,106,version_27,150,0.5,43,ok,58,46,46,0.38666666666666666,0.30666666666666664,84,0.8125,0.8383413461538463,0.025841346153846256
mi,106,version_27,150,0.5,44,ok,58,46,46,0.38666666666666666,0.30666666666666664,84,0.875,0.8269230769230769,-0.04807692307692313
mi,106,version_27,150,0.5,45,ok,58,46,46,0.38666666666666666,0.30666666666666664,84,0.8359375,0.8275240384615384,-0.008413461538461564
mi,106,version_27,150,0.5,46,ok,58,46,46,0.38666666666666666,0.30666666666666664,84,0.7854567307692308,0.7884615384615384,0.0030048076923075984
mi,106,version_27,150,0.75,,unattainable,,,,,,,,,
mi,106,version_27,150,1.0,,unattainable,,,,,,,,,
mi,106,version_27,200,0.0,,unattainable,,,,,,,,,
mi,106,version_27,200,0.25,,unattainable,,,,,,,,,
mi,106,version_27,200,0.5,,unattainable,,,,,,,,,
mi,106,version_27,200,0.75,,unattainable,,,,,,,,,
mi,106,version_27,200,1.0,,unattainable,,,,,,,,,
mi,106,version_28,50,0.0,42,ok,19,31,0,0.38,0.0,184,0.8096721924467156,0.8284930823881341,0.018820889941418506
mi,106,version_28,50,0.0,43,ok,19,31,0,0.38,0.0,184,0.830487348871993,0.8150317836220865,-0.015455565249906544
mi,106,version_28,50,0.0,44,ok,19,31,0,0.38,0.0,184,0.8066807927209273,0.8125389505172629,0.0058581577963355835
mi,106,version_28,50,0.0,45,ok,19,31,0,0.38,0.0,184,0.8014458432007977,0.848311105571482,0.046865262370684335
mi,106,version_28,50,0.0,46,ok,19,31,0,0.38,0.0,184,0.8150317836220865,0.8390876230836346,0.0240558394615481
mi,106,version_28,50,0.25,42,ok,19,23,8,0.38,0.16,184,0.7934687772653621,0.8317337654244048,0.03826498815904267
mi,106,version_28,50,0.25,43,ok,19,23,8,0.38,0.16,184,0.8167767667954631,0.8334787485977814,0.0167019818023183
mi,106,version_28,50,0.25,44,ok,19,23,8,0.38,0.16,184,0.8144085753458806,0.8273713074909634,0.012962732145082811
mi,106,version_28,50,0.25,45,ok,19,23,8,0.38,0.16,184,0.8035647513398978,0.8051850928580332,0.001620341518135393
mi,106,version_28,50,0.25,46,ok,19,23,8,0.38,0.16,184,0.8182724666583572,0.846316839087623,0.02804437242926583
mi,106,version_28,50,0.5,42,ok,19,15,16,0.38,0.32,184,0.822260999626075,0.8094229091362334,-0.012838090489841636
mi,106,version_28,50,0.5,43,ok,19,15,16,0.38,0.32,184,0.8264988159042752,0.8526735635049233,0.026174747600648085
mi,106,version_28,50,0.5,44,ok,19,15,16,0.38,0.32,184,0.8055590178237566,0.809921475757198,0.004362457933441366
mi,106,version_28,50,0.5,45,ok,19,15,16,0.38,0.32,184,0.8109186089991275,0.8676305621338651,0.05671195313473765
mi,106,version_28,50,0.5,46,ok,19,15,16,0.38,0.32,184,0.7979558768540446,0.8301134239062695,0.032157547052224955
mi,106,version_28,50,0.75,42,ok,19,8,23,0.38,0.46,184,0.7955876854044621,0.7942166271968092,-0.001371058207652931
mi,106,version_28,50,0.75,43,ok,19,8,23,0.38,0.46,184,0.8104200423781628,0.734388632681042,-0.07603140969712074
mi,106,version_28,50,0.75,44,ok,19,8,23,0.38,0.46,184,0.8029415430636919,0.77215505421912,-0.030786488844571913
mi,106,version_28,50,0.75,45,ok,19,8,23,0.38,0.46,184,0.8124143088620217,0.7935934189206032,-0.018820889941418506
mi,106,version_28,50,0.75,46,ok,19,8,23,0.38,0.46,184,0.8266234575595164,0.8327308986663342,0.006107441106817824
mi,106,version_28,50,1.0,42,ok,19,0,31,0.38,0.62,184,0.810544684033404,0.7564502056587312,-0.05409447837467274
mi,106,version_28,50,1.0,43,ok,19,0,31,0.38,0.62,184,0.8294902156300635,0.7679172379409198,-0.061572977689143715
mi,106,version_28,50,1.0,44,ok,19,0,31,0.38,0.62,184,0.8055590178237566,0.7707839960114671,-0.03477502181228953
mi,106,version_28,50,1.0,45,ok,19,0,31,0.38,0.62,184,0.8374672815654993,0.7771407204287673,-0.06032656113673207
mi,106,version_28,50,1.0,46,ok,19,0,31,0.38,0.62,184,0.8407079646017699,0.6955004362457934,-0.1452075283559765
mi,106,version_28,100,0.0,42,ok,38,62,0,0.38,0.0,134,0.8414634146341464,0.8431050656660413,0.0016416510318948419
mi,106,version_28,100,0.0,43,ok,38,62,0,0.38,0.0,134,0.7687617260787992,0.8262195121951219,0.057457786116322684
mi,106,version_28,100,0.0,44,ok,38,62,0,0.38,0.0,134,0.8189493433395872,0.8276266416510318,0.008677298311444592
mi,106,version_28,100,0.0,45,ok,38,62,0,0.38,0.0,134,0.7856472795497186,0.8332551594746715,0.04760787992495297
mi,106,version_28,100,0.0,46,ok,38,62,0,0.38,0.0,134,0.8159005628517824,0.8592870544090057,0.043386491557223295
mi,106,version_28,100,0.25,42,ok,38,46,16,0.38,0.16,134,0.8149624765478424,0.8391181988742964,0.02415572232645402
mi,106,version_28,100,0.25,43,ok,38,46,16,0.38,0.16,134,0.8079268292682927,0.8304409005628517,0.022514071294558957
mi,106,version_28,100,0.25,44,ok,38,46,16,0.38,0.16,134,0.7795497185741088,0.8020637898686679,0.022514071294559068
mi,106,version_28,100,0.25,45,ok,38,46,16,0.38,0.16,134,0.7640712945590994,0.7943245778611633,0.030253283302063894
mi,106,version_28,100,0.25,46,ok,38,46,16,0.38,0.16,134,0.8201219512195123,0.8287992495309568,0.008677298311444592
mi,106,version_28,100,0.5,42,ok,38,31,31,0.38,0.31,134,0.825046904315197,0.8285647279549718,0.0035178236397748197
mi,106,version_28,100,0.5,43,ok,38,31,31,0.38,0.31,134,0.8316135084427767,0.8653846153846154,0.03377110694183871
mi,106,version_28,100,0.5,44,ok,38,31,31,0.38,0.31,134,0.8227016885553471,0.8320825515947468,0.009380863039399667
mi,106,version_28,100,0.5,45,ok,38,31,31,0.38,0.31,134,0.799249530956848,0.8020637898686679,0.0028142589118198558
mi,106,version_28,100,0.5,46,ok,38,31,31,0.38,0.31,134,0.7682926829268292,0.773921200750469,0.0056285178236398226
mi,106,version_28,100,0.75,42,ok,38,16,46,0.38,0.46,134,0.7980769230769231,0.7694652908067542,-0.02861163227016894
mi,106,version_28,100,0.75,43,ok,38,16,46,0.38,0.46,134,0.7987804878048781,0.799953095684803,0.001172607879924903
mi,106,version_28,100,0.75,44,ok,38,16,46,0.38,0.46,134,0.7797842401500938,0.7708724202626642,-0.008911819887429617
mi,106,version_28,100,0.75,45,ok,38,16,46,0.38,0.46,134,0.7985459662288931,0.8081613508442776,0.009615384615384581
mi,106,version_28,100,0.75,46,ok,38,16,46,0.38,0.46,134,0.8086303939962477,0.8126172607879925,0.003986866791744759
mi,106,version_28,100,1.0,,unattainable,,,,,,,,,
mi,106,version_28,150,0.0,,unattainable,,,,,,,,,
mi,106,version_28,150,0.25,42,ok,58,69,23,0.38666666666666666,0.15333333333333332,84,0.8094951923076923,0.8425480769230769,0.03305288461538458
mi,106,version_28,150,0.25,43,ok,58,69,23,0.38666666666666666,0.15333333333333332,84,0.8311298076923077,0.8491586538461539,0.018028846153846145
mi,106,version_28,150,0.25,44,ok,58,69,23,0.38666666666666666,0.15333333333333332,84,0.7704326923076923,0.8647836538461539,0.09435096153846156
mi,106,version_28,150,0.25,45,ok,58,69,23,0.38666666666666666,0.15333333333333332,84,0.84375,0.8816105769230769,0.03786057692307687
mi,106,version_28,150,0.25,46,ok,58,69,23,0.38666666666666666,0.15333333333333332,84,0.7974759615384616,0.8064903846153846,0.009014423076923017
mi,106,version_28,150,0.5,42,ok,58,46,46,0.38666666666666666,0.30666666666666664,84,0.8900240384615384,0.8653846153846154,-0.024639423076923017
mi,106,version_28,150,0.5,43,ok,58,46,46,0.38666666666666666,0.30666666666666664,84,0.7770432692307693,0.7932692307692308,0.016225961538461564
mi,106,version_28,150,0.5,44,ok,58,46,46,0.38666666666666666,0.30666666666666664,84,0.8575721153846153,0.8551682692307693,-0.0024038461538460343
mi,106,version_28,150,0.5,45,ok,58,46,46,0.38666666666666666,0.30666666666666664,84,0.858173076923077,0.8383413461538463,-0.019831730769230727
mi,106,version_28,150,0.5,46,ok,58,46,46,0.38666666666666666,0.30666666666666664,84,0.8587740384615384,0.8064903846153846,-0.052283653846153855
mi,106,version_28,150,0.75,,unattainable,,,,,,,,,
mi,106,version_28,150,1.0,,unattainable,,,,,,,,,
mi,106,version_28,200,0.0,,unattainable,,,,,,,,,
mi,106,version_28,200,0.25,,unattainable,,,,,,,,,
mi,106,version_28,200,0.5,,unattainable,,,,,,,,,
mi,106,version_28,200,0.75,,unattainable,,,,,,,,,
mi,106,version_28,200,1.0,,unattainable,,,,,,,,,
mi,106,version_29,50,0.0,42,ok,19,31,0,0.38,0.0,184,0.7902280942290913,0.7939673438863268,0.0037392496572354883
mi,106,version_29,50,0.0,43,ok,19,31,0,0.38,0.0,184,0.8159042752087747,0.8114171756200923,-0.0044870995886824305
mi,106,version_29,50,0.0,44,ok,19,31,0,0.38,0.0,184,0.7999501433379036,0.8130375171382276,0.013087373800323987
mi,106,version_29,50,0.0,45,ok,19,31,0,0.38,0.0,184,0.8141592920353983,0.8210145830736633,0.006855291038264988
mi,106,version_29,50,0.0,46,ok,19,31,0,0.38,0.0,184,0.8175246167269101,0.8352237317711579,0.017699115044247815
mi,106,version_29,50,0.25,42,ok,19,23,8,0.38,0.16,184,0.8005733516141095,0.7994515767169388,-0.001121774897170691
mi,106,version_29,50,0.25,43,ok,19,23,8,0.38,0.16,184,0.814034650380157,0.7980805185092857,-0.015954131870871247
mi,106,version_29,50,0.25,44,ok,19,23,8,0.38,0.16,184,0.8070547176866508,0.8309859154929577,0.023931197806306925
mi,106,version_29,50,0.25,45,ok,19,23,8,0.38,0.16,184,0.7887323943661971,0.7476006481366073,-0.041131746229589816
mi,106,version_29,50,0.25,46,ok,19,23,8,0.38,0.16,184,0.8073040009971332,0.8278698741119281,0.020565873114794964
mi,106,version_29,50,0.5,42,ok,19,15,16,0.38,0.32,184,0.8226349245917985,0.789355602642403,-0.033279321949395535
mi,106,version_29,50,0.5,43,ok,19,15,16,0.38,0.32,184,0.8309859154929577,0.8083011342390627,-0.02268478125389506
mi,106,version_29,50,0.5,44,ok,19,15,16,0.38,0.32,184,0.8134114421039512,0.7972080269225975,-0.01620341518135371
mi,106,version_29,50,0.5,45,ok,19,15,16,0.38,0.32,184,0.831858407079646,0.833229465287299,0.001371058207653042
mi,106,version_29,50,0.5,46,ok,19,15,16,0.38,0.32,184,0.8182724666583572,0.8352237317711579,0.016951265112800762
mi,106,version_29,50,0.75,42,ok,19,8,23,0.38,0.46,184,0.8076779259628568,0.7997008600274211,-0.007977065935435679
mi,106,version_29,50,0.75,43,ok,19,8,23,0.38,0.46,184,0.8049358095475507,0.7462295899289544,-0.058706219618596345
mi,106,version_29,50,0.75,44,ok,19,8,23,0.38,0.46,184,0.811915742241057,0.7914745107815031,-0.0204412314595539
mi,106,version_29,50,0.75,45,ok,19,8,23,0.38,0.46,184,0.8015704848560389,0.8013212015455565,-0.0002492833104823511
mi,106,version_29,50,0.75,46,ok,19,8,23,0.38,0.46,184,0.8059329427894802,0.8157796335535337,0.009846690764053423
mi,106,version_29,50,1.0,42,ok,19,0,31,0.38,0.62,184,0.8156549918982924,0.7682911629066435,-0.047363828991648926
mi,106,version_29,50,1.0,43,ok,19,0,31,0.38,0.62,184,0.8232581328680044,0.7661722547675434,-0.05708587810046106
mi,106,version_29,50,1.0,44,ok,19,0,31,0.38,0.62,184,0.810544684033404,0.7579459055216253,-0.05259877851177863
mi,106,version_29,50,1.0,45,ok,19,0,31,0.38,0.62,184,0.8142839336906394,0.7644272715941668,-0.04985666209647266
mi,106,version_29,50,1.0,46,ok,19,0,31,0.38,0.62,184,0.8342265985292285,0.7382525239935187,-0.09597407453570983
mi,106,version_29,100,0.0,42,ok,38,62,0,0.38,0.0,134,0.8602251407129455,0.8440431519699813,-0.01618198874296428
mi,106,version_29,100,0.0,43,ok,38,62,0,0.38,0.0,134,0.7722795497185742,0.7936210131332082,0.021341463414634054
mi,106,version_29,100,0.0,44,ok,38,62,0,0.38,0.0,134,0.8541275797373358,0.8606941838649156,0.0065666041275798115
mi,106,version_29,100,0.0,45,ok,38,62,0,0.38,0.0,134,0.7931519699812384,0.801594746716698,0.008442776735459567
mi,106,version_29,100,0.0,46,ok,38,62,0,0.38,0.0,134,0.8224671669793622,0.8456848030018762,0.023217636022514032
mi,106,version_29,100,0.25,42,ok,38,46,16,0.38,0.16,134,0.799953095684803,0.8022983114446529,0.002345215759849917
mi,106,version_29,100,0.25,43,ok,38,46,16,0.38,0.16,134,0.8067542213883677,0.8161350844277674,0.009380863039399667
mi,106,version_29,100,0.25,44,ok,38,46,16,0.38,0.16,134,0.7647748592870545,0.7772045028142589,0.012429643527204437
mi,106,version_29,100,0.25,45,ok,38,46,16,0.38,0.16,134,0.7722795497185742,0.8090994371482176,0.03681988742964348
mi,106,version_29,100,0.25,46,ok,38,46,16,0.38,0.16,134,0.7896341463414634,0.7912757973733584,0.0016416510318949529
mi,106,version_29,100,0.5,42,ok,38,31,31,0.38,0.31,134,0.8126172607879925,0.8147279549718575,0.002110694183865003
mi,106,version_29,100,0.5,43,ok,38,31,31,0.38,0.31,134,0.8025328330206379,0.8318480300187617,0.029315196998123794
mi,106,version_29,100,0.5,44,ok,38,31,31,0.38,0.31,134,0.8114446529080676,0.8100375234521576,-0.0014071294559099279
mi,106,version_29,100,0.5,45,ok,38,31,31,0.38,0.31,134,0.8030018761726079,0.8083958724202627,0.005393996247654798
mi,106,version_29,100,0.5,46,ok,38,31,31,0.38,0.31,134,0.7673545966228893,0.7556285178236397,-0.011726078799249584
mi,106,version_29,100,0.75,42,ok,38,16,46,0.38,0.46,134,0.8161350844277673,0.7310037523452158,-0.08513133208255153
mi,106,version_29,100,0.75,43,ok,38,16,46,0.38,0.46,134,0.7969043151969981,0.7605534709193246,-0.036350844277673544
mi,106,version_29,100,0.75,44,ok,38,16,46,0.38,0.46,134,0.800891181988743,0.7729831144465291,-0.027908067542213866
mi,106,version_29,100,0.75,45,ok,38,16,46,0.38,0.46,134,0.7865853658536586,0.7954971857410882,0.008911819887429617
mi,106,version_29,100,0.75,46,ok,38,16,46,0.38,0.46,134,0.8109756097560976,0.7938555347091932,-0.01712007504690438
mi,106,version_29,100,1.0,,unattainable,,,,,,,,,
mi,106,version_29,150,0.0,,unattainable,,,,,,,,,
mi,106,version_29,150,0.25,42,ok,58,69,23,0.38666666666666666,0.15333333333333332,84,0.7938701923076923,0.8197115384615384,0.025841346153846145
mi,106,version_29,150,0.25,43,ok,58,69,23,0.38666666666666666,0.15333333333333332,84,0.8269230769230769,0.8389423076923077,0.012019230769230838
mi,106,version_29,150,0.25,44,ok,58,69,23,0.38666666666666666,0.15333333333333332,84,0.8082932692307692,0.8401442307692307,0.031850961538461564
mi,106,version_29,150,0.25,45,ok,58,69,23,0.38666666666666666,0.15333333333333332,84,0.8191105769230769,0.8725961538461539,0.05348557692307698
mi,106,version_29,150,0.25,46,ok,58,69,23,0.38666666666666666,0.15333333333333332,84,0.8155048076923077,0.7938701923076923,-0.02163461538461542
mi,106,version_29,150,0.5,42,ok,58,46,46,0.38666666666666666,0.30666666666666664,84,0.8383413461538461,0.8299278846153846,-0.008413461538461564
mi,106,version_29,150,0.5,43,ok,58,46,46,0.38666666666666666,0.30666666666666664,84,0.7950721153846154,0.7938701923076923,-0.0012019230769231282
mi,106,version_29,150,0.5,44,ok,58,46,46,0.38666666666666666,0.30666666666666664,84,0.852764423076923,0.8010817307692307,-0.05168269230769229
mi,106,version_29,150,0.5,45,ok,58,46,46,0.38666666666666666,0.30666666666666664,84,0.8227163461538461,0.7974759615384616,-0.02524038461538458
mi,106,version_29,150,0.5,46,ok,58,46,46,0.38666666666666666,0.30666666666666664,84,0.8046875,0.7668269230769231,-0.03786057692307687
mi,106,version_29,150,0.75,,unattainable,,,,,,,,,
mi,106,version_29,150,1.0,,unattainable,,,,,,,,,
mi,106,version_29,200,0.0,,unattainable,,,,,,,,,
mi,106,version_29,200,0.25,,unattainable,,,,,,,,,
mi,106,version_29,200,0.5,,unattainable,,,,,,,,,
mi,106,version_29,200,0.75,,unattainable,,,,,,,,,
mi,106,version_29,200,1.0,,unattainable,,,,,,,,,
mi,106,version_30,50,0.0,42,ok,19,31,0,0.38,0.0,184,0.7876106194690266,0.8156549918982925,0.02804437242926594
mi,106,version_30,50,0.0,43,ok,19,31,0,0.38,0.0,184,0.7949644771282562,0.7757696622211142,-0.019194814907142033
mi,106,version_30,50,0.0,44,ok,19,31,0,0.38,0.0,184,0.7750218122896672,0.7825003116041381,0.007478499314470977
mi,106,version_30,50,0.0,45,ok,19,31,0,0.38,0.0,184,0.7878599027795089,0.8101707590676804,0.022310856288171532
mi,106,version_30,50,0.0,46,ok,19,31,0,0.38,0.0,184,0.8018197681665212,0.8159042752087748,0.014084507042253613
mi,106,version_30,50,0.25,42,ok,19,23,8,0.38,0.16,184,0.7882338277452324,0.8035024305122772,0.015268602767044781
mi,106,version_30,50,0.25,43,ok,19,23,8,0.38,0.16,184,0.7923470023681916,0.7953384020939799,0.002991399725788324
mi,106,version_30,50,0.25,44,ok,19,23,8,0.38,0.16,184,0.7884831110557148,0.8106693256886451,0.022186214632930357
mi,106,version_30,50,0.25,45,ok,19,23,8,0.38,0.16,184,0.7771407204287674,0.7326436495076655,-0.04449707092110189
mi,106,version_30,50,0.25,46,ok,19,23,8,0.38,0.16,184,0.7873613361585442,0.826374174249034,0.03901283809048983
mi,106,version_30,50,0.5,42,ok,19,15,16,0.38,0.32,184,0.8183971083135984,0.7520877477252897,-0.06630936058830861
mi,106,version_30,50,0.5,43,ok,19,15,16,0.38,0.32,184,0.8033154680294154,0.8216377913498691,0.018322323320453693
mi,106,version_30,50,0.5,44,ok,19,15,16,0.38,0.32,184,0.7782624953259379,0.7872366945033029,0.008974199177364972
mi,106,version_30,50,0.5,45,ok,19,15,16,0.38,0.32,184,0.8097968341019569,0.8389629814283934,0.02916614732643652
mi,106,version_30,50,0.5,46,ok,19,15,16,0.38,0.32,184,0.7993269350616976,0.8013212015455565,0.0019942664838589197
mi,106,version_30,50,0.75,42,ok,19,8,23,0.38,0.46,184,0.7967094603016328,0.7736507540820142,-0.023058706219618585
mi,106,version_30,50,0.75,43,ok,19,8,23,0.38,0.46,184,0.7737753957372554,0.7436121151688895,-0.030163280568365924
mi,106,version_30,50,0.75,44,ok,19,8,23,0.38,0.46,184,0.7950891187834975,0.7633054966969961,-0.03178362208650143
mi,106,version_30,50,0.75,45,ok,19,8,23,0.38,0.46,184,0.7917237940919856,0.7869874111928206,-0.004736382899165004
mi,106,version_30,50,0.75,46,ok,19,8,23,0.38,0.46,184,0.8020690514770036,0.7933441356101208,-0.008724915866882732
mi,106,version_30,50,1.0,42,ok,19,0,31,0.38,0.62,184,0.7841206531222735,0.7575719805559018,-0.026548672566371723
mi,106,version_30,50,1.0,43,ok,19,0,31,0.38,0.62,184,0.7987037267854917,0.8046865262370684,0.005982799451576648
mi,106,version_30,50,1.0,44,ok,19,0,31,0.38,0.62,184,0.8035647513398978,0.7463542315841954,-0.05721051975570235
mi,106,version_30,50,1.0,45,ok,19,0,31,0.38,0.62,184,0.810544684033404,0.771407204287673,-0.03913747974573101
mi,106,version_30,50,1.0,46,ok,19,0,31,0.38,0.62,184,0.8144085753458805,0.7318957995762183,-0.0825127757696622
mi,106,version_30,100,0.0,42,ok,38,62,0,0.38,0.0,134,0.8149624765478424,0.8395872420262664,0.02462476547842407
mi,106,version_30,100,0.0,43,ok,38,62,0,0.38,0.0,134,0.7345215759849906,0.7816604127579738,0.04713883677298325
mi,106,version_30,100,0.0,44,ok,38,62,0,0.38,0.0,134,0.7987804878048781,0.8227016885553471,0.023921200750468996
mi,106,version_30,100,0.0,45,ok,38,62,0,0.38,0.0,134,0.7603189493433395,0.7779080675422139,0.01758911819887432
mi,106,version_30,100,0.0,46,ok,38,62,0,0.38,0.0,134,0.8022983114446529,0.8351313320825515,0.03283302063789861
mi,106,version_30,100,0.25,42,ok,38,46,16,0.38,0.16,134,0.7933864915572233,0.8083958724202627,0.015009380863039379
mi,106,version_30,100,0.25,43,ok,38,46,16,0.38,0.16,134,0.775797373358349,0.8325515947467168,0.05675422138836783
mi,106,version_30,100,0.25,44,ok,38,46,16,0.38,0.16,134,0.7368667917448405,0.776266416510319,0.039399624765478536
mi,106,version_30,100,0.25,45,ok,38,46,16,0.38,0.16,134,0.7439024390243902,0.7865853658536586,0.04268292682926833
mi,106,version_30,100,0.25,46,ok,38,46,16,0.38,0.16,134,0.7891651031894934,0.8037054409005628,0.01454033771106944
mi,106,version_30,100,0.5,42,ok,38,31,31,0.38,0.31,134,0.7851782363977485,0.8177767354596623,0.03259849906191381
mi,106,version_30,100,0.5,43,ok,38,31,31,0.38,0.31,134,0.8076923076923077,0.8553001876172608,0.04760787992495308
mi,106,version_30,100,0.5,44,ok,38,31,31,0.38,0.31,134,0.8032363977485929,0.8083958724202627,0.005159474671669773
mi,106,version_30,100,0.5,45,ok,38,31,31,0.38,0.31,134,0.7640712945590994,0.7933864915572233,0.029315196998123905
mi,106,version_30,100,0.5,46,ok,38,31,31,0.38,0.31,134,0.7258442776735459,0.7624296435272044,0.03658536585365857
mi,106,version_30,100,0.75,42,ok,38,16,46,0.38,0.46,134,0.7809568480300187,0.7633677298311444,-0.01758911819887432
mi,106,version_30,100,0.75,43,ok,38,16,46,0.38,0.46,134,0.7861163227016885,0.7528142589118199,-0.03330206378986866
mi,106,version_30,100,0.75,44,ok,38,16,46,0.38,0.46,134,0.7553939962476548,0.7715759849906192,0.016181988742964393
mi,106,version_30,100,0.75,45,ok,38,16,46,0.38,0.46,134,0.7929174484052531,0.7868198874296436,-0.0060975609756095395
mi,106,version_30,100,0.75,46,ok,38,16,46,0.38,0.46,134,0.8112101313320826,0.8140243902439024,0.0028142589118197447
mi,106,version_30,100,1.0,,unattainable,,,,,,,,,
mi,106,version_30,150,0.0,,unattainable,,,,,,,,,
mi,106,version_30,150,0.25,42,ok,58,69,23,0.38666666666666666,0.15333333333333332,84,0.7818509615384615,0.8052884615384616,0.02343750000000011
mi,106,version_30,150,0.25,43,ok,58,69,23,0.38666666666666666,0.15333333333333332,84,0.796875,0.8257211538461539,0.028846153846153855
mi,106,version_30,150,0.25,44,ok,58,69,23,0.38666666666666666,0.15333333333333332,84,0.7758413461538463,0.828125,0.052283653846153744
mi,106,version_30,150,0.25,45,ok,58,69,23,0.38666666666666666,0.15333333333333332,84,0.7920673076923077,0.8641826923076923,0.07211538461538458
mi,106,version_30,150,0.25,46,ok,58,69,23,0.38666666666666666,0.15333333333333332,84,0.7728365384615384,0.7716346153846154,-0.0012019230769230171
mi,106,version_30,150,0.5,42,ok,58,46,46,0.38666666666666666,0.30666666666666664,84,0.8768028846153846,0.8485576923076923,-0.02824519230769229
mi,106,version_30,150,0.5,43,ok,58,46,46,0.38666666666666666,0.30666666666666664,84,0.7722355769230769,0.7962740384615384,0.024038461538461564
mi,106,version_30,150,0.5,44,ok,58,46,46,0.38666666666666666,0.30666666666666664,84,0.8611778846153846,0.8371394230769231,-0.024038461538461453
mi,106,version_30,150,0.5,45,ok,58,46,46,0.38666666666666666,0.30666666666666664,84,0.7926682692307692,0.7746394230769231,-0.018028846153846034
mi,106,version_30,150,0.5,46,ok,58,46,46,0.38666666666666666,0.30666666666666664,84,0.78125,0.7878605769230769,0.006610576923076872
mi,106,version_30,150,0.75,,unattainable,,,,,,,,,
mi,106,version_30,150,1.0,,unattainable,,,,,,,,,
mi,106,version_30,200,0.0,,unattainable,,,,,,,,,
mi,106,version_30,200,0.25,,unattainable,,,,,,,,,
mi,106,version_30,200,0.5,,unattainable,,,,,,,,,
mi,106,version_30,200,0.75,,unattainable,,,,,,,,,
mi,106,version_30,200,1.0,,unattainable,,,,,,,,,
mi,106,version_41,50,0.0,42,ok,19,31,0,0.38,0.0,184,0.8079272092733392,0.8506792970210644,0.04275208774772521
mi,106,version_41,50,0.0,43,ok,19,31,0,0.38,0.0,184,0.8090489841705099,0.8566620964726411,0.04761311230213128
mi,106,version_41,50,0.0,44,ok,19,31,0,0.38,0.0,184,0.7859902779508912,0.8282437990776518,0.04225352112676062
mi,106,version_41,50,0.0,45,ok,19,31,0,0.38,0.0,184,0.7810046117412439,0.8501807304000997,0.06917611865885576
mi,106,version_41,50,0.0,46,ok,19,31,0,0.38,0.0,184,0.8063068677552038,0.8637666708213885,0.0574598030661847
mi,106,version_41,50,0.25,42,ok,19,23,8,0.38,0.16,184,0.794091985541568,0.8542939050230587,0.06020191948149067
mi,106,version_41,50,0.25,43,ok,19,23,8,0.38,0.16,184,0.7989530100959741,0.8368440732892933,0.03789106319331925
mi,106,version_41,50,0.25,44,ok,19,23,8,0.38,0.16,184,0.7822510282936558,0.8546678299887822,0.07241680169512643
mi,106,version_41,50,0.25,45,ok,19,23,8,0.38,0.16,184,0.7763928704973202,0.8014458432007977,0.025052972703477505
mi,106,version_41,50,0.25,46,ok,19,23,8,0.38,0.16,184,0.7925962856786738,0.8657609373052475,0.0731646516265737
mi,106,version_41,50,0.5,42,ok,19,15,16,0.38,0.32,184,0.7972080269225975,0.82911629066434,0.03190826374174249
mi,106,version_41,50,0.5,43,ok,19,15,16,0.38,0.32,184,0.800199426648386,0.8544185466782999,0.054219120029913914
mi,106,version_41,50,0.5,44,ok,19,15,16,0.38,0.32,184,0.808550417549545,0.8485603888819643,0.040009971332419236
mi,106,version_41,50,0.5,45,ok,19,15,16,0.38,0.32,184,0.800324068303627,0.850430013710582,0.05010594540695501
mi,106,version_41,50,0.5,46,ok,19,15,16,0.38,0.32,184,0.7768914371182849,0.8024429764427271,0.025551539324442207
mi,106,version_41,50,0.75,42,ok,19,8,23,0.38,0.46,184,0.7878599027795089,0.7960862520254268,0.008226349245917919
mi,106,version_41,50,0.75,43,ok,19,8,23,0.38,0.46,184,0.7849931447089619,0.7833728031908264,-0.001620341518135504
mi,106,version_41,50,0.75,44,ok,19,8,23,0.38,0.46,184,0.787236694503303,0.8150317836220865,0.027795089118783478
mi,106,version_41,50,0.75,45,ok,19,8,23,0.38,0.46,184,0.8004487099588684,0.794091985541568,-0.006356724417300397
mi,106,version_41,50,0.75,46,ok,19,8,23,0.38,0.46,184,0.8127882338277452,0.8369687149445345,0.024180481116789276
mi,106,version_41,50,1.0,42,ok,19,0,31,0.38,0.62,184,0.8099214757571981,0.7854917113299265,-0.024429764427271627
mi,106,version_41,50,1.0,43,ok,19,0,31,0.38,0.62,184,0.8051850928580331,0.8129128754829864,0.007727782624953328
mi,106,version_41,50,1.0,44,ok,19,0,31,0.38,0.62,184,0.7903527358843325,0.7929702106443974,0.0026174747600649084
mi,106,version_41,50,1.0,45,ok,19,0,31,0.38,0.62,184,0.8055590178237567,0.8014458432007977,-0.004113174622959015
mi,106,version_41,50,1.0,46,ok,19,0,31,0.38,0.62,184,0.8160289168640159,0.7877352611242677,-0.02829365573974818
mi,106,version_41,100,0.0,42,ok,38,62,0,0.38,0.0,134,0.8295028142589118,0.8574108818011258,0.027908067542213977
mi,106,version_41,100,0.0,43,ok,38,62,0,0.38,0.0,134,0.748827392120075,0.8304409005628518,0.08161350844277682
mi,106,version_41,100,0.0,44,ok,38,62,0,0.38,0.0,134,0.8295028142589118,0.8876641651031895,0.05816135084427765
mi,106,version_41,100,0.0,45,ok,38,62,0,0.38,0.0,134,0.7652439024390244,0.8358348968105065,0.07059099437148209
mi,106,version_41,100,0.0,46,ok,38,62,0,0.38,0.0,134,0.7943245778611632,0.8698405253283302,0.07551594746716705
mi,106,version_41,100,0.25,42,ok,38,46,16,0.38,0.16,134,0.7976078799249531,0.851782363977486,0.05417448405253289
mi,106,version_41,100,0.25,43,ok,38,46,16,0.38,0.16,134,0.8022983114446529,0.8414634146341464,0.03916510318949351
mi,106,version_41,100,0.25,44,ok,38,46,16,0.38,0.16,134,0.7528142589118199,0.7994840525328331,0.0466697936210132
mi,106,version_41,100,0.25,45,ok,38,46,16,0.38,0.16,134,0.752110694183865,0.8341932457786116,0.08208255159474664
mi,106,version_41,100,0.25,46,ok,38,46,16,0.38,0.16,134,0.8058161350844278,0.8262195121951219,0.020403377110694065
mi,106,version_41,100,0.5,42,ok,38,31,31,0.38,0.31,134,0.7830675422138837,0.8370075046904315,0.053939962476547754
mi,106,version_41,100,0.5,43,ok,38,31,31,0.38,0.31,134,0.8100375234521576,0.874765478424015,0.06472795497185735
mi,106,version_41,100,0.5,44,ok,38,31,31,0.38,0.31,134,0.7978424015009381,0.825046904315197,0.027204502814258902
mi,106,version_41,100,0.5,45,ok,38,31,31,0.38,0.31,134,0.7825984990619137,0.7905722326454034,0.00797373358348974
mi,106,version_41,100,0.5,46,ok,38,31,31,0.38,0.31,134,0.7431988742964353,0.8051125703564728,0.06191369606003749
mi,106,version_41,100,0.75,42,ok,38,16,46,0.38,0.46,134,0.8030018761726079,0.775093808630394,-0.027908067542213866
mi,106,version_41,100,0.75,43,ok,38,16,46,0.38,0.46,134,0.7908067542213884,0.7856472795497187,-0.0051594746716696616
mi,106,version_41,100,0.75,44,ok,38,16,46,0.38,0.46,134,0.7619606003752346,0.8095684803001876,0.04760787992495297
mi,106,version_41,100,0.75,45,ok,38,16,46,0.38,0.46,134,0.7893996247654784,0.8166041275797373,0.027204502814258902
mi,106,version_41,100,0.75,46,ok,38,16,46,0.38,0.46,134,0.8030018761726078,0.8330206378986867,0.03001876172607898
mi,106,version_41,100,1.0,,unattainable,,,,,,,,,
mi,106,version_41,150,0.0,,unattainable,,,,,,,,,
mi,106,version_41,150,0.25,42,ok,58,69,23,0.38666666666666666,0.15333333333333332,84,0.774639423076923,0.8239182692307692,0.049278846153846145
mi,106,version_41,150,0.25,43,ok,58,69,23,0.38666666666666666,0.15333333333333332,84,0.8191105769230769,0.8996394230769231,0.08052884615384626
mi,106,version_41,150,0.25,44,ok,58,69,23,0.38666666666666666,0.15333333333333332,84,0.7794471153846153,0.8707932692307692,0.09134615384615385
mi,106,version_41,150,0.25,45,ok,58,69,23,0.38666666666666666,0.15333333333333332,84,0.7764423076923077,0.8677884615384615,0.09134615384615374
mi,106,version_41,150,0.25,46,ok,58,69,23,0.38666666666666666,0.15333333333333332,84,0.8010817307692308,0.8323317307692307,0.03124999999999989
mi,106,version_41,150,0.5,42,ok,58,46,46,0.38666666666666666,0.30666666666666664,84,0.8756009615384616,0.8870192307692308,0.011418269230769273
mi,106,version_41,150,0.5,43,ok,58,46,46,0.38666666666666666,0.30666666666666664,84,0.7722355769230769,0.8419471153846154,0.06971153846153855
mi,106,version_41,150,0.5,44,ok,58,46,46,0.38666666666666666,0.30666666666666664,84,0.8611778846153847,0.8467548076923077,-0.014423076923076983
mi,106,version_41,150,0.5,45,ok,58,46,46,0.38666666666666666,0.30666666666666664,84,0.84375,0.8731971153846154,0.02944711538461542
mi,106,version_41,150,0.5,46,ok,58,46,46,0.38666666666666666,0.30666666666666664,84,0.7704326923076923,0.8076923076923077,0.03725961538461542
mi,106,version_41,150,0.75,,unattainable,,,,,,,,,
mi,106,version_41,150,1.0,,unattainable,,,,,,,,,
mi,106,version_41,200,0.0,,unattainable,,,,,,,,,
mi,106,version_41,200,0.25,,unattainable,,,,,,,,,
mi,106,version_41,200,0.5,,unattainable,,,,,,,,,
mi,106,version_41,200,0.75,,unattainable,,,,,,,,,
mi,106,version_41,200,1.0,,unattainable,,,,,,,,,
mi,107,version_27,50,0.0,42,ok,19,31,0,0.38,0.0,184,0.6850305372055341,0.5894303876355478,-0.0956001495699863
mi,107,version_27,50,0.0,43,ok,19,31,0,0.38,0.0,184,0.6660850056088745,0.6441480742864265,-0.021936931322448006
mi,107,version_27,50,0.0,44,ok,19,31,0,0.38,0.0,184,0.7013585940421289,0.5450579583696872,-0.15630063567244168
mi,107,version_27,50,0.0,45,ok,19,31,0,0.38,0.0,184,0.6881465785865636,0.5706094976941295,-0.11753708089243409
mi,107,version_27,50,0.0,46,ok,19,31,0,0.38,0.0,184,0.6627196809173626,0.6677053471270099,0.004985666209647355
mi,107,version_27,50,0.25,42,ok,19,23,8,0.38,0.16,184,0.666458930574598,0.5795836968714944,-0.08687523370310368
mi,107,version_27,50,0.25,43,ok,19,23,8,0.38,0.16,184,0.6758070547176867,0.6510033653246915,-0.024803689392995154
mi,107,version_27,50,0.25,44,ok,19,23,8,0.38,0.16,184,0.6765549046491337,0.5565249906518759,-0.12002991399725782
mi,107,version_27,50,0.25,45,ok,19,23,8,0.38,0.16,184,0.703477502181229,0.5713573476255764,-0.1321201545556525
mi,107,version_27,50,0.25,46,ok,19,23,8,0.38,0.16,184,0.7024803689392995,0.5792097719057709,-0.1232705970335286
mi,107,version_27,50,0.5,42,ok,19,15,16,0.38,0.32,184,0.6672067805060451,0.6462669824255266,-0.02093979808051849
mi,107,version_27,50,0.5,43,ok,19,15,16,0.38,0.32,184,0.6397856163529851,0.6175994017200549,-0.022186214632930246
mi,107,version_27,50,0.5,44,ok,19,15,16,0.38,0.32,184,0.6564875981553036,0.6522497818771034,-0.0042378162782001905
mi,107,version_27,50,0.5,45,ok,19,15,16,0.38,0.32,184,0.6797955876854045,0.6512526486351738,-0.028542939050230642
mi,107,version_27,50,0.5,46,ok,19,15,16,0.38,0.32,184,0.6812912875482986,0.5625077901034525,-0.11878349744484606
mi,107,version_27,50,0.75,42,ok,19,8,23,0.38,0.46,184,0.6515019319456563,0.608126635921725,-0.04337529602393131
mi,107,version_27,50,0.75,43,ok,19,8,23,0.38,0.46,184,0.6345506668328555,0.5989031534338776,-0.03564751339897798
mi,107,version_27,50,0.75,44,ok,19,8,23,0.38,0.46,184,0.6343013835223732,0.596410320329054,-0.03789106319331925
mi,107,version_27,50,0.75,45,ok,19,8,23,0.38,0.46,184,0.6209647264115667,0.588183971083136,-0.03278075532843072
mi,107,version_27,50,0.75,46,ok,19,8,23,0.38,0.46,184,0.6587311479496447,0.6377913498691263,-0.02093979808051838
mi,107,version_27,50,1.0,42,ok,19,0,31,0.38,0.62,184,0.6222111429639785,0.55590178237567,-0.0663093605883085
mi,107,version_27,50,1.0,43,ok,19,0,31,0.38,0.62,184,0.645145207528356,0.6610993393992273,0.015954131870871247
mi,107,version_27,50,1.0,44,ok,19,0,31,0.38,0.62,184,0.6564875981553036,0.5851925713573477,-0.07129502679795585
mi,107,version_27,50,1.0,45,ok,19,0,31,0.38,0.62,184,0.6257011093107316,0.5530350243051227,-0.0726660850056089
mi,107,version_27,50,1.0,46,ok,19,0,31,0.38,0.62,184,0.6515019319456563,0.5873114794964477,-0.06419045244920862
mi,107,version_27,100,0.0,42,ok,38,62,0,0.38,0.0,134,0.6939493433395871,0.6207786116322701,-0.07317073170731703
mi,107,version_27,100,0.0,43,ok,38,62,0,0.38,0.0,134,0.7563320825515948,0.5128986866791745,-0.2434333958724203
mi,107,version_27,100,0.0,44,ok,38,62,0,0.38,0.0,134,0.7476547842401501,0.551125703564728,-0.19652908067542207
mi,107,version_27,100,0.0,45,ok,38,62,0,0.38,0.0,134,0.751641651031895,0.5565196998123828,-0.19512195121951215
mi,107,version_27,100,0.0,46,ok,38,62,0,0.38,0.0,134,0.7460131332082551,0.5595684803001877,-0.18644465290806744
mi,107,version_27,100,0.25,42,ok,38,46,16,0.38,0.16,134,0.7326454033771107,0.6200750469043153,-0.11257035647279545
mi,107,version_27,100,0.25,43,ok,38,46,16,0.38,0.16,134,0.7349906191369606,0.6625234521575984,-0.07246716697936217
mi,107,version_27,100,0.25,44,ok,38,46,16,0.38,0.16,134,0.7598499061913696,0.6575984990619137,-0.1022514071294559
mi,107,version_27,100,0.25,45,ok,38,46,16,0.38,0.16,134,0.7148217636022515,0.6798780487804879,-0.034943714821763616
mi,107,version_27,100,0.25,46,ok,38,46,16,0.38,0.16,134,0.6833958724202627,0.6728424015009381,-0.01055347091932457
mi,107,version_27,100,0.5,42,ok,38,31,31,0.38,0.31,134,0.6336772983114447,0.6271106941838649,-0.0065666041275798115
mi,107,version_27,100,0.5,43,ok,38,31,31,0.38,0.31,134,0.6266416510318948,0.6446998123827392,0.01805816135084437
mi,107,version_27,100,0.5,44,ok,38,31,31,0.38,0.31,134,0.6641651031894934,0.5919324577861163,-0.07223264540337715
mi,107,version_27,100,0.5,45,ok,38,31,31,0.38,0.31,134,0.6327392120075047,0.5710600375234522,-0.06167917448405247
mi,107,version_27,100,0.5,46,ok,38,31,31,0.38,0.31,134,0.6543151969981238,0.625,-0.029315196998123794
mi,107,version_27,100,0.75,42,ok,38,16,46,0.38,0.46,134,0.625,0.599671669793621,-0.025328330206379035
mi,107,version_27,100,0.75,43,ok,38,16,46,0.38,0.46,134,0.6057692307692308,0.549015009380863,-0.05675422138836783
mi,107,version_27,100,0.75,44,ok,38,16,46,0.38,0.46,134,0.6207786116322702,0.5830206378986866,-0.03775797373358358
mi,107,version_27,100,0.75,45,ok,38,16,46,0.38,0.46,134,0.6315666041275797,0.5182926829268293,-0.11327392120075042
mi,107,version_27,100,0.75,46,ok,38,16,46,0.38,0.46,134,0.6095215759849906,0.6306285178236397,0.02110694183864914
mi,107,version_27,100,1.0,,unattainable,,,,,,,,,
mi,107,version_27,150,0.0,,unattainable,,,,,,,,,
mi,107,version_27,150,0.25,42,ok,58,69,23,0.38666666666666666,0.15333333333333332,84,0.7373798076923077,0.6784855769230769,-0.05889423076923084
mi,107,version_27,150,0.25,43,ok,58,69,23,0.38666666666666666,0.15333333333333332,84,0.7872596153846154,0.6592548076923077,-0.1280048076923077
mi,107,version_27,150,0.25,44,ok,58,69,23,0.38666666666666666,0.15333333333333332,84,0.7151442307692308,0.7524038461538461,0.03725961538461531
mi,107,version_27,150,0.25,45,ok,58,69,23,0.38666666666666666,0.15333333333333332,84,0.7355769230769231,0.6844951923076923,-0.05108173076923084
mi,107,version_27,150,0.25,46,ok,58,69,23,0.38666666666666666,0.15333333333333332,84,0.6544471153846154,0.6772836538461539,0.022836538461538436
mi,107,version_27,150,0.5,42,ok,58,46,46,0.38666666666666666,0.30666666666666664,84,0.6496394230769231,0.6201923076923077,-0.02944711538461542
mi,107,version_27,150,0.5,43,ok,58,46,46,0.38666666666666666,0.30666666666666664,84,0.6742788461538461,0.6556490384615385,-0.0186298076923076
mi,107,version_27,150,0.5,44,ok,58,46,46,0.38666666666666666,0.30666666666666664,84,0.6358173076923077,0.6622596153846153,0.0264423076923076
mi,107,version_27,150,0.5,45,ok,58,46,46,0.38666666666666666,0.30666666666666664,84,0.6514423076923077,0.6346153846153846,-0.016826923076923128
mi,107,version_27,150,0.5,46,ok,58,46,46,0.38666666666666666,0.30666666666666664,84,0.5594951923076923,0.6123798076923077,0.05288461538461542
mi,107,version_27,150,0.75,,unattainable,,,,,,,,,
mi,107,version_27,150,1.0,,unattainable,,,,,,,,,
mi,107,version_27,200,0.0,,unattainable,,,,,,,,,
mi,107,version_27,200,0.25,,unattainable,,,,,,,,,
mi,107,version_27,200,0.5,,unattainable,,,,,,,,,
mi,107,version_27,200,0.75,,unattainable,,,,,,,,,
mi,107,version_27,200,1.0,,unattainable,,,,,,,,,
mi,107,version_28,50,0.0,42,ok,19,31,0,0.38,0.0,184,0.6664589305745982,0.6510033653246915,-0.015455565249906655
mi,107,version_28,50,0.0,43,ok,19,31,0,0.38,0.0,184,0.6764302629938926,0.672566371681416,-0.003863891312476664
mi,107,version_28,50,0.0,44,ok,19,31,0,0.38,0.0,184,0.6758070547176868,0.6066309360588309,-0.06917611865885587
mi,107,version_28,50,0.0,45,ok,19,31,0,0.38,0.0,184,0.6673314221612863,0.6038888196435249,-0.06344260251776135
mi,107,version_28,50,0.0,46,ok,19,31,0,0.38,0.0,184,0.6529976318085504,0.6440234326311853,-0.008974199177365083
mi,107,version_28,50,0.25,42,ok,19,23,8,0.38,0.16,184,0.6420291661473265,0.6528729901533091,0.010843824005982605
mi,107,version_28,50,0.25,43,ok,19,23,8,0.38,0.16,184,0.6655864389879098,0.6667082138850804,0.0011217748971705799
mi,107,version_28,50,0.25,44,ok,19,23,8,0.38,0.16,184,0.6779259628567867,0.6028916864015954,-0.07503427645519134
mi,107,version_28,50,0.25,45,ok,19,23,8,0.38,0.16,184,0.676056338028169,0.6325564003489966,-0.043499937679172374
mi,107,version_28,50,0.25,46,ok,19,23,8,0.38,0.16,184,0.6805434376168517,0.6516265736008974,-0.02891686401595428
mi,107,version_28,50,0.5,42,ok,19,15,16,0.38,0.32,184,0.6744359965100336,0.6634675308488096,-0.010968465661224003
mi,107,version_28,50,0.5,43,ok,19,15,16,0.38,0.32,184,0.6350492334538202,0.6695749719556275,0.03452573850180729
mi,107,version_28,50,0.5,44,ok,19,15,16,0.38,0.32,184,0.6576093730524741,0.6594789978810919,0.0018696248286177441
mi,107,version_28,50,0.5,45,ok,19,15,16,0.38,0.32,184,0.6610993393992272,0.689766920104699,0.028667580705471818
mi,107,version_28,50,0.5,46,ok,19,15,16,0.38,0.32,184,0.6648385890564626,0.6518758569113797,-0.012962732145082922
mi,107,version_28,50,0.75,42,ok,19,8,23,0.38,0.46,184,0.6426523744235323,0.617724043375296,-0.02492833104823633
mi,107,version_28,50,0.75,43,ok,19,8,23,0.38,0.46,184,0.6397856163529851,0.6406581079396734,0.0008724915866882288
mi,107,version_28,50,0.75,44,ok,19,8,23,0.38,0.46,184,0.6359217250405086,0.5992770783996012,-0.036644646640907386
mi,107,version_28,50,0.75,45,ok,19,8,23,0.38,0.46,184,0.6233329178611492,0.64240309111305,0.019070173251900857
mi,107,version_28,50,0.75,46,ok,19,8,23,0.38,0.46,184,0.6513772902904151,0.6719431634052101,0.020565873114794964
mi,107,version_28,50,1.0,42,ok,19,0,31,0.38,0.62,184,0.6338028169014084,0.5585192571357347,-0.07528355976567369
mi,107,version_28,50,1.0,43,ok,19,0,31,0.38,0.62,184,0.6483858905646267,0.680169512651128,0.03178362208650132
mi,107,version_28,50,1.0,44,ok,19,0,31,0.38,0.62,184,0.6569861647762683,0.6318085504175495,-0.02517761435871879
mi,107,version_28,50,1.0,45,ok,19,0,31,0.38,0.62,184,0.6254518260002493,0.570360214383647,-0.055091611616602254
mi,107,version_28,50,1.0,46,ok,19,0,31,0.38,0.62,184,0.6528729901533092,0.6352985167643026,-0.01757447338900664
mi,107,version_28,100,0.0,42,ok,38,62,0,0.38,0.0,134,0.6536116322701689,0.6259380863039399,-0.027673545966229063
mi,107,version_28,100,0.0,43,ok,38,62,0,0.38,0.0,134,0.7415572232645403,0.5931050656660413,-0.14845215759849906
mi,107,version_28,100,0.0,44,ok,38,62,0,0.38,0.0,134,0.7312382739212008,0.5963883677298311,-0.13484990619136972
mi,107,version_28,100,0.0,45,ok,38,62,0,0.38,0.0,134,0.7406191369606004,0.6055347091932458,-0.13508442776735463
mi,107,version_28,100,0.0,46,ok,38,62,0,0.38,0.0,134,0.725844277673546,0.6477485928705441,-0.07809568480300189
mi,107,version_28,100,0.25,42,ok,38,46,16,0.38,0.16,134,0.6627579737335835,0.7424953095684803,0.07973733583489684
mi,107,version_28,100,0.25,43,ok,38,46,16,0.38,0.16,134,0.7047373358348968,0.724906191369606,0.02016885553470915
mi,107,version_28,100,0.25,44,ok,38,46,16,0.38,0.16,134,0.7415572232645403,0.7033302063789868,-0.03822701688555352
mi,107,version_28,100,0.25,45,ok,38,46,16,0.38,0.16,134,0.7131801125703564,0.704033771106942,-0.00914634146341442
mi,107,version_28,100,0.25,46,ok,38,46,16,0.38,0.16,134,0.6871482176360225,0.625703564727955,-0.061444652908067554
mi,107,version_28,100,0.5,42,ok,38,31,31,0.38,0.31,134,0.6606472795497186,0.6552532833020639,-0.0053939962476546865
mi,107,version_28,100,0.5,43,ok,38,31,31,0.38,0.31,134,0.6179643527204504,0.6449343339587242,0.026969981238273877
mi,107,version_28,100,0.5,44,ok,38,31,31,0.38,0.31,134,0.6543151969981238,0.6446998123827392,-0.009615384615384581
mi,107,version_28,100,0.5,45,ok,38,31,31,0.38,0.31,134,0.6559568480300186,0.62593808630394,-0.030018761726078647
mi,107,version_28,100,0.5,46,ok,38,31,31,0.38,0.31,134,0.6332082551594747,0.6831613508442778,0.049953095684803106
mi,107,version_28,100,0.75,42,ok,38,16,46,0.38,0.46,134,0.6409474671669794,0.6085834896810507,-0.032363977485928674
mi,107,version_28,100,0.75,43,ok,38,16,46,0.38,0.46,134,0.6357879924953095,0.5541744840525329,-0.0816135084427766
mi,107,version_28,100,0.75,44,ok,38,16,46,0.38,0.46,134,0.6057692307692307,0.5935741088180112,-0.012195121951219523
mi,107,version_28,100,0.75,45,ok,38,16,46,0.38,0.46,134,0.6435272045028143,0.5478424015009381,-0.0956848030018762
mi,107,version_28,100,0.75,46,ok,38,16,46,0.38,0.46,134,0.6557223264540337,0.624296435272045,-0.031425891181988685
mi,107,version_28,100,1.0,,unattainable,,,,,,,,,
mi,107,version_28,150,0.0,,unattainable,,,,,,,,,
mi,107,version_28,150,0.25,42,ok,58,69,23,0.38666666666666666,0.15333333333333332,84,0.7385817307692308,0.7283653846153846,-0.010216346153846256
mi,107,version_28,150,0.25,43,ok,58,69,23,0.38666666666666666,0.15333333333333332,84,0.7728365384615384,0.6460336538461537,-0.1268028846153847
mi,107,version_28,150,0.25,44,ok,58,69,23,0.38666666666666666,0.15333333333333332,84,0.6382211538461537,0.6778846153846153,0.039663461538461564
mi,107,version_28,150,0.25,45,ok,58,69,23,0.38666666666666666,0.15333333333333332,84,0.7253605769230769,0.7097355769230769,-0.015625
mi,107,version_28,150,0.25,46,ok,58,69,23,0.38666666666666666,0.15333333333333332,84,0.6502403846153846,0.6730769230769231,0.022836538461538547
mi,107,version_28,150,0.5,42,ok,58,46,46,0.38666666666666666,0.30666666666666664,84,0.6394230769230769,0.6766826923076923,0.03725961538461542
mi,107,version_28,150,0.5,43,ok,58,46,46,0.38666666666666666,0.30666666666666664,84,0.6069711538461539,0.6304086538461537,0.02343749999999989
mi,107,version_28,150,0.5,44,ok,58,46,46,0.38666666666666666,0.30666666666666664,84,0.6724759615384615,0.6862980769230769,0.013822115384615419
mi,107,version_28,150,0.5,45,ok,58,46,46,0.38666666666666666,0.30666666666666664,84,0.6213942307692308,0.6760817307692308,0.0546875
mi,107,version_28,150,0.5,46,ok,58,46,46,0.38666666666666666,0.30666666666666664,84,0.5925480769230769,0.6676682692307693,0.0751201923076924
mi,107,version_28,150,0.75,,unattainable,,,,,,,,,
mi,107,version_28,150,1.0,,unattainable,,,,,,,,,
mi,107,version_28,200,0.0,,unattainable,,,,,,,,,
mi,107,version_28,200,0.25,,unattainable,,,,,,,,,
mi,107,version_28,200,0.5,,unattainable,,,,,,,,,
mi,107,version_28,200,0.75,,unattainable,,,,,,,,,
mi,107,version_28,200,1.0,,unattainable,,,,,,,,,
mi,107,version_29,50,0.0,42,ok,19,31,0,0.38,0.0,184,0.7024803689392994,0.5798329801819768,-0.12264738875732262
mi,107,version_29,50,0.0,43,ok,19,31,0,0.38,0.0,184,0.6758070547176867,0.6523744235323445,-0.023432631185342112
mi,107,version_29,50,0.0,44,ok,19,31,0,0.38,0.0,184,0.7069674685279821,0.5596410320329054,-0.1473264364950767
mi,107,version_29,50,0.0,45,ok,19,31,0,0.38,0.0,184,0.6759316963729278,0.593668203913748,-0.08226349245917985
mi,107,version_29,50,0.0,46,ok,19,31,0,0.38,0.0,184,0.6706967468527982,0.6538701233952386,-0.016826623457559586
mi,107,version_29,50,0.25,42,ok,19,23,8,0.38,0.16,184,0.6690764053346628,0.5722298392122648,-0.09684656612239806
mi,107,version_29,50,0.25,43,ok,19,23,8,0.38,0.16,184,0.6896422784494578,0.636918858282438,-0.05272342016701981
mi,107,version_29,50,0.25,44,ok,19,23,8,0.38,0.16,184,0.6688271220241805,0.5879346877726537,-0.08089243425152681
mi,107,version_29,50,0.25,45,ok,19,23,8,0.38,0.16,184,0.6940047363828992,0.6243300511030786,-0.06967468527982057
mi,107,version_29,50,0.25,46,ok,19,23,8,0.38,0.16,184,0.700735385765923,0.633553533590926,-0.06718185217499695
mi,107,version_29,50,0.5,42,ok,19,15,16,0.38,0.32,184,0.6743113548547924,0.6424030911130499,-0.03190826374174249
mi,107,version_29,50,0.5,43,ok,19,15,16,0.38,0.32,184,0.668453197058457,0.6518758569113798,-0.016577340147077124
mi,107,version_29,50,0.5,44,ok,19,15,16,0.38,0.32,184,0.6718185217499688,0.607378785990278,-0.06443973575969086
mi,107,version_29,50,0.5,45,ok,19,15,16,0.38,0.32,184,0.6875233703103578,0.6248286177240433,-0.06269475258631452
mi,107,version_29,50,0.5,46,ok,19,15,16,0.38,0.32,184,0.6819144958245046,0.5970335286052598,-0.08488096721924476
mi,107,version_29,50,0.75,42,ok,19,8,23,0.38,0.46,184,0.6674560638165274,0.6102455440608251,-0.05721051975570235
mi,107,version_29,50,0.75,43,ok,19,8,23,0.38,0.46,184,0.6537454817399975,0.611491960613237,-0.04225352112676051
mi,107,version_29,50,0.75,44,ok,19,8,23,0.38,0.46,184,0.6556151065686152,0.5845693630811417,-0.0710457434874735
mi,107,version_29,50,0.75,45,ok,19,8,23,0.38,0.46,184,0.6404088246291911,0.6055091611616602,-0.03489966346753093
mi,107,version_29,50,0.75,46,ok,19,8,23,0.38,0.46,184,0.6749345631309984,0.6123644521999252,-0.06257011093107323
mi,107,version_29,50,1.0,42,ok,19,0,31,0.38,0.62,184,0.6586065062944036,0.5190078524242802,-0.1395986538701235
mi,107,version_29,50,1.0,43,ok,19,0,31,0.38,0.62,184,0.6711953134737629,0.6502555153932444,-0.02093979808051849
mi,107,version_29,50,1.0,44,ok,19,0,31,0.38,0.62,184,0.6705721051975571,0.5770908637666708,-0.09348124143088621
mi,107,version_29,50,1.0,45,ok,19,0,31,0.38,0.62,184,0.6520004985666209,0.5395737255390751,-0.11242677302754578
mi,107,version_29,50,1.0,46,ok,19,0,31,0.38,0.62,184,0.669201046989904,0.6339274585566497,-0.035273588433254344
mi,107,version_29,100,0.0,42,ok,38,62,0,0.38,0.0,134,0.6658067542213884,0.62781425891182,-0.037992495309568386
mi,107,version_29,100,0.0,43,ok,38,62,0,0.38,0.0,134,0.7331144465290806,0.6369606003752345,-0.09615384615384615
mi,107,version_29,100,0.0,44,ok,38,62,0,0.38,0.0,134,0.7424953095684802,0.5642589118198875,-0.17823639774859268
mi,107,version_29,100,0.0,45,ok,38,62,0,0.38,0.0,134,0.749296435272045,0.5485459662288931,-0.20075046904315197
mi,107,version_29,100,0.0,46,ok,38,62,0,0.38,0.0,134,0.7300656660412758,0.6306285178236397,-0.09943714821763605
mi,107,version_29,100,0.25,42,ok,38,46,16,0.38,0.16,134,0.7028611632270169,0.6768292682926829,-0.026031894934334
mi,107,version_29,100,0.25,43,ok,38,46,16,0.38,0.16,134,0.7319418386491556,0.6648686679174485,-0.06707317073170715
mi,107,version_29,100,0.25,44,ok,38,46,16,0.38,0.16,134,0.7446060037523452,0.6761257035647279,-0.0684803001876173
mi,107,version_29,100,0.25,45,ok,38,46,16,0.38,0.16,134,0.7150562851782364,0.6712007504690433,-0.04385553470919312
mi,107,version_29,100,0.25,46,ok,38,46,16,0.38,0.16,134,0.6916041275797373,0.6085834896810507,-0.08302063789868663
mi,107,version_29,100,0.5,42,ok,38,31,31,0.38,0.31,134,0.6716697936210131,0.6296904315196998,-0.041979362101313256
mi,107,version_29,100,0.5,43,ok,38,31,31,0.38,0.31,134,0.650093808630394,0.626172607879925,-0.023921200750468996
mi,107,version_29,100,0.5,44,ok,38,31,31,0.38,0.31,134,0.7026266416510318,0.5954502814258913,-0.10717636022514054
mi,107,version_29,100,0.5,45,ok,38,31,31,0.38,0.31,134,0.6423545966228893,0.5877110694183865,-0.05464352720450283
mi,107,version_29,100,0.5,46,ok,38,31,31,0.38,0.31,134,0.6336772983114447,0.6388367729831145,0.005159474671669773
mi,107,version_29,100,0.75,42,ok,38,16,46,0.38,0.46,134,0.6594746716697937,0.5712945590994372,-0.08818011257035652
mi,107,version_29,100,0.75,43,ok,38,16,46,0.38,0.46,134,0.6531425891181988,0.5166510318949344,-0.13649155722326434
mi,107,version_29,100,0.75,44,ok,38,16,46,0.38,0.46,134,0.6369606003752345,0.5755159474671669,-0.061444652908067554
mi,107,version_29,100,0.75,45,ok,38,16,46,0.38,0.46,134,0.6674484052532833,0.5014071294559099,-0.16604127579737338
mi,107,version_29,100,0.75,46,ok,38,16,46,0.38,0.46,134,0.6585365853658536,0.6189024390243902,-0.03963414634146334
mi,107,version_29,100,1.0,,unattainable,,,,,,,,,
mi,107,version_29,150,0.0,,unattainable,,,,,,,,,
mi,107,version_29,150,0.25,42,ok,58,69,23,0.38666666666666666,0.15333333333333332,84,0.7301682692307692,0.6544471153846154,-0.07572115384615374
mi,107,version_29,150,0.25,43,ok,58,69,23,0.38666666666666666,0.15333333333333332,84,0.734375,0.6177884615384617,-0.11658653846153832
mi,107,version_29,150,0.25,44,ok,58,69,23,0.38666666666666666,0.15333333333333332,84,0.662860576923077,0.6117788461538461,-0.05108173076923084
mi,107,version_29,150,0.25,45,ok,58,69,23,0.38666666666666666,0.15333333333333332,84,0.7259615384615384,0.6280048076923077,-0.09795673076923073
mi,107,version_29,150,0.25,46,ok,58,69,23,0.38666666666666666,0.15333333333333332,84,0.6520432692307692,0.5757211538461537,-0.07632211538461542
mi,107,version_29,150,0.5,42,ok,58,46,46,0.38666666666666666,0.30666666666666664,84,0.7013221153846154,0.6586538461538461,-0.042668269230769273
mi,107,version_29,150,0.5,43,ok,58,46,46,0.38666666666666666,0.30666666666666664,84,0.6117788461538461,0.5967548076923077,-0.015024038461538436
mi,107,version_29,150,0.5,44,ok,58,46,46,0.38666666666666666,0.30666666666666664,84,0.6706730769230769,0.615985576923077,-0.05468749999999989
mi,107,version_29,150,0.5,45,ok,58,46,46,0.38666666666666666,0.30666666666666664,84,0.6700721153846154,0.6862980769230769,0.016225961538461453
mi,107,version_29,150,0.5,46,ok,58,46,46,0.38666666666666666,0.30666666666666664,84,0.5877403846153846,0.5757211538461539,-0.012019230769230727
mi,107,version_29,150,0.75,,unattainable,,,,,,,,,
mi,107,version_29,150,1.0,,unattainable,,,,,,,,,
mi,107,version_29,200,0.0,,unattainable,,,,,,,,,
mi,107,version_29,200,0.25,,unattainable,,,,,,,,,
mi,107,version_29,200,0.5,,unattainable,,,,,,,,,
mi,107,version_29,200,0.75,,unattainable,,,,,,,,,
mi,107,version_29,200,1.0,,unattainable,,,,,,,,,
mi,107,version_30,50,0.0,42,ok,19,31,0,0.38,0.0,184,0.7044746354231584,0.6506294403589679,-0.0538451950641905
mi,107,version_30,50,0.0,43,ok,19,31,0,0.38,0.0,184,0.6860276704474635,0.7181852174996884,0.032157547052224955
mi,107,version_30,50,0.0,44,ok,19,31,0,0.38,0.0,184,0.7112052848061822,0.5866882712202418,-0.12451701358594036
mi,107,version_30,50,0.0,45,ok,19,31,0,0.38,0.0,184,0.7019818023183347,0.6552411816028917,-0.04674062071544305
mi,107,version_30,50,0.0,46,ok,19,31,0,0.38,0.0,184,0.6841580456188459,0.682911629066434,-0.0012464165524118664
mi,107,version_30,50,0.25,42,ok,19,23,8,0.38,0.16,184,0.6761809796834102,0.6296896422784495,-0.0464913374049607
mi,107,version_30,50,0.25,43,ok,19,23,8,0.38,0.16,184,0.6811666458930574,0.6893929951389755,0.00822634924591803
mi,107,version_30,50,0.25,44,ok,19,23,8,0.38,0.16,184,0.7047239187336408,0.6063816527483484,-0.09834226598529239
mi,107,version_30,50,0.25,45,ok,19,23,8,0.38,0.16,184,0.7123270597033529,0.6520004985666209,-0.06032656113673196
mi,107,version_30,50,0.25,46,ok,19,23,8,0.38,0.16,184,0.7215505421912003,0.6549918982924093,-0.06655864389879096
mi,107,version_30,50,0.5,42,ok,19,15,16,0.38,0.32,184,0.6984918359715817,0.6704474635423159,-0.02804437242926583
mi,107,version_30,50,0.5,43,ok,19,15,16,0.38,0.32,184,0.6683285554032158,0.625327184345008,-0.04300137105820778
mi,107,version_30,50,0.5,44,ok,19,15,16,0.38,0.32,184,0.6895176367942166,0.6688271220241805,-0.02069051477003614
mi,107,version_30,50,0.5,45,ok,19,15,16,0.38,0.32,184,0.7041007104574349,0.6546179733266858,-0.04948273713074913
mi,107,version_30,50,0.5,46,ok,19,15,16,0.38,0.32,184,0.697370061074411,0.6235822011716315,-0.07378785990277947
mi,107,version_30,50,0.75,42,ok,19,8,23,0.38,0.46,184,0.678798454443475,0.6121151688894428,-0.06668328555403213
mi,107,version_30,50,0.75,43,ok,19,8,23,0.38,0.46,184,0.6558643898790976,0.6264489592421787,-0.02941543063691887
mi,107,version_30,50,0.75,44,ok,19,8,23,0.38,0.46,184,0.65823258132868,0.6371681415929203,-0.021064439735759666
mi,107,version_30,50,0.75,45,ok,19,8,23,0.38,0.46,184,0.6448959242178736,0.622585067929702,-0.022310856288171532
mi,107,version_30,50,0.75,46,ok,19,8,23,0.38,0.46,184,0.6885205035522871,0.666458930574598,-0.02206157297768907
mi,107,version_30,50,1.0,42,ok,19,0,31,0.38,0.62,184,0.6573600897419917,0.5568989156175994,-0.10046117412439226
mi,107,version_30,50,1.0,43,ok,19,0,31,0.38,0.62,184,0.6669574971955627,0.6476380406331796,-0.019319456562383097
mi,107,version_30,50,1.0,44,ok,19,0,31,0.38,0.62,184,0.6888944285180107,0.5878100461174125,-0.10108438240059825
mi,107,version_30,50,1.0,45,ok,19,0,31,0.38,0.62,184,0.64452199925215,0.594416053845195,-0.05010594540695501
mi,107,version_30,50,1.0,46,ok,19,0,31,0.38,0.62,184,0.6773027545805808,0.6381652748348499,-0.039137479745730896
mi,107,version_30,100,0.0,42,ok,38,62,0,0.38,0.0,134,0.7073170731707317,0.6301594746716699,-0.07715759849906179
mi,107,version_30,100,0.0,43,ok,38,62,0,0.38,0.0,134,0.7647748592870544,0.5745778611632271,-0.1901969981238273
mi,107,version_30,100,0.0,44,ok,38,62,0,0.38,0.0,134,0.749765478424015,0.6897279549718575,-0.060037523452157515
mi,107,version_30,100,0.0,45,ok,38,62,0,0.38,0.0,134,0.7788461538461539,0.625703564727955,-0.1531425891181989
mi,107,version_30,100,0.0,46,ok,38,62,0,0.38,0.0,134,0.7572701688555347,0.723264540337711,-0.03400562851782363
mi,107,version_30,100,0.25,42,ok,38,46,16,0.38,0.16,134,0.7225609756097561,0.7476547842401501,0.02509380863039401
mi,107,version_30,100,0.25,43,ok,38,46,16,0.38,0.16,134,0.7450750469043153,0.7129455909943714,-0.03212945590994387
mi,107,version_30,100,0.25,44,ok,38,46,16,0.38,0.16,134,0.7746247654784241,0.675891181988743,-0.09873358348968109
mi,107,version_30,100,0.25,45,ok,38,46,16,0.38,0.16,134,0.7399155722326454,0.6826923076923077,-0.05722326454033766
mi,107,version_30,100,0.25,46,ok,38,46,16,0.38,0.16,134,0.7314727954971857,0.6679174484052534,-0.06355534709193233
mi,107,version_30,100,0.5,42,ok,38,31,31,0.38,0.31,134,0.650093808630394,0.6648686679174484,0.014774859287054354
mi,107,version_30,100,0.5,43,ok,38,31,31,0.38,0.31,134,0.6735459662288931,0.6887898686679175,0.015243902439024404
mi,107,version_30,100,0.5,44,ok,38,31,31,0.38,0.31,134,0.6864446529080676,0.6674484052532833,-0.01899624765478425
mi,107,version_30,100,0.5,45,ok,38,31,31,0.38,0.31,134,0.6425891181988743,0.6301594746716699,-0.012429643527204437
mi,107,version_30,100,0.5,46,ok,38,31,31,0.38,0.31,134,0.6592401500938087,0.6414165103189493,-0.017823639774859346
mi,107,version_30,100,0.75,42,ok,38,16,46,0.38,0.46,134,0.6446998123827392,0.6529080675422139,0.008208255159474653
mi,107,version_30,100,0.75,43,ok,38,16,46,0.38,0.46,134,0.6648686679174485,0.5750469043151969,-0.08982176360225158
mi,107,version_30,100,0.75,44,ok,38,16,46,0.38,0.46,134,0.6275797373358349,0.6118667917448405,-0.015712945590994454
mi,107,version_30,100,0.75,45,ok,38,16,46,0.38,0.46,134,0.6559568480300187,0.5572232645403377,-0.09873358348968109
mi,107,version_30,100,0.75,46,ok,38,16,46,0.38,0.46,134,0.6418855534709194,0.6404784240150094,-0.0014071294559099279
mi,107,version_30,100,1.0,,unattainable,,,,,,,,,
mi,107,version_30,150,0.0,,unattainable,,,,,,,,,
mi,107,version_30,150,0.25,42,ok,58,69,23,0.38666666666666666,0.15333333333333332,84,0.7451923076923077,0.7103365384615385,-0.03485576923076916
mi,107,version_30,150,0.25,43,ok,58,69,23,0.38666666666666666,0.15333333333333332,84,0.8010817307692307,0.7085336538461539,-0.09254807692307687
mi,107,version_30,150,0.25,44,ok,58,69,23,0.38666666666666666,0.15333333333333332,84,0.7343750000000001,0.712139423076923,-0.022235576923077094
mi,107,version_30,150,0.25,45,ok,58,69,23,0.38666666666666666,0.15333333333333332,84,0.75,0.6953125,-0.0546875
mi,107,version_30,150,0.25,46,ok,58,69,23,0.38666666666666666,0.15333333333333332,84,0.6676682692307692,0.6905048076923076,0.022836538461538436
mi,107,version_30,150,0.5,42,ok,58,46,46,0.38666666666666666,0.30666666666666664,84,0.6887019230769231,0.5883413461538461,-0.10036057692307698
mi,107,version_30,150,0.5,43,ok,58,46,46,0.38666666666666666,0.30666666666666664,84,0.6496394230769231,0.6436298076923077,-0.006009615384615419
mi,107,version_30,150,0.5,44,ok,58,46,46,0.38666666666666666,0.30666666666666664,84,0.7181490384615384,0.7079326923076923,-0.010216346153846145
mi,107,version_30,150,0.5,45,ok,58,46,46,0.38666666666666666,0.30666666666666664,84,0.7133413461538463,0.6935096153846154,-0.019831730769230838
mi,107,version_30,150,0.5,46,ok,58,46,46,0.38666666666666666,0.30666666666666664,84,0.6358173076923077,0.6802884615384616,0.044471153846153855
mi,107,version_30,150,0.75,,unattainable,,,,,,,,,
mi,107,version_30,150,1.0,,unattainable,,,,,,,,,
mi,107,version_30,200,0.0,,unattainable,,,,,,,,,
mi,107,version_30,200,0.25,,unattainable,,,,,,,,,
mi,107,version_30,200,0.5,,unattainable,,,,,,,,,
mi,107,version_30,200,0.75,,unattainable,,,,,,,,,
mi,107,version_30,200,1.0,,unattainable,,,,,,,,,
mi,107,version_41,50,0.0,42,ok,19,31,0,0.38,0.0,184,0.7064689019070174,0.5448086750592048,-0.16166022684781256
mi,107,version_41,50,0.0,43,ok,19,31,0,0.38,0.0,184,0.6780506045120279,0.6613486227097096,-0.0167019818023183
mi,107,version_41,50,0.0,44,ok,19,31,0,0.38,0.0,184,0.7099588682537703,0.5984045868129129,-0.11155428144085744
mi,107,version_41,50,0.0,45,ok,19,31,0,0.38,0.0,184,0.7026050105945407,0.5910507291536832,-0.11155428144085755
mi,107,version_41,50,0.0,46,ok,19,31,0,0.38,0.0,184,0.683659478997881,0.6476380406331795,-0.03602143836470151
mi,107,version_41,50,0.25,42,ok,19,23,8,0.38,0.16,184,0.6759316963729278,0.6390377664215381,-0.03689392995138974
mi,107,version_41,50,0.25,43,ok,19,23,8,0.38,0.16,184,0.682288420790228,0.6827869874111929,0.0004985666209649242
mi,107,version_41,50,0.25,44,ok,19,23,8,0.38,0.16,184,0.6956250779010346,0.6195936682039137,-0.07603140969712086
mi,107,version_41,50,0.25,45,ok,19,23,8,0.38,0.16,184,0.7242926586065063,0.5934189206032655,-0.13087373800324076
mi,107,version_41,50,0.25,46,ok,19,23,8,0.38,0.16,184,0.7184345008101707,0.6326810420042378,-0.08575345880593288
mi,107,version_41,50,0.5,42,ok,19,15,16,0.38,0.32,184,0.6917611865885578,0.6918858282437991,0.00012464165524128656
mi,107,version_41,50,0.5,43,ok,19,15,16,0.38,0.32,184,0.6736881465785866,0.665711080643151,-0.007977065935435568
mi,107,version_41,50,0.5,44,ok,19,15,16,0.38,0.32,184,0.680169512651128,0.6572354480867506,-0.02293406456437741
mi,107,version_41,50,0.5,45,ok,19,15,16,0.38,0.32,184,0.6885205035522872,0.6377913498691262,-0.050729153683161
mi,107,version_41,50,0.5,46,ok,19,15,16,0.38,0.32,184,0.7019818023183348,0.5863143462545183,-0.11566745606381656
mi,107,version_41,50,0.75,42,ok,19,8,23,0.38,0.46,184,0.686276953757946,0.5869375545307243,-0.09933939922722168
mi,107,version_41,50,0.75,43,ok,19,8,23,0.38,0.46,184,0.6541194067057211,0.6404088246291911,-0.013710582076529976
mi,107,version_41,50,0.75,44,ok,19,8,23,0.38,0.46,184,0.6424030911130499,0.6033902530225601,-0.03901283809048983
mi,107,version_41,50,0.75,45,ok,19,8,23,0.38,0.46,184,0.6425277327682911,0.6354231584195439,-0.007104574348747228
mi,107,version_41,50,0.75,46,ok,19,8,23,0.38,0.46,184,0.6825377041007106,0.6243300511030786,-0.058207652997631976
mi,107,version_41,50,1.0,42,ok,19,0,31,0.38,0.62,184,0.6430262993892558,0.5904275208774773,-0.05259877851177852
mi,107,version_41,50,1.0,43,ok,19,0,31,0.38,0.62,184,0.6516265736008974,0.6465162657360091,-0.005110307864888308
mi,107,version_41,50,1.0,44,ok,19,0,31,0.38,0.62,184,0.6662096472641157,0.6096223357846192,-0.05658731147949647
mi,107,version_41,50,1.0,45,ok,19,0,31,0.38,0.62,184,0.635547800074785,0.5674934563130999,-0.06805434376168507
mi,107,version_41,50,1.0,46,ok,19,0,31,0.38,0.62,184,0.665711080643151,0.6361710083509908,-0.029540072292160158
mi,107,version_41,100,0.0,42,ok,38,62,0,0.38,0.0,134,0.7176360225140713,0.6303939962476548,-0.08724202626641653
mi,107,version_41,100,0.0,43,ok,38,62,0,0.38,0.0,134,0.7743902439024389,0.5401031894934334,-0.23428705440900555
mi,107,version_41,100,0.0,44,ok,38,62,0,0.38,0.0,134,0.7706378986866792,0.6153846153846154,-0.15525328330206378
mi,107,version_41,100,0.0,45,ok,38,62,0,0.38,0.0,134,0.7825984990619137,0.5112570356472794,-0.2713414634146343
mi,107,version_41,100,0.0,46,ok,38,62,0,0.38,0.0,134,0.7664165103189493,0.6937148217636022,-0.07270168855534709
mi,107,version_41,100,0.25,42,ok,38,46,16,0.38,0.16,134,0.7021575984990619,0.6667448405253282,-0.035412757973733666
mi,107,version_41,100,0.25,43,ok,38,46,16,0.38,0.16,134,0.7565666041275798,0.6763602251407129,-0.08020637898686689
mi,107,version_41,100,0.25,44,ok,38,46,16,0.38,0.16,134,0.7579737335834896,0.6510318949343339,-0.10694183864915574
mi,107,version_41,100,0.25,45,ok,38,46,16,0.38,0.16,134,0.7321763602251408,0.6597091932457786,-0.07246716697936217
mi,107,version_41,100,0.25,46,ok,38,46,16,0.38,0.16,134,0.701219512195122,0.6062382739212009,-0.09498123827392113
mi,107,version_41,100,0.5,42,ok,38,31,31,0.38,0.31,134,0.6719043151969981,0.6320356472795498,-0.039868667917448364
mi,107,version_41,100,0.5,43,ok,38,31,31,0.38,0.31,134,0.6580675422138836,0.6378986866791745,-0.02016885553470915
mi,107,version_41,100,0.5,44,ok,38,31,31,0.38,0.31,134,0.699343339587242,0.6099906191369606,-0.08935272045028142
mi,107,version_41,100,0.5,45,ok,38,31,31,0.38,0.31,134,0.6381332082551594,0.6034240150093808,-0.03470919324577859
mi,107,version_41,100,0.5,46,ok,38,31,31,0.38,0.31,134,0.6282833020637899,0.6184333958724202,-0.009849906191369717
mi,107,version_41,100,0.75,42,ok,38,16,46,0.38,0.46,134,0.6547842401500938,0.6271106941838649,-0.027673545966228952
mi,107,version_41,100,0.75,43,ok,38,16,46,0.38,0.46,134,0.6515009380863039,0.5705909943714822,-0.08090994371482174
mi,107,version_41,100,0.75,44,ok,38,16,46,0.38,0.46,134,0.6165572232645403,0.6041275797373358,-0.012429643527204548
mi,107,version_41,100,0.75,45,ok,38,16,46,0.38,0.46,134,0.6334427767354597,0.526735459662289,-0.10670731707317072
mi,107,version_41,100,0.75,46,ok,38,16,46,0.38,0.46,134,0.6069418386491557,0.6041275797373358,-0.002814258911819967
mi,107,version_41,100,1.0,,unattainable,,,,,,,,,
mi,107,version_41,150,0.0,,unattainable,,,,,,,,,
mi,107,version_41,150,0.25,42,ok,58,69,23,0.38666666666666666,0.15333333333333332,84,0.765625,0.6995192307692307,-0.06610576923076927
mi,107,version_41,150,0.25,43,ok,58,69,23,0.38666666666666666,0.15333333333333332,84,0.84375,0.6772836538461539,-0.16646634615384615
mi,107,version_41,150,0.25,44,ok,58,69,23,0.38666666666666666,0.15333333333333332,84,0.7349759615384616,0.703125,-0.031850961538461564
mi,107,version_41,150,0.25,45,ok,58,69,23,0.38666666666666666,0.15333333333333332,84,0.7698317307692307,0.6868990384615384,-0.08293269230769229
mi,107,version_41,150,0.25,46,ok,58,69,23,0.38666666666666666,0.15333333333333332,84,0.7079326923076923,0.694110576923077,-0.013822115384615308
mi,107,version_41,150,0.5,42,ok,58,46,46,0.38666666666666666,0.30666666666666664,84,0.6802884615384616,0.686298076923077,0.006009615384615419
mi,107,version_41,150,0.5,43,ok,58,46,46,0.38666666666666666,0.30666666666666664,84,0.6292067307692308,0.6364182692307693,0.007211538461538436
mi,107,version_41,150,0.5,44,ok,58,46,46,0.38666666666666666,0.30666666666666664,84,0.6538461538461539,0.6460336538461539,-0.0078125
mi,107,version_41,150,0.5,45,ok,58,46,46,0.38666666666666666,0.30666666666666664,84,0.7085336538461539,0.7073317307692308,-0.0012019230769230171
mi,107,version_41,150,0.5,46,ok,58,46,46,0.38666666666666666,0.30666666666666664,84,0.5685096153846154,0.5865384615384616,0.018028846153846145
mi,107,version_41,150,0.75,,unattainable,,,,,,,,,
mi,107,version_41,150,1.0,,unattainable,,,,,,,,,
mi,107,version_41,200,0.0,,unattainable,,,,,,,,,
mi,107,version_41,200,0.25,,unattainable,,,,,,,,,
mi,107,version_41,200,0.5,,unattainable,,,,,,,,,
mi,107,version_41,200,0.75,,unattainable,,,,,,,,,
mi,107,version_41,200,1.0,,unattainable,,,,,,,,,
mi,108,version_27,50,0.0,42,ok,19,31,0,0.38,0.0,184,0.7452324566870248,0.6882712202418049,-0.05696123644521989
mi,108,version_27,50,0.0,43,ok,19,31,0,0.38,0.0,184,0.7615605135236196,0.49981303751713824,-0.2617474760064814
mi,108,version_27,50,0.0,44,ok,19,31,0,0.38,0.0,184,0.7641779882836844,0.6511280069799327,-0.11304998130375177
mi,108,version_27,50,0.0,45,ok,19,31,0,0.38,0.0,184,0.7589430387635547,0.6119905272342017,-0.14695251152935307
mi,108,version_27,50,0.0,46,ok,19,31,0,0.38,0.0,184,0.7534588059329428,0.640408824629191,-0.11304998130375177
mi,108,version_27,50,0.25,42,ok,19,23,8,0.38,0.16,184,0.7151938177739,0.7068428268727408,-0.008350990901159205
mi,108,version_27,50,0.25,43,ok,19,23,8,0.38,0.16,184,0.7230462420540945,0.7232955253645768,0.00024928331048224006
mi,108,version_27,50,0.25,44,ok,19,23,8,0.38,0.16,184,0.7102081515642528,0.7505920478623956,0.040383896298142874
mi,108,version_27,50,0.25,45,ok,19,23,8,0.38,0.16,184,0.717935934189206,0.708338526735635,-0.00959740745357096
mi,108,version_27,50,0.25,46,ok,19,23,8,0.38,0.16,184,0.7483484980680544,0.6709460301632806,-0.07740246790477379
mi,108,version_27,50,0.5,42,ok,19,15,16,0.38,0.32,184,0.6992396859030288,0.7135734762557647,0.014333790352735964
mi,108,version_27,50,0.5,43,ok,19,15,16,0.38,0.32,184,0.688395861897046,0.7118284930823882,0.023432631185342112
mi,108,version_27,50,0.5,44,ok,19,15,16,0.38,0.32,184,0.7297768914371183,0.7423656986164776,0.012588807179359285
mi,108,version_27,50,0.5,45,ok,19,15,16,0.38,0.32,184,0.7154431010843824,0.7490963479995014,0.03365324691511906
mi,108,version_27,50,0.5,46,ok,19,15,16,0.38,0.32,184,0.7097095849432881,0.712451701358594,0.002742116415305973
mi,108,version_27,50,0.75,42,ok,19,8,23,0.38,0.46,184,0.7044746354231585,0.7210519755702356,0.016577340147077124
mi,108,version_27,50,0.75,43,ok,19,8,23,0.38,0.46,184,0.6546179733266858,0.6564875981553036,0.0018696248286177441
mi,108,version_27,50,0.75,44,ok,19,8,23,0.38,0.46,184,0.6964975694877228,0.7217998255016826,0.025302256013959856
mi,108,version_27,50,0.75,45,ok,19,8,23,0.38,0.46,184,0.7073413934937056,0.747476006481366,0.04013461298766041
mi,108,version_27,50,0.75,46,ok,19,8,23,0.38,0.46,184,0.6644646640907391,0.697370061074411,0.0329053969836719
mi,108,version_27,50,1.0,42,ok,19,0,31,0.38,0.62,184,0.6694503303003865,0.6608500560887448,-0.008600274211641667
mi,108,version_27,50,1.0,43,ok,19,0,31,0.38,0.62,184,0.6638414558145332,0.6898915617599402,0.02605010594540691
mi,108,version_27,50,1.0,44,ok,19,0,31,0.38,0.62,184,0.6680792720927333,0.6704474635423159,0.0023681914495825573
mi,108,version_27,50,1.0,45,ok,19,0,31,0.38,0.62,184,0.6597282811915742,0.647887323943662,-0.011840957247912232
mi,108,version_27,50,1.0,46,ok,19,0,31,0.38,0.62,184,0.7027296522497819,0.6890190701732518,-0.013710582076530087
mi,108,version_27,100,0.0,42,ok,38,62,0,0.38,0.0,134,0.8107410881801126,0.7617260787992495,-0.04901500938086312
mi,108,version_27,100,0.0,43,ok,38,62,0,0.38,0.0,134,0.7889305816135085,0.6876172607879925,-0.10131332082551603
mi,108,version_27,100,0.0,44,ok,38,62,0,0.38,0.0,134,0.8081613508442776,0.6690900562851783,-0.1390712945590994
mi,108,version_27,100,0.0,45,ok,38,62,0,0.38,0.0,134,0.8025328330206379,0.6517354596622889,-0.15079737335834908
mi,108,version_27,100,0.0,46,ok,38,62,0,0.38,0.0,134,0.8025328330206379,0.800656660412758,-0.0018761726078799779
mi,108,version_27,100,0.25,42,ok,38,46,16,0.38,0.16,134,0.74953095684803,0.8074577861163227,0.057926829268292734
mi,108,version_27,100,0.25,43,ok,38,46,16,0.38,0.16,134,0.7371013133208255,0.7605534709193246,0.023452157598499057
mi,108,version_27,100,0.25,44,ok,38,46,16,0.38,0.16,134,0.6923076923076923,0.7366322701688556,0.04432457786116328
mi,108,version_27,100,0.25,45,ok,38,46,16,0.38,0.16,134,0.746951219512195,0.7706378986866792,0.023686679174484193
mi,108,version_27,100,0.25,46,ok,38,46,16,0.38,0.16,134,0.7061444652908067,0.7579737335834896,0.05182926829268297
mi,108,version_27,100,0.5,42,ok,38,31,31,0.38,0.31,134,0.7040337711069419,0.7131801125703565,0.009146341463414642
mi,108,version_27,100,0.5,43,ok,38,31,31,0.38,0.31,134,0.7427298311444652,0.7980769230769231,0.055347091932457904
mi,108,version_27,100,0.5,44,ok,38,31,31,0.38,0.31,134,0.6686210131332083,0.6979362101313321,0.029315196998123794
mi,108,version_27,100,0.5,45,ok,38,31,31,0.38,0.31,134,0.7439024390243902,0.7134146341463414,-0.030487804878048808
mi,108,version_27,100,0.5,46,ok,38,31,31,0.38,0.31,134,0.7185741088180112,0.7338180112570356,0.015243902439024404
mi,108,version_27,100,0.75,42,ok,38,16,46,0.38,0.46,134,0.6470450281425891,0.7209193245778612,0.0738742964352721
mi,108,version_27,100,0.75,43,ok,38,16,46,0.38,0.46,134,0.650562851782364,0.674718574108818,0.02415572232645402
mi,108,version_27,100,0.75,44,ok,38,16,46,0.38,0.46,134,0.6721388367729831,0.6953564727954973,0.023217636022514143
mi,108,version_27,100,0.75,45,ok,38,16,46,0.38,0.46,134,0.6238273921200751,0.6566604127579738,0.032833020637898724
mi,108,version_27,100,0.75,46,ok,38,16,46,0.38,0.46,134,0.6658067542213884,0.7035647279549718,0.03775797373358347
mi,108,version_27,100,1.0,,unattainable,,,,,,,,,
mi,108,version_27,150,0.0,,unattainable,,,,,,,,,
mi,108,version_27,150,0.25,42,ok,58,69,23,0.38666666666666666,0.15333333333333332,84,0.7950721153846154,0.8106971153846154,0.015625
mi,108,version_27,150,0.25,43,ok,58,69,23,0.38666666666666666,0.15333333333333332,84,0.8094951923076923,0.8467548076923077,0.03725961538461542
mi,108,version_27,150,0.25,44,ok,58,69,23,0.38666666666666666,0.15333333333333332,84,0.8990384615384616,0.7992788461538461,-0.09975961538461542
mi,108,version_27,150,0.25,45,ok,58,69,23,0.38666666666666666,0.15333333333333332,84,0.7944711538461539,0.7872596153846154,-0.007211538461538436
mi,108,version_27,150,0.25,46,ok,58,69,23,0.38666666666666666,0.15333333333333332,84,0.7890625,0.8161057692307693,0.027043269230769273
mi,108,version_27,150,0.5,42,ok,58,46,46,0.38666666666666666,0.30666666666666664,84,0.6676682692307693,0.7019230769230769,0.0342548076923076
mi,108,version_27,150,0.5,43,ok,58,46,46,0.38666666666666666,0.30666666666666664,84,0.6820913461538461,0.7127403846153847,0.030649038461538547
mi,108,version_27,150,0.5,44,ok,58,46,46,0.38666666666666666,0.30666666666666664,84,0.6670673076923076,0.7169471153846154,0.04987980769230782
mi,108,version_27,150,0.5,45,ok,58,46,46,0.38666666666666666,0.30666666666666664,84,0.7698317307692307,0.7103365384615385,-0.05949519230769218
mi,108,version_27,150,0.5,46,ok,58,46,46,0.38666666666666666,0.30666666666666664,84,0.6875,0.6796875,-0.0078125
mi,108,version_27,150,0.75,,unattainable,,,,,,,,,
mi,108,version_27,150,1.0,,unattainable,,,,,,,,,
mi,108,version_27,200,0.0,,unattainable,,,,,,,,,
mi,108,version_27,200,0.25,,unattainable,,,,,,,,,
mi,108,version_27,200,0.5,,unattainable,,,,,,,,,
mi,108,version_27,200,0.75,,unattainable,,,,,,,,,
mi,108,version_27,200,1.0,,unattainable,,,,,,,,,
mi,108,version_28,50,0.0,42,ok,19,31,0,0.38,0.0,184,0.7041007104574349,0.6885205035522872,-0.01558020690514772
mi,108,version_28,50,0.0,43,ok,19,31,0,0.38,0.0,184,0.7423656986164776,0.5596410320329054,-0.18272466658357223
mi,108,version_28,50,0.0,44,ok,19,31,0,0.38,0.0,184,0.7327682911629066,0.5089118783497445,-0.22385641281316215
mi,108,version_28,50,0.0,45,ok,19,31,0,0.38,0.0,184,0.7277826249532594,0.5939174872242303,-0.13386513772902908
mi,108,version_28,50,0.0,46,ok,19,31,0,0.38,0.0,184,0.726162283435124,0.6002742116415305,-0.12588807179359351
mi,108,version_28,50,0.25,42,ok,19,23,8,0.38,0.16,184,0.6810420042378162,0.7166895176367941,0.03564751339897787
mi,108,version_28,50,0.25,43,ok,19,23,8,0.38,0.16,184,0.7023557272840584,0.702106443973576,-0.0002492833104823511
mi,108,version_28,50,0.25,44,ok,19,23,8,0.38,0.16,184,0.6992396859030288,0.6961236445219994,-0.0031160413810293885
mi,108,version_28,50,0.25,45,ok,19,23,8,0.38,0.16,184,0.6844073289293282,0.6971207777639287,0.01271344883460046
mi,108,version_28,50,0.25,46,ok,19,23,8,0.38,0.16,184,0.6930076031409698,0.6279446591050729,-0.06506294403589685
mi,108,version_28,50,0.5,42,ok,19,15,16,0.38,0.32,184,0.6672067805060451,0.684282687274087,0.017075906768041937
mi,108,version_28,50,0.5,43,ok,19,15,16,0.38,0.32,184,0.6749345631309984,0.7213012588807179,0.04636669574971952
mi,108,version_28,50,0.5,44,ok,19,15,16,0.38,0.32,184,0.6902654867256637,0.6583572229839212,-0.03190826374174249
mi,108,version_28,50,0.5,45,ok,19,15,16,0.38,0.32,184,0.687024803689393,0.737130749096348,0.05010594540695501
mi,108,version_28,50,0.5,46,ok,19,15,16,0.38,0.32,184,0.6872740869998754,0.6937554530724168,0.006481366072541461
mi,108,version_28,50,0.75,42,ok,19,8,23,0.38,0.46,184,0.668453197058457,0.6860276704474635,0.01757447338900653
mi,108,version_28,50,0.75,43,ok,19,8,23,0.38,0.46,184,0.6250779010345258,0.590926087498442,-0.034151813536083764
mi,108,version_28,50,0.75,44,ok,19,8,23,0.38,0.46,184,0.6644646640907391,0.6682039137479746,0.0037392496572354883
mi,108,version_28,50,0.75,45,ok,19,8,23,0.38,0.46,184,0.6846566122398106,0.6708213885080394,-0.013835223731771151
mi,108,version_28,50,0.75,46,ok,19,8,23,0.38,0.46,184,0.6386638414558146,0.6613486227097096,0.02268478125389506
mi,108,version_28,50,1.0,42,ok,19,0,31,0.38,0.62,184,0.6370434999376792,0.643774149320703,0.006730649383023812
mi,108,version_28,50,1.0,43,ok,19,0,31,0.38,0.62,184,0.6248286177240433,0.6622211142963979,0.03739249657235455
mi,108,version_28,50,1.0,44,ok,19,0,31,0.38,0.62,184,0.6422784494578088,0.6092484108188957,-0.03303003863891307
mi,108,version_28,50,1.0,45,ok,19,0,31,0.38,0.62,184,0.6349245917985791,0.6281939424155554,-0.006730649383023701
mi,108,version_28,50,1.0,46,ok,19,0,31,0.38,0.62,184,0.6601022061572978,0.6617225476754331,0.001620341518135393
mi,108,version_28,100,0.0,42,ok,38,62,0,0.38,0.0,134,0.7715759849906192,0.7415572232645403,-0.03001876172607887
mi,108,version_28,100,0.0,43,ok,38,62,0,0.38,0.0,134,0.7779080675422139,0.7685272045028142,-0.009380863039399667
mi,108,version_28,100,0.0,44,ok,38,62,0,0.38,0.0,134,0.8039399624765479,0.7455440900562852,-0.05839587242026267
mi,108,version_28,100,0.0,45,ok,38,62,0,0.38,0.0,134,0.7882270168855534,0.7661819887429644,-0.022045028142589018
mi,108,version_28,100,0.0,46,ok,38,62,0,0.38,0.0,134,0.7692307692307692,0.7575046904315197,-0.011726078799249473
mi,108,version_28,100,0.25,42,ok,38,46,16,0.38,0.16,134,0.7286585365853658,0.799249530956848,0.0705909943714822
mi,108,version_28,100,0.25,43,ok,38,46,16,0.38,0.16,134,0.7059099437148217,0.7439024390243902,0.0379924953095685
mi,108,version_28,100,0.25,44,ok,38,46,16,0.38,0.16,134,0.6712007504690432,0.6925422138836773,0.021341463414634165
mi,108,version_28,100,0.25,45,ok,38,46,16,0.38,0.16,134,0.7209193245778611,0.7216228893058161,0.0007035647279549639
mi,108,version_28,100,0.25,46,ok,38,46,16,0.38,0.16,134,0.6735459662288931,0.7312382739212007,0.0576923076923076
mi,108,version_28,100,0.5,42,ok,38,31,31,0.38,0.31,134,0.6681519699812383,0.6878517823639775,0.019699812382739212
mi,108,version_28,100,0.5,43,ok,38,31,31,0.38,0.31,134,0.7005159474671669,0.7192776735459663,0.018761726078799335
mi,108,version_28,100,0.5,44,ok,38,31,31,0.38,0.31,134,0.6660412757973734,0.7028611632270169,0.03681988742964348
mi,108,version_28,100,0.5,45,ok,38,31,31,0.38,0.31,134,0.7120075046904315,0.6836303939962476,-0.028377110694183916
mi,108,version_28,100,0.5,46,ok,38,31,31,0.38,0.31,134,0.7094277673545967,0.7108348968105066,0.0014071294559099279
mi,108,version_28,100,0.75,42,ok,38,16,46,0.38,0.46,134,0.6153846153846153,0.6723733583489682,0.056988742964352856
mi,108,version_28,100,0.75,43,ok,38,16,46,0.38,0.46,134,0.6289868667917449,0.7068480300187617,0.07786116322701686
mi,108,version_28,100,0.75,44,ok,38,16,46,0.38,0.46,134,0.6430581613508443,0.6446998123827392,0.0016416510318949529
mi,108,version_28,100,0.75,45,ok,38,16,46,0.38,0.46,134,0.5719981238273921,0.5382270168855535,-0.0337711069418386
mi,108,version_28,100,0.75,46,ok,38,16,46,0.38,0.46,134,0.6404784240150093,0.6796435272045028,0.03916510318949351
mi,108,version_28,100,1.0,,unattainable,,,,,,,,,
mi,108,version_28,150,0.0,,unattainable,,,,,,,,,
mi,108,version_28,150,0.25,42,ok,58,69,23,0.38666666666666666,0.15333333333333332,84,0.7421875,0.7962740384615385,0.05408653846153855
mi,108,version_28,150,0.25,43,ok,58,69,23,0.38666666666666666,0.15333333333333332,84,0.7764423076923077,0.8004807692307692,0.024038461538461453
mi,108,version_28,150,0.25,44,ok,58,69,23,0.38666666666666666,0.15333333333333332,84,0.8365384615384616,0.7980769230769229,-0.03846153846153866
mi,108,version_28,150,0.25,45,ok,58,69,23,0.38666666666666666,0.15333333333333332,84,0.7596153846153846,0.7433894230769231,-0.016225961538461453
mi,108,version_28,150,0.25,46,ok,58,69,23,0.38666666666666666,0.15333333333333332,84,0.7956730769230769,0.8155048076923076,0.019831730769230727
mi,108,version_28,150,0.5,42,ok,58,46,46,0.38666666666666666,0.30666666666666664,84,0.6274038461538461,0.6802884615384615,0.05288461538461531
mi,108,version_28,150,0.5,43,ok,58,46,46,0.38666666666666666,0.30666666666666664,84,0.6394230769230769,0.6923076923076923,0.05288461538461542
mi,108,version_28,150,0.5,44,ok,58,46,46,0.38666666666666666,0.30666666666666664,84,0.6219951923076923,0.6893028846153846,0.06730769230769229
mi,108,version_28,150,0.5,45,ok,58,46,46,0.38666666666666666,0.30666666666666664,84,0.7049278846153846,0.6195913461538463,-0.08533653846153832
mi,108,version_28,150,0.5,46,ok,58,46,46,0.38666666666666666,0.30666666666666664,84,0.6616586538461539,0.6598557692307692,-0.0018028846153846922
mi,108,version_28,150,0.75,,unattainable,,,,,,,,,
mi,108,version_28,150,1.0,,unattainable,,,,,,,,,
mi,108,version_28,200,0.0,,unattainable,,,,,,,,,
mi,108,version_28,200,0.25,,unattainable,,,,,,,,,
mi,108,version_28,200,0.5,,unattainable,,,,,,,,,
mi,108,version_28,200,0.75,,unattainable,,,,,,,,,
mi,108,version_28,200,1.0,,unattainable,,,,,,,,,
mi,108,version_29,50,0.0,42,ok,19,31,0,0.38,0.0,184,0.733017574473389,0.6632182475383274,-0.06979932693506163
mi,108,version_29,50,0.0,43,ok,19,31,0,0.38,0.0,184,0.7763928704973202,0.49320702978935566,-0.28318584070796454
mi,108,version_29,50,0.0,44,ok,19,31,0,0.38,0.0,184,0.7645519132494079,0.59915243674436,-0.16539947650504783
mi,108,version_29,50,0.0,45,ok,19,31,0,0.38,0.0,184,0.7651751215256138,0.5667456063816528,-0.198429515143961
mi,108,version_29,50,0.0,46,ok,19,31,0,0.38,0.0,184,0.757821263866384,0.5768415804561884,-0.18097968341019566
mi,108,version_29,50,0.25,42,ok,19,23,8,0.38,0.16,184,0.7240433752960238,0.6925090365200051,-0.031534338776018744
mi,108,version_29,50,0.25,43,ok,19,23,8,0.38,0.16,184,0.7255390751589181,0.7118284930823882,-0.013710582076529976
mi,108,version_29,50,0.25,44,ok,19,23,8,0.38,0.16,184,0.7276579832980182,0.7482238564128132,0.020565873114794964
mi,108,version_29,50,0.25,45,ok,19,23,8,0.38,0.16,184,0.7360089741991774,0.7185591424654119,-0.017449831733765575
mi,108,version_29,50,0.25,46,ok,19,23,8,0.38,0.16,184,0.7483484980680544,0.6294403589679671,-0.11890813910008724
mi,108,version_29,50,0.5,42,ok,19,15,16,0.38,0.32,184,0.6998628941792348,0.6668328555403216,-0.033030038638913184
mi,108,version_29,50,0.5,43,ok,19,15,16,0.38,0.32,184,0.7054717686650879,0.7168141592920354,0.01134239062694753
mi,108,version_29,50,0.5,44,ok,19,15,16,0.38,0.32,184,0.7265362084008475,0.6483858905646267,-0.07815031783622084
mi,108,version_29,50,0.5,45,ok,19,15,16,0.38,0.32,184,0.7246665835722298,0.7201794839835474,-0.0044870995886824305
mi,108,version_29,50,0.5,46,ok,19,15,16,0.38,0.32,184,0.7280319082637418,0.6765549046491337,-0.05147700361460805
mi,108,version_29,50,0.75,42,ok,19,8,23,0.38,0.46,184,0.711828493082388,0.6825377041007105,-0.029290788981677585
mi,108,version_29,50,0.75,43,ok,19,8,23,0.38,0.46,184,0.6562383148448212,0.6315592671070672,-0.02467904773775398
mi,108,version_29,50,0.75,44,ok,19,8,23,0.38,0.46,184,0.701358594042129,0.6992396859030288,-0.0021189081391002063
mi,108,version_29,50,0.75,45,ok,19,8,23,0.38,0.46,184,0.718559142465412,0.7044746354231584,-0.014084507042253613
mi,108,version_29,50,0.75,46,ok,19,8,23,0.38,0.46,184,0.6839087623083635,0.679421662719681,-0.0044870995886825416
mi,108,version_29,50,1.0,42,ok,19,0,31,0.38,0.62,184,0.6827869874111928,0.6844073289293282,0.001620341518135393
mi,108,version_29,50,1.0,43,ok,19,0,31,0.38,0.62,184,0.6748099214757571,0.6763056213386515,0.0014956998628943285
mi,108,version_29,50,1.0,44,ok,19,0,31,0.38,0.62,184,0.6896422784494578,0.6713199551290041,-0.018322323320453693
mi,108,version_29,50,1.0,45,ok,19,0,31,0.38,0.62,184,0.6678299887822511,0.6395363330425028,-0.02829365573974829
mi,108,version_29,50,1.0,46,ok,19,0,31,0.38,0.62,184,0.7044746354231584,0.6715692384394865,-0.0329053969836719
mi,108,version_29,100,0.0,42,ok,38,62,0,0.38,0.0,134,0.8215290806754222,0.7607879924953096,-0.06074108818011259
mi,108,version_29,100,0.0,43,ok,38,62,0,0.38,0.0,134,0.8058161350844277,0.7434333958724203,-0.06238273921200743
mi,108,version_29,100,0.0,44,ok,38,62,0,0.38,0.0,134,0.8219981238273921,0.7138836772983115,-0.10811444652908064
mi,108,version_29,100,0.0,45,ok,38,62,0,0.38,0.0,134,0.8144934333958724,0.7349906191369606,-0.07950281425891181
mi,108,version_29,100,0.0,46,ok,38,62,0,0.38,0.0,134,0.8100375234521576,0.801125703564728,-0.008911819887429617
mi,108,version_29,100,0.25,42,ok,38,46,16,0.38,0.16,134,0.7800187617260788,0.7992495309568479,0.019230769230769162
mi,108,version_29,100,0.25,43,ok,38,46,16,0.38,0.16,134,0.7380393996247654,0.7788461538461539,0.040806754221388464
mi,108,version_29,100,0.25,44,ok,38,46,16,0.38,0.16,134,0.6824577861163227,0.6941838649155723,0.011726078799249584
mi,108,version_29,100,0.25,45,ok,38,46,16,0.38,0.16,134,0.7657129455909943,0.7129455909943715,-0.05276735459662285
mi,108,version_29,100,0.25,46,ok,38,46,16,0.38,0.16,134,0.6857410881801126,0.7307692307692308,0.04502814258911825
mi,108,version_29,100,0.5,42,ok,38,31,31,0.38,0.31,134,0.7061444652908069,0.6869136960600375,-0.019230769230769384
mi,108,version_29,100,0.5,43,ok,38,31,31,0.38,0.31,134,0.7450750469043151,0.7183395872420262,-0.026735459662288963
mi,108,version_29,100,0.5,44,ok,38,31,31,0.38,0.31,134,0.6977016885553471,0.6894934333958724,-0.008208255159474653
mi,108,version_29,100,0.5,45,ok,38,31,31,0.38,0.31,134,0.75046904315197,0.7190431519699813,-0.031425891181988796
mi,108,version_29,100,0.5,46,ok,38,31,31,0.38,0.31,134,0.7424953095684803,0.701923076923077,-0.04057223264540333
mi,108,version_29,100,0.75,42,ok,38,16,46,0.38,0.46,134,0.6585365853658537,0.6939493433395874,0.035412757973733666
mi,108,version_29,100,0.75,43,ok,38,16,46,0.38,0.46,134,0.6414165103189493,0.6554878048780487,0.01407129455909939
mi,108,version_29,100,0.75,44,ok,38,16,46,0.38,0.46,134,0.6744840525328331,0.6538461538461537,-0.020637898686679312
mi,108,version_29,100,0.75,45,ok,38,16,46,0.38,0.46,134,0.6022514071294559,0.5830206378986866,-0.019230769230769273
mi,108,version_29,100,0.75,46,ok,38,16,46,0.38,0.46,134,0.676360225140713,0.6538461538461539,-0.02251407129455918
mi,108,version_29,100,1.0,,unattainable,,,,,,,,,
mi,108,version_29,150,0.0,,unattainable,,,,,,,,,
mi,108,version_29,150,0.25,42,ok,58,69,23,0.38666666666666666,0.15333333333333332,84,0.7638221153846154,0.7902644230769231,0.02644230769230771
mi,108,version_29,150,0.25,43,ok,58,69,23,0.38666666666666666,0.15333333333333332,84,0.8257211538461539,0.8377403846153846,0.012019230769230727
mi,108,version_29,150,0.25,44,ok,58,69,23,0.38666666666666666,0.15333333333333332,84,0.8894230769230769,0.8233173076923077,-0.06610576923076916
mi,108,version_29,150,0.25,45,ok,58,69,23,0.38666666666666666,0.15333333333333332,84,0.7830528846153846,0.7475961538461539,-0.035456730769230727
mi,108,version_29,150,0.25,46,ok,58,69,23,0.38666666666666666,0.15333333333333332,84,0.8034855769230769,0.7914663461538461,-0.012019230769230727
mi,108,version_29,150,0.5,42,ok,58,46,46,0.38666666666666666,0.30666666666666664,84,0.6887019230769231,0.6742788461538461,-0.014423076923076983
mi,108,version_29,150,0.5,43,ok,58,46,46,0.38666666666666666,0.30666666666666664,84,0.65625,0.6586538461538461,0.0024038461538461453
mi,108,version_29,150,0.5,44,ok,58,46,46,0.38666666666666666,0.30666666666666664,84,0.6820913461538461,0.7067307692307692,0.024639423076923017
mi,108,version_29,150,0.5,45,ok,58,46,46,0.38666666666666666,0.30666666666666664,84,0.7091346153846154,0.6304086538461539,-0.07872596153846156
mi,108,version_29,150,0.5,46,ok,58,46,46,0.38666666666666666,0.30666666666666664,84,0.6754807692307693,0.609375,-0.06610576923076927
mi,108,version_29,150,0.75,,unattainable,,,,,,,,,
mi,108,version_29,150,1.0,,unattainable,,,,,,,,,
mi,108,version_29,200,0.0,,unattainable,,,,,,,,,
mi,108,version_29,200,0.25,,unattainable,,,,,,,,,
mi,108,version_29,200,0.5,,unattainable,,,,,,,,,
mi,108,version_29,200,0.75,,unattainable,,,,,,,,,
mi,108,version_29,200,1.0,,unattainable,,,,,,,,,
mi,108,version_30,50,0.0,42,ok,19,31,0,0.38,0.0,184,0.732394366197183,0.6705721051975571,-0.061822260999625955
mi,108,version_30,50,0.0,43,ok,19,31,0,0.38,0.0,184,0.7660476131123022,0.4275208774772529,-0.33852673563504926
mi,108,version_30,50,0.0,44,ok,19,31,0,0.38,0.0,184,0.7429889068926836,0.5529103826498816,-0.19007852424280203
mi,108,version_30,50,0.0,45,ok,19,31,0,0.38,0.0,184,0.7554530724168016,0.61498192695999,-0.1404711454568116
mi,108,version_30,50,0.0,46,ok,19,31,0,0.38,0.0,184,0.7342639910258008,0.46503801570484854,-0.2692259753209522
mi,108,version_30,50,0.25,42,ok,19,23,8,0.38,0.16,184,0.7084631683908762,0.7287797581951888,0.020316589804312613
mi,108,version_30,50,0.25,43,ok,19,23,8,0.38,0.16,184,0.7232955253645769,0.6546179733266858,-0.06867755203789105
mi,108,version_30,50,0.25,44,ok,19,23,8,0.38,0.16,184,0.7179359341892061,0.7196809173625826,0.0017449831733764576
mi,108,version_30,50,0.25,45,ok,19,23,8,0.38,0.16,184,0.7195562757073415,0.693256886451452,-0.026299389255889483
mi,108,version_30,50,0.25,46,ok,19,23,8,0.38,0.16,184,0.7265362084008476,0.6432755826997383,-0.08326062570110937
mi,108,version_30,50,0.5,42,ok,19,15,16,0.38,0.32,184,0.6867755203789107,0.6811666458930574,-0.0056088744858532324
mi,108,version_30,50,0.5,43,ok,19,15,16,0.38,0.32,184,0.6982425526610994,0.7146952511529353,0.01645269849183595
mi,108,version_30,50,0.5,44,ok,19,15,16,0.38,0.32,184,0.7024803689392995,0.6668328555403216,-0.03564751339897798
mi,108,version_30,50,0.5,45,ok,19,15,16,0.38,0.32,184,0.7074660351489467,0.7131995512900412,0.005733516141094519
mi,108,version_30,50,0.5,46,ok,19,15,16,0.38,0.32,184,0.707590676804188,0.6724417300261747,-0.03514894677801328
mi,108,version_30,50,0.75,42,ok,19,8,23,0.38,0.46,184,0.6989904025925464,0.7036021438364701,0.004611741243923717
mi,108,version_30,50,0.75,43,ok,19,8,23,0.38,0.46,184,0.6336781752461673,0.620466159790602,-0.013212015455565274
mi,108,version_30,50,0.75,44,ok,19,8,23,0.38,0.46,184,0.6810420042378162,0.6819144958245045,0.0008724915866882288
mi,108,version_30,50,0.75,45,ok,19,8,23,0.38,0.46,184,0.6915119032780755,0.6677053471270098,-0.02380655615106575
mi,108,version_30,50,0.75,46,ok,19,8,23,0.38,0.46,184,0.65611367318958,0.665835722298392,0.009722049108812025
mi,108,version_30,50,1.0,42,ok,19,0,31,0.38,0.62,184,0.6511280069799327,0.648635173875109,-0.002492833104823622
mi,108,version_30,50,1.0,43,ok,19,0,31,0.38,0.62,184,0.6617225476754331,0.6577340147077153,-0.003988532967717839
mi,108,version_30,50,1.0,44,ok,19,0,31,0.38,0.62,184,0.6720678050604512,0.6620964726411567,-0.009971332419294487
mi,108,version_30,50,1.0,45,ok,19,0,31,0.38,0.62,184,0.6562383148448212,0.6213386513772903,-0.03489966346753093
mi,108,version_30,50,1.0,46,ok,19,0,31,0.38,0.62,184,0.695999002866758,0.6542440483609623,-0.041754954505795694
mi,108,version_30,100,0.0,42,ok,38,62,0,0.38,0.0,134,0.7816604127579738,0.7094277673545967,-0.07223264540337715
mi,108,version_30,100,0.0,43,ok,38,62,0,0.38,0.0,134,0.7795497185741088,0.7059099437148217,-0.07363977485928708
mi,108,version_30,100,0.0,44,ok,38,62,0,0.38,0.0,134,0.7959662288930581,0.6437617260787992,-0.1522045028142589
mi,108,version_30,100,0.0,45,ok,38,62,0,0.38,0.0,134,0.7926829268292683,0.727954971857411,-0.06472795497185735
mi,108,version_30,100,0.0,46,ok,38,62,0,0.38,0.0,134,0.7865853658536586,0.75281425891182,-0.0337711069418386
mi,108,version_30,100,0.25,42,ok,38,46,16,0.38,0.16,134,0.7584427767354596,0.7774390243902439,0.01899624765478436
mi,108,version_30,100,0.25,43,ok,38,46,16,0.38,0.16,134,0.7347560975609755,0.7424953095684803,0.007739212007504825
mi,108,version_30,100,0.25,44,ok,38,46,16,0.38,0.16,134,0.6754221388367729,0.6794090056285178,0.00398686679174487
mi,108,version_30,100,0.25,45,ok,38,46,16,0.38,0.16,134,0.7366322701688556,0.7037992495309568,-0.032833020637898724
mi,108,version_30,100,0.25,46,ok,38,46,16,0.38,0.16,134,0.6941838649155723,0.7234990619136961,0.029315196998123794
mi,108,version_30,100,0.5,42,ok,38,31,31,0.38,0.31,134,0.700984990619137,0.6787054409005628,-0.022279549718574154
mi,108,version_30,100,0.5,43,ok,38,31,31,0.38,0.31,134,0.7359287054409005,0.724437148217636,-0.011491557223264448
mi,108,version_30,100,0.5,44,ok,38,31,31,0.38,0.31,134,0.6955909943714822,0.6364915572232646,-0.05909943714821764
mi,108,version_30,100,0.5,45,ok,38,31,31,0.38,0.31,134,0.7342870544090057,0.7129455909943715,-0.021341463414634165
mi,108,version_30,100,0.5,46,ok,38,31,31,0.38,0.31,134,0.7103658536585366,0.6697936210131332,-0.04057223264540333
mi,108,version_30,100,0.75,42,ok,38,16,46,0.38,0.46,134,0.6512664165103189,0.6876172607879925,0.036350844277673544
mi,108,version_30,100,0.75,43,ok,38,16,46,0.38,0.46,134,0.6341463414634146,0.6651031894934334,0.030956848030018747
mi,108,version_30,100,0.75,44,ok,38,16,46,0.38,0.46,134,0.6803470919324578,0.62312382739212,-0.05722326454033777
mi,108,version_30,100,0.75,45,ok,38,16,46,0.38,0.46,134,0.6027204502814258,0.5691838649155723,-0.03353658536585358
mi,108,version_30,100,0.75,46,ok,38,16,46,0.38,0.46,134,0.6681519699812383,0.6071763602251408,-0.060975609756097504
mi,108,version_30,100,1.0,,unattainable,,,,,,,,,
mi,108,version_30,150,0.0,,unattainable,,,,,,,,,
mi,108,version_30,150,0.25,42,ok,58,69,23,0.38666666666666666,0.15333333333333332,84,0.7638221153846154,0.7680288461538461,0.0042067307692307265
mi,108,version_30,150,0.25,43,ok,58,69,23,0.38666666666666666,0.15333333333333332,84,0.8022836538461537,0.7884615384615385,-0.013822115384615197
mi,108,version_30,150,0.25,44,ok,58,69,23,0.38666666666666666,0.15333333333333332,84,0.850360576923077,0.7722355769230769,-0.07812500000000011
mi,108,version_30,150,0.25,45,ok,58,69,23,0.38666666666666666,0.15333333333333332,84,0.7650240384615385,0.6923076923076923,-0.07271634615384626
mi,108,version_30,150,0.25,46,ok,58,69,23,0.38666666666666666,0.15333333333333332,84,0.782451923076923,0.7776442307692308,-0.00480769230769218
mi,108,version_30,150,0.5,42,ok,58,46,46,0.38666666666666666,0.30666666666666664,84,0.65625,0.6965144230769231,0.04026442307692313
mi,108,version_30,150,0.5,43,ok,58,46,46,0.38666666666666666,0.30666666666666664,84,0.6322115384615384,0.6364182692307692,0.0042067307692307265
mi,108,version_30,150,0.5,44,ok,58,46,46,0.38666666666666666,0.30666666666666664,84,0.6129807692307692,0.7025240384615384,0.08954326923076927
mi,108,version_30,150,0.5,45,ok,58,46,46,0.38666666666666666,0.30666666666666664,84,0.7163461538461539,0.6694711538461539,-0.046875
mi,108,version_30,150,0.5,46,ok,58,46,46,0.38666666666666666,0.30666666666666664,84,0.6754807692307692,0.6586538461538461,-0.016826923076923017
mi,108,version_30,150,0.75,,unattainable,,,,,,,,,
mi,108,version_30,150,1.0,,unattainable,,,,,,,,,
mi,108,version_30,200,0.0,,unattainable,,,,,,,,,
mi,108,version_30,200,0.25,,unattainable,,,,,,,,,
mi,108,version_30,200,0.5,,unattainable,,,,,,,,,
mi,108,version_30,200,0.75,,unattainable,,,,,,,,,
mi,108,version_30,200,1.0,,unattainable,,,,,,,,,
mi,108,version_41,50,0.0,42,ok,19,31,0,0.38,0.0,184,0.7033528605259878,0.6138601520628194,-0.08949270846316837
mi,108,version_41,50,0.0,43,ok,19,31,0,0.38,0.0,184,0.7368814657858657,0.4424778761061947,-0.29440358967967095
mi,108,version_41,50,0.0,44,ok,19,31,0,0.38,0.0,184,0.7249158668827121,0.5379533840209398,-0.1869624828617723
mi,108,version_41,50,0.0,45,ok,19,31,0,0.38,0.0,184,0.7252897918484358,0.5843200797706593,-0.14096971207777653
mi,108,version_41,50,0.0,46,ok,19,31,0,0.38,0.0,184,0.7128256263243176,0.402218621463293,-0.31060700486102455
mi,108,version_41,50,0.25,42,ok,19,23,8,0.38,0.16,184,0.6748099214757571,0.6800448709958868,0.005234949520129706
mi,108,version_41,50,0.25,43,ok,19,23,8,0.38,0.16,184,0.6901408450704225,0.6963729278324816,0.00623208276205911
mi,108,version_41,50,0.25,44,ok,19,23,8,0.38,0.16,184,0.6932568864514521,0.7159416677053472,0.02268478125389506
mi,108,version_41,50,0.25,45,ok,19,23,8,0.38,0.16,184,0.6963729278324816,0.6994889692135111,0.0031160413810294996
mi,108,version_41,50,0.25,46,ok,19,23,8,0.38,0.16,184,0.7094603016328057,0.6108687523370311,-0.09859154929577463
mi,108,version_41,50,0.5,42,ok,19,15,16,0.38,0.32,184,0.669201046989904,0.6800448709958868,0.010843824005982827
mi,108,version_41,50,0.5,43,ok,19,15,16,0.38,0.32,184,0.6587311479496447,0.675308488096722,0.016577340147077235
mi,108,version_41,50,0.5,44,ok,19,15,16,0.38,0.32,184,0.6694503303003864,0.6572354480867506,-0.012214882213635758
mi,108,version_41,50,0.5,45,ok,19,15,16,0.38,0.32,184,0.6845319705845694,0.6725663716814159,-0.011965598903153518
mi,108,version_41,50,0.5,46,ok,19,15,16,0.38,0.32,184,0.686401595413187,0.669201046989904,-0.017200548423283002
mi,108,version_41,50,0.75,42,ok,19,8,23,0.38,0.46,184,0.661597906020192,0.6932568864514521,0.03165898043126014
mi,108,version_41,50,0.75,43,ok,19,8,23,0.38,0.46,184,0.6042627446092484,0.605384519506419,0.0011217748971705799
mi,108,version_41,50,0.75,44,ok,19,8,23,0.38,0.46,184,0.6589804312601272,0.6372927832481615,-0.021687648011965655
mi,108,version_41,50,0.75,45,ok,19,8,23,0.38,0.46,184,0.6694503303003864,0.6627196809173626,-0.006730649383023812
mi,108,version_41,50,0.75,46,ok,19,8,23,0.38,0.46,184,0.6333042502804437,0.639660974697744,0.006356724417300286
mi,108,version_41,50,1.0,42,ok,19,0,31,0.38,0.62,184,0.6239561261373551,0.6399102580082263,0.015954131870871247
mi,108,version_41,50,1.0,43,ok,19,0,31,0.38,0.62,184,0.628069300760314,0.6706967468527982,0.042627446092484256
mi,108,version_41,50,1.0,44,ok,19,0,31,0.38,0.62,184,0.6237068428268727,0.6295650006232083,0.0058581577963355835
mi,108,version_41,50,1.0,45,ok,19,0,31,0.38,0.62,184,0.6279446591050729,0.6151065686152312,-0.012838090489841747
mi,108,version_41,50,1.0,46,ok,19,0,31,0.38,0.62,184,0.6617225476754331,0.6902654867256637,0.02854293905023053
mi,108,version_41,100,0.0,42,ok,38,62,0,0.38,0.0,134,0.7825984990619137,0.725140712945591,-0.057457786116322684
mi,108,version_41,100,0.0,43,ok,38,62,0,0.38,0.0,134,0.7748592870544091,0.649859287054409,-0.1250000000000001
mi,108,version_41,100,0.0,44,ok,38,62,0,0.38,0.0,134,0.7800187617260788,0.5924015009380862,-0.18761726078799257
mi,108,version_41,100,0.0,45,ok,38,62,0,0.38,0.0,134,0.777673545966229,0.7406191369606003,-0.03705440900562862
mi,108,version_41,100,0.0,46,ok,38,62,0,0.38,0.0,134,0.7762664165103189,0.7401500938086304,-0.03611632270168852
mi,108,version_41,100,0.25,42,ok,38,46,16,0.38,0.16,134,0.721153846153846,0.7626641651031894,0.04151031894934332
mi,108,version_41,100,0.25,43,ok,38,46,16,0.38,0.16,134,0.701688555347092,0.7115384615384616,0.009849906191369606
mi,108,version_41,100,0.25,44,ok,38,46,16,0.38,0.16,134,0.6590056285178236,0.700281425891182,0.0412757973733584
mi,108,version_41,100,0.25,45,ok,38,46,16,0.38,0.16,134,0.7103658536585367,0.7284240150093808,0.01805816135084415
mi,108,version_41,100,0.25,46,ok,38,46,16,0.38,0.16,134,0.6709662288930582,0.7424953095684803,0.07152908067542207
mi,108,version_41,100,0.5,42,ok,38,31,31,0.38,0.31,134,0.6794090056285178,0.6550187617260788,-0.024390243902439046
mi,108,version_41,100,0.5,43,ok,38,31,31,0.38,0.31,134,0.6887898686679176,0.6911350844277673,0.0023452157598496948
mi,108,version_41,100,0.5,44,ok,38,31,31,0.38,0.31,134,0.62546904315197,0.6505628517823641,0.02509380863039401
mi,108,version_41,100,0.5,45,ok,38,31,31,0.38,0.31,134,0.7136491557223265,0.6958255159474672,-0.017823639774859235
mi,108,version_41,100,0.5,46,ok,38,31,31,0.38,0.31,134,0.6782363977485929,0.6819887429643527,0.0037523452157598447
mi,108,version_41,100,0.75,42,ok,38,16,46,0.38,0.46,134,0.6151500938086304,0.6561913696060038,0.04104127579737338
mi,108,version_41,100,0.75,43,ok,38,16,46,0.38,0.46,134,0.6212476547842402,0.6411819887429643,0.019934333958724126
mi,108,version_41,100,0.75,44,ok,38,16,46,0.38,0.46,134,0.6475140712945592,0.5919324577861163,-0.05558161350844293
mi,108,version_41,100,0.75,45,ok,38,16,46,0.38,0.46,134,0.5694183864915572,0.5605065666041276,-0.008911819887429617
mi,108,version_41,100,0.75,46,ok,38,16,46,0.38,0.46,134,0.602954971857411,0.6099906191369606,0.007035647279549639
mi,108,version_41,100,1.0,,unattainable,,,,,,,,,
mi,108,version_41,150,0.0,,unattainable,,,,,,,,,
mi,108,version_41,150,0.25,42,ok,58,69,23,0.38666666666666666,0.15333333333333332,84,0.7602163461538461,0.7926682692307692,0.03245192307692302
mi,108,version_41,150,0.25,43,ok,58,69,23,0.38666666666666666,0.15333333333333332,84,0.7800480769230769,0.821514423076923,0.041466346153846145
mi,108,version_41,150,0.25,44,ok,58,69,23,0.38666666666666666,0.15333333333333332,84,0.8629807692307692,0.7920673076923077,-0.07091346153846145
mi,108,version_41,150,0.25,45,ok,58,69,23,0.38666666666666666,0.15333333333333332,84,0.7686298076923077,0.6989182692307693,-0.06971153846153844
mi,108,version_41,150,0.25,46,ok,58,69,23,0.38666666666666666,0.15333333333333332,84,0.7530048076923077,0.7896634615384616,0.036658653846153855
mi,108,version_41,150,0.5,42,ok,58,46,46,0.38666666666666666,0.30666666666666664,84,0.6328125,0.6514423076923077,0.01862980769230771
mi,108,version_41,150,0.5,43,ok,58,46,46,0.38666666666666666,0.30666666666666664,84,0.625,0.6568509615384615,0.03185096153846145
mi,108,version_41,150,0.5,44,ok,58,46,46,0.38666666666666666,0.30666666666666664,84,0.5931490384615384,0.6268028846153846,0.033653846153846145
mi,108,version_41,150,0.5,45,ok,58,46,46,0.38666666666666666,0.30666666666666664,84,0.673076923076923,0.6502403846153846,-0.022836538461538436
mi,108,version_41,150,0.5,46,ok,58,46,46,0.38666666666666666,0.30666666666666664,84,0.6622596153846153,0.625,-0.03725961538461531
mi,108,version_41,150,0.75,,unattainable,,,,,,,,,
mi,108,version_41,150,1.0,,unattainable,,,,,,,,,
mi,108,version_41,200,0.0,,unattainable,,,,,,,,,
mi,108,version_41,200,0.25,,unattainable,,,,,,,,,
mi,108,version_41,200,0.5,,unattainable,,,,,,,,,
mi,108,version_41,200,0.75,,unattainable,,,,,,,,,
mi,108,version_41,200,1.0,,unattainable,,,,,,,,,
mi,109,version_27,50,0.0,42,ok,19,31,0,0.38,0.0,184,0.643774149320703,0.5067929702106444,-0.13698117911005858
mi,109,version_27,50,0.0,43,ok,19,31,0,0.38,0.0,184,0.6471394740122148,0.48398354730150817,-0.16315592671070667
mi,109,version_27,50,0.0,44,ok,19,31,0,0.38,0.0,184,0.6343013835223732,0.5638788483111057,-0.07042253521126751
mi,109,version_27,50,0.0,45,ok,19,31,0,0.38,0.0,184,0.6679546304374923,0.4530724168016952,-0.21488221363579707
mi,109,version_27,50,0.0,46,ok,19,31,0,0.38,0.0,184,0.6685778387136981,0.5028044372429266,-0.16577340147077158
mi,109,version_27,50,0.25,42,ok,19,23,8,0.38,0.16,184,0.6270721675183847,0.5976567368814659,-0.02941543063691876
mi,109,version_27,50,0.25,43,ok,19,23,8,0.38,0.16,184,0.6523744235323445,0.5534089492708464,-0.09896547426149815
mi,109,version_27,50,0.25,44,ok,19,23,8,0.38,0.16,184,0.6340521002118908,0.5713573476255766,-0.0626947525863143
mi,109,version_27,50,0.25,45,ok,19,23,8,0.38,0.16,184,0.6538701233952388,0.5500436245793345,-0.10382649881590422
mi,109,version_27,50,0.25,46,ok,19,23,8,0.38,0.16,184,0.6543686900162033,0.5141468278698741,-0.14022186214632926
mi,109,version_27,50,0.5,42,ok,19,15,16,0.38,0.32,184,0.6205908014458432,0.5712327059703354,-0.049358095475507846
mi,109,version_27,50,0.5,43,ok,19,15,16,0.38,0.32,184,0.6225850679297021,0.6093730524741369,-0.013212015455565274
mi,109,version_27,50,0.5,44,ok,19,15,16,0.38,0.32,184,0.6387884831110557,0.5779633553533591,-0.06082512775769666
mi,109,version_27,50,0.5,45,ok,19,15,16,0.38,0.32,184,0.6242054094478374,0.5268602767044747,-0.09734513274336276
mi,109,version_27,50,0.5,46,ok,19,15,16,0.38,0.32,184,0.6214632930325314,0.5952885454318834,-0.026174747600648085
mi,109,version_27,50,0.75,42,ok,19,8,23,0.38,0.46,184,0.6320578337280319,0.5954131870871247,-0.036644646640907275
mi,109,version_27,50,0.75,43,ok,19,8,23,0.38,0.46,184,0.5835722298392124,0.5941667705347128,0.010594540695500365
mi,109,version_27,50,0.75,44,ok,19,8,23,0.38,0.46,184,0.5931696372927833,0.6010220615729777,0.007852424280194392
mi,109,version_27,50,0.75,45,ok,19,8,23,0.38,0.46,184,0.6294403589679671,0.5166396609746977,-0.11280069799326942
mi,109,version_27,50,0.75,46,ok,19,8,23,0.38,0.46,184,0.609497694129378,0.5935435622585068,-0.015954131870871247
mi,109,version_27,50,1.0,42,ok,19,0,31,0.38,0.62,184,0.5997756450205659,0.5596410320329054,-0.04013461298766052
mi,109,version_27,50,1.0,43,ok,19,0,31,0.38,0.62,184,0.6249532593792846,0.5578960488595289,-0.06705721051975566
mi,109,version_27,50,1.0,44,ok,19,0,31,0.38,0.62,184,0.5830736632182475,0.5081640284182973,-0.07490963479995016
mi,109,version_27,50,1.0,45,ok,19,0,31,0.38,0.62,184,0.5755951639037766,0.5564003489966347,-0.01919481490714192
mi,109,version_27,50,1.0,46,ok,19,0,31,0.38,0.62,184,0.5866882712202418,0.5869375545307242,0.0002492833104823511
mi,109,version_27,100,0.0,42,ok,38,62,0,0.38,0.0,134,0.6744840525328331,0.4329268292682927,-0.24155722326454038
mi,109,version_27,100,0.0,43,ok,38,62,0,0.38,0.0,134,0.699108818011257,0.46575984990619135,-0.23334896810506567
mi,109,version_27,100,0.0,44,ok,38,62,0,0.38,0.0,134,0.6674484052532832,0.4960131332082552,-0.171435272045028
mi,109,version_27,100,0.0,45,ok,38,62,0,0.38,0.0,134,0.6651031894934334,0.5117260787992496,-0.1533771106941838
mi,109,version_27,100,0.0,46,ok,38,62,0,0.38,0.0,134,0.724906191369606,0.49671669793621015,-0.22818949343339584
mi,109,version_27,100,0.25,42,ok,38,46,16,0.38,0.16,134,0.6348499061913696,0.6207786116322702,-0.01407129455909939
mi,109,version_27,100,0.25,43,ok,38,46,16,0.38,0.16,134,0.6425891181988743,0.6308630393996248,-0.011726078799249473
mi,109,version_27,100,0.25,44,ok,38,46,16,0.38,0.16,134,0.6106941838649156,0.5729362101313321,-0.03775797373358347
mi,109,version_27,100,0.25,45,ok,38,46,16,0.38,0.16,134,0.6069418386491556,0.6353189493433397,0.028377110694184027
mi,109,version_27,100,0.25,46,ok,38,46,16,0.38,0.16,134,0.6909005628517824,0.5820825515947468,-0.10881801125703561
mi,109,version_27,100,0.5,42,ok,38,31,31,0.38,0.31,134,0.6214821763602252,0.5567542213883677,-0.06472795497185746
mi,109,version_27,100,0.5,43,ok,38,31,31,0.38,0.31,134,0.6081144465290808,0.6020168855534709,-0.0060975609756098725
mi,109,version_27,100,0.5,44,ok,38,31,31,0.38,0.31,134,0.6245309568480301,0.5931050656660413,-0.031425891181988796
mi,109,version_27,100,0.5,45,ok,38,31,31,0.38,0.31,134,0.6092870544090057,0.573170731707317,-0.03611632270168863
mi,109,version_27,100,0.5,46,ok,38,31,31,0.38,0.31,134,0.6721388367729831,0.6060037523452158,-0.06613508442776739
mi,109,version_27,100,0.75,42,ok,38,16,46,0.38,0.46,134,0.5447936210131331,0.5349437148217635,-0.009849906191369606
mi,109,version_27,100,0.75,43,ok,38,16,46,0.38,0.46,134,0.6010787992495309,0.6158536585365855,0.014774859287054576
mi,109,version_27,100,0.75,44,ok,38,16,46,0.38,0.46,134,0.6139774859287055,0.598968105065666,-0.01500938086303949
mi,109,version_27,100,0.75,45,ok,38,16,46,0.38,0.46,134,0.548545966228893,0.5548780487804879,0.0063320825515948975
mi,109,version_27,100,0.75,46,ok,38,16,46,0.38,0.46,134,0.5644934333958724,0.5436210131332083,-0.020872420262664115
mi,109,version_27,100,1.0,,unattainable,,,,,,,,,
mi,109,version_27,150,0.0,,unattainable,,,,,,,,,
mi,109,version_27,150,0.25,42,ok,58,69,23,0.38666666666666666,0.15333333333333332,84,0.6346153846153847,0.6328125,-0.0018028846153846922
mi,109,version_27,150,0.25,43,ok,58,69,23,0.38666666666666666,0.15333333333333332,84,0.6850961538461539,0.5841346153846154,-0.10096153846153844
mi,109,version_27,150,0.25,44,ok,58,69,23,0.38666666666666666,0.15333333333333332,84,0.6286057692307693,0.5612980769230769,-0.0673076923076924
mi,109,version_27,150,0.25,45,ok,58,69,23,0.38666666666666666,0.15333333333333332,84,0.7169471153846153,0.5697115384615384,-0.14723557692307687
mi,109,version_27,150,0.25,46,ok,58,69,23,0.38666666666666666,0.15333333333333332,84,0.6989182692307692,0.6256009615384615,-0.07331730769230771
mi,109,version_27,150,0.5,42,ok,58,46,46,0.38666666666666666,0.30666666666666664,84,0.5859375,0.6033653846153847,0.017427884615384692
mi,109,version_27,150,0.5,43,ok,58,46,46,0.38666666666666666,0.30666666666666664,84,0.6195913461538461,0.5018028846153846,-0.11778846153846156
mi,109,version_27,150,0.5,44,ok,58,46,46,0.38666666666666666,0.30666666666666664,84,0.552283653846154,0.5805288461538461,0.02824519230769218
mi,109,version_27,150,0.5,45,ok,58,46,46,0.38666666666666666,0.30666666666666664,84,0.6490384615384615,0.6304086538461539,-0.0186298076923076
mi,109,version_27,150,0.5,46,ok,58,46,46,0.38666666666666666,0.30666666666666664,84,0.6033653846153846,0.6213942307692308,0.018028846153846256
mi,109,version_27,150,0.75,,unattainable,,,,,,,,,
mi,109,version_27,150,1.0,,unattainable,,,,,,,,,
mi,109,version_27,200,0.0,,unattainable,,,,,,,,,
mi,109,version_27,200,0.25,,unattainable,,,,,,,,,
mi,109,version_27,200,0.5,,unattainable,,,,,,,,,
mi,109,version_27,200,0.75,,unattainable,,,,,,,,,
mi,109,version_27,200,1.0,,unattainable,,,,,,,,,
mi,109,version_28,50,0.0,42,ok,19,31,0,0.38,0.0,184,0.5674934563130999,0.48348498068054346,-0.08400847563255642
mi,109,version_28,50,0.0,43,ok,19,31,0,0.38,0.0,184,0.5971581702605011,0.4733890066060077,-0.12376916365449342
mi,109,version_28,50,0.0,44,ok,19,31,0,0.38,0.0,184,0.6007727782624953,0.5475507914745108,-0.05322198678798451
mi,109,version_28,50,0.0,45,ok,19,31,0,0.38,0.0,184,0.6188458182724668,0.3972329552536457,-0.22161286301882105
mi,109,version_28,50,0.0,46,ok,19,31,0,0.38,0.0,184,0.6066309360588309,0.47575719805559025,-0.13087373800324065
mi,109,version_28,50,0.25,42,ok,19,23,8,0.38,0.16,184,0.555278574099464,0.5406955004362458,-0.014583073663218205
mi,109,version_28,50,0.25,43,ok,19,23,8,0.38,0.16,184,0.5716066309360589,0.5565249906518759,-0.015081640284183018
mi,109,version_28,50,0.25,44,ok,19,23,8,0.38,0.16,184,0.5848186463916241,0.5441854667829988,-0.040633179608625225
mi,109,version_28,50,0.25,45,ok,19,23,8,0.38,0.16,184,0.5899289542565125,0.5482986414059579,-0.04163031285055463
mi,109,version_28,50,0.25,46,ok,19,23,8,0.38,0.16,184,0.6013959865387013,0.37068428268727405,-0.23071170385142725
mi,109,version_28,50,0.5,42,ok,19,15,16,0.38,0.32,184,0.5742241056961237,0.49258382151314967,-0.08164028418297403
mi,109,version_28,50,0.5,43,ok,19,15,16,0.38,0.32,184,0.5468029415430637,0.5342141343637044,-0.012588807179359396
mi,109,version_28,50,0.5,44,ok,19,15,16,0.38,0.32,184,0.5876854044621712,0.5439361834725166,-0.043749220989654614
mi,109,version_28,50,0.5,45,ok,19,15,16,0.38,0.32,184,0.554530724168017,0.5446840334039635,-0.009846690764053423
mi,109,version_28,50,0.5,46,ok,19,15,16,0.38,0.32,184,0.5596410320329054,0.5441854667829988,-0.015455565249906544
mi,109,version_28,50,0.75,42,ok,19,8,23,0.38,0.46,184,0.5591424654119407,0.546304374922099,-0.012838090489841636
mi,109,version_28,50,0.75,43,ok,19,8,23,0.38,0.46,184,0.5251152935310981,0.5572728405833229,0.032157547052224844
mi,109,version_28,50,0.75,44,ok,19,8,23,0.38,0.46,184,0.5502929078898168,0.5238688769786862,-0.026424030911130547
mi,109,version_28,50,0.75,45,ok,19,8,23,0.38,0.46,184,0.5653745481739997,0.5168889442851801,-0.04848560388881962
mi,109,version_28,50,0.75,46,ok,19,8,23,0.38,0.46,184,0.5692384394864763,0.5440608251277577,-0.02517761435871868
mi,109,version_28,50,1.0,42,ok,19,0,31,0.38,0.62,184,0.589555029290789,0.5222485354605508,-0.06730649383023812
mi,109,version_28,50,1.0,43,ok,19,0,31,0.38,0.62,184,0.5425651252648636,0.49669699613610874,-0.04586812912875482
mi,109,version_28,50,1.0,44,ok,19,0,31,0.38,0.62,184,0.5570235572728406,0.5075408201420915,-0.04948273713074913
mi,109,version_28,50,1.0,45,ok,19,0,31,0.38,0.62,184,0.5327184345008101,0.5438115418172753,0.011093107316465178
mi,109,version_28,50,1.0,46,ok,19,0,31,0.38,0.62,184,0.5471768665087873,0.5534089492708464,0.00623208276205911
mi,109,version_28,100,0.0,42,ok,38,62,0,0.38,0.0,134,0.5888836772983115,0.39305816135084426,-0.19582551594746722
mi,109,version_28,100,0.0,43,ok,38,62,0,0.38,0.0,134,0.6088180112570357,0.37757973733583494,-0.23123827392120078
mi,109,version_28,100,0.0,44,ok,38,62,0,0.38,0.0,134,0.6121013133208255,0.44301125703564725,-0.16909005628517826
mi,109,version_28,100,0.0,45,ok,38,62,0,0.38,0.0,134,0.6050656660412758,0.4638836772983115,-0.14118198874296428
mi,109,version_28,100,0.0,46,ok,38,62,0,0.38,0.0,134,0.6547842401500937,0.41275797373358347,-0.24202626641651026
mi,109,version_28,100,0.25,42,ok,38,46,16,0.38,0.16,134,0.5780956848030019,0.5459662288930581,-0.03212945590994376
mi,109,version_28,100,0.25,43,ok,38,46,16,0.38,0.16,134,0.5541744840525329,0.551360225140713,-0.0028142589118198558
mi,109,version_28,100,0.25,44,ok,38,46,16,0.38,0.16,134,0.5459662288930582,0.5321294559099436,-0.013836772983114587
mi,109,version_28,100,0.25,45,ok,38,46,16,0.38,0.16,134,0.5598030018761726,0.5872420262664166,0.027439024390244038
mi,109,version_28,100,0.25,46,ok,38,46,16,0.38,0.16,134,0.5844277673545967,0.5656660412757974,-0.018761726078799223
mi,109,version_28,100,0.5,42,ok,38,31,31,0.38,0.31,134,0.5623827392120075,0.5764540337711069,0.01407129455909939
mi,109,version_28,100,0.5,43,ok,38,31,31,0.38,0.31,134,0.5851313320825515,0.5635553470919324,-0.02157598499061908
mi,109,version_28,100,0.5,44,ok,38,31,31,0.38,0.31,134,0.6212476547842403,0.5147748592870545,-0.1064727954971858
mi,109,version_28,100,0.5,45,ok,38,31,31,0.38,0.31,134,0.5232176360225141,0.5297842401500937,0.0065666041275795894
mi,109,version_28,100,0.5,46,ok,38,31,31,0.38,0.31,134,0.6015478424015009,0.5771575984990619,-0.024390243902439046
mi,109,version_28,100,0.75,42,ok,38,16,46,0.38,0.46,134,0.47138836772983117,0.4861632270168856,0.01477485928705441
mi,109,version_28,100,0.75,43,ok,38,16,46,0.38,0.46,134,0.5886491557223263,0.5506566604127581,-0.037992495309568275
mi,109,version_28,100,0.75,44,ok,38,16,46,0.38,0.46,134,0.5408067542213884,0.5368198874296435,-0.00398686679174487
mi,109,version_28,100,0.75,45,ok,38,16,46,0.38,0.46,134,0.5037523452157598,0.5454971857410882,0.04174484052532834
mi,109,version_28,100,0.75,46,ok,38,16,46,0.38,0.46,134,0.5053939962476548,0.4854596622889305,-0.019934333958724293
mi,109,version_28,100,1.0,,unattainable,,,,,,,,,
mi,109,version_28,150,0.0,,unattainable,,,,,,,,,
mi,109,version_28,150,0.25,42,ok,58,69,23,0.38666666666666666,0.15333333333333332,84,0.5360576923076923,0.6015625,0.06550480769230771
mi,109,version_28,150,0.25,43,ok,58,69,23,0.38666666666666666,0.15333333333333332,84,0.6322115384615384,0.4807692307692307,-0.1514423076923077
mi,109,version_28,150,0.25,44,ok,58,69,23,0.38666666666666666,0.15333333333333332,84,0.5018028846153846,0.4387019230769231,-0.06310096153846151
mi,109,version_28,150,0.25,45,ok,58,69,23,0.38666666666666666,0.15333333333333332,84,0.6111778846153847,0.6382211538461539,0.027043269230769162
mi,109,version_28,150,0.25,46,ok,58,69,23,0.38666666666666666,0.15333333333333332,84,0.5979567307692308,0.6346153846153846,0.036658653846153744
mi,109,version_28,150,0.5,42,ok,58,46,46,0.38666666666666666,0.30666666666666664,84,0.5709134615384616,0.5853365384615385,0.014423076923076983
mi,109,version_28,150,0.5,43,ok,58,46,46,0.38666666666666666,0.30666666666666664,84,0.5102163461538461,0.46153846153846156,-0.04867788461538458
mi,109,version_28,150,0.5,44,ok,58,46,46,0.38666666666666666,0.30666666666666664,84,0.5024038461538461,0.5306490384615384,0.02824519230769229
mi,109,version_28,150,0.5,45,ok,58,46,46,0.38666666666666666,0.30666666666666664,84,0.6207932692307692,0.5354567307692307,-0.08533653846153844
mi,109,version_28,150,0.5,46,ok,58,46,46,0.38666666666666666,0.30666666666666664,84,0.5426682692307693,0.546875,0.0042067307692307265
mi,109,version_28,150,0.75,,unattainable,,,,,,,,,
mi,109,version_28,150,1.0,,unattainable,,,,,,,,,
mi,109,version_28,200,0.0,,unattainable,,,,,,,,,
mi,109,version_28,200,0.25,,unattainable,,,,,,,,,
mi,109,version_28,200,0.5,,unattainable,,,,,,,,,
mi,109,version_28,200,0.75,,unattainable,,,,,,,,,
mi,109,version_28,200,1.0,,unattainable,,,,,,,,,
mi,109,version_29,50,0.0,42,ok,19,31,0,0.38,0.0,184,0.5997756450205659,0.520254268976692,-0.07952137604387388
mi,109,version_29,50,0.0,43,ok,19,31,0,0.38,0.0,184,0.6252025426897669,0.4899663467530849,-0.135236195936682
mi,109,version_29,50,0.0,44,ok,19,31,0,0.38,0.0,184,0.5875607628069301,0.5478000747849932,-0.039760688021936996
mi,109,version_29,50,0.0,45,ok,19,31,0,0.38,0.0,184,0.6397856163529851,0.42752087747725287,-0.21226473887573227
mi,109,version_29,50,0.0,46,ok,19,31,0,0.38,0.0,184,0.6245793344135611,0.5011840957247913,-0.12339523868876978
mi,109,version_29,50,0.25,42,ok,19,23,8,0.38,0.16,184,0.5824504549420417,0.49295774647887325,-0.08949270846316848
mi,109,version_29,50,0.25,43,ok,19,23,8,0.38,0.16,184,0.5960363953633304,0.5759690888695003,-0.02006730649383015
mi,109,version_29,50,0.25,44,ok,19,23,8,0.38,0.16,184,0.638289916490091,0.5391998005733516,-0.09909011591673944
mi,109,version_29,50,0.25,45,ok,19,23,8,0.38,0.16,184,0.6406581079396734,0.44858531721301265,-0.19207279072666072
mi,109,version_29,50,0.25,46,ok,19,23,8,0.38,0.16,184,0.6335535335909261,0.4791225227471021,-0.15443101084382405
mi,109,version_29,50,0.5,42,ok,19,15,16,0.38,0.32,184,0.5935435622585068,0.5684905895550293,-0.025052972703477505
mi,109,version_29,50,0.5,43,ok,19,15,16,0.38,0.32,184,0.5954131870871245,0.577215505421912,-0.018197681665212517
mi,109,version_29,50,0.5,44,ok,19,15,16,0.38,0.32,184,0.6041381029540072,0.6041381029540073,1.1102230246251565e-16
mi,109,version_29,50,0.5,45,ok,19,15,16,0.38,0.32,184,0.5762183721799825,0.521625327184345,-0.05459304499563755
mi,109,version_29,50,0.5,46,ok,19,15,16,0.38,0.32,184,0.5716066309360588,0.5393244422285928,-0.03228218870746602
mi,109,version_29,50,0.75,42,ok,19,8,23,0.38,0.46,184,0.5875607628069301,0.5890564626698243,0.0014956998628941065
mi,109,version_29,50,0.75,43,ok,19,8,23,0.38,0.46,184,0.549046491337405,0.5922971457060949,0.04325065436868991
mi,109,version_29,50,0.75,44,ok,19,8,23,0.38,0.46,184,0.5601395986538701,0.5052972703477502,-0.0548423283061199
mi,109,version_29,50,0.75,45,ok,19,8,23,0.38,0.46,184,0.6017699115044247,0.5753458805932943,-0.026424030911130436
mi,109,version_29,50,0.75,46,ok,19,8,23,0.38,0.46,184,0.6017699115044248,0.49557522123893805,-0.10619469026548678
mi,109,version_29,50,1.0,42,ok,19,0,31,0.38,0.62,184,0.6002742116415306,0.516141094353733,-0.0841331172877976
mi,109,version_29,50,1.0,43,ok,19,0,31,0.38,0.62,184,0.5896796709460301,0.5645020565873115,-0.02517761435871868
mi,109,version_29,50,1.0,44,ok,19,0,31,0.38,0.62,184,0.5615106568615231,0.5405708587810046,-0.02093979808051849
mi,109,version_29,50,1.0,45,ok,19,0,31,0.38,0.62,184,0.5591424654119407,0.5327184345008101,-0.026424030911130547
mi,109,version_29,50,1.0,46,ok,19,0,31,0.38,0.62,184,0.5814533217001121,0.5822011716315593,0.0007478499314471643
mi,109,version_29,100,0.0,42,ok,38,62,0,0.38,0.0,134,0.6240619136960601,0.401500938086304,-0.22256097560975613
mi,109,version_29,100,0.0,43,ok,38,62,0,0.38,0.0,134,0.6425891181988743,0.4692776735459663,-0.17331144465290804
mi,109,version_29,100,0.0,44,ok,38,62,0,0.38,0.0,134,0.624296435272045,0.42612570356472795,-0.19817073170731708
mi,109,version_29,100,0.0,45,ok,38,62,0,0.38,0.0,134,0.6451688555347093,0.47115384615384615,-0.17401500938086312
mi,109,version_29,100,0.0,46,ok,38,62,0,0.38,0.0,134,0.6772983114446529,0.45333020637898686,-0.22396810506566606
mi,109,version_29,100,0.25,42,ok,38,46,16,0.38,0.16,134,0.6053001876172608,0.5984990619136961,-0.0068011257035647255
mi,109,version_29,100,0.25,43,ok,38,46,16,0.38,0.16,134,0.5811444652908068,0.6029549718574109,0.021810506566604104
mi,109,version_29,100,0.25,44,ok,38,46,16,0.38,0.16,134,0.575046904315197,0.5401031894934335,-0.034943714821763505
mi,109,version_29,100,0.25,45,ok,38,46,16,0.38,0.16,134,0.5687148217636022,0.5947467166979362,0.026031894934334
mi,109,version_29,100,0.25,46,ok,38,46,16,0.38,0.16,134,0.6371951219512195,0.5537054409005628,-0.08348968105065668
mi,109,version_29,100,0.5,42,ok,38,31,31,0.38,0.31,134,0.6299249530956849,0.5640243902439024,-0.06590056285178247
mi,109,version_29,100,0.5,43,ok,38,31,31,0.38,0.31,134,0.5830206378986866,0.5633208255159474,-0.019699812382739212
mi,109,version_29,100,0.5,44,ok,38,31,31,0.38,0.31,134,0.6170262664165103,0.5947467166979362,-0.022279549718574043
mi,109,version_29,100,0.5,45,ok,38,31,31,0.38,0.31,134,0.6121013133208255,0.5984990619136961,-0.013602251407129451
mi,109,version_29,100,0.5,46,ok,38,31,31,0.38,0.31,134,0.6212476547842402,0.6020168855534709,-0.019230769230769273
mi,109,version_29,100,0.75,42,ok,38,16,46,0.38,0.46,134,0.5086772983114447,0.5372889305816135,0.02861163227016883
mi,109,version_29,100,0.75,43,ok,38,16,46,0.38,0.46,134,0.6118667917448405,0.5940431519699811,-0.017823639774859346
mi,109,version_29,100,0.75,44,ok,38,16,46,0.38,0.46,134,0.5677767354596623,0.5691838649155722,0.0014071294559098169
mi,109,version_29,100,0.75,45,ok,38,16,46,0.38,0.46,134,0.5429174484052532,0.5675422138836773,0.02462476547842407
mi,109,version_29,100,0.75,46,ok,38,16,46,0.38,0.46,134,0.5330675422138836,0.5705909943714822,0.03752345215759856
mi,109,version_29,100,1.0,,unattainable,,,,,,,,,
mi,109,version_29,150,0.0,,unattainable,,,,,,,,,
mi,109,version_29,150,0.25,42,ok,58,69,23,0.38666666666666666,0.15333333333333332,84,0.6123798076923077,0.5907451923076923,-0.02163461538461542
mi,109,version_29,150,0.25,43,ok,58,69,23,0.38666666666666666,0.15333333333333332,84,0.670673076923077,0.5582932692307693,-0.11237980769230771
mi,109,version_29,150,0.25,44,ok,58,69,23,0.38666666666666666,0.15333333333333332,84,0.5733173076923077,0.5030048076923077,-0.0703125
mi,109,version_29,150,0.25,45,ok,58,69,23,0.38666666666666666,0.15333333333333332,84,0.696514423076923,0.6418269230769231,-0.05468749999999989
mi,109,version_29,150,0.25,46,ok,58,69,23,0.38666666666666666,0.15333333333333332,84,0.6490384615384616,0.6237980769230769,-0.025240384615384692
mi,109,version_29,150,0.5,42,ok,58,46,46,0.38666666666666666,0.30666666666666664,84,0.5865384615384615,0.5486778846153846,-0.03786057692307687
mi,109,version_29,150,0.5,43,ok,58,46,46,0.38666666666666666,0.30666666666666664,84,0.5594951923076923,0.5817307692307692,0.022235576923076872
mi,109,version_29,150,0.5,44,ok,58,46,46,0.38666666666666666,0.30666666666666664,84,0.5384615384615383,0.5246394230769231,-0.013822115384615197
mi,109,version_29,150,0.5,45,ok,58,46,46,0.38666666666666666,0.30666666666666664,84,0.6358173076923077,0.625,-0.01081730769230771
mi,109,version_29,150,0.5,46,ok,58,46,46,0.38666666666666666,0.30666666666666664,84,0.6117788461538463,0.626201923076923,0.01442307692307676
mi,109,version_29,150,0.75,,unattainable,,,,,,,,,
mi,109,version_29,150,1.0,,unattainable,,,,,,,,,
mi,109,version_29,200,0.0,,unattainable,,,,,,,,,
mi,109,version_29,200,0.25,,unattainable,,,,,,,,,
mi,109,version_29,200,0.5,,unattainable,,,,,,,,,
mi,109,version_29,200,0.75,,unattainable,,,,,,,,,
mi,109,version_29,200,1.0,,unattainable,,,,,,,,,
mi,109,version_30,50,0.0,42,ok,19,31,0,0.38,0.0,184,0.6126137355104075,0.5403215754705222,-0.07229216003988537
mi,109,version_30,50,0.0,43,ok,19,31,0,0.38,0.0,184,0.6309360588308613,0.47675433129751965,-0.1541817275333417
mi,109,version_30,50,0.0,44,ok,19,31,0,0.38,0.0,184,0.6198429515143961,0.5364576841580456,-0.08338526735635043
mi,109,version_30,50,0.0,45,ok,19,31,0,0.38,0.0,184,0.6243300511030787,0.5121525613860152,-0.11217748971706354
mi,109,version_30,50,0.0,46,ok,19,31,0,0.38,0.0,184,0.6603514894677801,0.5148946778013213,-0.14545681166645885
mi,109,version_30,50,0.25,42,ok,19,23,8,0.38,0.16,184,0.6092484108188957,0.5055465536582325,-0.10370185716066316
mi,109,version_30,50,0.25,43,ok,19,23,8,0.38,0.16,184,0.6238314844821139,0.5869375545307242,-0.03689392995138974
mi,109,version_30,50,0.25,44,ok,19,23,8,0.38,0.16,184,0.621837217998255,0.5334662844322573,-0.08837093356599768
mi,109,version_30,50,0.25,45,ok,19,23,8,0.38,0.16,184,0.6265736008974199,0.5445593917487225,-0.08201420914869739
mi,109,version_30,50,0.25,46,ok,19,23,8,0.38,0.16,184,0.6137355104075782,0.46416552411816037,-0.14956998628941787
mi,109,version_30,50,0.5,42,ok,19,15,16,0.38,0.32,184,0.617724043375296,0.5864389879097595,-0.031285055465536504
mi,109,version_30,50,0.5,43,ok,19,15,16,0.38,0.32,184,0.6021438364701484,0.53059952636171,-0.07154431010843831
mi,109,version_30,50,0.5,44,ok,19,15,16,0.38,0.32,184,0.6194690265486725,0.513398977938427,-0.1060700486102455
mi,109,version_30,50,0.5,45,ok,19,15,16,0.38,0.32,184,0.6031409697120779,0.5729776891437119,-0.030163280568365924
mi,109,version_30,50,0.5,46,ok,19,15,16,0.38,0.32,184,0.5856911379783124,0.6051352361959367,0.019444098217624273
mi,109,version_30,50,0.75,42,ok,19,8,23,0.38,0.46,184,0.6043873862644895,0.6139847937180606,0.009597407453571072
mi,109,version_30,50,0.75,43,ok,19,8,23,0.38,0.46,184,0.5714819892808177,0.5888071793593419,0.017325190078524177
mi,109,version_30,50,0.75,44,ok,19,8,23,0.38,0.46,184,0.5723544808675058,0.525738501807304,-0.04661597906020187
mi,109,version_30,50,0.75,45,ok,19,8,23,0.38,0.46,184,0.6234575595163904,0.5181353608375919,-0.10532219867879844
mi,109,version_30,50,0.75,46,ok,19,8,23,0.38,0.46,184,0.6234575595163905,0.4858531721301259,-0.13760438738626457
mi,109,version_30,50,1.0,42,ok,19,0,31,0.38,0.62,184,0.5989031534338776,0.5163903776642154,-0.0825127757696622
mi,109,version_30,50,1.0,43,ok,19,0,31,0.38,0.62,184,0.6198429515143962,0.533341642777016,-0.08650130873738016
mi,109,version_30,50,1.0,44,ok,19,0,31,0.38,0.62,184,0.5800822634924592,0.5219992521500685,-0.05808301134239069
mi,109,version_30,50,1.0,45,ok,19,0,31,0.38,0.62,184,0.5815779633553534,0.4960737878599028,-0.08550417549545059
mi,109,version_30,50,1.0,46,ok,19,0,31,0.38,0.62,184,0.5932942789480244,0.5567742739623582,-0.03652000498566621
mi,109,version_30,100,0.0,42,ok,38,62,0,0.38,0.0,134,0.6088180112570357,0.4695121951219512,-0.13930581613508453
mi,109,version_30,100,0.0,43,ok,38,62,0,0.38,0.0,134,0.6214821763602251,0.49788930581613505,-0.12359287054409002
mi,109,version_30,100,0.0,44,ok,38,62,0,0.38,0.0,134,0.6346153846153847,0.4934333958724203,-0.1411819887429644
mi,109,version_30,100,0.0,45,ok,38,62,0,0.38,0.0,134,0.6432926829268292,0.44981238273921204,-0.19348030018761714
mi,109,version_30,100,0.0,46,ok,38,62,0,0.38,0.0,134,0.6887898686679175,0.44934333958724204,-0.23944652908067543
mi,109,version_30,100,0.25,42,ok,38,46,16,0.38,0.16,134,0.6329737335834897,0.5980300187617261,-0.034943714821763616
mi,109,version_30,100,0.25,43,ok,38,46,16,0.38,0.16,134,0.5914634146341463,0.5661350844277674,-0.025328330206378924
mi,109,version_30,100,0.25,44,ok,38,46,16,0.38,0.16,134,0.5973264540337712,0.5830206378986867,-0.014305816135084415
mi,109,version_30,100,0.25,45,ok,38,46,16,0.38,0.16,134,0.5771575984990619,0.574108818011257,-0.0030487804878048808
mi,109,version_30,100,0.25,46,ok,38,46,16,0.38,0.16,134,0.6325046904315197,0.5968574108818011,-0.03564727954971858
mi,109,version_30,100,0.5,42,ok,38,31,31,0.38,0.31,134,0.6254690431519699,0.5738742964352721,-0.05159474671669784
mi,109,version_30,100,0.5,43,ok,38,31,31,0.38,0.31,134,0.6022514071294559,0.6024859287054409,0.000234521575985025
mi,109,version_30,100,0.5,44,ok,38,31,31,0.38,0.31,134,0.6381332082551595,0.5138367729831145,-0.12429643527204504
mi,109,version_30,100,0.5,45,ok,38,31,31,0.38,0.31,134,0.5900562851782364,0.5872420262664164,-0.002814258911819967
mi,109,version_30,100,0.5,46,ok,38,31,31,0.38,0.31,134,0.6036585365853658,0.5565196998123827,-0.04713883677298314
mi,109,version_30,100,0.75,42,ok,38,16,46,0.38,0.46,134,0.5785647279549718,0.5323639774859287,-0.04620075046904315
mi,109,version_30,100,0.75,43,ok,38,16,46,0.38,0.46,134,0.6325046904315197,0.6041275797373359,-0.028377110694183805
mi,109,version_30,100,0.75,44,ok,38,16,46,0.38,0.46,134,0.5532363977485929,0.5389305816135085,-0.014305816135084415
mi,109,version_30,100,0.75,45,ok,38,16,46,0.38,0.46,134,0.5560506566604128,0.5555816135084428,-0.00046904315196993895
mi,109,version_30,100,0.75,46,ok,38,16,46,0.38,0.46,134,0.5272045028142589,0.5593339587242027,0.03212945590994376
mi,109,version_30,100,1.0,,unattainable,,,,,,,,,
mi,109,version_30,150,0.0,,unattainable,,,,,,,,,
mi,109,version_30,150,0.25,42,ok,58,69,23,0.38666666666666666,0.15333333333333332,84,0.5835336538461539,0.567908653846154,-0.015624999999999889
mi,109,version_30,150,0.25,43,ok,58,69,23,0.38666666666666666,0.15333333333333332,84,0.6117788461538463,0.5198317307692307,-0.09194711538461553
mi,109,version_30,150,0.25,44,ok,58,69,23,0.38666666666666666,0.15333333333333332,84,0.5546875,0.4705528846153846,-0.08413461538461542
mi,109,version_30,150,0.25,45,ok,58,69,23,0.38666666666666666,0.15333333333333332,84,0.6207932692307692,0.5582932692307693,-0.06249999999999989
mi,109,version_30,150,0.25,46,ok,58,69,23,0.38666666666666666,0.15333333333333332,84,0.6135817307692307,0.6177884615384616,0.0042067307692308376
mi,109,version_30,150,0.5,42,ok,58,46,46,0.38666666666666666,0.30666666666666664,84,0.6069711538461537,0.6322115384615384,0.025240384615384692
mi,109,version_30,150,0.5,43,ok,58,46,46,0.38666666666666666,0.30666666666666664,84,0.5715144230769231,0.4969951923076923,-0.07451923076923084
mi,109,version_30,150,0.5,44,ok,58,46,46,0.38666666666666666,0.30666666666666664,84,0.5895432692307692,0.6021634615384616,0.012620192307692402
mi,109,version_30,150,0.5,45,ok,58,46,46,0.38666666666666666,0.30666666666666664,84,0.6322115384615384,0.5799278846153847,-0.052283653846153744
mi,109,version_30,150,0.5,46,ok,58,46,46,0.38666666666666666,0.30666666666666664,84,0.600360576923077,0.5522836538461537,-0.04807692307692324
mi,109,version_30,150,0.75,,unattainable,,,,,,,,,
mi,109,version_30,150,1.0,,unattainable,,,,,,,,,
mi,109,version_30,200,0.0,,unattainable,,,,,,,,,
mi,109,version_30,200,0.25,,unattainable,,,,,,,,,
mi,109,version_30,200,0.5,,unattainable,,,,,,,,,
mi,109,version_30,200,0.75,,unattainable,,,,,,,,,
mi,109,version_30,200,1.0,,unattainable,,,,,,,,,
mi,109,version_41,50,0.0,42,ok,19,31,0,0.38,0.0,184,0.6249532593792847,0.5732269724541942,-0.051726286925090514
mi,109,version_41,50,0.0,43,ok,19,31,0,0.38,0.0,184,0.6227097095849433,0.5294777514645395,-0.09323195812040386
mi,109,version_41,50,0.0,44,ok,19,31,0,0.38,0.0,184,0.6237068428268727,0.5387012339523869,-0.08500560887448583
mi,109,version_41,50,0.0,45,ok,19,31,0,0.38,0.0,184,0.6518758569113798,0.40658107939673443,-0.2452947775146454
mi,109,version_41,50,0.0,46,ok,19,31,0,0.38,0.0,184,0.6700735385765922,0.47089617350118407,-0.19917736507540817
mi,109,version_41,50,0.25,42,ok,19,23,8,0.38,0.16,184,0.5981553035024305,0.5637542066558643,-0.034401096846566226
mi,109,version_41,50,0.25,43,ok,19,23,8,0.38,0.16,184,0.6354231584195439,0.5353359092608749,-0.10008724915866896
mi,109,version_41,50,0.25,44,ok,19,23,8,0.38,0.16,184,0.6168515517886078,0.5997756450205658,-0.01707590676804205
mi,109,version_41,50,0.25,45,ok,19,23,8,0.38,0.16,184,0.6371681415929205,0.4986912626199676,-0.13847687897295285
mi,109,version_41,50,0.25,46,ok,19,23,8,0.38,0.16,184,0.6450205658731147,0.44135610120902413,-0.2036644646640906
mi,109,version_41,50,0.5,42,ok,19,15,16,0.38,0.32,184,0.6129876604761312,0.5406955004362457,-0.07229216003988548
mi,109,version_41,50,0.5,43,ok,19,15,16,0.38,0.32,184,0.6138601520628194,0.5772155054219121,-0.036644646640907275
mi,109,version_41,50,0.5,44,ok,19,15,16,0.38,0.32,184,0.6177240433752961,0.5656238314844821,-0.05210021189081393
mi,109,version_41,50,0.5,45,ok,19,15,16,0.38,0.32,184,0.60127134488346,0.5276081266359217,-0.0736632182475383
mi,109,version_41,50,0.5,46,ok,19,15,16,0.38,0.32,184,0.6058830861273838,0.5736008974199177,-0.03228218870746613
mi,109,version_41,50,0.75,42,ok,19,8,23,0.38,0.46,184,0.6056338028169014,0.593044995637542,-0.012588807179359396
mi,109,version_41,50,0.75,43,ok,19,8,23,0.38,0.46,184,0.5820765299763181,0.5829490215630063,0.0008724915866882288
mi,109,version_41,50,0.75,44,ok,19,8,23,0.38,0.46,184,0.5886825377041007,0.547675433129752,-0.04100710457434875
mi,109,version_41,50,0.75,45,ok,19,8,23,0.38,0.46,184,0.6171008350990901,0.53059952636171,-0.08650130873738004
mi,109,version_41,50,0.75,46,ok,19,8,23,0.38,0.46,184,0.6089991275084132,0.5041754954505796,-0.10482363205783363
mi,109,version_41,50,1.0,42,ok,19,0,31,0.38,0.62,184,0.5845693630811417,0.5590178237566995,-0.025551539324442207
mi,109,version_41,50,1.0,43,ok,19,0,31,0.38,0.62,184,0.5996510033653247,0.5738501807304001,-0.02580082263492467
mi,109,version_41,50,1.0,44,ok,19,0,31,0.38,0.62,184,0.566247039760688,0.5248660102206157,-0.04138102954007228
mi,109,version_41,50,1.0,45,ok,19,0,31,0.38,0.62,184,0.5708587810046117,0.5264863517387511,-0.0443724292658606
mi,109,version_41,50,1.0,46,ok,19,0,31,0.38,0.62,184,0.5942914121899538,0.6166022684781254,0.022310856288171532
mi,109,version_41,100,0.0,42,ok,38,62,0,0.38,0.0,134,0.650797373358349,0.3834427767354597,-0.2673545966228893
mi,109,version_41,100,0.0,43,ok,38,62,0,0.38,0.0,134,0.6651031894934335,0.4704502814258912,-0.19465290806754232
mi,109,version_41,100,0.0,44,ok,38,62,0,0.38,0.0,134,0.6306285178236397,0.47467166979362097,-0.15595684803001875
mi,109,version_41,100,0.0,45,ok,38,62,0,0.38,0.0,134,0.6292213883677299,0.5626172607879925,-0.06660412757973744
mi,109,version_41,100,0.0,46,ok,38,62,0,0.38,0.0,134,0.6920731707317073,0.49765478424015014,-0.19441838649155713
mi,109,version_41,100,0.25,42,ok,38,46,16,0.38,0.16,134,0.6146810506566605,0.6139774859287055,-0.0007035647279549639
mi,109,version_41,100,0.25,43,ok,38,46,16,0.38,0.16,134,0.6008442776735459,0.5975609756097561,-0.0032833020637897947
mi,109,version_41,100,0.25,44,ok,38,46,16,0.38,0.16,134,0.6137429643527205,0.5811444652908068,-0.0325984990619137
mi,109,version_41,100,0.25,45,ok,38,46,16,0.38,0.16,134,0.6111632270168855,0.6144465290806754,0.0032833020637899057
mi,109,version_41,100,0.25,46,ok,38,46,16,0.38,0.16,134,0.6606472795497186,0.5675422138836773,-0.09310506566604126
mi,109,version_41,100,0.5,42,ok,38,31,31,0.38,0.31,134,0.6146810506566603,0.5792682926829268,-0.035412757973733555
mi,109,version_41,100,0.5,43,ok,38,31,31,0.38,0.31,134,0.5931050656660413,0.5764540337711069,-0.01665103189493433
mi,109,version_41,100,0.5,44,ok,38,31,31,0.38,0.31,134,0.6301594746716698,0.5905253283302064,-0.03963414634146334
mi,109,version_41,100,0.5,45,ok,38,31,31,0.38,0.31,134,0.5703564727954972,0.602720450281426,0.032363977485928785
mi,109,version_41,100,0.5,46,ok,38,31,31,0.38,0.31,134,0.6437617260787992,0.5574577861163228,-0.08630393996247643
mi,109,version_41,100,0.75,42,ok,38,16,46,0.38,0.46,134,0.5316604127579737,0.549015009380863,0.017354596622889296
mi,109,version_41,100,0.75,43,ok,38,16,46,0.38,0.46,134,0.625,0.5884146341463414,-0.03658536585365857
mi,109,version_41,100,0.75,44,ok,38,16,46,0.38,0.46,134,0.5909943714821764,0.5935741088180112,0.0025797373358348308
mi,109,version_41,100,0.75,45,ok,38,16,46,0.38,0.46,134,0.5473733583489682,0.6017823639774859,0.05440900562851769
mi,109,version_41,100,0.75,46,ok,38,16,46,0.38,0.46,134,0.5107879924953096,0.5089118198874296,-0.0018761726078799779
mi,109,version_41,100,1.0,,unattainable,,,,,,,,,
mi,109,version_41,150,0.0,,unattainable,,,,,,,,,
mi,109,version_41,150,0.25,42,ok,58,69,23,0.38666666666666666,0.15333333333333332,84,0.5594951923076923,0.5991586538461539,0.039663461538461564
mi,109,version_41,150,0.25,43,ok,58,69,23,0.38666666666666666,0.15333333333333332,84,0.692908653846154,0.5600961538461539,-0.1328125000000001
mi,109,version_41,150,0.25,44,ok,58,69,23,0.38666666666666666,0.15333333333333332,84,0.5522836538461539,0.5030048076923077,-0.049278846153846145
mi,109,version_41,150,0.25,45,ok,58,69,23,0.38666666666666666,0.15333333333333332,84,0.6556490384615384,0.7049278846153846,0.049278846153846145
mi,109,version_41,150,0.25,46,ok,58,69,23,0.38666666666666666,0.15333333333333332,84,0.6123798076923077,0.6514423076923077,0.0390625
mi,109,version_41,150,0.5,42,ok,58,46,46,0.38666666666666666,0.30666666666666664,84,0.5775240384615384,0.6129807692307693,0.03545673076923084
mi,109,version_41,150,0.5,43,ok,58,46,46,0.38666666666666666,0.30666666666666664,84,0.602764423076923,0.5697115384615384,-0.03305288461538458
mi,109,version_41,150,0.5,44,ok,58,46,46,0.38666666666666666,0.30666666666666664,84,0.5426682692307693,0.5096153846153846,-0.03305288461538469
mi,109,version_41,150,0.5,45,ok,58,46,46,0.38666666666666666,0.30666666666666664,84,0.671875,0.6310096153846154,-0.04086538461538458
mi,109,version_41,150,0.5,46,ok,58,46,46,0.38666666666666666,0.30666666666666664,84,0.5829326923076923,0.594951923076923,0.012019230769230727
mi,109,version_41,150,0.75,,unattainable,,,,,,,,,
mi,109,version_41,150,1.0,,unattainable,,,,,,,,,
mi,109,version_41,200,0.0,,unattainable,,,,,,,,,
mi,109,version_41,200,0.25,,unattainable,,,,,,,,,
mi,109,version_41,200,0.5,,unattainable,,,,,,,,,
mi,109,version_41,200,0.75,,unattainable,,,,,,,,,
mi,109,version_41,200,1.0,,unattainable,,,,,,,,,
