paradigm,subject,fold,permute_k,split,calib_size,seed,n_half_a,n_half_b,baseline_a,baseline_b,adapted_b,delta_b
mi,99,version_27,0,stratified,10,42,112,112,0.7890124705089315,0.7462082912032355,0.46983485001685205,-0.27637344118638346
mi,99,version_27,0,stratified,10,43,112,112,0.7499157398045164,0.7243006403774856,0.692618806875632,-0.03168183350185361
mi,99,version_27,0,stratified,10,44,112,112,0.7114930906639704,0.7721604314122009,0.6784630940343782,-0.09369733737782271
mi,99,version_27,0,stratified,10,45,112,112,0.7387933940006741,0.7212672733400741,0.6781260532524436,-0.04314122008763055
mi,99,version_27,0,stratified,10,46,112,112,0.8004718570947085,0.675092686215032,0.6929558476575666,0.017863161442534525
mi,99,version_27,0,stratified,50,42,92,92,0.8100198412698413,0.7634085213032581,0.5979949874686716,-0.16541353383458646
mi,99,version_27,0,stratified,50,43,92,92,0.6879960317460317,0.7288220551378447,0.6761904761904762,-0.052631578947368474
mi,99,version_27,0,stratified,50,44,92,92,0.7425595238095238,0.775438596491228,0.6696741854636592,-0.10576441102756884
mi,99,version_27,0,stratified,50,45,92,92,0.7098214285714286,0.7979949874686717,0.7418546365914787,-0.056140350877193046
mi,99,version_27,0,stratified,50,46,92,92,0.7961309523809524,0.7388471177944862,0.7353383458646616,-0.0035087719298245723
mi,99,version_27,0,stratified,100,42,67,67,0.7720450281425892,0.7861163227016886,0.7101313320825516,-0.075984990619137
mi,99,version_27,0,stratified,100,43,67,67,0.7166979362101313,0.7101313320825516,0.6810506566604128,-0.02908067542213888
mi,99,version_27,0,stratified,100,44,67,67,0.7654784240150094,0.7223264540337712,0.6923076923076924,-0.030018761726078758
mi,99,version_27,0,stratified,100,45,67,67,0.8067542213883677,0.7514071294559099,0.7213883677298312,-0.030018761726078758
mi,99,version_27,0,stratified,100,46,67,67,0.7279549718574109,0.874296435272045,0.7298311444652907,-0.1444652908067543
mi,99,version_27,0,stratified,200,42,17,17,0.6857142857142857,0.9696969696969697,0.9696969696969696,-1.1102230246251565e-16
mi,99,version_27,0,stratified,200,43,17,17,0.6428571428571429,0.6818181818181818,0.712121212121212,0.030303030303030276
mi,99,version_27,0,stratified,200,44,17,17,0.8285714285714285,0.5909090909090909,0.4393939393939394,-0.15151515151515155
mi,99,version_27,0,stratified,200,45,17,17,0.7727272727272727,0.842857142857143,0.7857142857142857,-0.05714285714285727
mi,99,version_27,0,stratified,200,46,17,17,0.7424242424242424,0.8571428571428571,0.7999999999999999,-0.05714285714285716
mi,99,version_27,2,stratified,10,42,112,112,0.7849679811257162,0.7559824738793394,0.5662285136501517,-0.18975396022918767
mi,99,version_27,2,stratified,10,43,112,112,0.7280080889787665,0.7553083923154701,0.7195820694304009,-0.03572632288506916
mi,99,version_27,2,stratified,10,44,112,112,0.7125042130097742,0.7839568587799124,0.6993596225143242,-0.08459723626558824
mi,99,version_27,2,stratified,10,45,112,112,0.7296932928884395,0.734411863835524,0.6929558476575666,-0.041456016177957467
mi,99,version_27,2,stratified,10,46,112,112,0.7890124705089315,0.6848668688911358,0.6932928884395012,0.008426019548365415
mi,99,version_27,2,stratified,50,42,92,92,0.7916666666666666,0.78796992481203,0.625062656641604,-0.162907268170426
mi,99,version_27,2,stratified,50,43,92,92,0.7038690476190476,0.7197994987468672,0.6751879699248121,-0.0446115288220551
mi,99,version_27,2,stratified,50,44,92,92,0.7807539682539683,0.7488721804511278,0.6987468671679199,-0.050125313283207906
mi,99,version_27,2,stratified,50,45,92,92,0.6879960317460317,0.8125313283208021,0.7448621553884711,-0.06766917293233099
mi,99,version_27,2,stratified,50,46,92,92,0.7911706349206349,0.7398496240601503,0.6666666666666666,-0.07318295739348368
mi,99,version_27,2,stratified,100,42,67,67,0.8011257035647279,0.7570356472795498,0.7307692307692307,-0.026266416510319024
mi,99,version_27,2,stratified,100,43,67,67,0.75046904315197,0.6876172607879925,0.6838649155722327,-0.0037523452157597337
mi,99,version_27,2,stratified,100,44,67,67,0.800187617260788,0.7373358348968105,0.7570356472795499,0.019699812382739323
mi,99,version_27,2,stratified,100,45,67,67,0.8302063789868668,0.6801125703564728,0.6726078799249532,-0.007504690431519578
mi,99,version_27,2,stratified,100,46,67,67,0.7204502814258913,0.8536585365853658,0.7429643527204502,-0.11069418386491559
mi,99,version_27,2,stratified,200,42,17,17,0.6857142857142856,0.9393939393939394,0.8636363636363636,-0.0757575757575758
mi,99,version_27,2,stratified,200,43,17,17,0.49999999999999994,0.7878787878787878,0.6818181818181818,-0.10606060606060608
mi,99,version_27,2,stratified,200,44,17,17,0.7857142857142857,0.6515151515151515,0.6363636363636364,-0.015151515151515138
mi,99,version_27,2,stratified,200,45,17,17,0.7575757575757576,0.8285714285714286,0.7857142857142857,-0.04285714285714293
mi,99,version_27,2,stratified,200,46,17,17,0.696969696969697,0.7857142857142857,0.7571428571428571,-0.02857142857142858
mi,99,version_27,4,stratified,10,42,112,112,0.7027300303336704,0.6390293225480284,0.42601954836535216,-0.2130097741826762
mi,99,version_27,4,stratified,10,43,112,112,0.6444219750589821,0.6744186046511628,0.6302662622177283,-0.044152342433434466
mi,99,version_27,4,stratified,10,44,112,112,0.6811594202898551,0.6656555443208628,0.5820694304010785,-0.08358611391978432
mi,99,version_27,4,stratified,10,45,112,112,0.6996966632962588,0.5999325918436131,0.6289180990899899,0.02898550724637672
mi,99,version_27,4,stratified,10,46,112,112,0.7317155375800473,0.6049882035726324,0.6521739130434783,0.04718570947084588
mi,99,version_27,4,stratified,50,42,92,92,0.7063492063492063,0.668671679197995,0.5729323308270677,-0.09573934837092724
mi,99,version_27,4,stratified,50,43,92,92,0.6086309523809523,0.6461152882205513,0.5924812030075188,-0.05363408521303248
mi,99,version_27,4,stratified,50,44,92,92,0.7103174603174602,0.6521303258145363,0.6040100250626566,-0.048120300751879785
mi,99,version_27,4,stratified,50,45,92,92,0.6433531746031746,0.6947368421052632,0.5989974937343359,-0.09573934837092735
mi,99,version_27,4,stratified,50,46,92,92,0.7455357142857143,0.6596491228070176,0.5358395989974937,-0.12380952380952392
mi,99,version_27,4,stratified,100,42,67,67,0.6360225140712945,0.6801125703564728,0.7063789868667918,0.026266416510319024
mi,99,version_27,4,stratified,100,43,67,67,0.6341463414634145,0.6454033771106942,0.6660412757973734,0.0206378986866792
mi,99,version_27,4,stratified,100,44,67,67,0.6735459662288931,0.6529080675422139,0.6369606003752346,-0.015947467166979257
mi,99,version_27,4,stratified,100,45,67,67,0.6951219512195121,0.6313320825515947,0.5581613508442776,-0.07317073170731703
mi,99,version_27,4,stratified,100,46,67,67,0.648217636022514,0.8386491557223265,0.6350844277673545,-0.20356472795497194
mi,99,version_27,4,stratified,200,42,17,17,0.5428571428571428,0.8787878787878788,0.7272727272727272,-0.1515151515151516
mi,99,version_27,4,stratified,200,43,17,17,0.6142857142857143,0.7121212121212122,0.6969696969696969,-0.015151515151515249
mi,99,version_27,4,stratified,200,44,17,17,0.6714285714285714,0.5303030303030303,0.25757575757575757,-0.2727272727272727
mi,99,version_27,4,stratified,200,45,17,17,0.5909090909090909,0.8285714285714285,0.7857142857142857,-0.042857142857142816
mi,99,version_27,4,stratified,200,46,17,17,0.6969696969696969,0.7857142857142856,0.6,-0.1857142857142856
mi,99,version_27,8,stratified,10,42,112,112,0.8075497135153353,0.7418267610380855,0.6306033029996629,-0.1112234580384226
mi,99,version_27,8,stratified,10,43,112,112,0.733737782271655,0.779912369396697,0.7566565554432085,-0.023255813953488413
mi,99,version_27,8,stratified,10,44,112,112,0.7745197168857432,0.749241658240647,0.7081226828446242,-0.04111897539602283
mi,99,version_27,8,stratified,10,45,112,112,0.7748567576676778,0.7219413549039434,0.704752275025278,-0.01718907987866536
mi,99,version_27,8,stratified,10,46,112,112,0.7981125716211661,0.6936299292214357,0.7259858442871588,0.032355915065723106
mi,99,version_27,8,stratified,50,42,92,92,0.7624007936507937,0.7899749373433583,0.7132832080200502,-0.07669172932330814
mi,99,version_27,8,stratified,50,43,92,92,0.7152777777777778,0.7614035087719297,0.7223057644110276,-0.03909774436090219
mi,99,version_27,8,stratified,50,44,92,92,0.7569444444444445,0.8155388471177946,0.6852130325814537,-0.13032581453634084
mi,99,version_27,8,stratified,50,45,92,92,0.7281746031746031,0.805513784461153,0.6977443609022557,-0.10776942355889729
mi,99,version_27,8,stratified,50,46,92,92,0.7648809523809523,0.7122807017543861,0.7208020050125313,0.008521303258145263
mi,99,version_27,8,stratified,100,42,67,67,0.7682926829268293,0.7373358348968105,0.7345215759849906,-0.002814258911819967
mi,99,version_27,8,stratified,100,43,67,67,0.7626641651031896,0.7401500938086303,0.7326454033771107,-0.007504690431519578
mi,99,version_27,8,stratified,100,44,67,67,0.8564727954971858,0.7326454033771107,0.6979362101313321,-0.03470919324577859
mi,99,version_27,8,stratified,100,45,67,67,0.7898686679174485,0.7213883677298312,0.7195121951219512,-0.0018761726078799779
mi,99,version_27,8,stratified,100,46,67,67,0.6819887429643527,0.8714821763602252,0.8292682926829269,-0.04221388367729828
mi,99,version_27,8,stratified,200,42,17,17,0.5857142857142856,0.803030303030303,0.7424242424242425,-0.06060606060606044
mi,99,version_27,8,stratified,200,43,17,17,0.7285714285714285,0.6969696969696969,0.7575757575757576,0.06060606060606066
mi,99,version_27,8,stratified,200,44,17,17,0.8571428571428571,0.6212121212121212,0.45454545454545453,-0.16666666666666669
mi,99,version_27,8,stratified,200,45,17,17,0.7727272727272727,0.7,0.8,0.10000000000000009
mi,99,version_27,8,stratified,200,46,17,17,0.7727272727272727,0.8714285714285714,0.7142857142857143,-0.15714285714285714
mi,99,version_27,17,stratified,10,42,112,112,0.6039770812268285,0.5187057633973711,0.5594876980114594,0.0407819346140883
mi,99,version_27,17,stratified,10,43,112,112,0.5517357600269632,0.521402089652848,0.559824738793394,0.03842264914054605
mi,99,version_27,17,stratified,10,44,112,112,0.5739804516346478,0.568587799123694,0.676777890124705,0.10819009100101107
mi,99,version_27,17,stratified,10,45,112,112,0.5291540276373441,0.5500505561172903,0.4903943377148635,-0.05965621840242674
mi,99,version_27,17,stratified,10,46,112,112,0.5089315807212673,0.5524098415908325,0.5446579036063364,-0.007751937984496138
mi,99,version_27,17,stratified,50,42,92,92,0.5491071428571429,0.5779448621553885,0.46516290726817044,-0.1127819548872181
mi,99,version_27,17,stratified,50,43,92,92,0.5079365079365079,0.5308270676691729,0.5864661654135339,0.055639097744361043
mi,99,version_27,17,stratified,50,44,92,92,0.5719246031746031,0.5989974937343359,0.6476190476190475,0.04862155388471168
mi,99,version_27,17,stratified,50,45,92,92,0.4578373015873016,0.606015037593985,0.6731829573934837,0.06716791979949865
mi,99,version_27,17,stratified,50,46,92,92,0.4930555555555556,0.5468671679197995,0.5137844611528822,-0.03308270676691727
mi,99,version_27,17,stratified,100,42,67,67,0.4868667917448405,0.5797373358348968,0.6303939962476547,0.05065666041275785
mi,99,version_27,17,stratified,100,43,67,67,0.474671669793621,0.5619136960600376,0.6697936210131332,0.10787992495309562
mi,99,version_27,17,stratified,100,44,67,67,0.6641651031894935,0.5872420262664165,0.7682926829268293,0.18105065666041276
mi,99,version_27,17,stratified,100,45,67,67,0.5553470919324577,0.49718574108818014,0.5919324577861164,0.09474671669793622
mi,99,version_27,17,stratified,100,46,67,67,0.42870544090056284,0.5084427767354597,0.6060037523452158,0.09756097560975607
mi,99,version_27,17,stratified,200,42,17,17,0.3857142857142857,0.30303030303030304,0.8636363636363636,0.5606060606060606
mi,99,version_27,17,stratified,200,43,17,17,0.3571428571428571,0.4090909090909091,0.5909090909090908,0.1818181818181817
mi,99,version_27,17,stratified,200,44,17,17,0.5428571428571429,0.5303030303030303,0.48484848484848486,-0.045454545454545414
mi,99,version_27,17,stratified,200,45,17,17,0.5303030303030303,0.5,0.6142857142857143,0.11428571428571432
mi,99,version_27,17,stratified,200,46,17,17,0.33333333333333337,0.34285714285714286,0.5857142857142857,0.24285714285714288
mi,99,version_28,0,stratified,10,42,112,112,0.7243006403774856,0.7357600269632626,0.6744186046511628,-0.061341422312099825
mi,99,version_28,0,stratified,10,43,112,112,0.7219413549039434,0.703067071115605,0.675092686215032,-0.027974384900572913
mi,99,version_28,0,stratified,10,44,112,112,0.7226154364678126,0.7030670711156051,0.6565554432086282,-0.04651162790697683
mi,99,version_28,0,stratified,10,45,112,112,0.7263228850690934,0.6794742163801819,0.6289180990899899,-0.05055611729019205
mi,99,version_28,0,stratified,10,46,112,112,0.7809234917425008,0.6302662622177283,0.654870239298955,0.024603977081226747
mi,99,version_28,0,stratified,50,42,92,92,0.7455357142857143,0.7513784461152883,0.5709273182957394,-0.18045112781954886
mi,99,version_28,0,stratified,50,43,92,92,0.6502976190476191,0.731328320802005,0.6827067669172933,-0.04862155388471179
mi,99,version_28,0,stratified,50,44,92,92,0.706845238095238,0.7343358395989976,0.6842105263157895,-0.05012531328320813
mi,99,version_28,0,stratified,50,45,92,92,0.716765873015873,0.7122807017543861,0.6912280701754386,-0.021052631578947434
mi,99,version_28,0,stratified,50,46,92,92,0.7465277777777778,0.7368421052631579,0.7127819548872181,-0.02406015037593978
mi,99,version_28,0,stratified,100,42,67,67,0.7045028142589119,0.7833020637898688,0.7223264540337712,-0.060975609756097615
mi,99,version_28,0,stratified,100,43,67,67,0.695121951219512,0.674484052532833,0.6641651031894934,-0.010318949343339545
mi,99,version_28,0,stratified,100,44,67,67,0.6744840525328331,0.6801125703564727,0.7166979362101313,0.03658536585365868
mi,99,version_28,0,stratified,100,45,67,67,0.7889305816135085,0.7185741088180113,0.6416510318949343,-0.07692307692307698
mi,99,version_28,0,stratified,100,46,67,67,0.7570356472795496,0.8105065666041276,0.6097560975609757,-0.20075046904315186
mi,99,version_28,0,stratified,200,42,17,17,0.5857142857142856,1.0,0.9090909090909091,-0.09090909090909094
mi,99,version_28,0,stratified,200,43,17,17,0.6428571428571429,0.8484848484848485,0.7878787878787878,-0.06060606060606066
mi,99,version_28,0,stratified,200,44,17,17,0.7142857142857142,0.5909090909090908,0.36363636363636365,-0.22727272727272718
mi,99,version_28,0,stratified,200,45,17,17,0.606060606060606,0.9285714285714286,0.9142857142857143,-0.014285714285714346
mi,99,version_28,0,stratified,200,46,17,17,0.6515151515151515,0.8714285714285714,0.7,-0.17142857142857149
mi,99,version_28,2,stratified,10,42,112,112,0.7280080889787665,0.7185709470845971,0.6491405460060667,-0.06943040107853038
mi,99,version_28,2,stratified,10,43,112,112,0.6774519716885744,0.7296932928884394,0.7121671722278395,-0.017526120660599886
mi,99,version_28,2,stratified,10,44,112,112,0.7152005392652511,0.7010448264239972,0.6848668688911358,-0.016177957532861442
mi,99,version_28,2,stratified,10,45,112,112,0.7168857431749242,0.6791371755982474,0.6464442197505899,-0.03269295584765752
mi,99,version_28,2,stratified,10,46,112,112,0.7563195146612739,0.6407145264577014,0.6784630940343781,0.03774856757667666
mi,99,version_28,2,stratified,50,42,92,92,0.7380952380952381,0.7303258145363408,0.619047619047619,-0.11127819548872186
mi,99,version_28,2,stratified,50,43,92,92,0.6716269841269841,0.6987468671679198,0.680701754385965,-0.018045112781954753
mi,99,version_28,2,stratified,50,44,92,92,0.7435515873015873,0.6907268170426065,0.6927318295739349,0.002005012531328343
mi,99,version_28,2,stratified,50,45,92,92,0.6840277777777778,0.7177944862155389,0.6817042606516291,-0.03609022556390973
mi,99,version_28,2,stratified,50,46,92,92,0.7534722222222223,0.7187969924812029,0.6761904761904762,-0.04260651629072665
mi,99,version_28,2,stratified,100,42,67,67,0.7091932457786116,0.7251407129455909,0.6876172607879926,-0.037523452157598336
mi,99,version_28,2,stratified,100,43,67,67,0.75046904315197,0.6613508442776734,0.6378986866791745,-0.023452157598498946
mi,99,version_28,2,stratified,100,44,67,67,0.7326454033771106,0.6332082551594747,0.701688555347092,0.0684803001876173
mi,99,version_28,2,stratified,100,45,67,67,0.799249530956848,0.649155722326454,0.5487804878048781,-0.10037523452157593
mi,99,version_28,2,stratified,100,46,67,67,0.7373358348968104,0.8114446529080676,0.700750469043152,-0.11069418386491559
mi,99,version_28,2,stratified,200,42,17,17,0.5285714285714285,0.9090909090909091,0.7878787878787878,-0.12121212121212122
mi,99,version_28,2,stratified,200,43,17,17,0.47142857142857136,0.8636363636363636,0.8333333333333334,-0.030303030303030276
mi,99,version_28,2,stratified,200,44,17,17,0.7142857142857142,0.5454545454545454,0.5,-0.045454545454545414
mi,99,version_28,2,stratified,200,45,17,17,0.5151515151515151,0.9142857142857143,0.9428571428571428,0.02857142857142858
mi,99,version_28,2,stratified,200,46,17,17,0.6212121212121212,0.8428571428571427,0.7428571428571429,-0.09999999999999987
mi,99,version_28,4,stratified,10,42,112,112,0.6241995281429054,0.6100438153016515,0.6299292214357938,0.019885406134142247
mi,99,version_28,4,stratified,10,43,112,112,0.5783619817997978,0.6464442197505899,0.5770138186720593,-0.0694304010785306
mi,99,version_28,4,stratified,10,44,112,112,0.6808223795079205,0.5594876980114594,0.5112908661948096,-0.0481968318166498
mi,99,version_28,4,stratified,10,45,112,112,0.6589147286821705,0.5513987192450286,0.5938658577687901,0.042467138523761494
mi,99,version_28,4,stratified,10,46,112,112,0.664644421975059,0.5733063700707786,0.5780249410178632,0.0047185709470846104
mi,99,version_28,4,stratified,50,42,92,92,0.6200396825396826,0.6526315789473685,0.5954887218045113,-0.05714285714285716
mi,99,version_28,4,stratified,50,43,92,92,0.5694444444444444,0.6035087719298246,0.5869674185463659,-0.016541353383458635
mi,99,version_28,4,stratified,50,44,92,92,0.650297619047619,0.6165413533834586,0.6541353383458648,0.03759398496240618
mi,99,version_28,4,stratified,50,45,92,92,0.6413690476190477,0.6105263157894737,0.5964912280701755,-0.014035087719298178
mi,99,version_28,4,stratified,50,46,92,92,0.6939484126984127,0.5914786967418546,0.5438596491228069,-0.04761904761904767
mi,99,version_28,4,stratified,100,42,67,67,0.5318949343339587,0.6669793621013133,0.7429643527204502,0.075984990619137
mi,99,version_28,4,stratified,100,43,67,67,0.6069418386491556,0.548780487804878,0.6097560975609756,0.060975609756097615
mi,99,version_28,4,stratified,100,44,67,67,0.5525328330206379,0.5844277673545966,0.6547842401500938,0.07035647279549728
mi,99,version_28,4,stratified,100,45,67,67,0.6679174484052532,0.6031894934333959,0.6228893058161351,0.019699812382739212
mi,99,version_28,4,stratified,100,46,67,67,0.6763602251407129,0.7467166979362101,0.6303939962476548,-0.1163227016885553
mi,99,version_28,4,stratified,200,42,17,17,0.5,0.8939393939393939,0.6666666666666666,-0.2272727272727273
mi,99,version_28,4,stratified,200,43,17,17,0.6,0.8333333333333334,0.6212121212121212,-0.21212121212121215
mi,99,version_28,4,stratified,200,44,17,17,0.5714285714285714,0.4696969696969697,0.3787878787878788,-0.09090909090909094
mi,99,version_28,4,stratified,200,45,17,17,0.25757575757575757,0.9142857142857143,0.9857142857142858,0.07142857142857151
mi,99,version_28,4,stratified,200,46,17,17,0.6666666666666666,0.8285714285714285,0.7428571428571429,-0.08571428571428563
mi,99,version_28,8,stratified,10,42,112,112,0.7168857431749242,0.670711156049882,0.614762386248736,-0.05594876980114594
mi,99,version_28,8,stratified,10,43,112,112,0.6700370744860128,0.709133805190428,0.7387933940006741,0.029659588810246107
mi,99,version_28,8,stratified,10,44,112,112,0.7104819683181665,0.6548702392989552,0.6700370744860128,0.015166835187057637
mi,99,version_28,8,stratified,10,45,112,112,0.7091338051904281,0.6447590158409168,0.642736771149309,-0.002022244691607722
mi,99,version_28,8,stratified,10,46,112,112,0.6956521739130435,0.6444219750589821,0.6919447253117628,0.04752275025278063
mi,99,version_28,8,stratified,50,42,92,92,0.6612103174603174,0.7333333333333334,0.6852130325814536,-0.048120300751879785
mi,99,version_28,8,stratified,50,43,92,92,0.6512896825396826,0.718295739348371,0.5834586466165413,-0.13483709273182964
mi,99,version_28,8,stratified,50,44,92,92,0.6904761904761905,0.6932330827067669,0.7473684210526316,0.0541353383458647
mi,99,version_28,8,stratified,50,45,92,92,0.6200396825396824,0.7548872180451127,0.7358395989974937,-0.01904761904761898
mi,99,version_28,8,stratified,50,46,92,92,0.7093253968253969,0.6375939849624059,0.7092731829573935,0.07167919799498756
mi,99,version_28,8,stratified,100,42,67,67,0.7120075046904316,0.6838649155722326,0.7523452157598499,0.0684803001876173
mi,99,version_28,8,stratified,100,43,67,67,0.6472795497185742,0.7223264540337712,0.673545966228893,-0.0487804878048782
mi,99,version_28,8,stratified,100,44,67,67,0.699812382739212,0.651969981238274,0.6632270168855534,0.011257035647279423
mi,99,version_28,8,stratified,100,45,67,67,0.7636022514071295,0.626641651031895,0.6378986866791745,0.011257035647279534
mi,99,version_28,8,stratified,100,46,67,67,0.6360225140712945,0.7589118198874295,0.75046904315197,-0.008442776735459456
mi,99,version_28,8,stratified,200,42,17,17,0.5857142857142856,0.8484848484848484,0.8181818181818181,-0.030303030303030276
mi,99,version_28,8,stratified,200,43,17,17,0.7857142857142857,0.8333333333333334,0.803030303030303,-0.030303030303030387
mi,99,version_28,8,stratified,200,44,17,17,0.7714285714285715,0.48484848484848486,0.5,0.015151515151515138
mi,99,version_28,8,stratified,200,45,17,17,0.5303030303030303,0.7857142857142857,0.7857142857142857,0.0
mi,99,version_28,8,stratified,200,46,17,17,0.6515151515151515,0.7,0.6428571428571428,-0.05714285714285716
mi,99,version_28,17,stratified,10,42,112,112,0.4684866868891136,0.4213009774182676,0.6390293225480282,0.21772834512976064
mi,99,version_28,17,stratified,10,43,112,112,0.427030670711156,0.45500505561172905,0.6727334007414898,0.21772834512976075
mi,99,version_28,17,stratified,10,44,112,112,0.5015166835187057,0.40579710144927533,0.6922817660936973,0.28648466464442196
mi,99,version_28,17,stratified,10,45,112,112,0.40175261206606,0.4678126053252443,0.4843276036400404,0.01651499831479608
mi,99,version_28,17,stratified,10,46,112,112,0.3909673070441524,0.45230872935625216,0.46376811594202894,0.011459386585776776
mi,99,version_28,17,stratified,50,42,92,92,0.4409722222222222,0.47819548872180456,0.5899749373433584,0.11177944862155381
mi,99,version_28,17,stratified,50,43,92,92,0.41617063492063494,0.4275689223057644,0.6636591478696743,0.2360902255639099
mi,99,version_28,17,stratified,50,44,92,92,0.44742063492063494,0.4832080200501253,0.5934837092731831,0.11027568922305775
mi,99,version_28,17,stratified,50,45,92,92,0.39384920634920634,0.437593984962406,0.6335839598997494,0.19598997493734338
mi,99,version_28,17,stratified,50,46,92,92,0.41517857142857145,0.42255639097744363,0.4917293233082707,0.06917293233082705
mi,99,version_28,17,stratified,100,42,67,67,0.41838649155722324,0.46341463414634143,0.7307692307692307,0.2673545966228893
mi,99,version_28,17,stratified,100,43,67,67,0.43151969981238275,0.399624765478424,0.6782363977485929,0.2786116322701689
mi,99,version_28,17,stratified,100,44,67,67,0.5834896810506567,0.39681050656660416,0.6688555347091932,0.2720450281425891
mi,99,version_28,17,stratified,100,45,67,67,0.4221388367729832,0.5,0.6125703564727955,0.11257035647279545
mi,99,version_28,17,stratified,100,46,67,67,0.3658536585365854,0.3911819887429644,0.6679174484052534,0.27673545966228896
mi,99,version_28,17,stratified,200,42,17,17,0.3857142857142857,0.2878787878787879,0.9545454545454546,0.6666666666666667
mi,99,version_28,17,stratified,200,43,17,17,0.3142857142857143,0.4393939393939394,0.8333333333333333,0.39393939393939387
mi,99,version_28,17,stratified,200,44,17,17,0.28571428571428575,0.43939393939393934,0.5303030303030303,0.09090909090909094
mi,99,version_28,17,stratified,200,45,17,17,0.45454545454545453,0.48571428571428577,0.5714285714285714,0.08571428571428563
mi,99,version_28,17,stratified,200,46,17,17,0.28787878787878785,0.24285714285714283,0.5571428571428572,0.31428571428571433
mi,99,version_29,0,stratified,10,42,112,112,0.7815975733063701,0.7320525783619819,0.47944051230198853,-0.25261206605999337
mi,99,version_29,0,stratified,10,43,112,112,0.7826086956521741,0.689922480620155,0.5638692281766093,-0.1260532524435457
mi,99,version_29,0,stratified,10,44,112,112,0.737108190091001,0.7441860465116279,0.6417256488035052,-0.10246039770812265
mi,99,version_29,0,stratified,10,45,112,112,0.7421638018200202,0.7104819683181663,0.6514998314796091,-0.05898213683855724
mi,99,version_29,0,stratified,10,46,112,112,0.7997977755308392,0.6831816649814627,0.6885743174924166,0.005392652510953888
mi,99,version_29,0,stratified,50,42,92,92,0.7901785714285714,0.7854636591478698,0.6030075187969924,-0.18245614035087732
mi,99,version_29,0,stratified,50,43,92,92,0.6919642857142857,0.7714285714285715,0.73734335839599,-0.034085213032581496
mi,99,version_29,0,stratified,50,44,92,92,0.7152777777777778,0.818045112781955,0.7789473684210526,-0.03909774436090241
mi,99,version_29,0,stratified,50,45,92,92,0.7251984126984127,0.7859649122807018,0.762406015037594,-0.02355889724310778
mi,99,version_29,0,stratified,50,46,92,92,0.7847222222222222,0.737844611528822,0.7553884711779448,0.01754385964912286
mi,99,version_29,0,stratified,100,42,67,67,0.7504690431519699,0.8264540337711069,0.7701688555347093,-0.05628517823639767
mi,99,version_29,0,stratified,100,43,67,67,0.7157598499061913,0.7382739212007504,0.7917448405253283,0.053470919324577926
mi,99,version_29,0,stratified,100,44,67,67,0.727016885553471,0.75140712945591,0.7776735459662288,0.026266416510318802
mi,99,version_29,0,stratified,100,45,67,67,0.8151969981238274,0.7861163227016885,0.7317073170731707,-0.054409005628517804
mi,99,version_29,0,stratified,100,46,67,67,0.7382739212007505,0.8470919324577861,0.8030018761726079,-0.04409005628517826
mi,99,version_29,0,stratified,200,42,17,17,0.5857142857142856,0.9545454545454545,0.8939393939393939,-0.06060606060606055
mi,99,version_29,0,stratified,200,43,17,17,0.5571428571428572,0.7272727272727273,0.712121212121212,-0.015151515151515249
mi,99,version_29,0,stratified,200,44,17,17,0.8,0.5303030303030303,0.4545454545454546,-0.07575757575757569
mi,99,version_29,0,stratified,200,45,17,17,0.7424242424242424,0.9,0.8285714285714285,-0.07142857142857151
mi,99,version_29,0,stratified,200,46,17,17,0.6666666666666667,0.8999999999999999,0.8,-0.09999999999999987
mi,99,version_29,2,stratified,10,42,112,112,0.78159757330637,0.7445230872935625,0.5776879002359285,-0.166835187057634
mi,99,version_29,2,stratified,10,43,112,112,0.7657566565554432,0.711830131445905,0.6326255476912706,-0.07920458375463446
mi,99,version_29,2,stratified,10,44,112,112,0.7317155375800471,0.7516009437141894,0.6134142231209976,-0.13818672059319181
mi,99,version_29,2,stratified,10,45,112,112,0.7344118638355241,0.7286821705426356,0.6902595214020896,-0.03842264914054605
mi,99,version_29,2,stratified,10,46,112,112,0.7795753286147624,0.704752275025278,0.7114930906639703,0.006740815638692221
mi,99,version_29,2,stratified,50,42,92,92,0.7757936507936508,0.7889724310776943,0.6716791979949874,-0.1172932330827069
mi,99,version_29,2,stratified,50,43,92,92,0.7182539682539683,0.7383458646616541,0.7097744360902256,-0.02857142857142847
mi,99,version_29,2,stratified,50,44,92,92,0.7534722222222223,0.7578947368421053,0.7513784461152883,-0.006516290726817031
mi,99,version_29,2,stratified,50,45,92,92,0.6899801587301587,0.8245614035087719,0.7849624060150376,-0.0395989974937343
mi,99,version_29,2,stratified,50,46,92,92,0.8010912698412699,0.7393483709273184,0.6631578947368422,-0.07619047619047625
mi,99,version_29,2,stratified,100,42,67,67,0.7711069418386491,0.7626641651031896,0.7514071294559099,-0.011257035647279645
mi,99,version_29,2,stratified,100,43,67,67,0.7317073170731708,0.7354596622889306,0.7560975609756098,0.0206378986866792
mi,99,version_29,2,stratified,100,44,67,67,0.772983114446529,0.7354596622889306,0.7692307692307692,0.0337711069418386
mi,99,version_29,2,stratified,100,45,67,67,0.8123827392120075,0.7148217636022515,0.6932457786116323,-0.02157598499061919
mi,99,version_29,2,stratified,100,46,67,67,0.7692307692307693,0.8367729831144466,0.7842401500938087,-0.05253283302063794
mi,99,version_29,2,stratified,200,42,17,17,0.6428571428571428,0.7878787878787878,0.7878787878787878,0.0
mi,99,version_29,2,stratified,200,43,17,17,0.5142857142857142,0.803030303030303,0.8181818181818181,0.015151515151515138
mi,99,version_29,2,stratified,200,44,17,17,0.7857142857142857,0.6060606060606061,0.5303030303030303,-0.0757575757575758
mi,99,version_29,2,stratified,200,45,17,17,0.7272727272727273,0.8285714285714285,0.8285714285714285,0.0
mi,99,version_29,2,stratified,200,46,17,17,0.6666666666666667,0.9142857142857144,0.7428571428571429,-0.17142857142857149
mi,99,version_29,4,stratified,10,42,112,112,0.6976744186046512,0.6272328951803168,0.6454330974047859,0.018200202224469164
mi,99,version_29,4,stratified,10,43,112,112,0.6548702392989553,0.6437478934951129,0.5372430064037749,-0.10650488709133799
mi,99,version_29,4,stratified,10,44,112,112,0.6895854398382204,0.6380182002022244,0.5665655544320862,-0.07145264577013821
mi,99,version_29,4,stratified,10,45,112,112,0.6919447253117627,0.6056622851365016,0.6228513650151669,0.01718907987866536
mi,99,version_29,4,stratified,10,46,112,112,0.6862150320188742,0.6319514661274013,0.5149983147960904,-0.1169531513313109
mi,99,version_29,4,stratified,50,42,92,92,0.6676587301587301,0.68671679197995,0.6927318295739348,0.006015037593984807
mi,99,version_29,4,stratified,50,43,92,92,0.6160714285714285,0.6451127819548872,0.6345864661654136,-0.010526315789473606
mi,99,version_29,4,stratified,50,44,92,92,0.6810515873015873,0.6882205513784462,0.7483709273182958,0.06015037593984962
mi,99,version_29,4,stratified,50,45,92,92,0.6701388888888888,0.6902255639097744,0.6882205513784462,-0.002005012531328232
mi,99,version_29,4,stratified,50,46,92,92,0.7038690476190476,0.6521303258145363,0.612531328320802,-0.0395989974937343
mi,99,version_29,4,stratified,100,42,67,67,0.5712945590994372,0.6913696060037523,0.7954971857410883,0.104127579737336
mi,99,version_29,4,stratified,100,43,67,67,0.6097560975609756,0.6744840525328331,0.698874296435272,0.024390243902438935
mi,99,version_29,4,stratified,100,44,67,67,0.6463414634146342,0.6332082551594747,0.700750469043152,0.06754221388367732
mi,99,version_29,4,stratified,100,45,67,67,0.702626641651032,0.6547842401500938,0.6097560975609756,-0.04502814258911825
mi,99,version_29,4,stratified,100,46,67,67,0.6416510318949342,0.8339587242026266,0.7045028142589118,-0.1294559099437148
mi,99,version_29,4,stratified,200,42,17,17,0.6,0.7272727272727272,0.6666666666666666,-0.06060606060606055
mi,99,version_29,4,stratified,200,43,17,17,0.5428571428571428,0.8333333333333334,0.8636363636363636,0.030303030303030276
mi,99,version_29,4,stratified,200,44,17,17,0.6142857142857143,0.25757575757575757,0.34848484848484845,0.09090909090909088
mi,99,version_29,4,stratified,200,45,17,17,0.5303030303030303,0.9428571428571428,0.9428571428571428,0.0
mi,99,version_29,4,stratified,200,46,17,17,0.7424242424242423,0.8285714285714285,0.7857142857142857,-0.042857142857142816
mi,99,version_29,8,stratified,10,42,112,112,0.7451971688574318,0.741489720256151,0.6312773845635321,-0.1102123356926189
mi,99,version_29,8,stratified,10,43,112,112,0.7202561509942702,0.7745197168857431,0.7485675766767779,-0.02595214020896519
mi,99,version_29,8,stratified,10,44,112,112,0.7101449275362319,0.7650825749915741,0.7138523761375126,-0.05123019885406144
mi,99,version_29,8,stratified,10,45,112,112,0.7593528816986855,0.7246376811594202,0.7138523761375126,-0.010785305021907554
mi,99,version_29,8,stratified,10,46,112,112,0.7778901247050893,0.7148634984833164,0.7465453319851701,0.03168183350185372
mi,99,version_29,8,stratified,50,42,92,92,0.7549603174603174,0.7578947368421052,0.699749373433584,-0.05814536340852117
mi,99,version_29,8,stratified,50,43,92,92,0.7549603174603173,0.7303258145363408,0.7102756892230577,-0.020050125313283096
mi,99,version_29,8,stratified,50,44,92,92,0.7524801587301587,0.7824561403508773,0.7769423558897243,-0.005513784461153026
mi,99,version_29,8,stratified,50,45,92,92,0.7301587301587301,0.7854636591478696,0.8230576441102757,0.03759398496240607
mi,99,version_29,8,stratified,50,46,92,92,0.732638888888889,0.7654135338345865,0.7984962406015037,0.03308270676691716
mi,99,version_29,8,stratified,100,42,67,67,0.7542213883677299,0.8105065666041276,0.8105065666041277,1.1102230246251565e-16
mi,99,version_29,8,stratified,100,43,67,67,0.74859287054409,0.775797373358349,0.7335834896810506,-0.04221388367729839
mi,99,version_29,8,stratified,100,44,67,67,0.8067542213883676,0.7326454033771107,0.7045028142589119,-0.02814258911819878
mi,99,version_29,8,stratified,100,45,67,67,0.8264540337711069,0.7101313320825515,0.7101313320825516,1.1102230246251565e-16
mi,99,version_29,8,stratified,100,46,67,67,0.7429643527204504,0.8151969981238274,0.8133208255159474,-0.0018761726078799779
mi,99,version_29,8,stratified,200,42,17,17,0.7428571428571429,0.8484848484848485,0.8333333333333333,-0.015151515151515249
mi,99,version_29,8,stratified,200,43,17,17,0.5857142857142856,0.7575757575757575,0.8030303030303031,0.045454545454545636
mi,99,version_29,8,stratified,200,44,17,17,0.9,0.6363636363636364,0.5151515151515151,-0.12121212121212122
mi,99,version_29,8,stratified,200,45,17,17,0.6666666666666667,0.9142857142857143,0.9,-0.014285714285714235
mi,99,version_29,8,stratified,200,46,17,17,0.7575757575757576,0.8999999999999999,0.9142857142857144,0.014285714285714457
mi,99,version_29,17,stratified,10,42,112,112,0.5062352544657904,0.47118301314459055,0.5611729019211324,0.0899898887765419
mi,99,version_29,17,stratified,10,43,112,112,0.45601617795753285,0.48904617458712507,0.47387933940006743,-0.015166835187057637
mi,99,version_29,17,stratified,10,44,112,112,0.44320862824401747,0.5301651499831479,0.6525109538254129,0.12234580384226501
mi,99,version_29,17,stratified,10,45,112,112,0.444556791371756,0.48028311425682496,0.49477586788001354,0.014492753623188581
mi,99,version_29,17,stratified,10,46,112,112,0.4226491405460061,0.5109538254128749,0.5291540276373441,0.018200202224469164
mi,99,version_29,17,stratified,50,42,92,92,0.4955357142857143,0.5167919799498747,0.4536340852130326,-0.06315789473684208
mi,99,version_29,17,stratified,50,43,92,92,0.4365079365079365,0.47318295739348376,0.5979949874686716,0.12481203007518787
mi,99,version_29,17,stratified,50,44,92,92,0.42113095238095244,0.5914786967418546,0.5699248120300752,-0.021553884711779436
mi,99,version_29,17,stratified,50,45,92,92,0.4365079365079365,0.4887218045112782,0.5704260651629073,0.08170426065162906
mi,99,version_29,17,stratified,50,46,92,92,0.5357142857142858,0.3894736842105263,0.5889724310776943,0.19949874686716795
mi,99,version_29,17,stratified,100,42,67,67,0.44559099437148225,0.5422138836772984,0.6172607879924954,0.075046904315197
mi,99,version_29,17,stratified,100,43,67,67,0.44183864915572235,0.5225140712945591,0.45778611632270166,-0.0647279549718574
mi,99,version_29,17,stratified,100,44,67,67,0.6050656660412759,0.4878048780487805,0.6060037523452158,0.11819887429643527
mi,99,version_29,17,stratified,100,45,67,67,0.4540337711069419,0.474671669793621,0.6463414634146342,0.17166979362101314
mi,99,version_29,17,stratified,100,46,67,67,0.3789868667917448,0.5084427767354596,0.621951219512195,0.11350844277673544
mi,99,version_29,17,stratified,200,42,17,17,0.42857142857142855,0.0909090909090909,0.8181818181818182,0.7272727272727273
mi,99,version_29,17,stratified,200,43,17,17,0.3428571428571428,0.3181818181818182,0.6212121212121212,0.30303030303030304
mi,99,version_29,17,stratified,200,44,17,17,0.4571428571428571,0.4848484848484848,0.42424242424242425,-0.06060606060606055
mi,99,version_29,17,stratified,200,45,17,17,0.6212121212121212,0.29999999999999993,0.6285714285714286,0.3285714285714286
mi,99,version_29,17,stratified,200,46,17,17,0.28787878787878785,0.37142857142857144,0.5571428571428572,0.18571428571428572
mi,99,version_30,0,stratified,10,42,112,112,0.7664307381193124,0.7789012470508931,0.43410852713178294,-0.3447927199191102
mi,99,version_30,0,stratified,10,43,112,112,0.7883383889450624,0.7037411526794742,0.6053252443545669,-0.09841590832490732
mi,99,version_30,0,stratified,10,44,112,112,0.7152005392652512,0.7819346140883047,0.6639703404111899,-0.11796427367711482
mi,99,version_30,0,stratified,10,45,112,112,0.7293562521065049,0.7617121671722279,0.6659925851027974,-0.09571958206943054
mi,99,version_30,0,stratified,10,46,112,112,0.8082237950792045,0.6872261543646783,0.627906976744186,-0.059319177620492214
mi,99,version_30,0,stratified,50,42,92,92,0.7723214285714285,0.8080200501253132,0.6055137844611529,-0.2025062656641603
mi,99,version_30,0,stratified,50,43,92,92,0.708829365079365,0.7644110275689222,0.6335839598997494,-0.13082706766917285
mi,99,version_30,0,stratified,50,44,92,92,0.7648809523809524,0.7598997493734335,0.6947368421052632,-0.06516290726817031
mi,99,version_30,0,stratified,50,45,92,92,0.7276785714285715,0.8040100250626566,0.7498746867167919,-0.0541353383458647
mi,99,version_30,0,stratified,50,46,92,92,0.763888888888889,0.7458646616541353,0.7824561403508772,0.03659147869674184
mi,99,version_30,0,stratified,100,42,67,67,0.7645403377110694,0.8198874296435271,0.7166979362101314,-0.10318949343339567
mi,99,version_30,0,stratified,100,43,67,67,0.7345215759849906,0.727016885553471,0.7101313320825516,-0.016885553470919357
mi,99,version_30,0,stratified,100,44,67,67,0.701688555347092,0.7851782363977486,0.7091932457786116,-0.075984990619137
mi,99,version_30,0,stratified,100,45,67,67,0.825515947467167,0.7448405253283302,0.6848030018761726,-0.060037523452157626
mi,99,version_30,0,stratified,100,46,67,67,0.724202626641651,0.8292682926829268,0.7073170731707317,-0.12195121951219512
mi,99,version_30,0,stratified,200,42,17,17,0.6571428571428571,1.0,0.9545454545454546,-0.045454545454545414
mi,99,version_30,0,stratified,200,43,17,17,0.6571428571428571,0.8181818181818181,0.8484848484848485,0.030303030303030387
mi,99,version_30,0,stratified,200,44,17,17,0.7428571428571429,0.6515151515151515,0.4393939393939394,-0.2121212121212121
mi,99,version_30,0,stratified,200,45,17,17,0.8333333333333333,0.9142857142857144,0.8857142857142857,-0.028571428571428692
mi,99,version_30,0,stratified,200,46,17,17,0.7575757575757576,0.8,0.41428571428571426,-0.3857142857142858
mi,99,version_30,2,stratified,10,42,112,112,0.7772160431412201,0.7802494101786316,0.5979103471520054,-0.18233906302662617
mi,99,version_30,2,stratified,10,43,112,112,0.7741826761038085,0.7310414560161781,0.6454330974047859,-0.08560835861139215
mi,99,version_30,2,stratified,10,44,112,112,0.7199191102123356,0.7920458375463432,0.5743174924165825,-0.2177283451297607
mi,99,version_30,2,stratified,10,45,112,112,0.7394674755645434,0.7627232895180317,0.6845298281092013,-0.07819346140883043
mi,99,version_30,2,stratified,10,46,112,112,0.7775530839231547,0.7202561509942704,0.6761038085608359,-0.04415234243343458
mi,99,version_30,2,stratified,50,42,92,92,0.7941468253968255,0.7969924812030075,0.6641604010025063,-0.1328320802005012
mi,99,version_30,2,stratified,50,43,92,92,0.7147817460317462,0.762406015037594,0.6661654135338346,-0.09624060150375935
mi,99,version_30,2,stratified,50,44,92,92,0.8000992063492064,0.7318295739348372,0.7117794486215538,-0.020050125313283318
mi,99,version_30,2,stratified,50,45,92,92,0.6999007936507936,0.8235588972431078,0.7994987468671679,-0.024060150375939893
mi,99,version_30,2,stratified,50,46,92,92,0.7896825396825397,0.7573934837092733,0.7368421052631579,-0.02055137844611543
mi,99,version_30,2,stratified,100,42,67,67,0.7767354596622889,0.7945590994371482,0.7345215759849907,-0.060037523452157515
mi,99,version_30,2,stratified,100,43,67,67,0.7326454033771107,0.777673545966229,0.7326454033771108,-0.045028142589118136
mi,99,version_30,2,stratified,100,44,67,67,0.7307692307692307,0.7795497185741088,0.7457786116322701,-0.03377110694183871
mi,99,version_30,2,stratified,100,45,67,67,0.8395872420262664,0.6941838649155723,0.6388367729831145,-0.05534709193245779
mi,99,version_30,2,stratified,100,46,67,67,0.7392120075046904,0.8227016885553471,0.6857410881801126,-0.1369606003752345
mi,99,version_30,2,stratified,200,42,17,17,0.7000000000000001,0.9242424242424242,0.8787878787878788,-0.045454545454545414
mi,99,version_30,2,stratified,200,43,17,17,0.6142857142857142,0.8787878787878788,0.803030303030303,-0.0757575757575758
mi,99,version_30,2,stratified,200,44,17,17,0.7571428571428571,0.6969696969696969,0.5303030303030303,-0.16666666666666663
mi,99,version_30,2,stratified,200,45,17,17,0.7878787878787878,0.9142857142857144,0.942857142857143,0.02857142857142858
mi,99,version_30,2,stratified,200,46,17,17,0.7878787878787878,0.7857142857142857,0.6571428571428571,-0.12857142857142856
mi,99,version_30,4,stratified,10,42,112,112,0.7087967644084934,0.6919447253117628,0.5524098415908325,-0.13953488372093026
mi,99,version_30,4,stratified,10,43,112,112,0.7074486012807549,0.6639703404111897,0.5375800471857095,-0.12639029322548023
mi,99,version_30,4,stratified,10,44,112,112,0.6990225817323896,0.6858779912369397,0.5682507583417593,-0.1176272328951804
mi,99,version_30,4,stratified,10,45,112,112,0.7010448264239972,0.6666666666666666,0.6299292214357938,-0.036737445230872856
mi,99,version_30,4,stratified,10,46,112,112,0.7243006403774855,0.6434108527131782,0.6002696326255477,-0.04314122008763055
mi,99,version_30,4,stratified,50,42,92,92,0.7256944444444444,0.700250626566416,0.6045112781954888,-0.09573934837092724
mi,99,version_30,4,stratified,50,43,92,92,0.6711309523809524,0.6942355889724311,0.6065162907268171,-0.08771929824561397
mi,99,version_30,4,stratified,50,44,92,92,0.7018849206349206,0.6581453634085213,0.656140350877193,-0.002005012531328232
mi,99,version_30,4,stratified,50,45,92,92,0.6860119047619048,0.7443609022556391,0.6330827067669172,-0.11127819548872186
mi,99,version_30,4,stratified,50,46,92,92,0.7291666666666666,0.6661654135338345,0.6766917293233082,0.010526315789473717
mi,99,version_30,4,stratified,100,42,67,67,0.6726078799249531,0.7410881801125703,0.7307692307692307,-0.010318949343339545
mi,99,version_30,4,stratified,100,43,67,67,0.6651031894934334,0.6679174484052534,0.6726078799249531,0.004690431519699723
mi,99,version_30,4,stratified,100,44,67,67,0.5900562851782364,0.6960600375234521,0.6585365853658536,-0.03752345215759856
mi,99,version_30,4,stratified,100,45,67,67,0.7720450281425891,0.6575984990619137,0.5628517823639775,-0.09474671669793622
mi,99,version_30,4,stratified,100,46,67,67,0.6632270168855534,0.7776735459662288,0.7157598499061913,-0.06191369606003749
mi,99,version_30,4,stratified,200,42,17,17,0.6428571428571429,0.9848484848484849,0.7878787878787878,-0.19696969696969702
mi,99,version_30,4,stratified,200,43,17,17,0.7142857142857142,0.8787878787878788,0.8636363636363636,-0.015151515151515138
mi,99,version_30,4,stratified,200,44,17,17,0.6,0.4545454545454546,0.18181818181818182,-0.27272727272727276
mi,99,version_30,4,stratified,200,45,17,17,0.7121212121212122,0.8857142857142857,1.0,0.11428571428571432
mi,99,version_30,4,stratified,200,46,17,17,0.7575757575757576,0.7857142857142857,0.6428571428571428,-0.1428571428571429
mi,99,version_30,8,stratified,10,42,112,112,0.7384563532187395,0.7576676777890125,0.651499831479609,-0.10616784630940346
mi,99,version_30,8,stratified,10,43,112,112,0.744186046511628,0.7307044152342433,0.7482305358948433,0.017526120660599998
mi,99,version_30,8,stratified,10,44,112,112,0.7087967644084934,0.7539602291877318,0.6552072800808898,-0.09875294910684196
mi,99,version_30,8,stratified,10,45,112,112,0.7347489046174588,0.7323896191439163,0.7212672733400741,-0.011122345803842193
mi,99,version_30,8,stratified,10,46,112,112,0.7876643073811931,0.6845298281092013,0.7003707448601281,0.015840916750926803
mi,99,version_30,8,stratified,50,42,92,92,0.753968253968254,0.7403508771929824,0.6481203007518797,-0.09223057644110277
mi,99,version_30,8,stratified,50,43,92,92,0.728670634920635,0.732330827067669,0.6716791979949875,-0.06065162907268151
mi,99,version_30,8,stratified,50,44,92,92,0.7817460317460317,0.7062656641604009,0.6591478696741855,-0.04711779448621545
mi,99,version_30,8,stratified,50,45,92,92,0.7093253968253969,0.7734335839598997,0.7709273182957393,-0.0025062656641603454
mi,99,version_30,8,stratified,50,46,92,92,0.7371031746031746,0.7213032581453633,0.7448621553884711,0.02355889724310778
mi,99,version_30,8,stratified,100,42,67,67,0.7317073170731708,0.7673545966228893,0.727016885553471,-0.0403377110694183
mi,99,version_30,8,stratified,100,43,67,67,0.6969981238273921,0.7776735459662288,0.7204502814258912,-0.05722326454033766
mi,99,version_30,8,stratified,100,44,67,67,0.7317073170731707,0.75140712945591,0.6838649155722326,-0.06754221388367743
mi,99,version_30,8,stratified,100,45,67,67,0.7410881801125704,0.7457786116322702,0.7054409005628519,-0.0403377110694183
mi,99,version_30,8,stratified,100,46,67,67,0.7185741088180113,0.772983114446529,0.7232645403377111,-0.04971857410881786
mi,99,version_30,8,stratified,200,42,17,17,0.6428571428571429,0.9090909090909091,0.8939393939393939,-0.015151515151515138
mi,99,version_30,8,stratified,200,43,17,17,0.7,0.9090909090909091,0.8636363636363636,-0.045454545454545414
mi,99,version_30,8,stratified,200,44,17,17,0.8571428571428571,0.6060606060606061,0.5151515151515151,-0.09090909090909094
mi,99,version_30,8,stratified,200,45,17,17,0.6212121212121212,0.8571428571428571,0.8571428571428571,0.0
mi,99,version_30,8,stratified,200,46,17,17,0.7272727272727272,0.8,0.7142857142857143,-0.08571428571428574
mi,99,version_30,17,stratified,10,42,112,112,0.47320525783619816,0.4570273003033367,0.5679137175598248,0.11088641725648807
mi,99,version_30,17,stratified,10,43,112,112,0.4327603640040445,0.4843276036400405,0.5106167846309403,0.026289180990899774
mi,99,version_30,17,stratified,10,44,112,112,0.4536568924839906,0.4974721941354904,0.6383552409841591,0.1408830468486687
mi,99,version_30,17,stratified,10,45,112,112,0.4320862824401752,0.4833164812942366,0.5604988203572633,0.07718233906302668
mi,99,version_30,17,stratified,10,46,112,112,0.41658240647118294,0.4762386248736097,0.48736097067745193,0.011122345803842248
mi,99,version_30,17,stratified,50,42,92,92,0.42906746031746035,0.5363408521303258,0.5954887218045113,0.059147869674185505
mi,99,version_30,17,stratified,50,43,92,92,0.4593253968253968,0.41704260651629077,0.556390977443609,0.13934837092731822
mi,99,version_30,17,stratified,50,44,92,92,0.47718253968253965,0.5087719298245614,0.5809523809523809,0.07218045112781946
mi,99,version_30,17,stratified,50,45,92,92,0.4320436507936508,0.46165413533834593,0.6967418546365916,0.23508771929824562
mi,99,version_30,17,stratified,50,46,92,92,0.3993055555555556,0.4270676691729323,0.46867167919799496,0.04160401002506264
mi,99,version_30,17,stratified,100,42,67,67,0.4380863039399624,0.5046904315196998,0.6641651031894934,0.15947467166979357
mi,99,version_30,17,stratified,100,43,67,67,0.45028142589118203,0.4549718574108818,0.575984990619137,0.12101313320825519
mi,99,version_30,17,stratified,100,44,67,67,0.6228893058161352,0.5,0.6641651031894934,0.1641651031894934
mi,99,version_30,17,stratified,100,45,67,67,0.44090056285178236,0.4803001876172608,0.5712945590994372,0.09099437148217637
mi,99,version_30,17,stratified,100,46,67,67,0.325515947467167,0.451219512195122,0.575046904315197,0.12382739212007499
mi,99,version_30,17,stratified,200,42,17,17,0.3999999999999999,0.2727272727272727,0.8636363636363636,0.5909090909090909
mi,99,version_30,17,stratified,200,43,17,17,0.5714285714285714,0.2727272727272727,0.48484848484848486,0.21212121212121215
mi,99,version_30,17,stratified,200,44,17,17,0.8142857142857143,0.4242424242424242,0.3939393939393939,-0.030303030303030276
mi,99,version_30,17,stratified,200,45,17,17,0.46969696969696967,0.4428571428571429,0.6142857142857142,0.17142857142857132
mi,99,version_30,17,stratified,200,46,17,17,0.24242424242424243,0.21428571428571427,0.4571428571428571,0.2428571428571428
mi,99,version_41,0,stratified,10,42,112,112,0.754634310751601,0.751937984496124,0.5483653522076172,-0.20357263228850686
mi,99,version_41,0,stratified,10,43,112,112,0.7492416582406471,0.707448601280755,0.5793731041456016,-0.12807549713515343
mi,99,version_41,0,stratified,10,44,112,112,0.7192450286484664,0.7418267610380856,0.5884732052578362,-0.15335355578024945
mi,99,version_41,0,stratified,10,45,112,112,0.7232895180316818,0.7290192113245703,0.6599258510279743,-0.06909336029659596
mi,99,version_41,0,stratified,10,46,112,112,0.8102460397708122,0.6407145264577014,0.6407145264577013,-1.1102230246251565e-16
mi,99,version_41,0,stratified,50,42,92,92,0.7673611111111112,0.7583959899749374,0.5583959899749373,-0.20000000000000007
mi,99,version_41,0,stratified,50,43,92,92,0.6984126984126984,0.7518796992481204,0.6110275689223058,-0.14085213032581456
mi,99,version_41,0,stratified,50,44,92,92,0.75,0.7433583959899749,0.66265664160401,-0.08070175438596483
mi,99,version_41,0,stratified,50,45,92,92,0.714781746031746,0.7754385964912281,0.812531328320802,0.037092731829573844
mi,99,version_41,0,stratified,50,46,92,92,0.7514880952380952,0.756390977443609,0.7032581453634085,-0.053132832080200476
mi,99,version_41,0,stratified,100,42,67,67,0.7504690431519699,0.7654784240150094,0.7898686679174485,0.024390243902439046
mi,99,version_41,0,stratified,100,43,67,67,0.7363977485928705,0.7054409005628518,0.7073170731707318,0.0018761726078799779
mi,99,version_41,0,stratified,100,44,67,67,0.7054409005628518,0.7467166979362101,0.7363977485928705,-0.010318949343339545
mi,99,version_41,0,stratified,100,45,67,67,0.8011257035647279,0.7626641651031896,0.6622889305816135,-0.10037523452157604
mi,99,version_41,0,stratified,100,46,67,67,0.698874296435272,0.852720450281426,0.6885553470919326,-0.1641651031894934
mi,99,version_41,0,stratified,200,42,17,17,0.6571428571428571,0.9242424242424243,0.8636363636363635,-0.060606060606060774
mi,99,version_41,0,stratified,200,43,17,17,0.6428571428571428,0.7878787878787878,0.7878787878787878,0.0
mi,99,version_41,0,stratified,200,44,17,17,0.7714285714285714,0.5909090909090909,0.33333333333333337,-0.25757575757575757
mi,99,version_41,0,stratified,200,45,17,17,0.7575757575757576,0.8285714285714285,0.8714285714285714,0.04285714285714293
mi,99,version_41,0,stratified,200,46,17,17,0.8636363636363635,0.7571428571428571,0.5714285714285714,-0.18571428571428572
mi,99,version_41,2,stratified,10,42,112,112,0.7593528816986856,0.7445230872935625,0.5655544320862824,-0.17896865520728011
mi,99,version_41,2,stratified,10,43,112,112,0.7556454330974046,0.7007077856420627,0.614762386248736,-0.08594539939332668
mi,99,version_41,2,stratified,10,44,112,112,0.7249747219413549,0.745871250421301,0.5793731041456016,-0.16649814627569937
mi,99,version_41,2,stratified,10,45,112,112,0.705763397371082,0.750252780586451,0.700370744860128,-0.04988203572632299
mi,99,version_41,2,stratified,10,46,112,112,0.7940680822379508,0.660262891809909,0.6919447253117628,0.03168183350185372
mi,99,version_41,2,stratified,50,42,92,92,0.75,0.7634085213032581,0.6260651629072682,-0.13734335839598988
mi,99,version_41,2,stratified,50,43,92,92,0.714781746031746,0.7403508771929824,0.6596491228070176,-0.08070175438596483
mi,99,version_41,2,stratified,50,44,92,92,0.7743055555555556,0.7243107769423558,0.6952380952380952,-0.029072681704260583
mi,99,version_41,2,stratified,50,45,92,92,0.6884920634920636,0.7644110275689223,0.8315789473684211,0.06716791979949877
mi,99,version_41,2,stratified,50,46,92,92,0.753968253968254,0.7548872180451127,0.7047619047619047,-0.05012531328320802
mi,99,version_41,2,stratified,100,42,67,67,0.7579737335834896,0.725140712945591,0.7429643527204502,0.017823639774859235
mi,99,version_41,2,stratified,100,43,67,67,0.7317073170731706,0.7045028142589118,0.7476547842401502,0.04315196998123838
mi,99,version_41,2,stratified,100,44,67,67,0.7476547842401501,0.7523452157598499,0.7898686679174484,0.03752345215759845
mi,99,version_41,2,stratified,100,45,67,67,0.8227016885553471,0.6444652908067543,0.6388367729831144,-0.005628517823639934
mi,99,version_41,2,stratified,100,46,67,67,0.6951219512195121,0.8639774859287054,0.7148217636022514,-0.14915572232645402
mi,99,version_41,2,stratified,200,42,17,17,0.6714285714285714,0.8939393939393939,0.8787878787878787,-0.015151515151515249
mi,99,version_41,2,stratified,200,43,17,17,0.5714285714285714,0.8484848484848485,0.8333333333333334,-0.015151515151515138
mi,99,version_41,2,stratified,200,44,17,17,0.7714285714285714,0.6363636363636362,0.48484848484848486,-0.15151515151515138
mi,99,version_41,2,stratified,200,45,17,17,0.6818181818181818,0.7714285714285714,0.8428571428571427,0.0714285714285714
mi,99,version_41,2,stratified,200,46,17,17,0.8939393939393939,0.8,0.5714285714285714,-0.22857142857142865
mi,99,version_41,4,stratified,10,42,112,112,0.6676777890124705,0.6454330974047859,0.5331985170205594,-0.11223458038422651
mi,99,version_41,4,stratified,10,43,112,112,0.6676777890124705,0.6272328951803169,0.5028648466464443,-0.12436804853387262
mi,99,version_41,4,stratified,10,44,112,112,0.6589147286821705,0.6697000337040782,0.4671385237613751,-0.20256150994270306
mi,99,version_41,4,stratified,10,45,112,112,0.6892483990562858,0.5952140208965285,0.6464442197505899,0.051230198854061326
mi,99,version_41,4,stratified,10,46,112,112,0.7098078867542973,0.5824064711830131,0.6147623862487361,0.032355915065722995
mi,99,version_41,4,stratified,50,42,92,92,0.6696428571428571,0.6531328320802006,0.5197994987468672,-0.13333333333333341
mi,99,version_41,4,stratified,50,43,92,92,0.6121031746031745,0.656140350877193,0.5959899749373435,-0.06015037593984951
mi,99,version_41,4,stratified,50,44,92,92,0.7321428571428571,0.5984962406015037,0.6551378446115288,0.05664160401002505
mi,99,version_41,4,stratified,50,45,92,92,0.6220238095238095,0.6802005012531328,0.6305764411027569,-0.049624060150375904
mi,99,version_41,4,stratified,50,46,92,92,0.6860119047619048,0.6646616541353383,0.643609022556391,-0.021052631578947323
mi,99,version_41,4,stratified,100,42,67,67,0.5562851782363978,0.7054409005628518,0.75140712945591,0.045966228893058236
mi,99,version_41,4,stratified,100,43,67,67,0.6585365853658536,0.6360225140712945,0.6397748592870545,0.0037523452157599557
mi,99,version_41,4,stratified,100,44,67,67,0.5956848030018762,0.6735459662288932,0.6454033771106942,-0.028142589118199002
mi,99,version_41,4,stratified,100,45,67,67,0.7157598499061913,0.6153846153846154,0.5581613508442776,-0.05722326454033777
mi,99,version_41,4,stratified,100,46,67,67,0.6463414634146342,0.7936210131332081,0.7016885553470918,-0.09193245778611625
mi,99,version_41,4,stratified,200,42,17,17,0.5428571428571428,0.8787878787878787,0.6969696969696969,-0.18181818181818177
mi,99,version_41,4,stratified,200,43,17,17,0.6857142857142857,0.8484848484848485,0.8787878787878788,0.030303030303030276
mi,99,version_41,4,stratified,200,44,17,17,0.7,0.36363636363636365,0.31818181818181823,-0.045454545454545414
mi,99,version_41,4,stratified,200,45,17,17,0.5,0.9,0.9285714285714286,0.02857142857142858
mi,99,version_41,4,stratified,200,46,17,17,0.7575757575757576,0.8,0.47142857142857136,-0.3285714285714287
mi,99,version_41,8,stratified,10,42,112,112,0.7071115604988204,0.7104819683181665,0.5891472868217054,-0.1213346814964611
mi,99,version_41,8,stratified,10,43,112,112,0.6788001348163127,0.7081226828446243,0.5574654533198516,-0.15065722952477267
mi,99,version_41,8,stratified,10,44,112,112,0.6723963599595552,0.7219413549039434,0.6359959555106167,-0.08594539939332668
mi,99,version_41,8,stratified,10,45,112,112,0.745871250421301,0.6386922817660937,0.6723963599595552,0.03370407819346144
mi,99,version_41,8,stratified,10,46,112,112,0.7202561509942703,0.6565554432086282,0.6639703404111897,0.007414897202561499
mi,99,version_41,8,stratified,50,42,92,92,0.6899801587301587,0.736842105263158,0.5949874686716792,-0.1418546365914788
mi,99,version_41,8,stratified,50,43,92,92,0.7043650793650794,0.6962406015037594,0.5037593984962405,-0.19248120300751892
mi,99,version_41,8,stratified,50,44,92,92,0.7142857142857143,0.7208020050125313,0.6656641604010025,-0.05513784461152882
mi,99,version_41,8,stratified,50,45,92,92,0.6800595238095238,0.7388471177944862,0.7042606516290727,-0.0345864661654135
mi,99,version_41,8,stratified,50,46,92,92,0.7028769841269841,0.6822055137844611,0.6927318295739349,0.010526315789473717
mi,99,version_41,8,stratified,100,42,67,67,0.651031894934334,0.7739212007504691,0.7476547842401501,-0.026266416510319024
mi,99,version_41,8,stratified,100,43,67,67,0.7026266416510318,0.7532833020637899,0.6078799249530957,-0.14540337711069418
mi,99,version_41,8,stratified,100,44,67,67,0.7673545966228893,0.699812382739212,0.6275797373358349,-0.07223264540337704
mi,99,version_41,8,stratified,100,45,67,67,0.7523452157598499,0.6369606003752345,0.6050656660412758,-0.031894934333958735
mi,99,version_41,8,stratified,100,46,67,67,0.6500938086303939,0.7795497185741088,0.6604127579737336,-0.11913696060037526
mi,99,version_41,8,stratified,200,42,17,17,0.6428571428571428,0.8636363636363635,0.8181818181818181,-0.045454545454545414
mi,99,version_41,8,stratified,200,43,17,17,0.6428571428571428,0.8181818181818181,0.7727272727272727,-0.045454545454545414
mi,99,version_41,8,stratified,200,44,17,17,0.8714285714285714,0.5909090909090909,0.3181818181818182,-0.27272727272727276
mi,99,version_41,8,stratified,200,45,17,17,0.6666666666666666,0.6571428571428571,0.7857142857142857,0.12857142857142856
mi,99,version_41,8,stratified,200,46,17,17,0.803030303030303,0.9,0.6857142857142857,-0.2142857142857143
mi,99,version_41,17,stratified,10,42,112,112,0.49814627569935965,0.4738793394000674,0.5628581058308054,0.08897876643073804
mi,99,version_41,17,stratified,10,43,112,112,0.4974721941354904,0.4512976070104483,0.6245365689248399,0.1732389619143916
mi,99,version_41,17,stratified,10,44,112,112,0.5069093360296596,0.46579036063363666,0.741489720256151,0.27569935962251435
mi,99,version_41,17,stratified,10,45,112,112,0.4475901584091675,0.48230535894843274,0.4459049544994944,-0.03640040444893833
mi,99,version_41,17,stratified,10,46,112,112,0.44860128075497135,0.4715200539265251,0.5079204583754634,0.03640040444893833
mi,99,version_41,17,stratified,50,42,92,92,0.5148809523809523,0.4897243107769424,0.6275689223057644,0.13784461152882205
mi,99,version_41,17,stratified,50,43,92,92,0.4216269841269841,0.487719298245614,0.6145363408521303,0.12681704260651627
mi,99,version_41,17,stratified,50,44,92,92,0.4781746031746032,0.5548872180451128,0.6125313283208019,0.057644110275689164
mi,99,version_41,17,stratified,50,45,92,92,0.4365079365079365,0.43909774436090226,0.6927318295739349,0.2536340852130326
mi,99,version_41,17,stratified,50,46,92,92,0.5114087301587301,0.40200501253132837,0.6190476190476191,0.2170426065162907
mi,99,version_41,17,stratified,100,42,67,67,0.45684803001876173,0.48499061913696057,0.6951219512195123,0.2101313320825517
mi,99,version_41,17,stratified,100,43,67,67,0.41088180112570355,0.49249530956848026,0.6819887429643527,0.1894934333958725
mi,99,version_41,17,stratified,100,44,67,67,0.6069418386491557,0.5234521575984991,0.6866791744840525,0.1632270168855534
mi,99,version_41,17,stratified,100,45,67,67,0.42120075046904315,0.4793621013133208,0.699812382739212,0.22045028142589118
mi,99,version_41,17,stratified,100,46,67,67,0.3602251407129456,0.4924953095684803,0.6932457786116322,0.20075046904315186
mi,99,version_41,17,stratified,200,42,17,17,0.2857142857142857,0.2272727272727273,0.8484848484848484,0.6212121212121211
mi,99,version_41,17,stratified,200,43,17,17,0.34285714285714286,0.4545454545454546,0.7424242424242424,0.28787878787878785
mi,99,version_41,17,stratified,200,44,17,17,0.6,0.5757575757575757,0.3787878787878788,-0.1969696969696969
mi,99,version_41,17,stratified,200,45,17,17,0.5303030303030303,0.37142857142857144,0.7857142857142857,0.41428571428571426
mi,99,version_41,17,stratified,200,46,17,17,0.303030303030303,0.22857142857142854,0.5142857142857142,0.2857142857142857
mi,101,version_27,0,stratified,10,42,112,112,0.737108190091001,0.7269969666329626,0.49207954162453654,-0.2349174250084261
mi,101,version_27,0,stratified,10,43,112,112,0.7148634984833165,0.7327266599258511,0.6710481968318166,-0.061678463094034464
mi,101,version_27,0,stratified,10,44,112,112,0.7394674755645433,0.7101449275362319,0.5931917762049208,-0.11695315133131112
mi,101,version_27,0,stratified,10,45,112,112,0.7138523761375126,0.7657566565554432,0.608695652173913,-0.15706100438153026
mi,101,version_27,0,stratified,10,46,112,112,0.7556454330974047,0.6966632962588474,0.6137512639029322,-0.08291203235591516
mi,101,version_27,0,stratified,50,42,92,92,0.8129960317460317,0.6095238095238096,0.5614035087719299,-0.048120300751879674
mi,101,version_27,0,stratified,50,43,92,92,0.7916666666666666,0.6325814536340854,0.5268170426065162,-0.10576441102756917
mi,101,version_27,0,stratified,50,44,92,92,0.7604166666666667,0.6711779448621554,0.6050125313283208,-0.06616541353383465
mi,101,version_27,0,stratified,50,45,92,92,0.7192460317460317,0.7709273182957393,0.6355889724310776,-0.13533834586466176
mi,101,version_27,0,stratified,50,46,92,92,0.7574404761904762,0.7358395989974937,0.5508771929824561,-0.18496240601503766
mi,101,version_27,0,stratified,100,42,67,67,0.6444652908067542,0.8151969981238274,0.7420262664165103,-0.07317073170731714
mi,101,version_27,0,stratified,100,43,67,67,0.5881801125703564,0.774859287054409,0.7354596622889306,-0.039399624765478425
mi,101,version_27,0,stratified,100,44,67,67,0.6735459662288931,0.7382739212007504,0.6622889305816135,-0.07598499061913688
mi,101,version_27,0,stratified,100,45,67,67,0.6838649155722326,0.8705440900562852,0.6772983114446529,-0.19324577861163228
mi,101,version_27,0,stratified,100,46,67,67,0.7560975609756098,0.6557223264540338,0.6285178236397748,-0.027204502814259013
mi,101,version_27,0,stratified,200,42,17,17,0.7714285714285715,0.8181818181818182,0.7575757575757576,-0.06060606060606066
mi,101,version_27,0,stratified,200,43,17,17,0.8142857142857143,1.0,0.9393939393939394,-0.06060606060606055
mi,101,version_27,0,stratified,200,44,17,17,0.8,0.8333333333333334,0.8333333333333334,0.0
mi,101,version_27,0,stratified,200,45,17,17,0.8787878787878787,0.7,0.49999999999999994,-0.2
mi,101,version_27,0,stratified,200,46,17,17,0.6666666666666666,0.7285714285714285,0.6428571428571429,-0.08571428571428563
mi,101,version_27,2,stratified,10,42,112,112,0.7569935962251432,0.7509268621503202,0.6902595214020897,-0.06066734074823055
mi,101,version_27,2,stratified,10,43,112,112,0.7408156386922817,0.7610380856083586,0.754634310751601,-0.0064037748567575825
mi,101,version_27,2,stratified,10,44,112,112,0.7866531850353893,0.7121671722278395,0.6309403437815975,-0.08122682844624207
mi,101,version_27,2,stratified,10,45,112,112,0.7249747219413549,0.7923828783282778,0.6386922817660936,-0.1536905965621842
mi,101,version_27,2,stratified,10,46,112,112,0.7880013481631277,0.7253117627232895,0.7084597236265588,-0.01685203909673061
mi,101,version_27,2,stratified,50,42,92,92,0.847718253968254,0.6486215538847118,0.6511278195488721,0.0025062656641603454
mi,101,version_27,2,stratified,50,43,92,92,0.7777777777777778,0.6952380952380952,0.6411027568922305,-0.0541353383458647
mi,101,version_27,2,stratified,50,44,92,92,0.7752976190476191,0.7197994987468671,0.711779448621554,-0.00802005012531315
mi,101,version_27,2,stratified,50,45,92,92,0.7410714285714286,0.8050125313283208,0.7553884711779448,-0.049624060150376015
mi,101,version_27,2,stratified,50,46,92,92,0.7504960317460317,0.7724310776942356,0.7518796992481204,-0.02055137844611521
mi,101,version_27,2,stratified,100,42,67,67,0.6941838649155723,0.7804878048780488,0.7654784240150094,-0.015009380863039379
mi,101,version_27,2,stratified,100,43,67,67,0.6660412757973734,0.7823639774859287,0.776735459662289,-0.0056285178236397115
mi,101,version_27,2,stratified,100,44,67,67,0.6801125703564728,0.7804878048780488,0.776735459662289,-0.0037523452157598447
mi,101,version_27,2,stratified,100,45,67,67,0.6876172607879925,0.8771106941838649,0.8461538461538461,-0.030956848030018747
mi,101,version_27,2,stratified,100,46,67,67,0.7842401500938087,0.7082551594746717,0.7439024390243902,0.03564727954971858
mi,101,version_27,2,stratified,200,42,17,17,0.7285714285714285,0.7878787878787878,0.803030303030303,0.015151515151515138
mi,101,version_27,2,stratified,200,43,17,17,0.9,1.0,1.0,0.0
mi,101,version_27,2,stratified,200,44,17,17,0.7571428571428572,0.7424242424242423,0.8181818181818182,0.07575757575757591
mi,101,version_27,2,stratified,200,45,17,17,0.8333333333333333,0.7428571428571429,0.6714285714285714,-0.07142857142857151
mi,101,version_27,2,stratified,200,46,17,17,0.7878787878787878,0.7571428571428571,0.7,-0.05714285714285716
mi,101,version_27,4,stratified,10,42,112,112,0.7212672733400741,0.6764408493427705,0.7216043141220086,0.04516346477923816
mi,101,version_27,4,stratified,10,43,112,112,0.6605999325918437,0.7000337040781934,0.661948095719582,-0.03808560835861141
mi,101,version_27,4,stratified,10,44,112,112,0.7114930906639703,0.6676777890124704,0.6309403437815976,-0.036737445230872856
mi,101,version_27,4,stratified,10,45,112,112,0.6885743174924165,0.7182339063026627,0.542298618132794,-0.1759352881698687
mi,101,version_27,4,stratified,10,46,112,112,0.7317155375800471,0.6474553420963937,0.4934277047522751,-0.15402763734411856
mi,101,version_27,4,stratified,50,42,92,92,0.755952380952381,0.5864661654135339,0.6751879699248121,0.0887218045112782
mi,101,version_27,4,stratified,50,43,92,92,0.7192460317460317,0.6576441102756891,0.6300751879699248,-0.027568922305764354
mi,101,version_27,4,stratified,50,44,92,92,0.6825396825396826,0.668671679197995,0.6330827067669172,-0.035588972431077726
mi,101,version_27,4,stratified,50,45,92,92,0.6765873015873016,0.693734335839599,0.6411027568922305,-0.052631578947368474
mi,101,version_27,4,stratified,50,46,92,92,0.71875,0.6721804511278195,0.6506265664160401,-0.021553884711779436
mi,101,version_27,4,stratified,100,42,67,67,0.6078799249530957,0.7354596622889306,0.722326454033771,-0.013133208255159512
mi,101,version_27,4,stratified,100,43,67,67,0.6378986866791745,0.7082551594746718,0.7326454033771107,0.024390243902438935
mi,101,version_27,4,stratified,100,44,67,67,0.6097560975609756,0.7354596622889306,0.701688555347092,-0.0337711069418386
mi,101,version_27,4,stratified,100,45,67,67,0.5834896810506567,0.8095684803001877,0.8133208255159475,0.0037523452157598447
mi,101,version_27,4,stratified,100,46,67,67,0.7654784240150094,0.6491557223264541,0.6435272045028143,-0.0056285178236398226
mi,101,version_27,4,stratified,200,42,17,17,0.8571428571428572,0.6818181818181818,0.9090909090909092,0.2272727272727274
mi,101,version_27,4,stratified,200,43,17,17,0.8571428571428572,0.9848484848484849,0.9090909090909091,-0.0757575757575758
mi,101,version_27,4,stratified,200,44,17,17,0.5428571428571429,0.6515151515151515,0.7424242424242424,0.09090909090909094
mi,101,version_27,4,stratified,200,45,17,17,0.6969696969696969,0.6571428571428571,0.6571428571428571,0.0
mi,101,version_27,4,stratified,200,46,17,17,0.5606060606060606,0.6714285714285714,0.5428571428571429,-0.12857142857142845
mi,101,version_27,8,stratified,10,42,112,112,0.6720593191776205,0.6993596225143243,0.4738793394000674,-0.22548028311425689
mi,101,version_27,8,stratified,10,43,112,112,0.6140883046848667,0.6973373778227165,0.6386922817660937,-0.058645096056622825
mi,101,version_27,8,stratified,10,44,112,112,0.7219413549039434,0.6097067745197169,0.5628581058308055,-0.046848668688911355
mi,101,version_27,8,stratified,10,45,112,112,0.6420626895854399,0.6983485001685205,0.5803842264914055,-0.11796427367711493
mi,101,version_27,8,stratified,10,46,112,112,0.6474553420963937,0.6636332996292551,0.5682507583417593,-0.09538254128749579
mi,101,version_27,8,stratified,50,42,92,92,0.7356150793650794,0.6345864661654135,0.4711779448621554,-0.16340852130325806
mi,101,version_27,8,stratified,50,43,92,92,0.7098214285714285,0.6215538847117795,0.5268170426065163,-0.09473684210526323
mi,101,version_27,8,stratified,50,44,92,92,0.6651785714285714,0.6671679197994986,0.6190476190476191,-0.04812030075187956
mi,101,version_27,8,stratified,50,45,92,92,0.7018849206349206,0.6466165413533835,0.493734335839599,-0.1528822055137845
mi,101,version_27,8,stratified,50,46,92,92,0.626984126984127,0.66265664160401,0.5984962406015037,-0.0641604010025063
mi,101,version_27,8,stratified,100,42,67,67,0.6463414634146342,0.7439024390243902,0.5619136960600375,-0.18198874296435275
mi,101,version_27,8,stratified,100,43,67,67,0.6632270168855535,0.7410881801125704,0.6097560975609757,-0.13133208255159468
mi,101,version_27,8,stratified,100,44,67,67,0.7073170731707317,0.6913696060037523,0.5046904315196998,-0.18667917448405247
mi,101,version_27,8,stratified,100,45,67,67,0.726078799249531,0.6932457786116323,0.6003752345215759,-0.09287054409005635
mi,101,version_27,8,stratified,100,46,67,67,0.6716697936210131,0.5750469043151971,0.5694183864915572,-0.005628517823639934
mi,101,version_27,8,stratified,200,42,17,17,0.5571428571428572,0.8030303030303031,0.6818181818181819,-0.12121212121212122
mi,101,version_27,8,stratified,200,43,17,17,0.6857142857142857,0.9696969696969696,0.9545454545454545,-0.015151515151515138
mi,101,version_27,8,stratified,200,44,17,17,0.7857142857142857,0.803030303030303,0.7272727272727273,-0.07575757575757569
mi,101,version_27,8,stratified,200,45,17,17,0.8333333333333333,0.6714285714285715,0.6285714285714286,-0.04285714285714293
mi,101,version_27,8,stratified,200,46,17,17,0.4393939393939394,0.7857142857142857,0.5285714285714286,-0.2571428571428571
mi,101,version_27,17,stratified,10,42,112,112,0.5952140208965284,0.582406471183013,0.5699359622514324,-0.012470508931580637
mi,101,version_27,17,stratified,10,43,112,112,0.5443208628244017,0.6006066734074823,0.5995955510616784,-0.0010111223458039165
mi,101,version_27,17,stratified,10,44,112,112,0.5672396359959555,0.6066734074823052,0.5106167846309403,-0.09605662285136496
mi,101,version_27,17,stratified,10,45,112,112,0.6049882035726324,0.604314122008763,0.5355578024941018,-0.06875631951466121
mi,101,version_27,17,stratified,10,46,112,112,0.5824064711830131,0.6019548365352207,0.4024266936299292,-0.19952814290529153
mi,101,version_27,17,stratified,50,42,92,92,0.6170634920634921,0.54937343358396,0.6290726817042607,0.07969924812030071
mi,101,version_27,17,stratified,50,43,92,92,0.5059523809523809,0.6195488721804512,0.6486215538847118,0.029072681704260583
mi,101,version_27,17,stratified,50,44,92,92,0.5362103174603174,0.6125313283208019,0.49523809523809526,-0.11729323308270667
mi,101,version_27,17,stratified,50,45,92,92,0.494047619047619,0.6601503759398496,0.6596491228070177,-0.0005012531328318914
mi,101,version_27,17,stratified,50,46,92,92,0.5282738095238095,0.6255639097744361,0.5694235588972432,-0.056140350877192935
mi,101,version_27,17,stratified,100,42,67,67,0.5046904315196998,0.6951219512195123,0.6135084427767354,-0.08161350844277682
mi,101,version_27,17,stratified,100,43,67,67,0.5619136960600375,0.6801125703564728,0.5984990619136961,-0.0816135084427767
mi,101,version_27,17,stratified,100,44,67,67,0.5356472795497186,0.6210131332082551,0.39399624765478425,-0.22701688555347088
mi,101,version_27,17,stratified,100,45,67,67,0.5356472795497185,0.6594746716697936,0.5891181988742965,-0.07035647279549706
mi,101,version_27,17,stratified,100,46,67,67,0.5863039399624765,0.6397748592870544,0.6575984990619137,0.017823639774859346
mi,101,version_27,17,stratified,200,42,17,17,0.5,0.5303030303030303,0.6666666666666666,0.13636363636363635
mi,101,version_27,17,stratified,200,43,17,17,0.7428571428571429,0.6515151515151516,0.5757575757575757,-0.07575757575757591
mi,101,version_27,17,stratified,200,44,17,17,0.6142857142857142,0.40909090909090906,0.4393939393939394,0.03030303030303033
mi,101,version_27,17,stratified,200,45,17,17,0.6212121212121212,0.7285714285714285,0.7857142857142857,0.05714285714285716
mi,101,version_27,17,stratified,200,46,17,17,0.5303030303030303,0.6857142857142857,0.8,0.11428571428571432
mi,101,version_28,0,stratified,10,42,112,112,0.7162116616110549,0.711830131445905,0.6346477923828783,-0.07718233906302674
mi,101,version_28,0,stratified,10,43,112,112,0.6993596225143243,0.7202561509942702,0.647118301314459,-0.07313784967981118
mi,101,version_28,0,stratified,10,44,112,112,0.7398045163464779,0.7010448264239973,0.7438490057296933,0.04280417930569591
mi,101,version_28,0,stratified,10,45,112,112,0.6858779912369397,0.745871250421301,0.7044152342433434,-0.04145601617795758
mi,101,version_28,0,stratified,10,46,112,112,0.7330637007077856,0.6959892146949781,0.5793731041456016,-0.11661611054937648
mi,101,version_28,0,stratified,50,42,92,92,0.7544642857142857,0.6235588972431078,0.6385964912280703,0.015037593984962516
mi,101,version_28,0,stratified,50,43,92,92,0.7782738095238095,0.6536340852130326,0.731328320802005,0.07769423558897248
mi,101,version_28,0,stratified,50,44,92,92,0.6999007936507936,0.6892230576441103,0.6756892230576441,-0.013533834586466176
mi,101,version_28,0,stratified,50,45,92,92,0.7157738095238095,0.7593984962406015,0.6656641604010025,-0.093734335839599
mi,101,version_28,0,stratified,50,46,92,92,0.685515873015873,0.7548872180451128,0.7037593984962406,-0.051127819548872244
mi,101,version_28,0,stratified,100,42,67,67,0.6904315196998124,0.7363977485928704,0.7598499061913696,0.023452157598499168
mi,101,version_28,0,stratified,100,43,67,67,0.6829268292682926,0.7467166979362102,0.7270168855534708,-0.019699812382739434
mi,101,version_28,0,stratified,100,44,67,67,0.6876172607879925,0.6998123827392121,0.722326454033771,0.022514071294558957
mi,101,version_28,0,stratified,100,45,67,67,0.7204502814258912,0.8452157598499063,0.7091932457786116,-0.13602251407129462
mi,101,version_28,0,stratified,100,46,67,67,0.7420262664165103,0.6444652908067543,0.6660412757973733,0.021575984990618968
mi,101,version_28,0,stratified,200,42,17,17,0.8428571428571429,0.7272727272727273,0.6818181818181819,-0.045454545454545414
mi,101,version_28,0,stratified,200,43,17,17,0.7285714285714285,0.9545454545454545,0.8181818181818181,-0.13636363636363635
mi,101,version_28,0,stratified,200,44,17,17,0.842857142857143,0.7727272727272727,0.8333333333333333,0.06060606060606055
mi,101,version_28,0,stratified,200,45,17,17,0.7727272727272727,0.8142857142857143,0.7285714285714285,-0.08571428571428574
mi,101,version_28,0,stratified,200,46,17,17,0.606060606060606,0.8285714285714285,0.8,-0.02857142857142847
mi,101,version_28,2,stratified,10,42,112,112,0.7155375800471857,0.7246376811594203,0.6872261543646782,-0.037411526794742134
mi,101,version_28,2,stratified,10,43,112,112,0.726659925851028,0.7182339063026627,0.6521739130434783,-0.06605999325918444
mi,101,version_28,2,stratified,10,44,112,112,0.7741826761038085,0.6892483990562859,0.6734074823053589,-0.015840916750927025
mi,101,version_28,2,stratified,10,45,112,112,0.7064374789349511,0.7499157398045164,0.6484664644421976,-0.10144927536231885
mi,101,version_28,2,stratified,10,46,112,112,0.7243006403774856,0.7371081900910009,0.6531850353892821,-0.08392315470171885
mi,101,version_28,2,stratified,50,42,92,92,0.7425595238095238,0.6837092731829574,0.7263157894736842,0.04260651629072687
mi,101,version_28,2,stratified,50,43,92,92,0.7663690476190476,0.6917293233082706,0.7914786967418547,0.09974937343358403
mi,101,version_28,2,stratified,50,44,92,92,0.6969246031746033,0.7203007518796993,0.7157894736842105,-0.004511278195488799
mi,101,version_28,2,stratified,50,45,92,92,0.7316468253968255,0.7974937343358396,0.687719298245614,-0.10977443609022564
mi,101,version_28,2,stratified,50,46,92,92,0.6929563492063492,0.7583959899749373,0.7473684210526316,-0.01102756892230572
mi,101,version_28,2,stratified,100,42,67,67,0.7082551594746717,0.6932457786116323,0.7176360225140713,0.024390243902439046
mi,101,version_28,2,stratified,100,43,67,67,0.7373358348968104,0.7345215759849906,0.7720450281425891,0.03752345215759856
mi,101,version_28,2,stratified,100,44,67,67,0.6641651031894935,0.7195121951219513,0.8161350844277674,0.09662288930581608
mi,101,version_28,2,stratified,100,45,67,67,0.7204502814258911,0.826454033771107,0.7917448405253283,-0.0347091932457787
mi,101,version_28,2,stratified,100,46,67,67,0.7448405253283302,0.6876172607879925,0.7598499061913696,0.07223264540337715
mi,101,version_28,2,stratified,200,42,17,17,0.8,0.7575757575757576,0.8333333333333333,0.07575757575757569
mi,101,version_28,2,stratified,200,43,17,17,0.8142857142857143,1.0,0.9848484848484849,-0.015151515151515138
mi,101,version_28,2,stratified,200,44,17,17,0.7714285714285714,0.5909090909090909,0.7878787878787878,0.1969696969696969
mi,101,version_28,2,stratified,200,45,17,17,0.8181818181818181,0.8428571428571429,0.7142857142857143,-0.12857142857142856
mi,101,version_28,2,stratified,200,46,17,17,0.42424242424242425,0.8285714285714285,0.7999999999999999,-0.02857142857142858
mi,101,version_28,4,stratified,10,42,112,112,0.6825075834175934,0.6582406471183013,0.6875631951466127,0.029322548028311357
mi,101,version_28,4,stratified,10,43,112,112,0.6791371755982474,0.642736771149309,0.6761038085608359,0.0333670374115268
mi,101,version_28,4,stratified,10,44,112,112,0.6841927873272666,0.6727334007414897,0.6680148297944051,-0.0047185709470846104
mi,101,version_28,4,stratified,10,45,112,112,0.5911695315133132,0.7462082912032355,0.7290192113245703,-0.017189079878665248
mi,101,version_28,4,stratified,10,46,112,112,0.6983485001685203,0.6383552409841591,0.4361307718233906,-0.20222446916076847
mi,101,version_28,4,stratified,50,42,92,92,0.6537698412698413,0.6516290726817042,0.706265664160401,0.05463659147869682
mi,101,version_28,4,stratified,50,43,92,92,0.746031746031746,0.613032581453634,0.6842105263157895,0.07117794486215545
mi,101,version_28,4,stratified,50,44,92,92,0.5634920634920635,0.7032581453634086,0.7213032581453634,0.018045112781954864
mi,101,version_28,4,stratified,50,45,92,92,0.7222222222222222,0.6295739348370928,0.6927318295739349,0.06315789473684208
mi,101,version_28,4,stratified,50,46,92,92,0.6473214285714286,0.6997493734335839,0.6165413533834587,-0.08320802005012518
mi,101,version_28,4,stratified,100,42,67,67,0.6106941838649156,0.6923076923076923,0.7579737335834897,0.06566604127579745
mi,101,version_28,4,stratified,100,43,67,67,0.6913696060037523,0.6716697936210131,0.7682926829268293,0.0966228893058162
mi,101,version_28,4,stratified,100,44,67,67,0.5956848030018762,0.7120075046904316,0.7926829268292682,0.0806754221388366
mi,101,version_28,4,stratified,100,45,67,67,0.6716697936210131,0.7532833020637899,0.7664165103189493,0.013133208255159401
mi,101,version_28,4,stratified,100,46,67,67,0.6604127579737337,0.6960600375234521,0.7204502814258912,0.024390243902439046
mi,101,version_28,4,stratified,200,42,17,17,0.8714285714285714,0.7727272727272727,0.7727272727272727,0.0
mi,101,version_28,4,stratified,200,43,17,17,0.8,0.8787878787878788,0.8939393939393939,0.015151515151515138
mi,101,version_28,4,stratified,200,44,17,17,0.7,0.5151515151515151,0.6515151515151515,0.13636363636363635
mi,101,version_28,4,stratified,200,45,17,17,0.6818181818181819,0.7999999999999999,0.6285714285714286,-0.17142857142857137
mi,101,version_28,4,stratified,200,46,17,17,0.5606060606060606,0.8285714285714286,0.6857142857142857,-0.1428571428571429
mi,101,version_28,8,stratified,10,42,112,112,0.6390293225480282,0.6332996292551399,0.676777890124705,0.04347826086956508
mi,101,version_28,8,stratified,10,43,112,112,0.5989214694978092,0.672396359959555,0.7566565554432086,0.0842601954836536
mi,101,version_28,8,stratified,10,44,112,112,0.708459723626559,0.5679137175598247,0.6905965621840243,0.12268284462419965
mi,101,version_28,8,stratified,10,45,112,112,0.6144253454668014,0.6471183013144589,0.6568924839905629,0.00977418267610397
mi,101,version_28,8,stratified,10,46,112,112,0.632288506909336,0.6339737108190091,0.6939669700033704,0.05999325918436127
mi,101,version_28,8,stratified,50,42,92,92,0.6572420634920635,0.6330827067669172,0.5568922305764411,-0.07619047619047614
mi,101,version_28,8,stratified,50,43,92,92,0.6463293650793651,0.6486215538847118,0.6671679197994989,0.01854636591478709
mi,101,version_28,8,stratified,50,44,92,92,0.6259920634920636,0.6506265664160401,0.6656641604010025,0.015037593984962405
mi,101,version_28,8,stratified,50,45,92,92,0.6324404761904763,0.6847117794486215,0.5583959899749373,-0.12631578947368416
mi,101,version_28,8,stratified,50,46,92,92,0.6259920634920635,0.606516290726817,0.7403508771929824,0.13383458646616542
mi,101,version_28,8,stratified,100,42,67,67,0.6435272045028143,0.6125703564727955,0.7195121951219512,0.10694183864915574
mi,101,version_28,8,stratified,100,43,67,67,0.7345215759849906,0.698874296435272,0.6285178236397748,-0.07035647279549717
mi,101,version_28,8,stratified,100,44,67,67,0.6472795497185742,0.624765478424015,0.6228893058161351,-0.0018761726078798668
mi,101,version_28,8,stratified,100,45,67,67,0.6679174484052532,0.647279549718574,0.6951219512195121,0.0478424015009381
mi,101,version_28,8,stratified,100,46,67,67,0.601313320825516,0.572232645403377,0.6444652908067542,0.07223264540337715
mi,101,version_28,8,stratified,200,42,17,17,0.5857142857142856,0.7575757575757576,0.7727272727272727,0.015151515151515138
mi,101,version_28,8,stratified,200,43,17,17,0.6571428571428571,0.9242424242424242,0.9242424242424242,0.0
mi,101,version_28,8,stratified,200,44,17,17,0.6571428571428571,0.5606060606060606,0.7121212121212122,0.1515151515151516
mi,101,version_28,8,stratified,200,45,17,17,0.8181818181818182,0.7999999999999999,0.7285714285714285,-0.0714285714285714
mi,101,version_28,8,stratified,200,46,17,17,0.40909090909090906,0.7857142857142857,0.6714285714285715,-0.11428571428571421
mi,101,version_28,17,stratified,10,42,112,112,0.5025278058645096,0.5261206605999327,0.6693629929221436,0.14324233232221095
mi,101,version_28,17,stratified,10,43,112,112,0.4459049544994944,0.5813953488372092,0.5955510616784631,0.014155712841253831
mi,101,version_28,17,stratified,10,44,112,112,0.48904617458712507,0.5355578024941018,0.6252106504887092,0.08965284799460738
mi,101,version_28,17,stratified,10,45,112,112,0.4472531176272329,0.6194809571958206,0.6686889113582744,0.049207954162453715
mi,101,version_28,17,stratified,10,46,112,112,0.5210650488709134,0.5240984159083248,0.5645433097404786,0.04044489383215377
mi,101,version_28,17,stratified,50,42,92,92,0.5411706349206349,0.45864661654135336,0.6611528822055137,0.20250626566416036
mi,101,version_28,17,stratified,50,43,92,92,0.48958333333333337,0.5583959899749373,0.6476190476190476,0.08922305764411032
mi,101,version_28,17,stratified,50,44,92,92,0.5357142857142858,0.48521303258145365,0.6571428571428571,0.1719298245614035
mi,101,version_28,17,stratified,50,45,92,92,0.4503968253968254,0.6145363408521303,0.6591478696741855,0.04461152882205521
mi,101,version_28,17,stratified,50,46,92,92,0.4350198412698413,0.5664160401002506,0.6456140350877193,0.07919799498746871
mi,101,version_28,17,stratified,100,42,67,67,0.5178236397748592,0.5703564727954973,0.6726078799249531,0.1022514071294558
mi,101,version_28,17,stratified,100,43,67,67,0.5647279549718573,0.6116322701688556,0.7279549718574109,0.1163227016885553
mi,101,version_28,17,stratified,100,44,67,67,0.47748592870544093,0.5131332082551595,0.6538461538461539,0.14071294559099434
mi,101,version_28,17,stratified,100,45,67,67,0.4906191369606004,0.6913696060037523,0.6866791744840525,-0.004690431519699834
mi,101,version_28,17,stratified,100,46,67,67,0.5187617260787993,0.5375234521575986,0.6613508442776735,0.12382739212007499
mi,101,version_28,17,stratified,200,42,17,17,0.5571428571428572,0.5909090909090909,0.6515151515151515,0.06060606060606055
mi,101,version_28,17,stratified,200,43,17,17,0.5571428571428572,0.6515151515151515,0.7272727272727273,0.0757575757575758
mi,101,version_28,17,stratified,200,44,17,17,0.48571428571428577,0.2727272727272727,0.696969696969697,0.4242424242424243
mi,101,version_28,17,stratified,200,45,17,17,0.696969696969697,0.7142857142857142,0.7714285714285714,0.05714285714285716
mi,101,version_28,17,stratified,200,46,17,17,0.22727272727272724,0.5285714285714286,0.7714285714285714,0.24285714285714277
mi,101,version_29,0,stratified,10,42,112,112,0.7495786990225818,0.6582406471183013,0.5490394337714863,-0.10920121334681498
mi,101,version_29,0,stratified,10,43,112,112,0.6717222783956859,0.728345129760701,0.6309403437815976,-0.0974047859791034
mi,101,version_29,0,stratified,10,44,112,112,0.7175598247387934,0.6980114593865857,0.6117290192113245,-0.08628244017526121
mi,101,version_29,0,stratified,10,45,112,112,0.6919447253117628,0.7448601280754972,0.5187057633973711,-0.2261543646781261
mi,101,version_29,0,stratified,10,46,112,112,0.697000337040782,0.7189079878665319,0.4876980114593866,-0.23120997640714525
mi,101,version_29,0,stratified,50,42,92,92,0.7782738095238094,0.6025062656641604,0.5588972431077694,-0.043609022556390986
mi,101,version_29,0,stratified,50,43,92,92,0.7420634920634921,0.6526315789473685,0.6140350877192983,-0.038596491228070184
mi,101,version_29,0,stratified,50,44,92,92,0.6969246031746031,0.7047619047619047,0.6215538847117795,-0.08320802005012518
mi,101,version_29,0,stratified,50,45,92,92,0.7534722222222222,0.6972431077694236,0.5639097744360901,-0.13333333333333341
mi,101,version_29,0,stratified,50,46,92,92,0.7276785714285715,0.7383458646616541,0.5107769423558898,-0.2275689223057643
mi,101,version_29,0,stratified,100,42,67,67,0.624765478424015,0.7354596622889306,0.6557223264540337,-0.07973733583489684
mi,101,version_29,0,stratified,100,43,67,67,0.6622889305816135,0.7373358348968105,0.702626641651032,-0.03470919324577859
mi,101,version_29,0,stratified,100,44,67,67,0.699812382739212,0.7082551594746717,0.6960600375234522,-0.012195121951219412
mi,101,version_29,0,stratified,100,45,67,67,0.725140712945591,0.8151969981238274,0.5909943714821764,-0.22420262664165103
mi,101,version_29,0,stratified,100,46,67,67,0.7410881801125704,0.5909943714821764,0.549718574108818,-0.0412757973733584
mi,101,version_29,0,stratified,200,42,17,17,0.7428571428571429,0.8333333333333333,0.7878787878787878,-0.045454545454545414
mi,101,version_29,0,stratified,200,43,17,17,0.7857142857142857,0.8636363636363635,0.7272727272727273,-0.13636363636363624
mi,101,version_29,0,stratified,200,44,17,17,0.8857142857142857,0.696969696969697,0.7878787878787878,0.09090909090909083
mi,101,version_29,0,stratified,200,45,17,17,0.8484848484848484,0.7285714285714285,0.6285714285714286,-0.09999999999999998
mi,101,version_29,0,stratified,200,46,17,17,0.5303030303030303,0.7857142857142858,0.7428571428571429,-0.04285714285714293
mi,101,version_29,2,stratified,10,42,112,112,0.7751937984496124,0.7064374789349511,0.6862150320188742,-0.020222446916076886
mi,101,version_29,2,stratified,10,43,112,112,0.737108190091001,0.7273340074148972,0.6636332996292552,-0.06370070778564196
mi,101,version_29,2,stratified,10,44,112,112,0.78159757330637,0.7205931917762048,0.5975733063700708,-0.12301988540613407
mi,101,version_29,2,stratified,10,45,112,112,0.7317155375800471,0.7701381867205932,0.5396022918773171,-0.23053589484327608
mi,101,version_29,2,stratified,10,46,112,112,0.7445230872935625,0.7391304347826086,0.4964610717896865,-0.24266936299292213
mi,101,version_29,2,stratified,50,42,92,92,0.8253968253968255,0.6446115288220551,0.637593984962406,-0.007017543859649034
mi,101,version_29,2,stratified,50,43,92,92,0.7524801587301587,0.7258145363408521,0.6536340852130327,-0.07218045112781946
mi,101,version_29,2,stratified,50,44,92,92,0.740079365079365,0.7649122807017544,0.6726817042606515,-0.09223057644110288
mi,101,version_29,2,stratified,50,45,92,92,0.7683531746031746,0.7393483709273183,0.6791979949874687,-0.06015037593984962
mi,101,version_29,2,stratified,50,46,92,92,0.822420634920635,0.7268170426065164,0.5829573934837093,-0.14385964912280702
mi,101,version_29,2,stratified,100,42,67,67,0.6688555347091932,0.7345215759849907,0.6988742964352721,-0.03564727954971858
mi,101,version_29,2,stratified,100,43,67,67,0.6941838649155723,0.7889305816135084,0.7448405253283302,-0.04409005628517815
mi,101,version_29,2,stratified,100,44,67,67,0.7532833020637899,0.7279549718574109,0.699812382739212,-0.02814258911819889
mi,101,version_29,2,stratified,100,45,67,67,0.7298311444652907,0.8367729831144465,0.7476547842401501,-0.0891181988742964
mi,101,version_29,2,stratified,100,46,67,67,0.7833020637898687,0.6829268292682927,0.6285178236397748,-0.054409005628517915
mi,101,version_29,2,stratified,200,42,17,17,0.6571428571428571,0.8787878787878787,0.9393939393939393,0.06060606060606066
mi,101,version_29,2,stratified,200,43,17,17,0.9142857142857143,0.9545454545454545,0.8787878787878787,-0.0757575757575758
mi,101,version_29,2,stratified,200,44,17,17,0.8285714285714285,0.7121212121212122,0.7727272727272727,0.06060606060606055
mi,101,version_29,2,stratified,200,45,17,17,0.8787878787878788,0.6285714285714286,0.5571428571428572,-0.0714285714285714
mi,101,version_29,2,stratified,200,46,17,17,0.6212121212121211,0.7857142857142858,0.7857142857142857,-1.1102230246251565e-16
mi,101,version_29,4,stratified,10,42,112,112,0.6659925851027975,0.6403774856757667,0.6612740141557127,0.020896528479946053
mi,101,version_29,4,stratified,10,43,112,112,0.619143916413886,0.6568924839905629,0.5722952477249748,-0.08459723626558813
mi,101,version_29,4,stratified,10,44,112,112,0.6400404448938322,0.6659925851027974,0.5567913717559825,-0.10920121334681487
mi,101,version_29,4,stratified,10,45,112,112,0.5797101449275361,0.713515335355578,0.6255476912706437,-0.0879676440849343
mi,101,version_29,4,stratified,10,46,112,112,0.6521739130434783,0.6380182002022246,0.5308392315470172,-0.10717896865520737
mi,101,version_29,4,stratified,50,42,92,92,0.7172619047619048,0.5288220551378446,0.5899749373433584,0.06115288220551374
mi,101,version_29,4,stratified,50,43,92,92,0.7470238095238095,0.5704260651629072,0.4867167919799498,-0.08370927318295734
mi,101,version_29,4,stratified,50,44,92,92,0.579861111111111,0.6496240601503759,0.6195488721804512,-0.0300751879699247
mi,101,version_29,4,stratified,50,45,92,92,0.6651785714285715,0.6055137844611529,0.537844611528822,-0.06766917293233088
mi,101,version_29,4,stratified,50,46,92,92,0.6716269841269841,0.7248120300751879,0.5192982456140351,-0.20551378446115276
mi,101,version_29,4,stratified,100,42,67,67,0.4840525328330207,0.6932457786116323,0.6463414634146342,-0.046904315196998114
mi,101,version_29,4,stratified,100,43,67,67,0.623827392120075,0.6885553470919324,0.5919324577861163,-0.0966228893058162
mi,101,version_29,4,stratified,100,44,67,67,0.5769230769230769,0.7373358348968104,0.7073170731707317,-0.030018761726078758
mi,101,version_29,4,stratified,100,45,67,67,0.6144465290806753,0.7063789868667918,0.6566604127579737,-0.04971857410881808
mi,101,version_29,4,stratified,100,46,67,67,0.7063789868667918,0.5666041275797373,0.5328330206378986,-0.03377110694183871
mi,101,version_29,4,stratified,200,42,17,17,0.8571428571428571,0.6818181818181818,0.7575757575757576,0.0757575757575758
mi,101,version_29,4,stratified,200,43,17,17,0.6714285714285715,0.9242424242424243,0.696969696969697,-0.2272727272727273
mi,101,version_29,4,stratified,200,44,17,17,0.45714285714285713,0.5151515151515151,0.5,-0.015151515151515138
mi,101,version_29,4,stratified,200,45,17,17,0.8484848484848484,0.7,0.8,0.10000000000000009
mi,101,version_29,4,stratified,200,46,17,17,0.5151515151515151,0.7000000000000001,0.5428571428571428,-0.15714285714285725
mi,101,version_29,8,stratified,10,42,112,112,0.6484664644421975,0.6545331985170206,0.5611729019211324,-0.09336029659588818
mi,101,version_29,8,stratified,10,43,112,112,0.6117290192113246,0.6693629929221436,0.5871250421300978,-0.08223795079204588
mi,101,version_29,8,stratified,10,44,112,112,0.6814964610717896,0.6464442197505899,0.5173576002696325,-0.12908661948095734
mi,101,version_29,8,stratified,10,45,112,112,0.621840242669363,0.6821705426356589,0.5382541287495788,-0.14391641388608012
mi,101,version_29,8,stratified,10,46,112,112,0.6215032018874284,0.6730704415234243,0.524098415908325,-0.14897202561509937
mi,101,version_29,8,stratified,50,42,92,92,0.6463293650793651,0.6240601503759399,0.5904761904761905,-0.03358395989974938
mi,101,version_29,8,stratified,50,43,92,92,0.726686507936508,0.5664160401002506,0.544360902255639,-0.02205513784461155
mi,101,version_29,8,stratified,50,44,92,92,0.6686507936507936,0.6606516290726817,0.5208020050125313,-0.13984962406015045
mi,101,version_29,8,stratified,50,45,92,92,0.7073412698412698,0.6285714285714286,0.45563909774436084,-0.17293233082706772
mi,101,version_29,8,stratified,50,46,92,92,0.6056547619047619,0.6766917293233083,0.5593984962406016,-0.11729323308270678
mi,101,version_29,8,stratified,100,42,67,67,0.5478424015009381,0.6913696060037524,0.5187617260787993,-0.17260787992495308
mi,101,version_29,8,stratified,100,43,67,67,0.5722326454033771,0.7560975609756098,0.6416510318949342,-0.11444652908067554
mi,101,version_29,8,stratified,100,44,67,67,0.6022514071294559,0.7148217636022514,0.550656660412758,-0.1641651031894934
mi,101,version_29,8,stratified,100,45,67,67,0.6088180112570357,0.7082551594746717,0.6557223264540337,-0.05253283302063794
mi,101,version_29,8,stratified,100,46,67,67,0.5797373358348968,0.5797373358348968,0.5600375234521575,-0.019699812382739323
mi,101,version_29,8,stratified,200,42,17,17,0.5857142857142857,0.7424242424242424,0.8030303030303031,0.06060606060606066
mi,101,version_29,8,stratified,200,43,17,17,0.8,0.8333333333333333,0.8181818181818182,-0.015151515151515027
mi,101,version_29,8,stratified,200,44,17,17,0.7571428571428571,0.606060606060606,0.5303030303030303,-0.07575757575757569
mi,101,version_29,8,stratified,200,45,17,17,0.9242424242424242,0.7,0.6,-0.09999999999999998
mi,101,version_29,8,stratified,200,46,17,17,0.4393939393939394,0.7571428571428571,0.5428571428571429,-0.2142857142857142
mi,101,version_29,17,stratified,10,42,112,112,0.5685877991236941,0.5527468823727671,0.6771149309066397,0.12436804853387251
mi,101,version_29,17,stratified,10,43,112,112,0.5294910684192787,0.5857768790023593,0.6693629929221435,0.08358611391978421
mi,101,version_29,17,stratified,10,44,112,112,0.5631951466127402,0.5719582069430401,0.6417256488035052,0.06976744186046513
mi,101,version_29,17,stratified,10,45,112,112,0.5524098415908325,0.6201550387596899,0.5190428041793057,-0.10111223458038421
mi,101,version_29,17,stratified,10,46,112,112,0.5722952477249748,0.5935288169868554,0.3404111897539602,-0.25311762723289527
mi,101,version_29,17,stratified,50,42,92,92,0.6001984126984127,0.5022556390977444,0.6395989974937343,0.13734335839598988
mi,101,version_29,17,stratified,50,43,92,92,0.5962301587301587,0.5308270676691729,0.6290726817042607,0.0982456140350878
mi,101,version_29,17,stratified,50,44,92,92,0.5213293650793651,0.5829573934837093,0.6290726817042607,0.04611528822055133
mi,101,version_29,17,stratified,50,45,92,92,0.5178571428571429,0.6255639097744362,0.6456140350877193,0.020050125313283096
mi,101,version_29,17,stratified,50,46,92,92,0.5843253968253967,0.5889724310776943,0.6020050125313283,0.013032581453634062
mi,101,version_29,17,stratified,100,42,67,67,0.5028142589118199,0.6529080675422139,0.6519699812382739,-0.0009380863039399889
mi,101,version_29,17,stratified,100,43,67,67,0.5825515947467167,0.6181988742964353,0.6378986866791744,0.0196998123827391
mi,101,version_29,17,stratified,100,44,67,67,0.551594746716698,0.5459662288930582,0.6913696060037524,0.14540337711069418
mi,101,version_29,17,stratified,100,45,67,67,0.5469043151969981,0.649155722326454,0.6810506566604128,0.031894934333958735
mi,101,version_29,17,stratified,100,46,67,67,0.551594746716698,0.6350844277673545,0.6360225140712946,0.0009380863039401
mi,101,version_29,17,stratified,200,42,17,17,0.6714285714285715,0.5757575757575758,0.7878787878787878,0.21212121212121204
mi,101,version_29,17,stratified,200,43,17,17,0.9285714285714285,0.696969696969697,0.6666666666666667,-0.030303030303030276
mi,101,version_29,17,stratified,200,44,17,17,0.5428571428571428,0.42424242424242425,0.45454545454545453,0.030303030303030276
mi,101,version_29,17,stratified,200,45,17,17,0.6060606060606061,0.6285714285714286,0.5714285714285714,-0.05714285714285716
mi,101,version_29,17,stratified,200,46,17,17,0.36363636363636365,0.5857142857142856,0.6714285714285714,0.08571428571428574
mi,101,version_30,0,stratified,10,42,112,112,0.7003707448601281,0.7310414560161779,0.5962251432423323,-0.13481631277384554
mi,101,version_30,0,stratified,10,43,112,112,0.6811594202898551,0.7384563532187395,0.5571284125379171,-0.18132794068082236
mi,101,version_30,0,stratified,10,44,112,112,0.686552072800809,0.7573306370070778,0.7175598247387933,-0.039770812268284494
mi,101,version_30,0,stratified,10,45,112,112,0.6858779912369397,0.766767778901247,0.6171216717222784,-0.14964610717896865
mi,101,version_30,0,stratified,10,46,112,112,0.6875631951466127,0.738793394000674,0.610380856083586,-0.12841253791708795
mi,101,version_30,0,stratified,50,42,92,92,0.783234126984127,0.6335839598997494,0.6145363408521304,-0.01904761904761898
mi,101,version_30,0,stratified,50,43,92,92,0.7470238095238095,0.6571428571428573,0.6581453634085213,0.001002506265664005
mi,101,version_30,0,stratified,50,44,92,92,0.7504960317460317,0.6701754385964912,0.6095238095238095,-0.060651629072681734
mi,101,version_30,0,stratified,50,45,92,92,0.7584325396825397,0.7493734335839599,0.5012531328320802,-0.24812030075187974
mi,101,version_30,0,stratified,50,46,92,92,0.7063492063492064,0.7428571428571429,0.5238095238095238,-0.21904761904761905
mi,101,version_30,0,stratified,100,42,67,67,0.6960600375234522,0.7476547842401501,0.648217636022514,-0.09943714821763605
mi,101,version_30,0,stratified,100,43,67,67,0.675422138836773,0.7373358348968104,0.6575984990619137,-0.07973733583489673
mi,101,version_30,0,stratified,100,44,67,67,0.7204502814258913,0.7317073170731707,0.651969981238274,-0.07973733583489673
mi,101,version_30,0,stratified,100,45,67,67,0.7739212007504691,0.8039399624765479,0.6060037523452158,-0.1979362101313321
mi,101,version_30,0,stratified,100,46,67,67,0.7767354596622889,0.6219512195121951,0.6041275797373359,-0.017823639774859235
mi,101,version_30,0,stratified,200,42,17,17,0.8142857142857143,0.7575757575757576,0.6363636363636364,-0.12121212121212122
mi,101,version_30,0,stratified,200,43,17,17,0.7571428571428571,0.9545454545454545,0.8636363636363635,-0.09090909090909094
mi,101,version_30,0,stratified,200,44,17,17,0.8571428571428572,0.7575757575757576,0.7878787878787878,0.030303030303030276
mi,101,version_30,0,stratified,200,45,17,17,0.7727272727272727,0.8428571428571429,0.7428571428571429,-0.09999999999999998
mi,101,version_30,0,stratified,200,46,17,17,0.5454545454545454,0.8285714285714285,0.8285714285714285,0.0
mi,101,version_30,2,stratified,10,42,112,112,0.6879002359285473,0.7650825749915741,0.6157735085945399,-0.14930906639703412
mi,101,version_30,2,stratified,10,43,112,112,0.7114930906639703,0.7323896191439164,0.5948769801145938,-0.13751263902932265
mi,101,version_30,2,stratified,10,44,112,112,0.7135153353555781,0.7637344118638355,0.7158746208291203,-0.04785979103471516
mi,101,version_30,2,stratified,10,45,112,112,0.6990225817323896,0.7792382878328277,0.5840916750926862,-0.19514661274014145
mi,101,version_30,2,stratified,10,46,112,112,0.6879002359285473,0.7613751263902933,0.6204920795416246,-0.1408830468486687
mi,101,version_30,2,stratified,50,42,92,92,0.7906746031746033,0.6576441102756893,0.6681704260651629,0.010526315789473606
mi,101,version_30,2,stratified,50,43,92,92,0.7648809523809524,0.6696741854636592,0.7002506265664161,0.030576441102756924
mi,101,version_30,2,stratified,50,44,92,92,0.7371031746031745,0.7248120300751879,0.6406015037593985,-0.0842105263157894
mi,101,version_30,2,stratified,50,45,92,92,0.748015873015873,0.7824561403508772,0.49473684210526314,-0.28771929824561404
mi,101,version_30,2,stratified,50,46,92,92,0.6984126984126985,0.7614035087719297,0.5508771929824562,-0.21052631578947356
mi,101,version_30,2,stratified,100,42,67,67,0.7063789868667917,0.7317073170731707,0.6275797373358349,-0.10412757973733577
mi,101,version_30,2,stratified,100,43,67,67,0.7176360225140713,0.7204502814258912,0.6651031894934334,-0.05534709193245779
mi,101,version_30,2,stratified,100,44,67,67,0.726078799249531,0.7645403377110694,0.726078799249531,-0.038461538461538436
mi,101,version_30,2,stratified,100,45,67,67,0.7579737335834896,0.8180112570356473,0.7673545966228893,-0.05065666041275796
mi,101,version_30,2,stratified,100,46,67,67,0.7786116322701688,0.6285178236397748,0.6360225140712946,0.0075046904315198
mi,101,version_30,2,stratified,200,42,17,17,0.8,0.6666666666666666,0.7272727272727273,0.06060606060606066
mi,101,version_30,2,stratified,200,43,17,17,0.8285714285714286,0.9393939393939393,0.9545454545454546,0.015151515151515249
mi,101,version_30,2,stratified,200,44,17,17,0.8285714285714286,0.7272727272727273,0.8181818181818181,0.09090909090909083
mi,101,version_30,2,stratified,200,45,17,17,0.803030303030303,0.7999999999999999,0.7142857142857143,-0.08571428571428563
mi,101,version_30,2,stratified,200,46,17,17,0.48484848484848486,0.7857142857142857,0.7571428571428571,-0.02857142857142858
mi,101,version_30,4,stratified,10,42,112,112,0.6700370744860127,0.6953151331311088,0.6572295247724974,-0.03808560835861141
mi,101,version_30,4,stratified,10,43,112,112,0.6525109538254128,0.7040781934614088,0.6717222783956859,-0.032355915065722884
mi,101,version_30,4,stratified,10,44,112,112,0.6801482979440512,0.6926188068756318,0.6653185035389282,-0.027300303336703635
mi,101,version_30,4,stratified,10,45,112,112,0.621840242669363,0.751937984496124,0.604314122008763,-0.14762386248736104
mi,101,version_30,4,stratified,10,46,112,112,0.6390293225480282,0.7094708459723627,0.6659925851027975,-0.04347826086956519
mi,101,version_30,4,stratified,50,42,92,92,0.7251984126984127,0.6080200501253133,0.675187969924812,0.06716791979949865
mi,101,version_30,4,stratified,50,43,92,92,0.714781746031746,0.6521303258145363,0.6641604010025063,0.012030075187969946
mi,101,version_30,4,stratified,50,44,92,92,0.654265873015873,0.681704260651629,0.619047619047619,-0.06265664160401008
mi,101,version_30,4,stratified,50,45,92,92,0.7132936507936508,0.6812030075187969,0.6160401002506265,-0.06516290726817042
mi,101,version_30,4,stratified,50,46,92,92,0.6805555555555556,0.6982456140350877,0.5558897243107769,-0.1423558897243108
mi,101,version_30,4,stratified,100,42,67,67,0.624765478424015,0.7260787992495309,0.6435272045028142,-0.0825515947467167
mi,101,version_30,4,stratified,100,43,67,67,0.6135084427767354,0.7467166979362102,0.6660412757973734,-0.08067542213883683
mi,101,version_30,4,stratified,100,44,67,67,0.5994371482176362,0.7326454033771107,0.702626641651032,-0.030018761726078758
mi,101,version_30,4,stratified,100,45,67,67,0.699812382739212,0.7354596622889306,0.7148217636022514,-0.0206378986866792
mi,101,version_30,4,stratified,100,46,67,67,0.7523452157598499,0.5900562851782364,0.6660412757973734,0.075984990619137
mi,101,version_30,4,stratified,200,42,17,17,0.8142857142857143,0.7424242424242424,0.7878787878787878,0.045454545454545414
mi,101,version_30,4,stratified,200,43,17,17,0.8571428571428572,0.9242424242424242,0.8636363636363636,-0.06060606060606055
mi,101,version_30,4,stratified,200,44,17,17,0.7285714285714285,0.5151515151515151,0.5757575757575757,0.06060606060606055
mi,101,version_30,4,stratified,200,45,17,17,0.7424242424242424,0.7,0.5714285714285714,-0.12857142857142856
mi,101,version_30,4,stratified,200,46,17,17,0.5606060606060606,0.7428571428571429,0.7142857142857143,-0.02857142857142858
mi,101,version_30,8,stratified,10,42,112,112,0.6177957532861476,0.6602628918099089,0.651499831479609,-0.008763060330299943
mi,101,version_30,8,stratified,10,43,112,112,0.6154364678126053,0.6518368722615436,0.6319514661274014,-0.019885406134142247
mi,101,version_30,8,stratified,10,44,112,112,0.6552072800808898,0.6312773845635322,0.5743174924165825,-0.05695989214694974
mi,101,version_30,8,stratified,10,45,112,112,0.6137512639029323,0.6970003370407819,0.5530839231547017,-0.14391641388608023
mi,101,version_30,8,stratified,10,46,112,112,0.6292551398719245,0.6535220761712167,0.5571284125379171,-0.0963936636332996
mi,101,version_30,8,stratified,50,42,92,92,0.6195436507936508,0.5989974937343359,0.6335839598997494,0.0345864661654135
mi,101,version_30,8,stratified,50,43,92,92,0.666170634920635,0.5764411027568923,0.6195488721804511,0.04310776942355876
mi,101,version_30,8,stratified,50,44,92,92,0.6240079365079365,0.6526315789473685,0.6451127819548872,-0.007518796992481258
mi,101,version_30,8,stratified,50,45,92,92,0.6760912698412698,0.6842105263157894,0.4766917293233083,-0.2075187969924811
mi,101,version_30,8,stratified,50,46,92,92,0.5997023809523809,0.6631578947368421,0.6541353383458647,-0.009022556390977376
mi,101,version_30,8,stratified,100,42,67,67,0.5806754221388368,0.6369606003752345,0.6500938086303939,0.013133208255159401
mi,101,version_30,8,stratified,100,43,67,67,0.5853658536585367,0.7298311444652908,0.6078799249530956,-0.12195121951219523
mi,101,version_30,8,stratified,100,44,67,67,0.5928705440900562,0.7101313320825516,0.6350844277673546,-0.075046904315197
mi,101,version_30,8,stratified,100,45,67,67,0.651031894934334,0.7195121951219512,0.7176360225140713,-0.0018761726078798668
mi,101,version_30,8,stratified,100,46,67,67,0.6069418386491559,0.5656660412757973,0.6041275797373359,0.03846153846153855
mi,101,version_30,8,stratified,200,42,17,17,0.6714285714285715,0.7424242424242424,0.7121212121212122,-0.030303030303030276
mi,101,version_30,8,stratified,200,43,17,17,0.7142857142857142,0.8333333333333334,0.6363636363636364,-0.19696969696969702
mi,101,version_30,8,stratified,200,44,17,17,0.6857142857142857,0.6212121212121212,0.7272727272727273,0.10606060606060608
mi,101,version_30,8,stratified,200,45,17,17,0.8181818181818181,0.8428571428571429,0.7857142857142857,-0.05714285714285716
mi,101,version_30,8,stratified,200,46,17,17,0.5303030303030303,0.8285714285714285,0.6714285714285714,-0.15714285714285714
mi,101,version_30,17,stratified,10,42,112,112,0.5392652510953825,0.5817323896191439,0.6124031007751938,0.030670711156049912
mi,101,version_30,17,stratified,10,43,112,112,0.4772497472194136,0.6255476912706437,0.5429726996966633,-0.0825749915739804
mi,101,version_30,17,stratified,10,44,112,112,0.5665655544320862,0.5443208628244017,0.5180316818335018,-0.02628918099089994
mi,101,version_30,17,stratified,10,45,112,112,0.49612403100775193,0.6285810583080552,0.42028985507246375,-0.20829120323559147
mi,101,version_30,17,stratified,10,46,112,112,0.610380856083586,0.5153353555780249,0.4661274014155713,-0.049207954162453604
mi,101,version_30,17,stratified,50,42,92,92,0.558531746031746,0.580952380952381,0.5328320802005013,-0.048120300751879674
mi,101,version_30,17,stratified,50,43,92,92,0.5699404761904762,0.5288220551378446,0.5944862155388471,0.06566416040100242
mi,101,version_30,17,stratified,50,44,92,92,0.5758928571428571,0.5679197994987468,0.49473684210526314,-0.07318295739348368
mi,101,version_30,17,stratified,50,45,92,92,0.46478174603174605,0.6390977443609023,0.46716791979949873,-0.17192982456140354
mi,101,version_30,17,stratified,50,46,92,92,0.48660714285714285,0.6055137844611529,0.6035087719298246,-0.002005012531328343
mi,101,version_30,17,stratified,100,42,67,67,0.5056285178236397,0.6322701688555347,0.4812382739212007,-0.15103189493433394
mi,101,version_30,17,stratified,100,43,67,67,0.5938086303939962,0.5684803001876173,0.5337711069418387,-0.03470919324577859
mi,101,version_30,17,stratified,100,44,67,67,0.5581613508442778,0.6078799249530957,0.4878048780487805,-0.12007504690431525
mi,101,version_30,17,stratified,100,45,67,67,0.5656660412757974,0.623827392120075,0.5056285178236397,-0.11819887429643527
mi,101,version_30,17,stratified,100,46,67,67,0.5328330206378987,0.5609756097560976,0.47748592870544093,-0.08348968105065668
mi,101,version_30,17,stratified,200,42,17,17,0.37142857142857144,0.5909090909090908,0.6666666666666667,0.07575757575757591
mi,101,version_30,17,stratified,200,43,17,17,0.6428571428571428,0.6363636363636364,0.45454545454545453,-0.18181818181818182
mi,101,version_30,17,stratified,200,44,17,17,0.7142857142857143,0.393939393939394,0.4393939393939394,0.045454545454545414
mi,101,version_30,17,stratified,200,45,17,17,0.5757575757575757,0.6142857142857143,0.6571428571428571,0.042857142857142816
mi,101,version_30,17,stratified,200,46,17,17,0.42424242424242425,0.5428571428571428,0.6285714285714286,0.08571428571428574
mi,101,version_41,0,stratified,10,42,112,112,0.732726659925851,0.7495786990225817,0.671722278395686,-0.07785642062689568
mi,101,version_41,0,stratified,10,43,112,112,0.7209302325581396,0.7522750252780587,0.571284125379171,-0.18099089989888772
mi,101,version_41,0,stratified,10,44,112,112,0.7391304347826086,0.745871250421301,0.7185709470845971,-0.027300303336703857
mi,101,version_41,0,stratified,10,45,112,112,0.7249747219413549,0.7698011459386586,0.540613414223121,-0.22918773171553752
mi,101,version_41,0,stratified,10,46,112,112,0.7165487023929895,0.7701381867205932,0.5136501516683518,-0.2564880350522414
mi,101,version_41,0,stratified,50,42,92,92,0.7862103174603174,0.6471177944862154,0.649624060150376,0.0025062656641605674
mi,101,version_41,0,stratified,50,43,92,92,0.7698412698412698,0.6731829573934838,0.6471177944862156,-0.026065162907268125
mi,101,version_41,0,stratified,50,44,92,92,0.7495039682539683,0.6977443609022557,0.7353383458646617,0.03759398496240607
mi,101,version_41,0,stratified,50,45,92,92,0.7321428571428571,0.7894736842105263,0.6385964912280702,-0.15087719298245617
mi,101,version_41,0,stratified,50,46,92,92,0.7212301587301587,0.7478696741854637,0.7067669172932332,-0.04110275689223053
mi,101,version_41,0,stratified,100,42,67,67,0.7091932457786116,0.7082551594746717,0.8621013133208256,0.15384615384615397
mi,101,version_41,0,stratified,100,43,67,67,0.6594746716697936,0.7654784240150094,0.7467166979362101,-0.018761726078799335
mi,101,version_41,0,stratified,100,44,67,67,0.7542213883677298,0.6838649155722326,0.7223264540337712,0.03846153846153855
mi,101,version_41,0,stratified,100,45,67,67,0.725140712945591,0.8039399624765479,0.797373358348968,-0.0065666041275798115
mi,101,version_41,0,stratified,100,46,67,67,0.7542213883677299,0.6604127579737336,0.6641651031894935,0.0037523452157599557
mi,101,version_41,0,stratified,200,42,17,17,0.7714285714285715,0.6818181818181818,0.8030303030303031,0.12121212121212133
mi,101,version_41,0,stratified,200,43,17,17,0.7571428571428571,0.9696969696969697,0.8181818181818181,-0.1515151515151516
mi,101,version_41,0,stratified,200,44,17,17,0.8428571428571429,0.7727272727272728,0.8636363636363636,0.09090909090909083
mi,101,version_41,0,stratified,200,45,17,17,0.8181818181818181,0.7,0.6857142857142857,-0.014285714285714235
mi,101,version_41,0,stratified,200,46,17,17,0.5303030303030303,0.8,0.8142857142857143,0.014285714285714235
mi,101,version_41,2,stratified,10,42,112,112,0.7505898213683856,0.7765419615773509,0.7984496124031008,0.021907650825749858
mi,101,version_41,2,stratified,10,43,112,112,0.7556454330974048,0.7819346140883047,0.6747556454330974,-0.10717896865520726
mi,101,version_41,2,stratified,10,44,112,112,0.7789012470508933,0.7623862487360971,0.7246376811594203,-0.03774856757667677
mi,101,version_41,2,stratified,10,45,112,112,0.7674418604651163,0.7883383889450624,0.5625210650488709,-0.22581732389619147
mi,101,version_41,2,stratified,10,46,112,112,0.7226154364678126,0.8173238961914391,0.7155375800471856,-0.10178631614425349
mi,101,version_41,2,stratified,50,42,92,92,0.8090277777777778,0.6892230576441103,0.7338345864661654,0.0446115288220551
mi,101,version_41,2,stratified,50,43,92,92,0.751984126984127,0.7423558897243108,0.7634085213032582,0.021052631578947434
mi,101,version_41,2,stratified,50,44,92,92,0.7688492063492064,0.7593984962406015,0.7804511278195488,0.021052631578947323
mi,101,version_41,2,stratified,50,45,92,92,0.7574404761904763,0.8285714285714286,0.7117794486215538,-0.11679197994987478
mi,101,version_41,2,stratified,50,46,92,92,0.748015873015873,0.8105263157894737,0.7353383458646617,-0.07518796992481191
mi,101,version_41,2,stratified,100,42,67,67,0.7457786116322702,0.7363977485928705,0.7861163227016885,0.04971857410881797
mi,101,version_41,2,stratified,100,43,67,67,0.702626641651032,0.8123827392120075,0.7842401500938087,-0.02814258911819889
mi,101,version_41,2,stratified,100,44,67,67,0.7673545966228893,0.7195121951219513,0.7223264540337712,0.0028142589118198558
mi,101,version_41,2,stratified,100,45,67,67,0.7457786116322702,0.8255159474671669,0.8161350844277674,-0.009380863039399556
mi,101,version_41,2,stratified,100,46,67,67,0.7823639774859287,0.7401500938086304,0.7335834896810506,-0.0065666041275798115
mi,101,version_41,2,stratified,200,42,17,17,0.7714285714285714,0.8333333333333333,0.8484848484848484,0.015151515151515138
mi,101,version_41,2,stratified,200,43,17,17,0.8714285714285714,0.9848484848484849,0.9242424242424242,-0.06060606060606066
mi,101,version_41,2,stratified,200,44,17,17,0.6857142857142857,0.7424242424242424,0.9242424242424242,0.18181818181818177
mi,101,version_41,2,stratified,200,45,17,17,0.8636363636363635,0.7285714285714285,0.7142857142857143,-0.014285714285714235
mi,101,version_41,2,stratified,200,46,17,17,0.5757575757575758,0.9,0.8285714285714285,-0.07142857142857151
mi,101,version_41,4,stratified,10,42,112,112,0.6272328951803168,0.7307044152342433,0.6872261543646782,-0.04347826086956519
mi,101,version_41,4,stratified,10,43,112,112,0.6730704415234243,0.6700370744860128,0.6225143242332322,-0.04752275025278063
mi,101,version_41,4,stratified,10,44,112,112,0.6777890124705089,0.6949780923491742,0.6649814627569935,-0.029996629592180635
mi,101,version_41,4,stratified,10,45,112,112,0.6629592180653858,0.7168857431749242,0.5058982136838557,-0.21098752949106847
mi,101,version_41,4,stratified,10,46,112,112,0.6862150320188742,0.6622851365015165,0.6006066734074823,-0.06167846309403424
mi,101,version_41,4,stratified,50,42,92,92,0.7202380952380952,0.6290726817042607,0.6466165413533834,0.01754385964912275
mi,101,version_41,4,stratified,50,43,92,92,0.7316468253968255,0.6140350877192982,0.6531328320802006,0.03909774436090241
mi,101,version_41,4,stratified,50,44,92,92,0.6924603174603174,0.6461152882205514,0.681704260651629,0.035588972431077615
mi,101,version_41,4,stratified,50,45,92,92,0.654265873015873,0.7458646616541353,0.5949874686716792,-0.15087719298245617
mi,101,version_41,4,stratified,50,46,92,92,0.6765873015873016,0.6701754385964912,0.6245614035087719,-0.04561403508771933
mi,101,version_41,4,stratified,100,42,67,67,0.6181988742964353,0.7204502814258912,0.7551594746716698,0.03470919324577859
mi,101,version_41,4,stratified,100,43,67,67,0.5853658536585367,0.7288930581613509,0.8123827392120074,0.08348968105065657
mi,101,version_41,4,stratified,100,44,67,67,0.6181988742964353,0.6969981238273921,0.7448405253283302,0.0478424015009381
mi,101,version_41,4,stratified,100,45,67,67,0.6022514071294559,0.7879924953095685,0.7908067542213884,0.0028142589118198558
mi,101,version_41,4,stratified,100,46,67,67,0.6848030018761726,0.6763602251407129,0.699812382739212,0.023452157598499057
mi,101,version_41,4,stratified,200,42,17,17,0.7428571428571429,0.8333333333333334,0.8333333333333334,0.0
mi,101,version_41,4,stratified,200,43,17,17,0.7,0.8939393939393939,0.7575757575757576,-0.13636363636363635
mi,101,version_41,4,stratified,200,44,17,17,0.5428571428571429,0.7121212121212122,0.803030303030303,0.09090909090909083
mi,101,version_41,4,stratified,200,45,17,17,0.7272727272727273,0.7285714285714285,0.8142857142857143,0.08571428571428574
mi,101,version_41,4,stratified,200,46,17,17,0.4696969696969697,0.7857142857142857,0.7428571428571429,-0.042857142857142816
mi,101,version_41,8,stratified,10,42,112,112,0.6110549376474553,0.7236265588136165,0.5995955510616785,-0.12403100775193798
mi,101,version_41,8,stratified,10,43,112,112,0.6346477923828783,0.6841927873272665,0.6147623862487361,-0.06943040107853038
mi,101,version_41,8,stratified,10,44,112,112,0.698685540950455,0.6326255476912708,0.6167846309403437,-0.015840916750927025
mi,101,version_41,8,stratified,10,45,112,112,0.6312773845635322,0.6963262554769127,0.6265588136164476,-0.06976744186046513
mi,101,version_41,8,stratified,10,46,112,112,0.6144253454668015,0.7172227839568588,0.587799123693967,-0.12942366026289176
mi,101,version_41,8,stratified,50,42,92,92,0.6716269841269841,0.6295739348370928,0.6596491228070176,0.03007518796992481
mi,101,version_41,8,stratified,50,43,92,92,0.6840277777777778,0.6566416040100251,0.6240601503759399,-0.03258145363408527
mi,101,version_41,8,stratified,50,44,92,92,0.6448412698412699,0.6541353383458647,0.6080200501253132,-0.04611528822055144
mi,101,version_41,8,stratified,50,45,92,92,0.6666666666666666,0.7107769423558897,0.5649122807017544,-0.14586466165413536
mi,101,version_41,8,stratified,50,46,92,92,0.6205357142857143,0.6411027568922306,0.6280701754385964,-0.013032581453634173
mi,101,version_41,8,stratified,100,42,67,67,0.6303939962476548,0.6801125703564728,0.624765478424015,-0.05534709193245779
mi,101,version_41,8,stratified,100,43,67,67,0.6651031894934334,0.7729831144465291,0.5919324577861164,-0.18105065666041276
mi,101,version_41,8,stratified,100,44,67,67,0.6838649155722326,0.6144465290806754,0.5647279549718573,-0.04971857410881808
mi,101,version_41,8,stratified,100,45,67,67,0.6951219512195123,0.6848030018761726,0.702626641651032,0.017823639774859346
mi,101,version_41,8,stratified,100,46,67,67,0.6622889305816135,0.5619136960600375,0.5891181988742964,0.027204502814258902
mi,101,version_41,8,stratified,200,42,17,17,0.8,0.8333333333333333,0.696969696969697,-0.13636363636363624
mi,101,version_41,8,stratified,200,43,17,17,0.7285714285714286,0.8787878787878788,0.8181818181818181,-0.06060606060606066
mi,101,version_41,8,stratified,200,44,17,17,0.5857142857142856,0.6818181818181819,0.7424242424242424,0.06060606060606055
mi,101,version_41,8,stratified,200,45,17,17,0.8939393939393939,0.7857142857142858,0.7285714285714286,-0.05714285714285716
mi,101,version_41,8,stratified,200,46,17,17,0.5454545454545454,0.8142857142857143,0.6428571428571429,-0.17142857142857137
mi,101,version_41,17,stratified,10,42,112,112,0.5962251432423323,0.6498146275699359,0.6356589147286822,-0.01415571284125372
mi,101,version_41,17,stratified,10,43,112,112,0.5999325918436131,0.6467812605325245,0.5904954499494438,-0.056285810583080687
mi,101,version_41,17,stratified,10,44,112,112,0.61139197842939,0.626221772834513,0.5325244354566903,-0.09369733737782271
mi,101,version_41,17,stratified,10,45,112,112,0.6336366700370746,0.6110549376474553,0.4974721941354904,-0.11358274351196496
mi,101,version_41,17,stratified,10,46,112,112,0.6022918773171553,0.6579036063363667,0.4762386248736097,-0.181664981462757
mi,101,version_41,17,stratified,50,42,92,92,0.6512896825396826,0.537844611528822,0.6521303258145363,0.11428571428571432
mi,101,version_41,17,stratified,50,43,92,92,0.6135912698412699,0.587468671679198,0.6255639097744361,0.03809523809523807
mi,101,version_41,17,stratified,50,44,92,92,0.5778769841269842,0.6746867167919799,0.5919799498746867,-0.08270676691729317
mi,101,version_41,17,stratified,50,45,92,92,0.519345238095238,0.7012531328320802,0.6591478696741855,-0.04210526315789476
mi,101,version_41,17,stratified,50,46,92,92,0.6081349206349206,0.637593984962406,0.6486215538847118,0.01102756892230572
mi,101,version_41,17,stratified,100,42,67,67,0.5272045028142589,0.7082551594746717,0.6275797373358349,-0.08067542213883672
mi,101,version_41,17,stratified,100,43,67,67,0.6285178236397749,0.6425891181988743,0.6191369606003753,-0.023452157598499057
mi,101,version_41,17,stratified,100,44,67,67,0.6341463414634148,0.6763602251407129,0.5581613508442776,-0.11819887429643527
mi,101,version_41,17,stratified,100,45,67,67,0.6022514071294559,0.6585365853658537,0.6313320825515948,-0.027204502814258902
mi,101,version_41,17,stratified,100,46,67,67,0.6303939962476547,0.6369606003752346,0.626641651031895,-0.010318949343339656
mi,101,version_41,17,stratified,200,42,17,17,0.7285714285714285,0.45454545454545453,0.6666666666666666,0.2121212121212121
mi,101,version_41,17,stratified,200,43,17,17,0.6571428571428571,0.7424242424242424,0.6060606060606061,-0.13636363636363635
mi,101,version_41,17,stratified,200,44,17,17,0.8285714285714285,0.4545454545454546,0.5151515151515151,0.06060606060606055
mi,101,version_41,17,stratified,200,45,17,17,0.6818181818181819,0.6571428571428571,0.7714285714285714,0.11428571428571421
mi,101,version_41,17,stratified,200,46,17,17,0.3636363636363636,0.7,0.7285714285714286,0.028571428571428692
mi,102,version_27,0,stratified,10,42,112,112,0.910010111223458,0.9197842938995617,0.9295584765756656,0.00977418267610386
mi,102,version_27,0,stratified,10,43,112,112,0.9329288843950119,0.9052915402763734,0.8870913380519042,-0.018200202224469164
mi,102,version_27,0,stratified,10,44,112,112,0.9096730704415235,0.9265251095382541,0.9029322548028311,-0.02359285473542294
mi,102,version_27,0,stratified,10,45,112,112,0.9103471520053927,0.9325918436130771,0.9285473542298618,-0.004044489383215333
mi,102,version_27,0,stratified,10,46,112,112,0.9298955173576003,0.903943377148635,0.9174250084260196,0.013481631277384554
mi,102,version_27,0,stratified,50,42,92,92,0.9047619047619048,0.9177944862155389,0.9122807017543859,-0.005513784461153026
mi,102,version_27,0,stratified,50,43,92,92,0.904265873015873,0.924310776942356,0.9328320802005012,0.008521303258145263
mi,102,version_27,0,stratified,50,44,92,92,0.896329365079365,0.9443609022556392,0.9273182957393483,-0.01704260651629086
mi,102,version_27,0,stratified,50,45,92,92,0.9206349206349207,0.9203007518796993,0.9208020050125313,0.0005012531328320025
mi,102,version_27,0,stratified,50,46,92,92,0.8893849206349207,0.9483709273182959,0.9423558897243108,-0.006015037593985029
mi,102,version_27,0,stratified,100,42,67,67,0.9202626641651032,0.9033771106941839,0.8921200750469043,-0.011257035647279645
mi,102,version_27,0,stratified,100,43,67,67,0.9080675422138837,0.9080675422138836,0.9108818011257035,0.0028142589118198558
mi,102,version_27,0,stratified,100,44,67,67,0.948405253283302,0.9230769230769231,0.8949343339587241,-0.028142589118199002
mi,102,version_27,0,stratified,100,45,67,67,0.8911819887429644,0.9530956848030019,0.900562851782364,-0.05253283302063794
mi,102,version_27,0,stratified,100,46,67,67,0.9061913696060038,0.9268292682926829,0.9362101313320825,0.009380863039399667
mi,102,version_27,0,stratified,200,42,17,17,0.9142857142857143,0.9545454545454545,1.0,0.045454545454545525
mi,102,version_27,0,stratified,200,43,17,17,0.8428571428571429,0.9545454545454545,0.9696969696969697,0.015151515151515249
mi,102,version_27,0,stratified,200,44,17,17,1.0,0.9696969696969697,1.0,0.030303030303030276
mi,102,version_27,0,stratified,200,45,17,17,0.8333333333333334,0.9142857142857144,0.9142857142857143,-1.1102230246251565e-16
mi,102,version_27,0,stratified,200,46,17,17,0.9696969696969697,0.9428571428571428,0.9142857142857144,-0.02857142857142847
mi,102,version_27,2,stratified,10,42,112,112,0.9140546006066734,0.9207954162453658,0.9298955173576002,0.009100101112234471
mi,102,version_27,2,stratified,10,43,112,112,0.9346140883046848,0.9086619480957197,0.8918099089989889,-0.01685203909673072
mi,102,version_27,2,stratified,10,44,112,112,0.9123693966970003,0.9305695989214695,0.9093360296595888,-0.02123356926188069
mi,102,version_27,2,stratified,10,45,112,112,0.9113582743511964,0.930906639703404,0.9352881698685541,0.004381530165150083
mi,102,version_27,2,stratified,10,46,112,112,0.931917762049208,0.908324907313785,0.9110212335692619,0.0026963262554768885
mi,102,version_27,2,stratified,50,42,92,92,0.9067460317460316,0.9192982456140352,0.9192982456140351,-1.1102230246251565e-16
mi,102,version_27,2,stratified,50,43,92,92,0.914186507936508,0.93734335839599,0.9348370927318296,-0.0025062656641604564
mi,102,version_27,2,stratified,50,44,92,92,0.9012896825396826,0.9448621553884713,0.9373433583959899,-0.007518796992481369
mi,102,version_27,2,stratified,50,45,92,92,0.9171626984126984,0.9243107769423559,0.9278195488721805,0.0035087719298246833
mi,102,version_27,2,stratified,50,46,92,92,0.8864087301587301,0.9538847117794487,0.9523809523809524,-0.0015037593984962294
mi,102,version_27,2,stratified,100,42,67,67,0.924953095684803,0.9033771106941838,0.8921200750469043,-0.011257035647279534
mi,102,version_27,2,stratified,100,43,67,67,0.922138836772983,0.9221388367729831,0.9127579737335835,-0.009380863039399667
mi,102,version_27,2,stratified,100,44,67,67,0.9390243902439024,0.926829268292683,0.9099437148217635,-0.016885553470919468
mi,102,version_27,2,stratified,100,45,67,67,0.8780487804878048,0.9615384615384616,0.9033771106941838,-0.05816135084427776
mi,102,version_27,2,stratified,100,46,67,67,0.9061913696060038,0.9296435272045027,0.9530956848030019,0.023452157598499168
mi,102,version_27,2,stratified,200,42,17,17,0.9428571428571428,0.9242424242424242,1.0,0.0757575757575758
mi,102,version_27,2,stratified,200,43,17,17,0.8999999999999999,0.9848484848484849,0.9848484848484849,0.0
mi,102,version_27,2,stratified,200,44,17,17,0.9857142857142858,0.9696969696969697,1.0,0.030303030303030276
mi,102,version_27,2,stratified,200,45,17,17,0.8333333333333334,0.9,0.9142857142857143,0.014285714285714235
mi,102,version_27,2,stratified,200,46,17,17,0.9696969696969697,0.9428571428571428,0.9571428571428572,0.014285714285714346
mi,102,version_27,4,stratified,10,42,112,112,0.8911358274351197,0.9258510279743849,0.9052915402763735,-0.020559487698011414
mi,102,version_27,4,stratified,10,43,112,112,0.9433771486349849,0.880350522413212,0.871587462082912,-0.008763060330299943
mi,102,version_27,4,stratified,10,44,112,112,0.9180990899898889,0.9133805190428042,0.871587462082912,-0.041793056959892105
mi,102,version_27,4,stratified,10,45,112,112,0.903943377148635,0.9278732726659926,0.8661948095719583,-0.06167846309403435
mi,102,version_27,4,stratified,10,46,112,112,0.9305695989214695,0.8992248062015503,0.9039433771486349,0.0047185709470846104
mi,102,version_27,4,stratified,50,42,92,92,0.8695436507936508,0.9238095238095237,0.9147869674185463,-0.009022556390977488
mi,102,version_27,4,stratified,50,43,92,92,0.9052579365079365,0.9218045112781955,0.9253132832080201,0.0035087719298245723
mi,102,version_27,4,stratified,50,44,92,92,0.8700396825396826,0.9463659147869674,0.9017543859649123,-0.0446115288220551
mi,102,version_27,4,stratified,50,45,92,92,0.9017857142857142,0.9203007518796993,0.9213032581453634,0.001002506265664116
mi,102,version_27,4,stratified,50,46,92,92,0.8640873015873016,0.950375939849624,0.9238095238095237,-0.026566416040100238
mi,102,version_27,4,stratified,100,42,67,67,0.922138836772983,0.8939962476547841,0.876172607879925,-0.017823639774859124
mi,102,version_27,4,stratified,100,43,67,67,0.9080675422138837,0.9005628517823641,0.8958724202626642,-0.004690431519699834
mi,102,version_27,4,stratified,100,44,67,67,0.9587242026266416,0.8724202626641652,0.8611632270168855,-0.011257035647279645
mi,102,version_27,4,stratified,100,45,67,67,0.8564727954971857,0.9418386491557222,0.9268292682926829,-0.015009380863039379
mi,102,version_27,4,stratified,100,46,67,67,0.9080675422138837,0.9155722326454034,0.9024390243902438,-0.013133208255159623
mi,102,version_27,4,stratified,200,42,17,17,0.9428571428571428,0.9393939393939393,1.0,0.06060606060606066
mi,102,version_27,4,stratified,200,43,17,17,0.8571428571428572,0.9696969696969697,0.9848484848484849,0.015151515151515138
mi,102,version_27,4,stratified,200,44,17,17,0.9857142857142858,0.9545454545454545,1.0,0.045454545454545525
mi,102,version_27,4,stratified,200,45,17,17,0.8484848484848484,0.9,0.8857142857142858,-0.014285714285714235
mi,102,version_27,4,stratified,200,46,17,17,0.9545454545454545,0.9428571428571428,0.9285714285714286,-0.014285714285714235
mi,102,version_27,8,stratified,10,42,112,112,0.8119312436804854,0.810583080552747,0.7465453319851703,-0.06403774856757671
mi,102,version_27,8,stratified,10,43,112,112,0.7724974721941356,0.8237276710481969,0.7950792045837546,-0.0286484664644423
mi,102,version_27,8,stratified,10,44,112,112,0.8129423660262891,0.7940680822379508,0.8193461408830469,0.025278058645096135
mi,102,version_27,8,stratified,10,45,112,112,0.7593528816986855,0.8543983822042468,0.7960903269295585,-0.0583080552746883
mi,102,version_27,8,stratified,10,46,112,112,0.7991236939669699,0.8085608358611391,0.7165487023929895,-0.09201213346814963
mi,102,version_27,8,stratified,50,42,92,92,0.7971230158730158,0.8,0.7969924812030076,-0.003007518796992459
mi,102,version_27,8,stratified,50,43,92,92,0.7713293650793651,0.8175438596491228,0.8330827067669173,0.015538847117794519
mi,102,version_27,8,stratified,50,44,92,92,0.7604166666666666,0.8601503759398496,0.8571428571428572,-0.003007518796992348
mi,102,version_27,8,stratified,50,45,92,92,0.7837301587301587,0.8065162907268171,0.8145363408521303,0.00802005012531326
mi,102,version_27,8,stratified,50,46,92,92,0.7058531746031746,0.8917293233082707,0.8140350877192982,-0.07769423558897248
mi,102,version_27,8,stratified,100,42,67,67,0.7420262664165103,0.8142589118198874,0.8170731707317074,0.002814258911819967
mi,102,version_27,8,stratified,100,43,67,67,0.8105065666041276,0.7776735459662288,0.7776735459662288,0.0
mi,102,version_27,8,stratified,100,44,67,67,0.8677298311444653,0.8395872420262663,0.7964352720450281,-0.04315196998123827
mi,102,version_27,8,stratified,100,45,67,67,0.8030018761726079,0.8189493433395872,0.7823639774859288,-0.03658536585365846
mi,102,version_27,8,stratified,100,46,67,67,0.7898686679174484,0.8095684803001877,0.8123827392120075,0.0028142589118198558
mi,102,version_27,8,stratified,200,42,17,17,0.7,0.8484848484848485,0.8636363636363636,0.015151515151515138
mi,102,version_27,8,stratified,200,43,17,17,0.7999999999999999,0.7727272727272727,0.8484848484848485,0.0757575757575758
mi,102,version_27,8,stratified,200,44,17,17,0.8571428571428572,0.9545454545454546,1.0,0.045454545454545414
mi,102,version_27,8,stratified,200,45,17,17,0.7272727272727273,0.7857142857142857,0.7571428571428571,-0.02857142857142858
mi,102,version_27,8,stratified,200,46,17,17,0.9848484848484849,0.8285714285714285,0.9285714285714286,0.10000000000000009
mi,102,version_27,17,stratified,10,42,112,112,0.7455342096393663,0.7428378833838896,0.7708122682844625,0.027974384900572913
mi,102,version_27,17,stratified,10,43,112,112,0.7708122682844625,0.7256488035052241,0.773845635321874,0.04819683181664991
mi,102,version_27,17,stratified,10,44,112,112,0.7381193124368048,0.7613751263902933,0.7451971688574317,-0.016177957532861553
mi,102,version_27,17,stratified,10,45,112,112,0.649814627569936,0.8432760364004045,0.7795753286147623,-0.06370070778564219
mi,102,version_27,17,stratified,10,46,112,112,0.7741826761038086,0.7327266599258511,0.7674418604651163,0.034715200539265245
mi,102,version_27,17,stratified,50,42,92,92,0.691468253968254,0.7593984962406015,0.825563909774436,0.06616541353383454
mi,102,version_27,17,stratified,50,43,92,92,0.7658730158730159,0.7213032581453634,0.8736842105263158,0.1523809523809524
mi,102,version_27,17,stratified,50,44,92,92,0.7063492063492063,0.7518796992481203,0.7669172932330828,0.015037593984962516
mi,102,version_27,17,stratified,50,45,92,92,0.748015873015873,0.7664160401002507,0.8406015037593985,0.0741854636591478
mi,102,version_27,17,stratified,50,46,92,92,0.6661706349206349,0.8305764411027569,0.9052631578947368,0.07468671679197991
mi,102,version_27,17,stratified,100,42,67,67,0.7926829268292683,0.6829268292682926,0.826454033771107,0.14352720450281442
mi,102,version_27,17,stratified,100,43,67,67,0.7035647279549718,0.7495309568480301,0.8658536585365855,0.11632270168855541
mi,102,version_27,17,stratified,100,44,67,67,0.6772983114446529,0.7682926829268293,0.8433395872420263,0.075046904315197
mi,102,version_27,17,stratified,100,45,67,67,0.7223264540337712,0.8198874296435272,0.8377110694183865,0.017823639774859235
mi,102,version_27,17,stratified,100,46,67,67,0.701688555347092,0.7842401500938085,0.9127579737335834,0.12851782363977482
mi,102,version_27,17,stratified,200,42,17,17,0.8428571428571427,0.8181818181818181,0.9545454545454545,0.13636363636363635
mi,102,version_27,17,stratified,200,43,17,17,0.5857142857142857,0.8939393939393939,0.9696969696969697,0.0757575757575758
mi,102,version_27,17,stratified,200,44,17,17,0.8285714285714286,0.712121212121212,0.9848484848484849,0.2727272727272728
mi,102,version_27,17,stratified,200,45,17,17,0.7878787878787878,0.7142857142857142,0.7142857142857143,1.1102230246251565e-16
mi,102,version_27,17,stratified,200,46,17,17,0.7424242424242424,0.9142857142857144,0.9428571428571428,0.02857142857142847
mi,102,version_28,0,stratified,10,42,112,112,0.9218065385911696,0.9076508257499158,0.9497809234917426,0.042130097741826744
mi,102,version_28,0,stratified,10,43,112,112,0.9336029659588811,0.8988877654196158,0.9069767441860466,0.008088978766430777
mi,102,version_28,0,stratified,10,44,112,112,0.9120323559150657,0.9241658240647118,0.9167509268621503,-0.007414897202561499
mi,102,version_28,0,stratified,10,45,112,112,0.9184361307718234,0.9295584765756657,0.8240647118301314,-0.10549376474553429
mi,102,version_28,0,stratified,10,46,112,112,0.9342770475227502,0.9036063363667004,0.875968992248062,-0.027637344118638385
mi,102,version_28,0,stratified,50,42,92,92,0.8948412698412698,0.9288220551378445,0.9388471177944862,0.010025062656641603
mi,102,version_28,0,stratified,50,43,92,92,0.9047619047619049,0.9268170426065162,0.9388471177944863,0.012030075187970057
mi,102,version_28,0,stratified,50,44,92,92,0.8883928571428571,0.9448621553884713,0.9373433583959899,-0.007518796992481369
mi,102,version_28,0,stratified,50,45,92,92,0.908234126984127,0.9358395989974938,0.9298245614035088,-0.006015037593985029
mi,102,version_28,0,stratified,50,46,92,92,0.9072420634920635,0.9438596491228071,0.9278195488721805,-0.01604010025062652
mi,102,version_28,0,stratified,100,42,67,67,0.9099437148217636,0.8893058161350844,0.8864915572232644,-0.002814258911819967
mi,102,version_28,0,stratified,100,43,67,67,0.9287054409005628,0.9024390243902438,0.9080675422138837,0.005628517823639934
mi,102,version_28,0,stratified,100,44,67,67,0.9418386491557224,0.9024390243902438,0.9080675422138836,0.0056285178236398226
mi,102,version_28,0,stratified,100,45,67,67,0.9174484052532833,0.9352720450281427,0.9090056285178236,-0.026266416510319024
mi,102,version_28,0,stratified,100,46,67,67,0.9146341463414633,0.9193245778611632,0.948405253283302,0.02908067542213888
mi,102,version_28,0,stratified,200,42,17,17,0.9285714285714286,0.9242424242424242,1.0,0.0757575757575758
mi,102,version_28,0,stratified,200,43,17,17,0.8285714285714285,0.9848484848484849,0.9696969696969697,-0.015151515151515138
mi,102,version_28,0,stratified,200,44,17,17,0.9857142857142858,0.9545454545454545,0.9848484848484849,0.030303030303030387
mi,102,version_28,0,stratified,200,45,17,17,0.8636363636363636,0.8857142857142858,0.9142857142857144,0.02857142857142858
mi,102,version_28,0,stratified,200,46,17,17,0.9696969696969697,0.9142857142857141,0.9571428571428572,0.04285714285714304
mi,102,version_28,2,stratified,10,42,112,112,0.9285473542298619,0.9029322548028311,0.9285473542298619,0.025615099427030774
mi,102,version_28,2,stratified,10,43,112,112,0.9346140883046848,0.9089989888776543,0.8988877654196158,-0.010111223458038499
mi,102,version_28,2,stratified,10,44,112,112,0.9137175598247388,0.9322548028311426,0.9184361307718234,-0.013818672059319193
mi,102,version_28,2,stratified,10,45,112,112,0.9113582743511965,0.9302325581395349,0.8914728682170543,-0.03875968992248058
mi,102,version_28,2,stratified,10,46,112,112,0.9366363329962926,0.9073137849679811,0.8776541961577351,-0.029659588810245996
mi,102,version_28,2,stratified,50,42,92,92,0.910218253968254,0.9182957393483709,0.9303258145363409,0.012030075187969946
mi,102,version_28,2,stratified,50,43,92,92,0.8978174603174602,0.943358395989975,0.943358395989975,0.0
mi,102,version_28,2,stratified,50,44,92,92,0.9027777777777779,0.9393483709273184,0.9413533834586465,0.002005012531328121
mi,102,version_28,2,stratified,50,45,92,92,0.9027777777777778,0.9358395989974937,0.9438596491228071,0.008020050125313372
mi,102,version_28,2,stratified,50,46,92,92,0.8839285714285715,0.9523809523809523,0.9403508771929825,-0.012030075187969835
mi,102,version_28,2,stratified,100,42,67,67,0.9202626641651032,0.8883677298311444,0.8836772983114446,-0.004690431519699834
mi,102,version_28,2,stratified,100,43,67,67,0.9521575984990619,0.9108818011257035,0.9071294559099438,-0.0037523452157597337
mi,102,version_28,2,stratified,100,44,67,67,0.9437148217636023,0.898686679174484,0.9090056285178236,0.010318949343339656
mi,102,version_28,2,stratified,100,45,67,67,0.9080675422138836,0.9305816135084428,0.9333958724202627,0.0028142589118198558
mi,102,version_28,2,stratified,100,46,67,67,0.9090056285178236,0.924015009380863,0.9587242026266416,0.03470919324577859
mi,102,version_28,2,stratified,200,42,17,17,0.9285714285714285,1.0,1.0,0.0
mi,102,version_28,2,stratified,200,43,17,17,0.9285714285714286,1.0,0.9696969696969697,-0.030303030303030276
mi,102,version_28,2,stratified,200,44,17,17,1.0,0.9848484848484849,1.0,0.015151515151515138
mi,102,version_28,2,stratified,200,45,17,17,0.8181818181818182,0.7571428571428571,0.8714285714285713,0.11428571428571421
mi,102,version_28,2,stratified,200,46,17,17,0.9545454545454545,0.9142857142857143,0.9285714285714286,0.014285714285714346
mi,102,version_28,4,stratified,10,42,112,112,0.9036063363667004,0.9184361307718234,0.9221435793731042,0.003707448601280805
mi,102,version_28,4,stratified,10,43,112,112,0.9349511290866195,0.9002359285473542,0.8806875631951465,-0.01954836535220772
mi,102,version_28,4,stratified,10,44,112,112,0.9069767441860466,0.9292214357937311,0.9066397034041119,-0.022581732389619136
mi,102,version_28,4,stratified,10,45,112,112,0.8992248062015503,0.9329288843950119,0.8614762386248735,-0.07145264577013832
mi,102,version_28,4,stratified,10,46,112,112,0.9174250084260196,0.9157398045163465,0.8820357263228851,-0.03370407819346144
mi,102,version_28,4,stratified,50,42,92,92,0.8928571428571428,0.9122807017543859,0.9102756892230576,-0.002005012531328343
mi,102,version_28,4,stratified,50,43,92,92,0.915674603174603,0.9107769423558896,0.9162907268170426,0.005513784461153026
mi,102,version_28,4,stratified,50,44,92,92,0.8938492063492064,0.9388471177944862,0.9463659147869674,0.007518796992481258
mi,102,version_28,4,stratified,50,45,92,92,0.9156746031746033,0.9087719298245613,0.9228070175438596,0.01403508771929829
mi,102,version_28,4,stratified,50,46,92,92,0.8526785714285714,0.9503759398496241,0.9283208020050125,-0.02205513784461155
mi,102,version_28,4,stratified,100,42,67,67,0.9090056285178236,0.9202626641651033,0.9099437148217636,-0.010318949343339656
mi,102,version_28,4,stratified,100,43,67,67,0.922138836772983,0.9315196998123827,0.9024390243902439,-0.02908067542213877
mi,102,version_28,4,stratified,100,44,67,67,0.950281425891182,0.8733583489681052,0.9024390243902439,0.02908067542213877
mi,102,version_28,4,stratified,100,45,67,67,0.8930581613508444,0.9390243902439024,0.9371482176360224,-0.0018761726078799779
mi,102,version_28,4,stratified,100,46,67,67,0.8968105065666041,0.8705440900562852,0.9080675422138837,0.03752345215759856
mi,102,version_28,4,stratified,200,42,17,17,0.8999999999999999,0.8636363636363635,1.0,0.13636363636363646
mi,102,version_28,4,stratified,200,43,17,17,0.9714285714285714,0.9848484848484849,0.9242424242424242,-0.06060606060606066
mi,102,version_28,4,stratified,200,44,17,17,0.9714285714285714,0.9242424242424242,0.9696969696969697,0.045454545454545525
mi,102,version_28,4,stratified,200,45,17,17,0.8939393939393939,0.7857142857142857,0.9285714285714286,0.1428571428571429
mi,102,version_28,4,stratified,200,46,17,17,0.9090909090909092,0.9571428571428572,0.9571428571428572,0.0
mi,102,version_28,8,stratified,10,42,112,112,0.852376137512639,0.8560835861139198,0.887428378833839,0.03134479271991919
mi,102,version_28,8,stratified,10,43,112,112,0.8324907313784968,0.8766430738119313,0.8931580721267274,0.01651499831479608
mi,102,version_28,8,stratified,10,44,112,112,0.865520728008089,0.8412537917087968,0.8308055274688237,-0.010448264239973026
mi,102,version_28,8,stratified,10,45,112,112,0.8409167509268621,0.8938321536905965,0.8547354229861812,-0.03909673070441533
mi,102,version_28,8,stratified,10,46,112,112,0.8854061341422312,0.8449612403100775,0.8233906302662621,-0.02157061004381533
mi,102,version_28,8,stratified,50,42,92,92,0.8343253968253969,0.8596491228070176,0.8807017543859649,0.021052631578947323
mi,102,version_28,8,stratified,50,43,92,92,0.8323412698412698,0.8611528822055138,0.8802005012531329,0.01904761904761909
mi,102,version_28,8,stratified,50,44,92,92,0.8179563492063492,0.8987468671679197,0.8852130325814536,-0.013533834586466176
mi,102,version_28,8,stratified,50,45,92,92,0.8596230158730159,0.8606516290726818,0.8947368421052632,0.034085213032581385
mi,102,version_28,8,stratified,50,46,92,92,0.7802579365079365,0.9233082706766917,0.9057644110275689,-0.01754385964912286
mi,102,version_28,8,stratified,100,42,67,67,0.8564727954971858,0.7964352720450282,0.8180112570356473,0.02157598499061908
mi,102,version_28,8,stratified,100,43,67,67,0.8771106941838649,0.874296435272045,0.8818011257035647,0.007504690431519689
mi,102,version_28,8,stratified,100,44,67,67,0.8958724202626642,0.8320825515947468,0.8789868667917449,0.046904315196998114
mi,102,version_28,8,stratified,100,45,67,67,0.8545966228893058,0.8658536585365854,0.8302063789868669,-0.03564727954971847
mi,102,version_28,8,stratified,100,46,67,67,0.851782363977486,0.874296435272045,0.8949343339587242,0.0206378986866792
mi,102,version_28,8,stratified,200,42,17,17,0.7571428571428571,0.8636363636363635,0.9242424242424242,0.06060606060606066
mi,102,version_28,8,stratified,200,43,17,17,0.8142857142857143,0.9545454545454545,0.9393939393939393,-0.015151515151515138
mi,102,version_28,8,stratified,200,44,17,17,1.0,1.0,0.9545454545454545,-0.045454545454545525
mi,102,version_28,8,stratified,200,45,17,17,0.7575757575757576,0.8142857142857143,0.8857142857142858,0.07142857142857151
mi,102,version_28,8,stratified,200,46,17,17,0.9696969696969696,0.9,0.9285714285714286,0.02857142857142858
mi,102,version_28,17,stratified,10,42,112,112,0.8169868554095046,0.769464105156724,0.7401415571284125,-0.02932254802831158
mi,102,version_28,17,stratified,10,43,112,112,0.8173238961914392,0.7758678800134816,0.8159757330637007,0.04010785305021913
mi,102,version_28,17,stratified,10,44,112,112,0.7741826761038085,0.809571958206943,0.7701381867205932,-0.039433771486349856
mi,102,version_28,17,stratified,10,45,112,112,0.7603640040444893,0.8442871587462083,0.7772160431412201,-0.06707111560498824
mi,102,version_28,17,stratified,10,46,112,112,0.8294573643410853,0.756319514661274,0.7509268621503202,-0.005392652510953777
mi,102,version_28,17,stratified,50,42,92,92,0.7946428571428571,0.7914786967418546,0.8070175438596492,0.01553884711779463
mi,102,version_28,17,stratified,50,43,92,92,0.8115079365079365,0.7639097744360902,0.8310776942355891,0.06716791979949888
mi,102,version_28,17,stratified,50,44,92,92,0.7658730158730159,0.8080200501253133,0.7493734335839599,-0.05864661654135339
mi,102,version_28,17,stratified,50,45,92,92,0.777281746031746,0.8250626566416039,0.8180451127819549,-0.007017543859649034
mi,102,version_28,17,stratified,50,46,92,92,0.736111111111111,0.8451127819548873,0.8681704260651629,0.023057644110275666
mi,102,version_28,17,stratified,100,42,67,67,0.8677298311444653,0.7317073170731707,0.7926829268292683,0.060975609756097615
mi,102,version_28,17,stratified,100,43,67,67,0.852720450281426,0.7607879924953096,0.8311444652908069,0.07035647279549728
mi,102,version_28,17,stratified,100,44,67,67,0.776735459662289,0.8001876172607879,0.8030018761726079,0.002814258911819967
mi,102,version_28,17,stratified,100,45,67,67,0.7851782363977486,0.8292682926829268,0.7861163227016886,-0.04315196998123816
mi,102,version_28,17,stratified,100,46,67,67,0.7579737335834897,0.8030018761726079,0.9015009380863039,0.09849906191369606
mi,102,version_28,17,stratified,200,42,17,17,0.8714285714285714,0.9545454545454545,0.9696969696969697,0.015151515151515249
mi,102,version_28,17,stratified,200,43,17,17,0.6,0.8333333333333333,0.9848484848484849,0.1515151515151516
mi,102,version_28,17,stratified,200,44,17,17,0.9142857142857143,0.803030303030303,0.9393939393939393,0.13636363636363635
mi,102,version_28,17,stratified,200,45,17,17,0.803030303030303,0.7285714285714285,0.7571428571428571,0.02857142857142858
mi,102,version_28,17,stratified,200,46,17,17,0.7878787878787878,0.9571428571428572,0.9571428571428572,0.0
mi,102,version_29,0,stratified,10,42,112,112,0.9359622514324234,0.9298955173576002,0.9423660262891811,0.01247050893158086
mi,102,version_29,0,stratified,10,43,112,112,0.9565217391304348,0.917087967644085,0.9096730704415233,-0.00741489720256161
mi,102,version_29,0,stratified,10,44,112,112,0.9410178631614425,0.9339400067408157,0.8800134816312775,-0.053926525109538215
mi,102,version_29,0,stratified,10,45,112,112,0.9430401078530501,0.9329288843950118,0.908324907313785,-0.024603977081226747
mi,102,version_29,0,stratified,10,46,112,112,0.9491068419278733,0.9228176609369734,0.8938321536905965,-0.02898550724637683
mi,102,version_29,0,stratified,50,42,92,92,0.9161706349206349,0.9403508771929824,0.9213032581453634,-0.01904761904761898
mi,102,version_29,0,stratified,50,43,92,92,0.9146825396825397,0.9503759398496241,0.9418546365914788,-0.008521303258145263
mi,102,version_29,0,stratified,50,44,92,92,0.9186507936507937,0.9644110275689223,0.9167919799498747,-0.04761904761904756
mi,102,version_29,0,stratified,50,45,92,92,0.9379960317460319,0.9333333333333333,0.9177944862155388,-0.015538847117794519
mi,102,version_29,0,stratified,50,46,92,92,0.9231150793650793,0.9368421052631579,0.9248120300751881,-0.012030075187969835
mi,102,version_29,0,stratified,100,42,67,67,0.9296435272045028,0.9146341463414633,0.9118198874296435,-0.0028142589118198558
mi,102,version_29,0,stratified,100,43,67,67,0.9427767354596623,0.9155722326454034,0.9080675422138836,-0.0075046904315198
mi,102,version_29,0,stratified,100,44,67,67,0.9746716697936211,0.9296435272045028,0.9052532833020637,-0.024390243902439157
mi,102,version_29,0,stratified,100,45,67,67,0.9174484052532833,0.9427767354596623,0.8874296435272044,-0.055347091932457904
mi,102,version_29,0,stratified,100,46,67,67,0.899624765478424,0.9587242026266416,0.9502814258911819,-0.008442776735459678
mi,102,version_29,0,stratified,200,42,17,17,0.9285714285714286,0.9848484848484849,0.9696969696969697,-0.015151515151515138
mi,102,version_29,0,stratified,200,43,17,17,0.8285714285714285,0.9848484848484849,1.0,0.015151515151515138
mi,102,version_29,0,stratified,200,44,17,17,1.0,0.9848484848484849,0.9848484848484849,0.0
mi,102,version_29,0,stratified,200,45,17,17,0.8484848484848485,0.8857142857142858,0.9,0.014285714285714235
mi,102,version_29,0,stratified,200,46,17,17,0.9848484848484849,0.9428571428571428,0.9285714285714286,-0.014285714285714235
mi,102,version_29,2,stratified,10,42,112,112,0.9218065385911696,0.9265251095382542,0.9322548028311426,0.005729693292888416
mi,102,version_29,2,stratified,10,43,112,112,0.9504550050556116,0.9002359285473542,0.8860802157061004,-0.014155712841253831
mi,102,version_29,2,stratified,10,44,112,112,0.9410178631614425,0.9261880687563195,0.8584428715874621,-0.06774519716885741
mi,102,version_29,2,stratified,10,45,112,112,0.9224806201550388,0.9258510279743848,0.918773171553758,-0.007077856420626749
mi,102,version_29,2,stratified,10,46,112,112,0.9413549039433771,0.9096730704415235,0.8965284799460735,-0.013144590495449915
mi,102,version_29,2,stratified,50,42,92,92,0.90625,0.9147869674185464,0.9017543859649122,-0.013032581453634173
mi,102,version_29,2,stratified,50,43,92,92,0.9052579365079365,0.9533834586466166,0.9443609022556391,-0.009022556390977488
mi,102,version_29,2,stratified,50,44,92,92,0.9191468253968254,0.949874686716792,0.9097744360902256,-0.040100250626566414
mi,102,version_29,2,stratified,50,45,92,92,0.8948412698412699,0.937844611528822,0.9253132832080202,-0.012531328320801838
mi,102,version_29,2,stratified,50,46,92,92,0.8973214285714286,0.9468671679197995,0.9388471177944862,-0.008020050125313372
mi,102,version_29,2,stratified,100,42,67,67,0.9249530956848029,0.8930581613508443,0.8883677298311444,-0.004690431519699834
mi,102,version_29,2,stratified,100,43,67,67,0.9287054409005628,0.9099437148217636,0.9043151969981238,-0.0056285178236398226
mi,102,version_29,2,stratified,100,44,67,67,0.9615384615384616,0.9212007504690433,0.9127579737335835,-0.00844277673545979
mi,102,version_29,2,stratified,100,45,67,67,0.9052532833020639,0.9362101313320825,0.8846153846153847,-0.05159474671669784
mi,102,version_29,2,stratified,100,46,67,67,0.8977485928705441,0.9427767354596622,0.9455909943714822,0.002814258911819967
mi,102,version_29,2,stratified,200,42,17,17,0.9571428571428571,1.0,1.0,0.0
mi,102,version_29,2,stratified,200,43,17,17,0.8,1.0,1.0,0.0
mi,102,version_29,2,stratified,200,44,17,17,1.0,0.9848484848484849,1.0,0.015151515151515138
mi,102,version_29,2,stratified,200,45,17,17,0.7878787878787878,0.8285714285714284,0.8571428571428571,0.028571428571428692
mi,102,version_29,2,stratified,200,46,17,17,0.9848484848484849,0.9285714285714286,0.9,-0.02857142857142858
mi,102,version_29,4,stratified,10,42,112,112,0.9096730704415235,0.937984496124031,0.9268621503201888,-0.011122345803842193
mi,102,version_29,4,stratified,10,43,112,112,0.9561846983485003,0.8857431749241659,0.8725985844287159,-0.013144590495450026
mi,102,version_29,4,stratified,10,44,112,112,0.9255139871924503,0.9342770475227502,0.8742837883383888,-0.05999325918436138
mi,102,version_29,4,stratified,10,45,112,112,0.9184361307718234,0.9373104145601618,0.8621503201887428,-0.07516009437141902
mi,102,version_29,4,stratified,10,46,112,112,0.9447253117627233,0.905628581058308,0.8426019548365351,-0.06302662622177291
mi,102,version_29,4,stratified,50,42,92,92,0.9037698412698412,0.931328320802005,0.8992481203007519,-0.03208020050125315
mi,102,version_29,4,stratified,50,43,92,92,0.9136904761904763,0.9468671679197995,0.9172932330827067,-0.029573934837092808
mi,102,version_29,4,stratified,50,44,92,92,0.8878968253968255,0.956390977443609,0.8862155388471178,-0.07017543859649122
mi,102,version_29,4,stratified,50,45,92,92,0.90625,0.9418546365914787,0.9022556390977443,-0.03959899749373441
mi,102,version_29,4,stratified,50,46,92,92,0.9057539682539683,0.9438596491228071,0.8952380952380953,-0.04862155388471179
mi,102,version_29,4,stratified,100,42,67,67,0.9455909943714822,0.924015009380863,0.898686679174484,-0.025328330206379035
mi,102,version_29,4,stratified,100,43,67,67,0.9296435272045027,0.927767354596623,0.9118198874296436,-0.015947467166979368
mi,102,version_29,4,stratified,100,44,67,67,0.9530956848030019,0.9024390243902438,0.8470919324577861,-0.05534709193245768
mi,102,version_29,4,stratified,100,45,67,67,0.9165103189493433,0.9530956848030019,0.8949343339587241,-0.05816135084427776
mi,102,version_29,4,stratified,100,46,67,67,0.9165103189493433,0.9296435272045027,0.9118198874296435,-0.017823639774859235
mi,102,version_29,4,stratified,200,42,17,17,0.9142857142857143,1.0,1.0,0.0
mi,102,version_29,4,stratified,200,43,17,17,0.8285714285714286,0.9545454545454545,0.9696969696969696,0.015151515151515138
mi,102,version_29,4,stratified,200,44,17,17,1.0,0.9090909090909091,0.9242424242424242,0.015151515151515138
mi,102,version_29,4,stratified,200,45,17,17,0.8636363636363635,0.9571428571428572,0.9428571428571428,-0.014285714285714346
mi,102,version_29,4,stratified,200,46,17,17,0.9393939393939393,0.9714285714285714,0.9285714285714286,-0.042857142857142816
mi,102,version_29,8,stratified,10,42,112,112,0.8985507246376812,0.8682170542635659,0.8648466464442197,-0.003370407819346166
mi,102,version_29,8,stratified,10,43,112,112,0.8527131782945736,0.8958543983822043,0.8641725648803505,-0.03168183350185372
mi,102,version_29,8,stratified,10,44,112,112,0.8581058308055275,0.8982136838557465,0.8601280754971352,-0.0380856083586113
mi,102,version_29,8,stratified,10,45,112,112,0.8894506235254466,0.8830468486686889,0.7549713515335356,-0.12807549713515332
mi,102,version_29,8,stratified,10,46,112,112,0.8945062352544658,0.8688911358274352,0.6909336029659588,-0.1779575328614763
mi,102,version_29,8,stratified,50,42,92,92,0.8680555555555556,0.8872180451127819,0.8471177944862156,-0.0401002506265663
mi,102,version_29,8,stratified,50,43,92,92,0.8829365079365079,0.8676691729323309,0.8521303258145363,-0.01553884711779463
mi,102,version_29,8,stratified,50,44,92,92,0.8239087301587302,0.9358395989974937,0.8576441102756892,-0.07819548872180448
mi,102,version_29,8,stratified,50,45,92,92,0.8511904761904762,0.8992481203007519,0.8827067669172932,-0.016541353383458635
mi,102,version_29,8,stratified,50,46,92,92,0.8447420634920634,0.9117794486215539,0.8852130325814536,-0.02656641604010035
mi,102,version_29,8,stratified,100,42,67,67,0.8921200750469043,0.8452157598499062,0.8151969981238274,-0.030018761726078758
mi,102,version_29,8,stratified,100,43,67,67,0.8996247654784241,0.8724202626641651,0.8752345215759849,0.0028142589118198558
mi,102,version_29,8,stratified,100,44,67,67,0.9324577861163227,0.8930581613508444,0.8545966228893059,-0.038461538461538436
mi,102,version_29,8,stratified,100,45,67,67,0.8968105065666041,0.8724202626641651,0.7898686679174485,-0.08255159474671658
mi,102,version_29,8,stratified,100,46,67,67,0.8480300187617261,0.9127579737335835,0.874296435272045,-0.038461538461538436
mi,102,version_29,8,stratified,200,42,17,17,0.8285714285714285,0.9848484848484849,0.9393939393939393,-0.045454545454545525
mi,102,version_29,8,stratified,200,43,17,17,0.8285714285714284,0.8939393939393939,0.9090909090909091,0.015151515151515138
mi,102,version_29,8,stratified,200,44,17,17,0.9428571428571428,0.9848484848484849,0.9696969696969696,-0.015151515151515249
mi,102,version_29,8,stratified,200,45,17,17,0.7424242424242424,0.9,0.8999999999999999,-1.1102230246251565e-16
mi,102,version_29,8,stratified,200,46,17,17,1.0,0.9142857142857143,0.8857142857142857,-0.02857142857142858
mi,102,version_29,17,stratified,10,42,112,112,0.8001348163127738,0.8176609369733738,0.8227165487023931,0.005055611729019249
mi,102,version_29,17,stratified,10,43,112,112,0.835861139197843,0.7920458375463431,0.7532861476238625,-0.03875968992248058
mi,102,version_29,17,stratified,10,44,112,112,0.7883383889450624,0.8378833838894506,0.7687900235928548,-0.06909336029659585
mi,102,version_29,17,stratified,10,45,112,112,0.7724974721941356,0.8638355240984159,0.7718233906302663,-0.09201213346814963
mi,102,version_29,17,stratified,10,46,112,112,0.8378833838894506,0.793056959892147,0.7084597236265587,-0.08459723626558824
mi,102,version_29,17,stratified,50,42,92,92,0.7738095238095238,0.8205513784461153,0.793483709273183,-0.02706766917293224
mi,102,version_29,17,stratified,50,43,92,92,0.8025793650793651,0.806015037593985,0.7959899749373434,-0.010025062656641603
mi,102,version_29,17,stratified,50,44,92,92,0.7554563492063492,0.8536340852130326,0.7593984962406015,-0.09423558897243112
mi,102,version_29,17,stratified,50,45,92,92,0.7931547619047619,0.8701754385964912,0.8145363408521303,-0.05563909774436082
mi,102,version_29,17,stratified,50,46,92,92,0.7266865079365079,0.8556390977443609,0.8461152882205514,-0.00952380952380949
mi,102,version_29,17,stratified,100,42,67,67,0.8799249530956849,0.7570356472795498,0.7842401500938087,0.027204502814258902
mi,102,version_29,17,stratified,100,43,67,67,0.8039399624765478,0.8395872420262664,0.8105065666041277,-0.02908067542213877
mi,102,version_29,17,stratified,100,44,67,67,0.7542213883677299,0.8255159474671669,0.775797373358349,-0.04971857410881797
mi,102,version_29,17,stratified,100,45,67,67,0.8133208255159474,0.8836772983114447,0.8198874296435272,-0.06378986866791747
mi,102,version_29,17,stratified,100,46,67,67,0.7382739212007505,0.8386491557223266,0.8583489681050657,0.0196998123827391
mi,102,version_29,17,stratified,200,42,17,17,0.8571428571428571,0.9696969696969696,0.9696969696969696,0.0
mi,102,version_29,17,stratified,200,43,17,17,0.6,0.9242424242424243,0.9696969696969696,0.0454545454545453
mi,102,version_29,17,stratified,200,44,17,17,0.9142857142857143,0.9393939393939394,0.9242424242424242,-0.015151515151515249
mi,102,version_29,17,stratified,200,45,17,17,0.8333333333333333,0.7285714285714285,0.6428571428571428,-0.08571428571428574
mi,102,version_29,17,stratified,200,46,17,17,0.8333333333333333,0.9142857142857143,0.8714285714285714,-0.042857142857142816
mi,102,version_30,0,stratified,10,42,112,112,0.9187731715537579,0.9089989888776542,0.9437141894169194,0.034715200539265245
mi,102,version_30,0,stratified,10,43,112,112,0.9389956184698349,0.8891135827435119,0.8945062352544658,0.005392652510953888
mi,102,version_30,0,stratified,10,44,112,112,0.9150657229524772,0.9258510279743849,0.9278732726659926,0.002022244691607722
mi,102,version_30,0,stratified,10,45,112,112,0.9079878665318504,0.9282103134479271,0.9032692955847658,-0.024941017863161385
mi,102,version_30,0,stratified,10,46,112,112,0.9268621503201887,0.8955173576002696,0.916076845298281,0.020559487698011414
mi,102,version_30,0,stratified,50,42,92,92,0.8720238095238095,0.9353383458646617,0.9308270676691729,-0.004511278195488799
mi,102,version_30,0,stratified,50,43,92,92,0.902281746031746,0.9203007518796993,0.9358395989974937,0.015538847117794408
mi,102,version_30,0,stratified,50,44,92,92,0.8769841269841271,0.9588972431077694,0.9363408521303258,-0.022556390977443552
mi,102,version_30,0,stratified,50,45,92,92,0.9107142857142857,0.9208020050125314,0.9413533834586467,0.02055137844611532
mi,102,version_30,0,stratified,50,46,92,92,0.8938492063492063,0.9253132832080201,0.9263157894736842,0.001002506265664116
mi,102,version_30,0,stratified,100,42,67,67,0.8977485928705441,0.9033771106941838,0.9183864915572233,0.01500938086303949
mi,102,version_30,0,stratified,100,43,67,67,0.9071294559099438,0.8958724202626642,0.9099437148217637,0.014071294559099501
mi,102,version_30,0,stratified,100,44,67,67,0.9371482176360225,0.9212007504690432,0.9090056285178236,-0.012195121951219523
mi,102,version_30,0,stratified,100,45,67,67,0.8893058161350844,0.9296435272045028,0.9127579737335835,-0.016885553470919357
mi,102,version_30,0,stratified,100,46,67,67,0.8939962476547842,0.9174484052532833,0.9596622889305816,0.04221388367729828
mi,102,version_30,0,stratified,200,42,17,17,0.8571428571428572,0.8939393939393939,0.9848484848484849,0.09090909090909094
mi,102,version_30,0,stratified,200,43,17,17,0.8857142857142857,0.9545454545454545,1.0,0.045454545454545525
mi,102,version_30,0,stratified,200,44,17,17,1.0,1.0,1.0,0.0
mi,102,version_30,0,stratified,200,45,17,17,0.8636363636363635,0.8857142857142858,0.9,0.014285714285714235
mi,102,version_30,0,stratified,200,46,17,17,0.9696969696969697,0.9142857142857141,0.9714285714285715,0.057142857142857384
mi,102,version_30,2,stratified,10,42,112,112,0.9174250084260196,0.9106841927873273,0.918773171553758,0.008088978766430777
mi,102,version_30,2,stratified,10,43,112,112,0.9413549039433771,0.9009100101112235,0.8988877654196158,-0.002022244691607722
mi,102,version_30,2,stratified,10,44,112,112,0.9184361307718234,0.9278732726659927,0.9322548028311426,0.004381530165149861
mi,102,version_30,2,stratified,10,45,112,112,0.910010111223458,0.9305695989214695,0.9292214357937311,-0.0013481631277384443
mi,102,version_30,2,stratified,10,46,112,112,0.9282103134479273,0.9002359285473543,0.9191102123356926,0.01887428378833822
mi,102,version_30,2,stratified,50,42,92,92,0.8804563492063493,0.9278195488721804,0.9238095238095239,-0.004010025062656575
mi,102,version_30,2,stratified,50,43,92,92,0.902281746031746,0.9348370927318296,0.943859649122807,0.009022556390977376
mi,102,version_30,2,stratified,50,44,92,92,0.8943452380952381,0.9573934837092731,0.9413533834586467,-0.01604010025062641
mi,102,version_30,2,stratified,50,45,92,92,0.9107142857142857,0.9218045112781954,0.9493734335839599,0.027568922305764465
mi,102,version_30,2,stratified,50,46,92,92,0.8799603174603174,0.9328320802005012,0.9488721804511278,0.01604010025062652
mi,102,version_30,2,stratified,100,42,67,67,0.900562851782364,0.9071294559099436,0.9080675422138836,0.0009380863039399889
mi,102,version_30,2,stratified,100,43,67,67,0.9287054409005628,0.9043151969981239,0.9146341463414633,0.010318949343339434
mi,102,version_30,2,stratified,100,44,67,67,0.9324577861163227,0.924015009380863,0.9202626641651032,-0.0037523452157598447
mi,102,version_30,2,stratified,100,45,67,67,0.8883677298311445,0.9333958724202627,0.9324577861163227,-0.0009380863039399889
mi,102,version_30,2,stratified,100,46,67,67,0.8939962476547842,0.9136960600375235,0.9699812382739212,0.05628517823639778
mi,102,version_30,2,stratified,200,42,17,17,0.9142857142857141,0.9393939393939393,1.0,0.06060606060606066
mi,102,version_30,2,stratified,200,43,17,17,0.9285714285714285,0.9696969696969697,1.0,0.030303030303030276
mi,102,version_30,2,stratified,200,44,17,17,1.0,0.9848484848484849,1.0,0.015151515151515138
mi,102,version_30,2,stratified,200,45,17,17,0.8787878787878787,0.8428571428571429,0.8999999999999999,0.05714285714285705
mi,102,version_30,2,stratified,200,46,17,17,0.9696969696969697,0.8999999999999999,0.9428571428571428,0.04285714285714293
mi,102,version_30,4,stratified,10,42,112,112,0.8945062352544658,0.9137175598247388,0.8998988877654196,-0.013818672059319193
mi,102,version_30,4,stratified,10,43,112,112,0.9248399056285811,0.8860802157061004,0.8439501179642737,-0.042130097741826744
mi,102,version_30,4,stratified,10,44,112,112,0.9201213346814965,0.9009100101112234,0.9342770475227502,0.0333670374115268
mi,102,version_30,4,stratified,10,45,112,112,0.8982136838557466,0.9288843950117964,0.7984496124031008,-0.13043478260869568
mi,102,version_30,4,stratified,10,46,112,112,0.9258510279743848,0.8928210313447927,0.8399056285810583,-0.05291540276373441
mi,102,version_30,4,stratified,50,42,92,92,0.8685515873015873,0.9177944862155389,0.9097744360902256,-0.008020050125313372
mi,102,version_30,4,stratified,50,43,92,92,0.8928571428571429,0.9022556390977443,0.8947368421052632,-0.007518796992481147
mi,102,version_30,4,stratified,50,44,92,92,0.8630952380952381,0.9598997493734336,0.9107769423558898,-0.04912280701754379
mi,102,version_30,4,stratified,50,45,92,92,0.9017857142857143,0.9117794486215539,0.9253132832080201,0.013533834586466176
mi,102,version_30,4,stratified,50,46,92,92,0.8625992063492063,0.9228070175438596,0.899749373433584,-0.023057644110275666
mi,102,version_30,4,stratified,100,42,67,67,0.9024390243902438,0.9155722326454034,0.8968105065666041,-0.018761726078799335
mi,102,version_30,4,stratified,100,43,67,67,0.9183864915572233,0.8836772983114447,0.9015009380863039,0.017823639774859235
mi,102,version_30,4,stratified,100,44,67,67,0.9371482176360224,0.8771106941838649,0.8555347091932457,-0.02157598499061919
mi,102,version_30,4,stratified,100,45,67,67,0.8911819887429644,0.9146341463414634,0.9287054409005628,0.01407129455909939
mi,102,version_30,4,stratified,100,46,67,67,0.8499061913696061,0.9043151969981239,0.9080675422138836,0.0037523452157597337
mi,102,version_30,4,stratified,200,42,17,17,0.9,0.8787878787878788,1.0,0.12121212121212122
mi,102,version_30,4,stratified,200,43,17,17,0.8857142857142857,0.9090909090909091,0.9545454545454545,0.045454545454545414
mi,102,version_30,4,stratified,200,44,17,17,0.9857142857142858,0.9696969696969696,0.9848484848484849,0.015151515151515249
mi,102,version_30,4,stratified,200,45,17,17,0.8636363636363635,0.8571428571428572,0.8285714285714285,-0.028571428571428692
mi,102,version_30,4,stratified,200,46,17,17,0.9545454545454545,0.9571428571428572,0.9142857142857144,-0.042857142857142816
mi,102,version_30,8,stratified,10,42,112,112,0.8399056285810582,0.7987866531850354,0.8449612403100775,0.04617458712504208
mi,102,version_30,8,stratified,10,43,112,112,0.8105830805527469,0.8297944051230198,0.8230535894843276,-0.006740815638692221
mi,102,version_30,8,stratified,10,44,112,112,0.8237276710481968,0.8051904280417931,0.8358611391978429,0.0306707111560498
mi,102,version_30,8,stratified,10,45,112,112,0.7981125716211661,0.8517020559487698,0.7724974721941356,-0.07920458375463424
mi,102,version_30,8,stratified,10,46,112,112,0.7971014492753623,0.8368722615436468,0.7954162453656892,-0.04145601617795758
mi,102,version_30,8,stratified,50,42,92,92,0.8035714285714286,0.8060150375939851,0.8280701754385966,0.02205513784461155
mi,102,version_30,8,stratified,50,43,92,92,0.7991071428571428,0.8175438596491228,0.830576441102757,0.013032581453634173
mi,102,version_30,8,stratified,50,44,92,92,0.7504960317460317,0.899749373433584,0.8902255639097745,-0.00952380952380949
mi,102,version_30,8,stratified,50,45,92,92,0.8080357142857143,0.8175438596491228,0.8867167919799499,0.06917293233082711
mi,102,version_30,8,stratified,50,46,92,92,0.7475198412698413,0.8636591478696741,0.8736842105263158,0.010025062656641714
mi,102,version_30,8,stratified,100,42,67,67,0.8105065666041276,0.7936210131332082,0.8283302063789868,0.03470919324577859
mi,102,version_30,8,stratified,100,43,67,67,0.8255159474671669,0.7898686679174485,0.8545966228893058,0.06472795497185735
mi,102,version_30,8,stratified,100,44,67,67,0.8911819887429643,0.7973733583489682,0.8395872420262664,0.04221388367729828
mi,102,version_30,8,stratified,100,45,67,67,0.8358348968105066,0.8442776735459663,0.7720450281425891,-0.07223264540337715
mi,102,version_30,8,stratified,100,46,67,67,0.774859287054409,0.8311444652908068,0.8452157598499062,0.01407129455909939
mi,102,version_30,8,stratified,200,42,17,17,0.8142857142857143,0.696969696969697,0.8333333333333334,0.13636363636363635
mi,102,version_30,8,stratified,200,43,17,17,0.7571428571428571,0.7575757575757576,0.9545454545454545,0.1969696969696969
mi,102,version_30,8,stratified,200,44,17,17,0.9428571428571428,0.8787878787878788,0.9545454545454545,0.07575757575757569
mi,102,version_30,8,stratified,200,45,17,17,0.8181818181818182,0.7999999999999999,0.8571428571428572,0.05714285714285727
mi,102,version_30,8,stratified,200,46,17,17,0.8181818181818181,0.8714285714285714,0.8571428571428571,-0.014285714285714346
mi,102,version_30,17,stratified,10,42,112,112,0.7580047185709471,0.7243006403774856,0.7576676777890125,0.0333670374115268
mi,102,version_30,17,stratified,10,43,112,112,0.7681159420289855,0.7094708459723627,0.7593528816986855,0.04988203572632288
mi,102,version_30,17,stratified,10,44,112,112,0.7283451297607011,0.7795753286147624,0.7809234917425009,0.0013481631277384443
mi,102,version_30,17,stratified,10,45,112,112,0.7559824738793394,0.7448601280754972,0.7438490057296933,-0.0010111223458039165
mi,102,version_30,17,stratified,10,46,112,112,0.8075497135153353,0.6801482979440512,0.7269969666329625,0.046848668688911355
mi,102,version_30,17,stratified,50,42,92,92,0.7619047619047619,0.7338345864661655,0.8065162907268171,0.07268170426065157
mi,102,version_30,17,stratified,50,43,92,92,0.8040674603174603,0.6511278195488722,0.7684210526315789,0.11729323308270667
mi,102,version_30,17,stratified,50,44,92,92,0.7371031746031746,0.7674185463659149,0.7709273182957393,0.0035087719298244613
mi,102,version_30,17,stratified,50,45,92,92,0.7703373015873016,0.7774436090225564,0.7699248120300752,-0.007518796992481147
mi,102,version_30,17,stratified,50,46,92,92,0.6617063492063492,0.81203007518797,0.8847117794486216,0.07268170426065157
mi,102,version_30,17,stratified,100,42,67,67,0.777673545966229,0.7786116322701688,0.8180112570356474,0.039399624765478536
mi,102,version_30,17,stratified,100,43,67,67,0.7626641651031896,0.6838649155722326,0.8180112570356473,0.13414634146341464
mi,102,version_30,17,stratified,100,44,67,67,0.7495309568480301,0.7457786116322701,0.8227016885553471,0.07692307692307698
mi,102,version_30,17,stratified,100,45,67,67,0.7570356472795496,0.802063789868668,0.7729831144465291,-0.02908067542213888
mi,102,version_30,17,stratified,100,46,67,67,0.6904315196998123,0.7598499061913696,0.8939962476547842,0.13414634146341464
mi,102,version_30,17,stratified,200,42,17,17,0.6857142857142857,0.8636363636363636,0.9242424242424243,0.06060606060606066
mi,102,version_30,17,stratified,200,43,17,17,0.4857142857142857,0.7727272727272727,0.9696969696969696,0.1969696969696969
mi,102,version_30,17,stratified,200,44,17,17,0.7857142857142857,0.6212121212121212,0.9242424242424242,0.303030303030303
mi,102,version_30,17,stratified,200,45,17,17,0.8333333333333333,0.7428571428571429,0.8428571428571429,0.09999999999999998
mi,102,version_30,17,stratified,200,46,17,17,0.712121212121212,0.7999999999999999,0.9142857142857143,0.11428571428571432
mi,102,version_41,0,stratified,10,42,112,112,0.9265251095382541,0.9359622514324233,0.9453993933265925,0.009437141894169221
mi,102,version_41,0,stratified,10,43,112,112,0.9534883720930232,0.904954499494439,0.8958543983822043,-0.009100101112234693
mi,102,version_41,0,stratified,10,44,112,112,0.9376474553420964,0.9312436804853387,0.9255139871924504,-0.005729693292888305
mi,102,version_41,0,stratified,10,45,112,112,0.9292214357937311,0.9403437815975734,0.9339400067408157,-0.0064037748567576935
mi,102,version_41,0,stratified,10,46,112,112,0.949443882709808,0.9086619480957197,0.9009100101112234,-0.007751937984496249
mi,102,version_41,0,stratified,50,42,92,92,0.9122023809523809,0.9328320802005012,0.9388471177944862,0.006015037593984918
mi,102,version_41,0,stratified,50,43,92,92,0.9196428571428572,0.9348370927318295,0.931328320802005,-0.0035087719298244613
mi,102,version_41,0,stratified,50,44,92,92,0.9112103174603174,0.9624060150375939,0.9278195488721804,-0.0345864661654135
mi,102,version_41,0,stratified,50,45,92,92,0.9464285714285714,0.9358395989974938,0.9288220551378447,-0.007017543859649145
mi,102,version_41,0,stratified,50,46,92,92,0.910218253968254,0.9483709273182958,0.9483709273182958,0.0
mi,102,version_41,0,stratified,100,42,67,67,0.9183864915572232,0.9230769230769231,0.9343339587242027,0.011257035647279534
mi,102,version_41,0,stratified,100,43,67,67,0.9268292682926829,0.9033771106941839,0.9174484052532834,0.014071294559099501
mi,102,version_41,0,stratified,100,44,67,67,0.9634146341463414,0.9249530956848031,0.8986866791744841,-0.026266416510319024
mi,102,version_41,0,stratified,100,45,67,67,0.9080675422138836,0.9699812382739212,0.9455909943714821,-0.024390243902439157
mi,102,version_41,0,stratified,100,46,67,67,0.9296435272045028,0.9183864915572232,0.9521575984990619,0.03377110694183871
mi,102,version_41,0,stratified,200,42,17,17,0.9285714285714286,0.9242424242424242,0.9848484848484849,0.06060606060606066
mi,102,version_41,0,stratified,200,43,17,17,0.9142857142857144,0.9696969696969697,0.9848484848484849,0.015151515151515138
mi,102,version_41,0,stratified,200,44,17,17,0.9285714285714286,1.0,1.0,0.0
mi,102,version_41,0,stratified,200,45,17,17,0.8787878787878787,0.9428571428571428,0.9142857142857143,-0.02857142857142858
mi,102,version_41,0,stratified,200,46,17,17,0.9848484848484849,0.9285714285714285,0.9571428571428572,0.028571428571428692
mi,102,version_41,2,stratified,10,42,112,112,0.9332659251769464,0.9224806201550387,0.9268621503201887,0.004381530165149972
mi,102,version_41,2,stratified,10,43,112,112,0.9531513313110886,0.9015840916750927,0.8827098078867543,-0.01887428378833833
mi,102,version_41,2,stratified,10,44,112,112,0.9278732726659926,0.9339400067408157,0.9046174587125042,-0.029322548028311468
mi,102,version_41,2,stratified,10,45,112,112,0.9258510279743848,0.9342770475227502,0.9396697000337041,0.005392652510953888
mi,102,version_41,2,stratified,10,46,112,112,0.9427030670711156,0.9049544994944388,0.9002359285473542,-0.0047185709470846104
mi,102,version_41,2,stratified,50,42,92,92,0.9166666666666666,0.9253132832080201,0.9223057644110275,-0.00300751879699257
mi,102,version_41,2,stratified,50,43,92,92,0.9057539682539684,0.9423558897243107,0.9218045112781954,-0.02055137844611532
mi,102,version_41,2,stratified,50,44,92,92,0.8938492063492064,0.9573934837092732,0.9273182957393483,-0.03007518796992492
mi,102,version_41,2,stratified,50,45,92,92,0.9375,0.9283208020050127,0.9298245614035088,0.0015037593984961184
mi,102,version_41,2,stratified,50,46,92,92,0.8988095238095237,0.9478696741854636,0.9468671679197994,-0.001002506265664227
mi,102,version_41,2,stratified,100,42,67,67,0.9080675422138836,0.9202626641651033,0.926829268292683,0.0065666041275797005
mi,102,version_41,2,stratified,100,43,67,67,0.9324577861163227,0.9015009380863039,0.9202626641651033,0.018761726078799335
mi,102,version_41,2,stratified,100,44,67,67,0.9577861163227017,0.9183864915572233,0.898686679174484,-0.019699812382739323
mi,102,version_41,2,stratified,100,45,67,67,0.899624765478424,0.9690431519699813,0.9615384615384616,-0.007504690431519689
mi,102,version_41,2,stratified,100,46,67,67,0.9230769230769231,0.9371482176360226,0.9624765478424014,0.025328330206378813
mi,102,version_41,2,stratified,200,42,17,17,0.9428571428571428,0.9848484848484849,1.0,0.015151515151515138
mi,102,version_41,2,stratified,200,43,17,17,0.9142857142857143,0.9848484848484849,0.9696969696969696,-0.015151515151515249
mi,102,version_41,2,stratified,200,44,17,17,0.9571428571428572,0.9848484848484849,1.0,0.015151515151515138
mi,102,version_41,2,stratified,200,45,17,17,0.8787878787878787,0.8714285714285713,0.9,0.028571428571428692
mi,102,version_41,2,stratified,200,46,17,17,0.9848484848484849,0.9428571428571428,0.9428571428571428,0.0
mi,102,version_41,4,stratified,10,42,112,112,0.9140546006066734,0.9565217391304348,0.9332659251769464,-0.023255813953488413
mi,102,version_41,4,stratified,10,43,112,112,0.9605662285136503,0.901247050893158,0.9009100101112234,-0.0003370407819346388
mi,102,version_41,4,stratified,10,44,112,112,0.9430401078530503,0.9224806201550387,0.8938321536905967,-0.02864846646444208
mi,102,version_41,4,stratified,10,45,112,112,0.9315807212672733,0.9369733737782272,0.9106841927873273,-0.02628918099089994
mi,102,version_41,4,stratified,10,46,112,112,0.9453993933265925,0.9140546006066734,0.8921469497809235,-0.02190765082574997
mi,102,version_41,4,stratified,50,42,92,92,0.914186507936508,0.9358395989974937,0.9263157894736842,-0.00952380952380949
mi,102,version_41,4,stratified,50,43,92,92,0.9097222222222222,0.9303258145363409,0.9268170426065163,-0.0035087719298245723
mi,102,version_41,4,stratified,50,44,92,92,0.9077380952380952,0.9634085213032582,0.931328320802005,-0.03208020050125315
mi,102,version_41,4,stratified,50,45,92,92,0.914186507936508,0.9453634085213033,0.924812030075188,-0.02055137844611532
mi,102,version_41,4,stratified,50,46,92,92,0.8883928571428572,0.9558897243107769,0.9348370927318296,-0.021052631578947323
mi,102,version_41,4,stratified,100,42,67,67,0.9315196998123827,0.9362101313320826,0.9315196998123827,-0.004690431519699945
mi,102,version_41,4,stratified,100,43,67,67,0.9371482176360225,0.8921200750469043,0.9108818011257035,0.018761726078799223
mi,102,version_41,4,stratified,100,44,67,67,0.9681050656660413,0.9033771106941838,0.9080675422138836,0.004690431519699834
mi,102,version_41,4,stratified,100,45,67,67,0.8996247654784241,0.9549718574108818,0.9446529080675422,-0.010318949343339545
mi,102,version_41,4,stratified,100,46,67,67,0.9183864915572233,0.9296435272045027,0.9146341463414634,-0.015009380863039268
mi,102,version_41,4,stratified,200,42,17,17,0.9285714285714285,0.9393939393939393,1.0,0.06060606060606066
mi,102,version_41,4,stratified,200,43,17,17,0.9285714285714286,0.9696969696969696,0.9242424242424242,-0.045454545454545414
mi,102,version_41,4,stratified,200,44,17,17,1.0,0.9848484848484849,0.9696969696969696,-0.015151515151515249
mi,102,version_41,4,stratified,200,45,17,17,0.8636363636363635,0.9571428571428571,0.9285714285714286,-0.02857142857142847
mi,102,version_41,4,stratified,200,46,17,17,0.9545454545454545,0.9571428571428572,0.9428571428571428,-0.014285714285714346
mi,102,version_41,8,stratified,10,42,112,112,0.8830468486686889,0.8965284799460735,0.8958543983822043,-0.0006740815638692776
mi,102,version_41,8,stratified,10,43,112,112,0.8790023592854737,0.8897876643073812,0.9063026626221773,0.01651499831479608
mi,102,version_41,8,stratified,10,44,112,112,0.890798786653185,0.8830468486686889,0.8823727671048197,-0.0006740815638691666
mi,102,version_41,8,stratified,10,45,112,112,0.8823727671048197,0.9015840916750927,0.8968655207280082,-0.004718570947084499
mi,102,version_41,8,stratified,10,46,112,112,0.8978766430738119,0.8736097067745197,0.8459723626558814,-0.027637344118638274
mi,102,version_41,8,stratified,50,42,92,92,0.8849206349206349,0.8786967418546365,0.9037593984962407,0.02506265664160412
mi,102,version_41,8,stratified,50,43,92,92,0.8551587301587302,0.9022556390977443,0.9117794486215538,0.00952380952380949
mi,102,version_41,8,stratified,50,44,92,92,0.8412698412698413,0.9403508771929825,0.9007518796992482,-0.0395989974937343
mi,102,version_41,8,stratified,50,45,92,92,0.873015873015873,0.8957393483709273,0.9172932330827068,0.021553884711779547
mi,102,version_41,8,stratified,50,46,92,92,0.8263888888888888,0.944360902255639,0.9263157894736842,-0.018045112781954753
mi,102,version_41,8,stratified,100,42,67,67,0.8667917448405253,0.8968105065666042,0.9090056285178236,0.012195121951219412
mi,102,version_41,8,stratified,100,43,67,67,0.899624765478424,0.8686679174484053,0.9099437148217636,0.04127579737335829
mi,102,version_41,8,stratified,100,44,67,67,0.9446529080675422,0.8808630393996248,0.8705440900562851,-0.010318949343339767
mi,102,version_41,8,stratified,100,45,67,67,0.8799249530956847,0.8986866791744841,0.8677298311444653,-0.030956848030018747
mi,102,version_41,8,stratified,100,46,67,67,0.8808630393996247,0.9174484052532833,0.9155722326454033,-0.0018761726078799779
mi,102,version_41,8,stratified,200,42,17,17,0.8571428571428572,0.9545454545454545,1.0,0.045454545454545525
mi,102,version_41,8,stratified,200,43,17,17,0.8571428571428572,0.8939393939393939,0.9696969696969696,0.07575757575757569
mi,102,version_41,8,stratified,200,44,17,17,0.9714285714285714,0.9545454545454545,0.9545454545454545,0.0
mi,102,version_41,8,stratified,200,45,17,17,0.803030303030303,0.8857142857142857,0.9285714285714286,0.04285714285714293
mi,102,version_41,8,stratified,200,46,17,17,1.0,1.0,0.9571428571428572,-0.042857142857142816
mi,102,version_41,17,stratified,10,42,112,112,0.7027300303336704,0.7276710481968318,0.8058645096056622,0.07819346140883043
mi,102,version_41,17,stratified,10,43,112,112,0.7549713515335356,0.6872261543646782,0.698685540950455,0.011459386585776832
mi,102,version_41,17,stratified,10,44,112,112,0.7013818672059318,0.7448601280754972,0.7007077856420627,-0.044152342433434466
mi,102,version_41,17,stratified,10,45,112,112,0.6680148297944051,0.7677789012470508,0.7654196157735086,-0.0023592854735422497
mi,102,version_41,17,stratified,10,46,112,112,0.7681159420289855,0.6754297269969666,0.6723963599595552,-0.0030333670374114163
mi,102,version_41,17,stratified,50,42,92,92,0.6493055555555556,0.7538847117794486,0.7759398496240602,0.02205513784461155
mi,102,version_41,17,stratified,50,43,92,92,0.7222222222222222,0.687218045112782,0.7834586466165414,0.09624060150375946
mi,102,version_41,17,stratified,50,44,92,92,0.6661706349206349,0.7308270676691729,0.6812030075187969,-0.049624060150376015
mi,102,version_41,17,stratified,50,45,92,92,0.6681547619047619,0.7924812030075188,0.7824561403508772,-0.010025062656641603
mi,102,version_41,17,stratified,50,46,92,92,0.6691468253968255,0.7578947368421053,0.8085213032581453,0.05062656641604002
mi,102,version_41,17,stratified,100,42,67,67,0.7748592870544091,0.6585365853658537,0.8170731707317074,0.1585365853658537
mi,102,version_41,17,stratified,100,43,67,67,0.722326454033771,0.6613508442776735,0.7973733583489682,0.13602251407129462
mi,102,version_41,17,stratified,100,44,67,67,0.6894934333958724,0.7223264540337712,0.7542213883677299,0.031894934333958735
mi,102,version_41,17,stratified,100,45,67,67,0.6998123827392121,0.7626641651031896,0.7757973733583489,0.01313320825515929
mi,102,version_41,17,stratified,100,46,67,67,0.6575984990619137,0.7645403377110694,0.8977485928705441,0.13320825515947465
mi,102,version_41,17,stratified,200,42,17,17,0.7428571428571429,0.8939393939393939,0.9393939393939393,0.045454545454545414
mi,102,version_41,17,stratified,200,43,17,17,0.4857142857142857,0.8787878787878788,0.9848484848484849,0.10606060606060608
mi,102,version_41,17,stratified,200,44,17,17,0.8428571428571429,0.8333333333333333,0.9848484848484849,0.1515151515151516
mi,102,version_41,17,stratified,200,45,17,17,0.7121212121212122,0.6000000000000001,0.7,0.09999999999999987
mi,102,version_41,17,stratified,200,46,17,17,0.7272727272727273,0.8,0.8571428571428572,0.05714285714285716
mi,103,version_27,0,stratified,10,42,112,112,0.8206943040107852,0.8378833838894506,0.7660936973373778,-0.07178968655207285
mi,103,version_27,0,stratified,10,43,112,112,0.8388945062352544,0.8196831816649814,0.7927199191102123,-0.026963262554769107
mi,103,version_27,0,stratified,10,44,112,112,0.833164812942366,0.8372093023255814,0.6791371755982474,-0.15807212672733406
mi,103,version_27,0,stratified,10,45,112,112,0.8361981799797775,0.8355240984159084,0.7553083923154702,-0.08021570610043816
mi,103,version_27,0,stratified,10,46,112,112,0.8729356252106505,0.8038422649140545,0.7923828783282777,-0.011459386585776832
mi,103,version_27,0,stratified,50,42,92,92,0.8154761904761905,0.8451127819548871,0.8325814536340853,-0.012531328320801838
mi,103,version_27,0,stratified,50,43,92,92,0.8685515873015873,0.8010025062656642,0.7714285714285715,-0.029573934837092697
mi,103,version_27,0,stratified,50,44,92,92,0.847718253968254,0.8165413533834587,0.8365914786967419,0.020050125313283207
mi,103,version_27,0,stratified,50,45,92,92,0.8740079365079365,0.8401002506265665,0.8295739348370927,-0.010526315789473717
mi,103,version_27,0,stratified,50,46,92,92,0.814484126984127,0.8280701754385965,0.8250626566416039,-0.00300751879699257
mi,103,version_27,0,stratified,100,42,67,67,0.8208255159474672,0.8592870544090057,0.8658536585365854,0.0065666041275797005
mi,103,version_27,0,stratified,100,43,67,67,0.9249530956848029,0.7345215759849906,0.7401500938086303,0.0056285178236397115
mi,103,version_27,0,stratified,100,44,67,67,0.8348968105065666,0.7682926829268293,0.7861163227016885,0.017823639774859235
mi,103,version_27,0,stratified,100,45,67,67,0.7861163227016885,0.8883677298311444,0.8893058161350844,0.0009380863039399889
mi,103,version_27,0,stratified,100,46,67,67,0.9052532833020639,0.8217636022514071,0.8470919324577861,0.025328330206379035
mi,103,version_27,0,stratified,200,42,17,17,0.7714285714285714,0.9090909090909092,0.8484848484848485,-0.06060606060606066
mi,103,version_27,0,stratified,200,43,17,17,0.8142857142857143,0.9242424242424243,0.9545454545454545,0.030303030303030165
mi,103,version_27,0,stratified,200,44,17,17,0.8,0.9545454545454545,0.9393939393939393,-0.015151515151515138
mi,103,version_27,0,stratified,200,45,17,17,0.8787878787878788,0.8714285714285714,0.8857142857142857,0.014285714285714235
mi,103,version_27,0,stratified,200,46,17,17,0.8939393939393939,0.6714285714285714,0.7857142857142857,0.11428571428571432
mi,103,version_27,2,stratified,10,42,112,112,0.7913717559824738,0.8200202224469161,0.7576676777890125,-0.06235254465790363
mi,103,version_27,2,stratified,10,43,112,112,0.8294573643410852,0.7900235928547354,0.762386248736097,-0.027637344118638496
mi,103,version_27,2,stratified,10,44,112,112,0.8115942028985507,0.8142905291540276,0.7067745197168858,-0.10751600943714179
mi,103,version_27,2,stratified,10,45,112,112,0.8122682844624199,0.8179979777553084,0.7114930906639704,-0.10650488709133799
mi,103,version_27,2,stratified,10,46,112,112,0.8638355240984159,0.7627232895180317,0.7617121671722279,-0.0010111223458038054
mi,103,version_27,2,stratified,50,42,92,92,0.783234126984127,0.830576441102757,0.819047619047619,-0.011528822055137944
mi,103,version_27,2,stratified,50,43,92,92,0.8581349206349206,0.7644110275689223,0.762406015037594,-0.002005012531328343
mi,103,version_27,2,stratified,50,44,92,92,0.8253968253968254,0.7874686716791981,0.806015037593985,0.018546365914786866
mi,103,version_27,2,stratified,50,45,92,92,0.8402777777777778,0.8350877192982457,0.8350877192982457,0.0
mi,103,version_27,2,stratified,50,46,92,92,0.7966269841269842,0.8045112781954887,0.8140350877192982,0.00952380952380949
mi,103,version_27,2,stratified,100,42,67,67,0.8048780487804879,0.8264540337711069,0.8714821763602252,0.04502814258911825
mi,103,version_27,2,stratified,100,43,67,67,0.924953095684803,0.674484052532833,0.74765478424015,0.07317073170731703
mi,103,version_27,2,stratified,100,44,67,67,0.8208255159474672,0.7195121951219512,0.7560975609756098,0.03658536585365857
mi,103,version_27,2,stratified,100,45,67,67,0.726078799249531,0.8780487804878048,0.9080675422138836,0.03001876172607887
mi,103,version_27,2,stratified,100,46,67,67,0.8883677298311445,0.8105065666041276,0.8367729831144466,0.026266416510319024
mi,103,version_27,2,stratified,200,42,17,17,0.7714285714285715,0.8636363636363635,0.8636363636363635,0.0
mi,103,version_27,2,stratified,200,43,17,17,0.7571428571428571,0.9090909090909091,0.8939393939393939,-0.015151515151515138
mi,103,version_27,2,stratified,200,44,17,17,0.7285714285714285,0.9242424242424242,0.9090909090909091,-0.015151515151515138
mi,103,version_27,2,stratified,200,45,17,17,0.6818181818181819,0.8571428571428571,0.8999999999999999,0.042857142857142816
mi,103,version_27,2,stratified,200,46,17,17,0.8636363636363635,0.7000000000000001,0.8,0.09999999999999998
mi,103,version_27,4,stratified,10,42,112,112,0.8058645096056622,0.8092349174250084,0.711830131445905,-0.0974047859791034
mi,103,version_27,4,stratified,10,43,112,112,0.7933940006740816,0.837546343107516,0.6734074823053589,-0.16413886080215712
mi,103,version_27,4,stratified,10,44,112,112,0.8102460397708122,0.8122682844624198,0.6616110549376475,-0.15065722952477234
mi,103,version_27,4,stratified,10,45,112,112,0.8311425682507583,0.7896865520728009,0.7657566565554432,-0.02392989551735769
mi,103,version_27,4,stratified,10,46,112,112,0.8483316481294236,0.7863161442534546,0.6066734074823054,-0.17964273677114928
mi,103,version_27,4,stratified,50,42,92,92,0.7733134920634921,0.8385964912280701,0.8506265664160401,0.012030075187969946
mi,103,version_27,4,stratified,50,43,92,92,0.8462301587301587,0.8040100250626567,0.7799498746867167,-0.024060150375940004
mi,103,version_27,4,stratified,50,44,92,92,0.8392857142857143,0.8195488721804511,0.8210526315789474,0.0015037593984962294
mi,103,version_27,4,stratified,50,45,92,92,0.8288690476190477,0.8385964912280701,0.8305764411027569,-0.00802005012531326
mi,103,version_27,4,stratified,50,46,92,92,0.7822420634920635,0.8115288220551379,0.8085213032581454,-0.003007518796992459
mi,103,version_27,4,stratified,100,42,67,67,0.7607879924953096,0.8348968105065666,0.8527204502814258,0.017823639774859235
mi,103,version_27,4,stratified,100,43,67,67,0.924953095684803,0.7598499061913696,0.7636022514071295,0.0037523452157598447
mi,103,version_27,4,stratified,100,44,67,67,0.8330206378986867,0.7814258911819888,0.8358348968105066,0.054409005628517804
mi,103,version_27,4,stratified,100,45,67,67,0.7467166979362101,0.873358348968105,0.9024390243902439,0.02908067542213888
mi,103,version_27,4,stratified,100,46,67,67,0.9127579737335836,0.7786116322701688,0.8592870544090057,0.08067542213883683
mi,103,version_27,4,stratified,200,42,17,17,0.7714285714285714,0.8030303030303031,0.7727272727272727,-0.030303030303030387
mi,103,version_27,4,stratified,200,43,17,17,0.6571428571428571,0.9545454545454545,0.9393939393939393,-0.015151515151515138
mi,103,version_27,4,stratified,200,44,17,17,0.7142857142857142,0.8787878787878788,0.9242424242424242,0.045454545454545414
mi,103,version_27,4,stratified,200,45,17,17,0.7272727272727273,0.9571428571428572,0.9714285714285715,0.014285714285714346
mi,103,version_27,4,stratified,200,46,17,17,0.8181818181818181,0.7285714285714285,0.8428571428571429,0.11428571428571432
mi,103,version_27,8,stratified,10,42,112,112,0.7596899224806202,0.7627232895180316,0.6686889113582744,-0.09403437815975724
mi,103,version_27,8,stratified,10,43,112,112,0.773845635321874,0.7694641051567239,0.6595888102460398,-0.10987529491068415
mi,103,version_27,8,stratified,10,44,112,112,0.7374452308729357,0.7906976744186046,0.6353218739467476,-0.15537580047185706
mi,103,version_27,8,stratified,10,45,112,112,0.7751937984496124,0.760701044826424,0.6626221772834513,-0.09807886754297268
mi,103,version_27,8,stratified,10,46,112,112,0.8115942028985507,0.7357600269632625,0.6184698348500168,-0.11729019211324565
mi,103,version_27,8,stratified,50,42,92,92,0.7663690476190477,0.7428571428571429,0.7403508771929825,-0.0025062656641603454
mi,103,version_27,8,stratified,50,43,92,92,0.831845238095238,0.6977443609022557,0.7027568922305764,0.005012531328320691
mi,103,version_27,8,stratified,50,44,92,92,0.7633928571428572,0.7413533834586467,0.718796992481203,-0.022556390977443663
mi,103,version_27,8,stratified,50,45,92,92,0.7827380952380952,0.7864661654135338,0.8165413533834587,0.03007518796992492
mi,103,version_27,8,stratified,50,46,92,92,0.7346230158730158,0.8195488721804511,0.706766917293233,-0.1127819548872181
mi,103,version_27,8,stratified,100,42,67,67,0.8095684803001877,0.7523452157598499,0.7795497185741088,0.027204502814258902
mi,103,version_27,8,stratified,100,43,67,67,0.8367729831144465,0.6829268292682926,0.7298311444652908,0.046904315196998225
mi,103,version_27,8,stratified,100,44,67,67,0.7401500938086303,0.7213883677298312,0.7804878048780488,0.05909943714821764
mi,103,version_27,8,stratified,100,45,67,67,0.6519699812382739,0.8386491557223265,0.8236397748592871,-0.015009380863039379
mi,103,version_27,8,stratified,100,46,67,67,0.8442776735459662,0.7467166979362101,0.7288930581613509,-0.017823639774859235
mi,103,version_27,8,stratified,200,42,17,17,0.6714285714285715,0.9545454545454546,0.803030303030303,-0.1515151515151516
mi,103,version_27,8,stratified,200,43,17,17,0.657142857142857,0.7272727272727273,0.8181818181818182,0.09090909090909094
mi,103,version_27,8,stratified,200,44,17,17,0.8,0.8939393939393939,0.8787878787878788,-0.015151515151515138
mi,103,version_27,8,stratified,200,45,17,17,0.7727272727272727,0.8571428571428572,0.9142857142857143,0.05714285714285705
mi,103,version_27,8,stratified,200,46,17,17,0.8333333333333334,0.4571428571428571,0.6428571428571429,0.18571428571428583
mi,103,version_27,17,stratified,10,42,112,112,0.5898213683855746,0.6717222783956859,0.6852039096730704,0.013481631277384554
mi,103,version_27,17,stratified,10,43,112,112,0.649814627569936,0.6390293225480284,0.5544320862824401,-0.08459723626558824
mi,103,version_27,17,stratified,10,44,112,112,0.6494775867880013,0.6774519716885743,0.5813953488372093,-0.09605662285136496
mi,103,version_27,17,stratified,10,45,112,112,0.6798112571621167,0.6110549376474554,0.5888102460397708,-0.022244691607684608
mi,103,version_27,17,stratified,10,46,112,112,0.7300303336703741,0.5760026963262554,0.5898213683855746,0.013818672059319193
mi,103,version_27,17,stratified,50,42,92,92,0.5982142857142857,0.6491228070175439,0.7308270676691729,0.08170426065162906
mi,103,version_27,17,stratified,50,43,92,92,0.6790674603174602,0.5523809523809523,0.6255639097744361,0.0731829573934838
mi,103,version_27,17,stratified,50,44,92,92,0.6731150793650793,0.6451127819548872,0.46115288220551376,-0.18395989974937343
mi,103,version_27,17,stratified,50,45,92,92,0.5783730158730158,0.7283208020050126,0.718295739348371,-0.010025062656641603
mi,103,version_27,17,stratified,50,46,92,92,0.5669642857142857,0.7483709273182958,0.6506265664160401,-0.09774436090225569
mi,103,version_27,17,stratified,100,42,67,67,0.699812382739212,0.5337711069418386,0.6707317073170732,0.1369606003752346
mi,103,version_27,17,stratified,100,43,67,67,0.7270168855534709,0.5168855534709194,0.6153846153846154,0.09849906191369606
mi,103,version_27,17,stratified,100,44,67,67,0.6838649155722326,0.5656660412757974,0.5844277673545967,0.018761726078799223
mi,103,version_27,17,stratified,100,45,67,67,0.5225140712945591,0.6876172607879925,0.7401500938086304,0.05253283302063794
mi,103,version_27,17,stratified,100,46,67,67,0.7298311444652907,0.6632270168855535,0.6679174484052532,0.004690431519699723
mi,103,version_27,17,stratified,200,42,17,17,0.7142857142857143,0.8636363636363636,0.8636363636363636,0.0
mi,103,version_27,17,stratified,200,43,17,17,0.5428571428571429,0.6363636363636364,0.8787878787878787,0.24242424242424232
mi,103,version_27,17,stratified,200,44,17,17,0.7142857142857143,0.696969696969697,0.696969696969697,0.0
mi,103,version_27,17,stratified,200,45,17,17,0.5454545454545454,0.6428571428571429,0.7,0.05714285714285705
mi,103,version_27,17,stratified,200,46,17,17,0.5909090909090909,0.6285714285714286,0.7,0.0714285714285714
mi,103,version_28,0,stratified,10,42,112,112,0.855072463768116,0.8843950117964274,0.7880013481631277,-0.09639366363329971
mi,103,version_28,0,stratified,10,43,112,112,0.8685540950455005,0.8665318503538928,0.8277721604314122,-0.03875968992248058
mi,103,version_28,0,stratified,10,44,112,112,0.843613077182339,0.9066397034041118,0.7950792045837547,-0.11156049882035712
mi,103,version_28,0,stratified,10,45,112,112,0.8911358274351197,0.8517020559487697,0.7580047185709471,-0.0936973373778226
mi,103,version_28,0,stratified,10,46,112,112,0.8998988877654195,0.8638355240984159,0.5760026963262554,-0.28783282777216046
mi,103,version_28,0,stratified,50,42,92,92,0.8571428571428572,0.887218045112782,0.8466165413533835,-0.04060150375939853
mi,103,version_28,0,stratified,50,43,92,92,0.9017857142857143,0.8601503759398496,0.8220551378446115,-0.03809523809523807
mi,103,version_28,0,stratified,50,44,92,92,0.8635912698412698,0.869172932330827,0.8421052631578948,-0.02706766917293224
mi,103,version_28,0,stratified,50,45,92,92,0.9166666666666666,0.8636591478696742,0.850125313283208,-0.013533834586466287
mi,103,version_28,0,stratified,50,46,92,92,0.8541666666666666,0.8912280701754386,0.8471177944862155,-0.0441102756892231
mi,103,version_28,0,stratified,100,42,67,67,0.8893058161350844,0.9305816135084428,0.8996247654784241,-0.030956848030018747
mi,103,version_28,0,stratified,100,43,67,67,0.9296435272045029,0.8724202626641652,0.8377110694183865,-0.0347091932457787
mi,103,version_28,0,stratified,100,44,67,67,0.8649155722326454,0.8001876172607879,0.8292682926829269,0.02908067542213899
mi,103,version_28,0,stratified,100,45,67,67,0.8452157598499062,0.8874296435272045,0.9174484052532833,0.030018761726078758
mi,103,version_28,0,stratified,100,46,67,67,0.9540337711069418,0.8639774859287055,0.9108818011257036,0.046904315196998114
mi,103,version_28,0,stratified,200,42,17,17,0.9285714285714285,0.9848484848484849,0.9545454545454545,-0.030303030303030387
mi,103,version_28,0,stratified,200,43,17,17,0.9285714285714285,0.8939393939393939,0.9242424242424242,0.030303030303030276
mi,103,version_28,0,stratified,200,44,17,17,0.8857142857142857,0.9545454545454545,0.9393939393939393,-0.015151515151515138
mi,103,version_28,0,stratified,200,45,17,17,0.8939393939393939,0.8714285714285714,0.8857142857142857,0.014285714285714235
mi,103,version_28,0,stratified,200,46,17,17,0.9393939393939394,0.8428571428571429,0.8428571428571429,0.0
mi,103,version_28,2,stratified,10,42,112,112,0.8682170542635659,0.8766430738119313,0.7583417593528817,-0.11830131445904957
mi,103,version_28,2,stratified,10,43,112,112,0.8870913380519043,0.8570947084597236,0.8031681833501854,-0.053926525109538215
mi,103,version_28,2,stratified,10,44,112,112,0.8297944051230199,0.9174250084260195,0.80788675429727,-0.10953825412874951
mi,103,version_28,2,stratified,10,45,112,112,0.9140546006066734,0.8473205257836198,0.741489720256151,-0.10583080552746882
mi,103,version_28,2,stratified,10,46,112,112,0.9032692955847658,0.861139197842939,0.5874620829120323,-0.27367711493090674
mi,103,version_28,2,stratified,50,42,92,92,0.8462301587301587,0.8922305764411027,0.8551378446115288,-0.037092731829573955
mi,103,version_28,2,stratified,50,43,92,92,0.8973214285714286,0.8631578947368421,0.819047619047619,-0.0441102756892231
mi,103,version_28,2,stratified,50,44,92,92,0.8665674603174603,0.8641604010025062,0.8390977443609022,-0.02506265664160401
mi,103,version_28,2,stratified,50,45,92,92,0.9072420634920635,0.9007518796992482,0.8576441102756892,-0.043107769423558984
mi,103,version_28,2,stratified,50,46,92,92,0.8606150793650793,0.8857142857142857,0.8576441102756892,-0.028070175438596467
mi,103,version_28,2,stratified,100,42,67,67,0.8977485928705441,0.8996247654784241,0.9043151969981238,0.004690431519699723
mi,103,version_28,2,stratified,100,43,67,67,0.9343339587242026,0.8583489681050657,0.8311444652908068,-0.027204502814258902
mi,103,version_28,2,stratified,100,44,67,67,0.853658536585366,0.7936210131332082,0.8320825515947466,0.038461538461538436
mi,103,version_28,2,stratified,100,45,67,67,0.8339587242026267,0.9212007504690433,0.9296435272045028,0.008442776735459567
mi,103,version_28,2,stratified,100,46,67,67,0.9587242026266416,0.8724202626641651,0.9146341463414634,0.04221388367729839
mi,103,version_28,2,stratified,200,42,17,17,0.8714285714285714,0.9696969696969696,0.9545454545454545,-0.015151515151515138
mi,103,version_28,2,stratified,200,43,17,17,0.9571428571428572,0.9242424242424242,0.9090909090909091,-0.015151515151515138
mi,103,version_28,2,stratified,200,44,17,17,0.8285714285714286,0.9090909090909091,0.9545454545454545,0.045454545454545414
mi,103,version_28,2,stratified,200,45,17,17,0.7878787878787878,0.9571428571428571,0.9142857142857144,-0.042857142857142705
mi,103,version_28,2,stratified,200,46,17,17,0.9545454545454545,0.7571428571428571,0.8142857142857143,0.05714285714285716
mi,103,version_28,4,stratified,10,42,112,112,0.7792382878328278,0.8213683855746545,0.6848668688911358,-0.13650151668351873
mi,103,version_28,4,stratified,10,43,112,112,0.7792382878328278,0.8233906302662622,0.5979103471520053,-0.22548028311425694
mi,103,version_28,4,stratified,10,44,112,112,0.8062015503875969,0.7876643073811931,0.6612740141557127,-0.12639029322548034
mi,103,version_28,4,stratified,10,45,112,112,0.8220424671385238,0.7718233906302663,0.6528479946073474,-0.11897539602291884
mi,103,version_28,4,stratified,10,46,112,112,0.8517020559487698,0.7772160431412201,0.5129760701044827,-0.2642399730367374
mi,103,version_28,4,stratified,50,42,92,92,0.7857142857142857,0.831077694235589,0.8180451127819549,-0.013032581453634062
mi,103,version_28,4,stratified,50,43,92,92,0.8348214285714286,0.8566416040100251,0.6746867167919799,-0.1819548872180452
mi,103,version_28,4,stratified,50,44,92,92,0.7936507936507937,0.7919799498746867,0.7573934837092733,-0.03458646616541339
mi,103,version_28,4,stratified,50,45,92,92,0.7936507936507936,0.8075187969924812,0.7548872180451129,-0.05263157894736825
mi,103,version_28,4,stratified,50,46,92,92,0.7643849206349207,0.8466165413533835,0.7794486215538847,-0.06716791979949877
mi,103,version_28,4,stratified,100,42,67,67,0.7889305816135085,0.8076923076923077,0.8574108818011257,0.04971857410881797
mi,103,version_28,4,stratified,100,43,67,67,0.8808630393996248,0.849906191369606,0.7814258911819888,-0.0684803001876172
mi,103,version_28,4,stratified,100,44,67,67,0.7654784240150094,0.727954971857411,0.8151969981238274,0.08724202626641642
mi,103,version_28,4,stratified,100,45,67,67,0.7467166979362101,0.8273921200750469,0.8808630393996248,0.053470919324577926
mi,103,version_28,4,stratified,100,46,67,67,0.9090056285178236,0.7673545966228893,0.8433395872420263,0.075984990619137
mi,103,version_28,4,stratified,200,42,17,17,0.8285714285714285,0.8787878787878788,0.8333333333333334,-0.045454545454545414
mi,103,version_28,4,stratified,200,43,17,17,0.8571428571428572,0.9393939393939393,0.9545454545454545,0.015151515151515138
mi,103,version_28,4,stratified,200,44,17,17,0.5857142857142857,0.7121212121212122,0.8484848484848485,0.13636363636363635
mi,103,version_28,4,stratified,200,45,17,17,0.7727272727272727,0.9428571428571428,0.9857142857142858,0.04285714285714293
mi,103,version_28,4,stratified,200,46,17,17,0.8333333333333333,0.8428571428571429,0.9285714285714285,0.08571428571428563
mi,103,version_28,8,stratified,10,42,112,112,0.8264239973036738,0.8240647118301314,0.7489046174587124,-0.07516009437141902
mi,103,version_28,8,stratified,10,43,112,112,0.8196831816649814,0.8264239973036738,0.7189079878665319,-0.1075160094371419
mi,103,version_28,8,stratified,10,44,112,112,0.7701381867205932,0.8695652173913043,0.7263228850690934,-0.14324233232221095
mi,103,version_28,8,stratified,10,45,112,112,0.8311425682507583,0.8247387933940007,0.6579036063363667,-0.166835187057634
mi,103,version_28,8,stratified,10,46,112,112,0.8426019548365353,0.8240647118301315,0.6137512639029322,-0.2103134479271993
mi,103,version_28,8,stratified,50,42,92,92,0.8397817460317459,0.8230576441102757,0.7979949874686717,-0.02506265664160401
mi,103,version_28,8,stratified,50,43,92,92,0.8333333333333334,0.8260651629072682,0.7744360902255638,-0.05162907268170436
mi,103,version_28,8,stratified,50,44,92,92,0.7514880952380952,0.8245614035087719,0.8285714285714286,0.004010025062656686
mi,103,version_28,8,stratified,50,45,92,92,0.8536706349206349,0.8471177944862156,0.838095238095238,-0.009022556390977599
mi,103,version_28,8,stratified,50,46,92,92,0.785218253968254,0.8666666666666667,0.7954887218045114,-0.07117794486215534
mi,103,version_28,8,stratified,100,42,67,67,0.9099437148217636,0.800187617260788,0.8414634146341463,0.04127579737335829
mi,103,version_28,8,stratified,100,43,67,67,0.8911819887429644,0.8058161350844278,0.8198874296435272,0.01407129455909939
mi,103,version_28,8,stratified,100,44,67,67,0.7898686679174484,0.7279549718574109,0.7532833020637899,0.025328330206379035
mi,103,version_28,8,stratified,100,45,67,67,0.7607879924953096,0.8827392120075048,0.8658536585365855,-0.016885553470919357
mi,103,version_28,8,stratified,100,46,67,67,0.8686679174484052,0.8001876172607881,0.8011257035647279,0.0009380863039397669
mi,103,version_28,8,stratified,200,42,17,17,0.8,0.9696969696969696,0.8939393939393939,-0.07575757575757569
mi,103,version_28,8,stratified,200,43,17,17,0.8857142857142858,0.7878787878787878,0.803030303030303,0.015151515151515138
mi,103,version_28,8,stratified,200,44,17,17,0.8285714285714285,0.9393939393939394,0.9393939393939393,-1.1102230246251565e-16
mi,103,version_28,8,stratified,200,45,17,17,0.8484848484848484,0.7142857142857142,0.8285714285714286,0.11428571428571443
mi,103,version_28,8,stratified,200,46,17,17,0.9393939393939393,0.6428571428571429,0.6857142857142857,0.042857142857142816
mi,103,version_28,17,stratified,10,42,112,112,0.5530839231547018,0.5753286147623862,0.6302662622177283,0.05493764745534213
mi,103,version_28,17,stratified,10,43,112,112,0.5780249410178632,0.5797101449275363,0.544994944388271,-0.034715200539265245
mi,103,version_28,17,stratified,10,44,112,112,0.5692618806875631,0.5847657566565554,0.5288169868554096,-0.055948769801145826
mi,103,version_28,17,stratified,10,45,112,112,0.5918436130771824,0.5385911695315133,0.5824064711830131,0.04381530165149983
mi,103,version_28,17,stratified,10,46,112,112,0.5888102460397708,0.5645433097404786,0.4809571958206943,-0.08358611391978432
mi,103,version_28,17,stratified,50,42,92,92,0.5143849206349207,0.5919799498746867,0.7669172932330828,0.17493734335839606
mi,103,version_28,17,stratified,50,43,92,92,0.6324404761904762,0.5353383458646617,0.6636591478696742,0.1283208020050125
mi,103,version_28,17,stratified,50,44,92,92,0.5808531746031746,0.5779448621553884,0.5092731829573935,-0.06867167919799488
mi,103,version_28,17,stratified,50,45,92,92,0.49503968253968256,0.649624060150376,0.6927318295739348,0.04310776942355876
mi,103,version_28,17,stratified,50,46,92,92,0.5773809523809523,0.6511278195488721,0.5363408521303258,-0.11478696741854633
mi,103,version_28,17,stratified,100,42,67,67,0.5562851782363978,0.47842401500938087,0.7429643527204502,0.2645403377110694
mi,103,version_28,17,stratified,100,43,67,67,0.7054409005628518,0.4437148217636022,0.699812382739212,0.25609756097560976
mi,103,version_28,17,stratified,100,44,67,67,0.6285178236397749,0.4437148217636022,0.7166979362101313,0.2729831144465291
mi,103,version_28,17,stratified,100,45,67,67,0.4962476547842402,0.6200750469043151,0.6951219512195123,0.07504690431519712
mi,103,version_28,17,stratified,100,46,67,67,0.7120075046904315,0.5431519699812383,0.7373358348968105,0.19418386491557227
mi,103,version_28,17,stratified,200,42,17,17,0.6142857142857143,0.8181818181818182,0.7727272727272727,-0.045454545454545525
mi,103,version_28,17,stratified,200,43,17,17,0.5142857142857142,0.5303030303030303,0.8636363636363636,0.33333333333333337
mi,103,version_28,17,stratified,200,44,17,17,0.6000000000000001,0.4696969696969697,0.803030303030303,0.33333333333333326
mi,103,version_28,17,stratified,200,45,17,17,0.3787878787878788,0.6285714285714284,0.9428571428571428,0.3142857142857144
mi,103,version_28,17,stratified,200,46,17,17,0.6818181818181819,0.5,0.8285714285714285,0.3285714285714285
mi,103,version_29,0,stratified,10,42,112,112,0.8203572632288507,0.8581058308055275,0.839231547017189,-0.018874283788338442
mi,103,version_29,0,stratified,10,43,112,112,0.8597910347152006,0.8267610380856084,0.7553083923154701,-0.07145264577013832
mi,103,version_29,0,stratified,10,44,112,112,0.8402426693629929,0.8591169531513314,0.7408156386922818,-0.11830131445904957
mi,103,version_29,0,stratified,10,45,112,112,0.8601280754971352,0.839231547017189,0.7627232895180317,-0.07650825749915735
mi,103,version_29,0,stratified,10,46,112,112,0.8759689922480619,0.8274351196494776,0.7512639029322548,-0.07617121671722282
mi,103,version_29,0,stratified,50,42,92,92,0.8129960317460319,0.8631578947368421,0.8501253132832081,-0.013032581453634062
mi,103,version_29,0,stratified,50,43,92,92,0.8601190476190476,0.8325814536340853,0.7874686716791981,-0.045112781954887216
mi,103,version_29,0,stratified,50,44,92,92,0.8576388888888888,0.8175438596491228,0.8170426065162907,-0.0005012531328321135
mi,103,version_29,0,stratified,50,45,92,92,0.8888888888888888,0.8395989974937343,0.8601503759398497,0.02055137844611532
mi,103,version_29,0,stratified,50,46,92,92,0.8249007936507937,0.8591478696741855,0.8571428571428571,-0.002005012531328454
mi,103,version_29,0,stratified,100,42,67,67,0.8302063789868668,0.8864915572232646,0.8958724202626642,0.009380863039399667
mi,103,version_29,0,stratified,100,43,67,67,0.8986866791744841,0.7814258911819888,0.7476547842401501,-0.03377110694183871
mi,103,version_29,0,stratified,100,44,67,67,0.852720450281426,0.7589118198874296,0.7664165103189493,0.007504690431519689
mi,103,version_29,0,stratified,100,45,67,67,0.799249530956848,0.876172607879925,0.9071294559099438,0.030956848030018747
mi,103,version_29,0,stratified,100,46,67,67,0.8949343339587242,0.8367729831144466,0.8621013133208255,0.025328330206378924
mi,103,version_29,0,stratified,200,42,17,17,0.8999999999999999,0.9393939393939394,0.8333333333333333,-0.10606060606060619
mi,103,version_29,0,stratified,200,43,17,17,0.8571428571428572,0.9545454545454545,0.9696969696969696,0.015151515151515138
mi,103,version_29,0,stratified,200,44,17,17,0.8142857142857143,0.8787878787878787,0.8484848484848484,-0.030303030303030276
mi,103,version_29,0,stratified,200,45,17,17,0.8484848484848485,0.8,0.8142857142857143,0.014285714285714235
mi,103,version_29,0,stratified,200,46,17,17,0.8939393939393939,0.7142857142857143,0.8428571428571429,0.12857142857142856
mi,103,version_29,2,stratified,10,42,112,112,0.8018200202224469,0.835861139197843,0.775530839231547,-0.06033029996629602
mi,103,version_29,2,stratified,10,43,112,112,0.8473205257836198,0.8001348163127738,0.7377822716548702,-0.06235254465790363
mi,103,version_29,2,stratified,10,44,112,112,0.8099089989888777,0.8459723626558813,0.709133805190428,-0.13683855746545326
mi,103,version_29,2,stratified,10,45,112,112,0.8314796090326929,0.8297944051230199,0.7691270643747894,-0.06066734074823055
mi,103,version_29,2,stratified,10,46,112,112,0.8658577687900235,0.7967644084934277,0.707448601280755,-0.08931580721267263
mi,103,version_29,2,stratified,50,42,92,92,0.7728174603174603,0.8616541353383458,0.8260651629072682,-0.035588972431077615
mi,103,version_29,2,stratified,50,43,92,92,0.8432539682539683,0.8040100250626566,0.7383458646616542,-0.06566416040100242
mi,103,version_29,2,stratified,50,44,92,92,0.8273809523809523,0.8025062656641605,0.7949874686716792,-0.007518796992481258
mi,103,version_29,2,stratified,50,45,92,92,0.8353174603174603,0.86265664160401,0.8887218045112781,0.026065162907268125
mi,103,version_29,2,stratified,50,46,92,92,0.791170634920635,0.8456140350877193,0.8375939849624061,-0.00802005012531315
mi,103,version_29,2,stratified,100,42,67,67,0.8292682926829269,0.8273921200750468,0.8611632270168856,0.033771106941838824
mi,103,version_29,2,stratified,100,43,67,67,0.899624765478424,0.7232645403377111,0.7345215759849907,0.011257035647279534
mi,103,version_29,2,stratified,100,44,67,67,0.8442776735459663,0.7279549718574109,0.7514071294559099,0.023452157598499057
mi,103,version_29,2,stratified,100,45,67,67,0.7335834896810507,0.898686679174484,0.9174484052532834,0.018761726078799446
mi,103,version_29,2,stratified,100,46,67,67,0.8939962476547842,0.8273921200750469,0.852720450281426,0.025328330206379035
mi,103,version_29,2,stratified,200,42,17,17,0.8857142857142857,0.9090909090909091,0.7727272727272727,-0.13636363636363635
mi,103,version_29,2,stratified,200,43,17,17,0.8285714285714285,0.9393939393939394,1.0,0.06060606060606055
mi,103,version_29,2,stratified,200,44,17,17,0.7857142857142857,0.8484848484848484,0.8636363636363635,0.015151515151515138
mi,103,version_29,2,stratified,200,45,17,17,0.7424242424242424,0.8571428571428571,0.8428571428571429,-0.014285714285714235
mi,103,version_29,2,stratified,200,46,17,17,0.8484848484848484,0.7285714285714285,0.8571428571428571,0.12857142857142856
mi,103,version_29,4,stratified,10,42,112,112,0.7829457364341085,0.8456353218739469,0.78597910347152,-0.05965621840242685
mi,103,version_29,4,stratified,10,43,112,112,0.8018200202224469,0.8341759352881699,0.6397034041118976,-0.19447253117627228
mi,103,version_29,4,stratified,10,44,112,112,0.8112571621166161,0.8146275699359622,0.7175598247387933,-0.09706774519716888
mi,103,version_29,4,stratified,10,45,112,112,0.8176609369733737,0.8115942028985508,0.6905965621840243,-0.12099764071452646
mi,103,version_29,4,stratified,10,46,112,112,0.8722615436467813,0.7633973710819009,0.6521739130434783,-0.1112234580384226
mi,103,version_29,4,stratified,50,42,92,92,0.8055555555555556,0.8265664160401003,0.8230576441102757,-0.0035087719298245723
mi,103,version_29,4,stratified,50,43,92,92,0.8273809523809523,0.8370927318295739,0.7398496240601503,-0.09724310776942358
mi,103,version_29,4,stratified,50,44,92,92,0.8080357142857143,0.8070175438596491,0.7964912280701755,-0.010526315789473606
mi,103,version_29,4,stratified,50,45,92,92,0.8596230158730158,0.824561403508772,0.8150375939849624,-0.009523809523809601
mi,103,version_29,4,stratified,50,46,92,92,0.7390873015873016,0.8451127819548873,0.844110275689223,-0.001002506265664227
mi,103,version_29,4,stratified,100,42,67,67,0.7664165103189494,0.8639774859287055,0.8667917448405253,0.0028142589118198558
mi,103,version_29,4,stratified,100,43,67,67,0.8902439024390244,0.7945590994371482,0.7851782363977485,-0.009380863039399667
mi,103,version_29,4,stratified,100,44,67,67,0.800187617260788,0.7091932457786116,0.7898686679174485,0.08067542213883683
mi,103,version_29,4,stratified,100,45,67,67,0.8311444652908068,0.8508442776735459,0.8611632270168856,0.010318949343339767
mi,103,version_29,4,stratified,100,46,67,67,0.8677298311444653,0.7917448405253283,0.8442776735459663,0.05253283302063794
mi,103,version_29,4,stratified,200,42,17,17,0.8142857142857142,0.9090909090909091,0.8787878787878788,-0.030303030303030276
mi,103,version_29,4,stratified,200,43,17,17,0.8999999999999999,1.0,0.9545454545454545,-0.045454545454545525
mi,103,version_29,4,stratified,200,44,17,17,0.6142857142857142,0.7575757575757576,0.8484848484848485,0.09090909090909094
mi,103,version_29,4,stratified,200,45,17,17,0.8484848484848485,0.9285714285714286,0.9714285714285714,0.042857142857142816
mi,103,version_29,4,stratified,200,46,17,17,0.8636363636363635,0.7571428571428571,0.8857142857142857,0.12857142857142856
mi,103,version_29,8,stratified,10,42,112,112,0.8058645096056622,0.7731715537580048,0.6879002359285473,-0.08527131782945752
mi,103,version_29,8,stratified,10,43,112,112,0.8126053252443545,0.796427367711493,0.6798112571621165,-0.11661611054937648
mi,103,version_29,8,stratified,10,44,112,112,0.7569935962251433,0.8375463431075161,0.6370070778564206,-0.20053926525109544
mi,103,version_29,8,stratified,10,45,112,112,0.8102460397708122,0.7913717559824739,0.7269969666329625,-0.06437478934951135
mi,103,version_29,8,stratified,10,46,112,112,0.8338388945062353,0.7741826761038085,0.5918436130771824,-0.18233906302662617
mi,103,version_29,8,stratified,50,42,92,92,0.8035714285714286,0.7679197994987469,0.7508771929824561,-0.017042606516290748
mi,103,version_29,8,stratified,50,43,92,92,0.829861111111111,0.762406015037594,0.7132832080200502,-0.04912280701754379
mi,103,version_29,8,stratified,50,44,92,92,0.7465277777777778,0.7979949874686717,0.7488721804511279,-0.04912280701754379
mi,103,version_29,8,stratified,50,45,92,92,0.8447420634920635,0.8175438596491228,0.8426065162907268,0.02506265664160401
mi,103,version_29,8,stratified,50,46,92,92,0.791170634920635,0.7789473684210526,0.7037593984962406,-0.07518796992481203
mi,103,version_29,8,stratified,100,42,67,67,0.8696060037523452,0.7382739212007504,0.8067542213883677,0.0684803001876173
mi,103,version_29,8,stratified,100,43,67,67,0.876172607879925,0.7795497185741088,0.7973733583489682,0.017823639774859346
mi,103,version_29,8,stratified,100,44,67,67,0.7664165103189493,0.726078799249531,0.7101313320825516,-0.015947467166979368
mi,103,version_29,8,stratified,100,45,67,67,0.7523452157598499,0.8799249530956849,0.8545966228893058,-0.025328330206379035
mi,103,version_29,8,stratified,100,46,67,67,0.8489681050656661,0.7532833020637899,0.6838649155722326,-0.0694183864915573
mi,103,version_29,8,stratified,200,42,17,17,0.6714285714285715,0.7727272727272727,0.6818181818181819,-0.09090909090909083
mi,103,version_29,8,stratified,200,43,17,17,0.8714285714285713,0.8333333333333334,0.8181818181818182,-0.015151515151515138
mi,103,version_29,8,stratified,200,44,17,17,0.6714285714285715,0.8939393939393939,0.9242424242424243,0.030303030303030387
mi,103,version_29,8,stratified,200,45,17,17,0.7424242424242424,0.7857142857142856,0.8857142857142858,0.1000000000000002
mi,103,version_29,8,stratified,200,46,17,17,0.8787878787878788,0.6285714285714286,0.7,0.0714285714285714
mi,103,version_29,17,stratified,10,42,112,112,0.6198179979777554,0.6848668688911357,0.6949780923491742,0.010111223458038499
mi,103,version_29,17,stratified,10,43,112,112,0.7044152342433434,0.6228513650151668,0.6865520728008089,0.06370070778564207
mi,103,version_29,17,stratified,10,44,112,112,0.6943040107853049,0.6545331985170206,0.4907313784967981,-0.16380182002022253
mi,103,version_29,17,stratified,10,45,112,112,0.689922480620155,0.6447590158409168,0.6902595214020897,0.04550050556117291
mi,103,version_29,17,stratified,10,46,112,112,0.7681159420289854,0.5665655544320862,0.5267947421638017,-0.039770812268284494
mi,103,version_29,17,stratified,50,42,92,92,0.607638888888889,0.6526315789473685,0.761904761904762,0.10927318295739352
mi,103,version_29,17,stratified,50,43,92,92,0.7524801587301587,0.5709273182957394,0.6451127819548872,0.0741854636591478
mi,103,version_29,17,stratified,50,44,92,92,0.6919642857142857,0.6395989974937344,0.6035087719298246,-0.03609022556390984
mi,103,version_29,17,stratified,50,45,92,92,0.6155753968253967,0.7273182957393484,0.7533834586466165,0.026065162907268125
mi,103,version_29,17,stratified,50,46,92,92,0.6433531746031746,0.6967418546365916,0.6897243107769424,-0.007017543859649145
mi,103,version_29,17,stratified,100,42,67,67,0.646341463414634,0.5806754221388368,0.7673545966228894,0.18667917448405258
mi,103,version_29,17,stratified,100,43,67,67,0.7382739212007505,0.5093808630393996,0.6435272045028143,0.13414634146341475
mi,103,version_29,17,stratified,100,44,67,67,0.6951219512195121,0.5234521575984991,0.6594746716697936,0.1360225140712945
mi,103,version_29,17,stratified,100,45,67,67,0.5816135084427767,0.6679174484052532,0.7589118198874296,0.09099437148217637
mi,103,version_29,17,stratified,100,46,67,67,0.6651031894934334,0.6932457786116323,0.6923076923076923,-0.0009380863039399889
mi,103,version_29,17,stratified,200,42,17,17,0.7571428571428571,0.8484848484848484,0.7575757575757576,-0.09090909090909083
mi,103,version_29,17,stratified,200,43,17,17,0.48571428571428565,0.6969696969696969,0.8787878787878788,0.18181818181818188
mi,103,version_29,17,stratified,200,44,17,17,0.5142857142857142,0.6818181818181819,0.8333333333333334,0.1515151515151515
mi,103,version_29,17,stratified,200,45,17,17,0.5606060606060607,0.49999999999999994,0.8571428571428571,0.35714285714285715
mi,103,version_29,17,stratified,200,46,17,17,0.803030303030303,0.5142857142857143,0.8,0.2857142857142857
mi,103,version_30,0,stratified,10,42,112,112,0.8338388945062353,0.8790023592854734,0.826086956521739,-0.05291540276373441
mi,103,version_30,0,stratified,10,43,112,112,0.8560835861139198,0.8540613414223122,0.7576676777890125,-0.09639366363329971
mi,103,version_30,0,stratified,10,44,112,112,0.8314796090326929,0.9052915402763735,0.685540950455005,-0.21975058982136852
mi,103,version_30,0,stratified,10,45,112,112,0.8645096056622852,0.8624873609706775,0.779912369396697,-0.08257499157398052
mi,103,version_30,0,stratified,10,46,112,112,0.8820357263228851,0.8432760364004045,0.5935288169868553,-0.24974721941354916
mi,103,version_30,0,stratified,50,42,92,92,0.8323412698412699,0.8802005012531329,0.837593984962406,-0.04260651629072687
mi,103,version_30,0,stratified,50,43,92,92,0.8754960317460316,0.8531328320802005,0.831578947368421,-0.021553884711779547
mi,103,version_30,0,stratified,50,44,92,92,0.8695436507936508,0.8315789473684211,0.8035087719298246,-0.028070175438596467
mi,103,version_30,0,stratified,50,45,92,92,0.8839285714285715,0.8857142857142857,0.8511278195488723,-0.03458646616541339
mi,103,version_30,0,stratified,50,46,92,92,0.8030753968253969,0.8917293233082707,0.8536340852130326,-0.03809523809523807
mi,103,version_30,0,stratified,100,42,67,67,0.8771106941838649,0.8864915572232646,0.875234521575985,-0.011257035647279534
mi,103,version_30,0,stratified,100,43,67,67,0.924953095684803,0.8114446529080676,0.8086303939962477,-0.0028142589118198558
mi,103,version_30,0,stratified,100,44,67,67,0.848968105065666,0.7570356472795498,0.7795497185741088,0.022514071294559068
mi,103,version_30,0,stratified,100,45,67,67,0.8067542213883678,0.8939962476547841,0.9099437148217636,0.01594746716697948
mi,103,version_30,0,stratified,100,46,67,67,0.927767354596623,0.8039399624765479,0.8611632270168856,0.05722326454033777
mi,103,version_30,0,stratified,200,42,17,17,0.9142857142857143,0.8787878787878788,0.8181818181818181,-0.06060606060606066
mi,103,version_30,0,stratified,200,43,17,17,0.9428571428571428,0.9545454545454545,0.9242424242424242,-0.030303030303030276
mi,103,version_30,0,stratified,200,44,17,17,0.7857142857142857,0.9090909090909092,0.8939393939393939,-0.015151515151515249
mi,103,version_30,0,stratified,200,45,17,17,0.9545454545454546,0.7571428571428571,0.8285714285714285,0.0714285714285714
mi,103,version_30,0,stratified,200,46,17,17,0.9242424242424242,0.7857142857142857,0.7857142857142858,1.1102230246251565e-16
mi,103,version_30,2,stratified,10,42,112,112,0.8011459386585776,0.847994607347489,0.7853050219076508,-0.06268958543983816
mi,103,version_30,2,stratified,10,43,112,112,0.8459723626558814,0.805190428041793,0.6804853387259858,-0.12470508931580715
mi,103,version_30,2,stratified,10,44,112,112,0.8068756319514662,0.8591169531513313,0.664644421975059,-0.19447253117627228
mi,103,version_30,2,stratified,10,45,112,112,0.8399056285810582,0.8277721604314122,0.7357600269632625,-0.09201213346814974
mi,103,version_30,2,stratified,10,46,112,112,0.8712504213009774,0.7869902258173238,0.6599258510279744,-0.1270643747893494
mi,103,version_30,2,stratified,50,42,92,92,0.7981150793650794,0.8486215538847118,0.8025062656641604,-0.04611528822055144
mi,103,version_30,2,stratified,50,43,92,92,0.873015873015873,0.8035087719298246,0.7884711779448622,-0.015037593984962405
mi,103,version_30,2,stratified,50,44,92,92,0.847718253968254,0.7929824561403509,0.7714285714285714,-0.021553884711779547
mi,103,version_30,2,stratified,50,45,92,92,0.8427579365079365,0.8546365914786967,0.8481203007518797,-0.006516290726817031
mi,103,version_30,2,stratified,50,46,92,92,0.7941468253968254,0.8421052631578947,0.8280701754385965,-0.014035087719298178
mi,103,version_30,2,stratified,100,42,67,67,0.8461538461538463,0.8348968105065666,0.8424015009380863,0.007504690431519689
mi,103,version_30,2,stratified,100,43,67,67,0.9136960600375235,0.7448405253283302,0.7551594746716698,0.010318949343339545
mi,103,version_30,2,stratified,100,44,67,67,0.8180112570356473,0.7054409005628518,0.7420262664165104,0.03658536585365857
mi,103,version_30,2,stratified,100,45,67,67,0.7467166979362101,0.8911819887429643,0.8864915572232646,-0.004690431519699723
mi,103,version_30,2,stratified,100,46,67,67,0.9108818011257035,0.7926829268292683,0.8320825515947466,0.039399624765478314
mi,103,version_30,2,stratified,200,42,17,17,0.8428571428571429,0.8636363636363636,0.8636363636363635,-1.1102230246251565e-16
mi,103,version_30,2,stratified,200,43,17,17,0.9,0.9393939393939393,0.9242424242424242,-0.015151515151515138
mi,103,version_30,2,stratified,200,44,17,17,0.7857142857142857,0.8787878787878788,0.8939393939393939,0.015151515151515138
mi,103,version_30,2,stratified,200,45,17,17,0.8181818181818181,0.8285714285714285,0.8428571428571427,0.014285714285714235
mi,103,version_30,2,stratified,200,46,17,17,0.8939393939393939,0.7,0.7142857142857143,0.014285714285714346
mi,103,version_30,4,stratified,10,42,112,112,0.7738456353218739,0.7856420626895854,0.7664307381193125,-0.01921132457027286
mi,103,version_30,4,stratified,10,43,112,112,0.7566565554432086,0.8230535894843276,0.5658914728682171,-0.25716211661611055
mi,103,version_30,4,stratified,10,44,112,112,0.7499157398045163,0.8062015503875969,0.7360970677451971,-0.07010448264239977
mi,103,version_30,4,stratified,10,45,112,112,0.7826086956521738,0.7782271654870239,0.6959892146949781,-0.08223795079204577
mi,103,version_30,4,stratified,10,46,112,112,0.8213683855746545,0.7671048196831817,0.4546680148297944,-0.31243680485338726
mi,103,version_30,4,stratified,50,42,92,92,0.7604166666666666,0.8155388471177945,0.8160401002506266,0.0005012531328321135
mi,103,version_30,4,stratified,50,43,92,92,0.8149801587301587,0.8210526315789474,0.7889724310776942,-0.03208020050125315
mi,103,version_30,4,stratified,50,44,92,92,0.7926587301587302,0.7909774436090226,0.7989974937343358,0.00802005012531326
mi,103,version_30,4,stratified,50,45,92,92,0.7822420634920635,0.8320802005012531,0.8566416040100251,0.024561403508772006
mi,103,version_30,4,stratified,50,46,92,92,0.7197420634920635,0.8270676691729324,0.8385964912280701,0.011528822055137722
mi,103,version_30,4,stratified,100,42,67,67,0.774859287054409,0.8030018761726079,0.8255159474671669,0.022514071294559068
mi,103,version_30,4,stratified,100,43,67,67,0.8658536585365852,0.8058161350844277,0.8386491557223265,0.032833020637898724
mi,103,version_30,4,stratified,100,44,67,67,0.8208255159474672,0.6904315196998124,0.7936210131332082,0.10318949343339578
mi,103,version_30,4,stratified,100,45,67,67,0.7439024390243902,0.8583489681050657,0.8883677298311445,0.03001876172607887
mi,103,version_30,4,stratified,100,46,67,67,0.8827392120075047,0.6894934333958724,0.802063789868668,0.11257035647279556
mi,103,version_30,4,stratified,200,42,17,17,0.8,0.7575757575757576,0.7424242424242424,-0.015151515151515138
mi,103,version_30,4,stratified,200,43,17,17,0.7571428571428571,0.9545454545454546,0.9090909090909091,-0.045454545454545525
mi,103,version_30,4,stratified,200,44,17,17,0.6285714285714286,0.8181818181818182,0.8333333333333333,0.015151515151515027
mi,103,version_30,4,stratified,200,45,17,17,0.7727272727272727,1.0,0.8999999999999999,-0.10000000000000009
mi,103,version_30,4,stratified,200,46,17,17,0.8181818181818181,0.7999999999999999,0.9428571428571428,0.1428571428571429
mi,103,version_30,8,stratified,10,42,112,112,0.7637344118638355,0.7647455342096394,0.735422986181328,-0.029322548028311468
mi,103,version_30,8,stratified,10,43,112,112,0.7778901247050893,0.7529491068419278,0.6107178968655208,-0.14223120997640704
mi,103,version_30,8,stratified,10,44,112,112,0.6879002359285473,0.8179979777553084,0.6740815638692281,-0.14391641388608023
mi,103,version_30,8,stratified,10,45,112,112,0.7323896191439163,0.7920458375463431,0.6976744186046512,-0.09437141894169188
mi,103,version_30,8,stratified,10,46,112,112,0.7735085945399394,0.7610380856083586,0.5813953488372092,-0.1796427367711494
mi,103,version_30,8,stratified,50,42,92,92,0.7956349206349207,0.7278195488721805,0.7383458646616542,0.010526315789473717
mi,103,version_30,8,stratified,50,43,92,92,0.804563492063492,0.73734335839599,0.7398496240601504,0.0025062656641604564
mi,103,version_30,8,stratified,50,44,92,92,0.6999007936507936,0.7538847117794486,0.780952380952381,0.02706766917293235
mi,103,version_30,8,stratified,50,45,92,92,0.7663690476190477,0.8150375939849623,0.8100250626566416,-0.005012531328320691
mi,103,version_30,8,stratified,50,46,92,92,0.7301587301587302,0.7659147869674185,0.7634085213032582,-0.0025062656641603454
mi,103,version_30,8,stratified,100,42,67,67,0.8686679174484053,0.7101313320825515,0.8348968105065666,0.12476547842401509
mi,103,version_30,8,stratified,100,43,67,67,0.8358348968105066,0.7204502814258912,0.7889305816135085,0.0684803001876173
mi,103,version_30,8,stratified,100,44,67,67,0.7195121951219512,0.6801125703564728,0.7532833020637898,0.07317073170731703
mi,103,version_30,8,stratified,100,45,67,67,0.6894934333958724,0.8424015009380863,0.8105065666041276,-0.031894934333958735
mi,103,version_30,8,stratified,100,46,67,67,0.8114446529080676,0.7082551594746717,0.7636022514071295,0.05534709193245779
mi,103,version_30,8,stratified,200,42,17,17,0.6714285714285715,0.803030303030303,0.7272727272727273,-0.07575757575757569
mi,103,version_30,8,stratified,200,43,17,17,0.9,0.6818181818181819,0.7575757575757576,0.07575757575757569
mi,103,version_30,8,stratified,200,44,17,17,0.7571428571428571,0.8636363636363635,0.9090909090909091,0.045454545454545525
mi,103,version_30,8,stratified,200,45,17,17,0.8484848484848484,0.6714285714285715,0.7571428571428571,0.08571428571428563
mi,103,version_30,8,stratified,200,46,17,17,0.8484848484848484,0.5285714285714285,0.6714285714285714,0.1428571428571429
mi,103,version_30,17,stratified,10,42,112,112,0.6582406471183013,0.61139197842939,0.6949780923491743,0.08358611391978432
mi,103,version_30,17,stratified,10,43,112,112,0.6464442197505899,0.6511627906976744,0.5803842264914054,-0.07077856420626893
mi,103,version_30,17,stratified,10,44,112,112,0.6359959555106167,0.6713852376137512,0.48230535894843274,-0.1890798786653185
mi,103,version_30,17,stratified,10,45,112,112,0.673407482305359,0.6147623862487361,0.5915065722952477,-0.023255813953488413
mi,103,version_30,17,stratified,10,46,112,112,0.6976744186046512,0.5945399393326593,0.5075834175935288,-0.08695652173913049
mi,103,version_30,17,stratified,50,42,92,92,0.6096230158730159,0.6576441102756891,0.7243107769423558,0.06666666666666665
mi,103,version_30,17,stratified,50,43,92,92,0.7321428571428572,0.5729323308270676,0.6802005012531329,0.10726817042606529
mi,103,version_30,17,stratified,50,44,92,92,0.670138888888889,0.6110275689223057,0.4791979949874687,-0.13182957393483702
mi,103,version_30,17,stratified,50,45,92,92,0.6299603174603174,0.7167919799498748,0.7087719298245615,-0.00802005012531326
mi,103,version_30,17,stratified,50,46,92,92,0.6686507936507936,0.6761904761904762,0.5944862155388471,-0.08170426065162917
mi,103,version_30,17,stratified,100,42,67,67,0.7129455909943715,0.5459662288930581,0.6801125703564728,0.13414634146341464
mi,103,version_30,17,stratified,100,43,67,67,0.7063789868667918,0.5206378986866791,0.7091932457786116,0.18855534709193256
mi,103,version_30,17,stratified,100,44,67,67,0.6500938086303939,0.4831144465290807,0.5872420262664165,0.10412757973733583
mi,103,version_30,17,stratified,100,45,67,67,0.5712945590994372,0.7345215759849906,0.7457786116322702,0.011257035647279645
mi,103,version_30,17,stratified,100,46,67,67,0.7786116322701689,0.5731707317073171,0.6979362101313322,0.12476547842401509
mi,103,version_30,17,stratified,200,42,17,17,0.7714285714285715,0.7727272727272728,0.8333333333333334,0.06060606060606055
mi,103,version_30,17,stratified,200,43,17,17,0.5428571428571429,0.6818181818181819,0.696969696969697,0.015151515151515138
mi,103,version_30,17,stratified,200,44,17,17,0.7285714285714285,0.5,0.7424242424242424,0.24242424242424243
mi,103,version_30,17,stratified,200,45,17,17,0.5606060606060606,0.7142857142857143,0.8857142857142857,0.17142857142857137
mi,103,version_30,17,stratified,200,46,17,17,0.7878787878787878,0.5142857142857142,0.7857142857142858,0.2714285714285716
mi,103,version_41,0,stratified,10,42,112,112,0.7822716548702393,0.8628244017526121,0.7940680822379508,-0.06875631951466132
mi,103,version_41,0,stratified,10,43,112,112,0.834850016852039,0.8105830805527469,0.775530839231547,-0.035052241321199884
mi,103,version_41,0,stratified,10,44,112,112,0.8338388945062353,0.8368722615436468,0.6949780923491742,-0.14189416919447262
mi,103,version_41,0,stratified,10,45,112,112,0.828783282777216,0.8341759352881698,0.7077856420626896,-0.12639029322548023
mi,103,version_41,0,stratified,10,46,112,112,0.8574317492416581,0.8014829794405124,0.7017189079878665,-0.09976407145264587
mi,103,version_41,0,stratified,50,42,92,92,0.8070436507936507,0.8360902255639099,0.8426065162907269,0.006516290726817031
mi,103,version_41,0,stratified,50,43,92,92,0.8407738095238094,0.8070175438596492,0.8205513784461153,0.013533834586466065
mi,103,version_41,0,stratified,50,44,92,92,0.8412698412698413,0.7824561403508772,0.8175438596491228,0.03508771929824561
mi,103,version_41,0,stratified,50,45,92,92,0.8531746031746031,0.8486215538847118,0.8761904761904762,0.027568922305764354
mi,103,version_41,0,stratified,50,46,92,92,0.78125,0.8265664160401003,0.8240601503759398,-0.0025062656641604564
mi,103,version_41,0,stratified,100,42,67,67,0.8377110694183865,0.8667917448405253,0.8677298311444652,0.0009380863039398779
mi,103,version_41,0,stratified,100,43,67,67,0.8827392120075047,0.7467166979362101,0.7851782363977485,0.038461538461538436
mi,103,version_41,0,stratified,100,44,67,67,0.7879924953095684,0.7335834896810506,0.7842401500938085,0.05065666041275796
mi,103,version_41,0,stratified,100,45,67,67,0.8039399624765479,0.8649155722326455,0.8968105065666041,0.031894934333958624
mi,103,version_41,0,stratified,100,46,67,67,0.8996247654784241,0.7617260787992496,0.8545966228893058,0.09287054409005624
mi,103,version_41,0,stratified,200,42,17,17,0.8428571428571429,0.9545454545454546,0.8636363636363635,-0.09090909090909105
mi,103,version_41,0,stratified,200,43,17,17,0.8,0.9393939393939393,0.9696969696969697,0.030303030303030387
mi,103,version_41,0,stratified,200,44,17,17,0.7571428571428571,0.8939393939393939,0.9090909090909091,0.015151515151515138
mi,103,version_41,0,stratified,200,45,17,17,0.8181818181818181,0.8,0.8285714285714285,0.02857142857142847
mi,103,version_41,0,stratified,200,46,17,17,0.8939393939393939,0.5142857142857142,0.7428571428571429,0.22857142857142865
mi,103,version_41,2,stratified,10,42,112,112,0.7785642062689585,0.8456353218739467,0.7286821705426356,-0.11695315133131112
mi,103,version_41,2,stratified,10,43,112,112,0.8254128749578699,0.79912369396697,0.7081226828446242,-0.09100101112234582
mi,103,version_41,2,stratified,10,44,112,112,0.8024941017863162,0.8254128749578699,0.720593191776205,-0.1048196831816649
mi,103,version_41,2,stratified,10,45,112,112,0.8213683855746545,0.8186720593191775,0.685540950455005,-0.13313110886417256
mi,103,version_41,2,stratified,10,46,112,112,0.8405797101449276,0.7893495112908662,0.7313784967981125,-0.05797101449275366
mi,103,version_41,2,stratified,50,42,92,92,0.78125,0.8365914786967419,0.800501253132832,-0.03609022556390984
mi,103,version_41,2,stratified,50,43,92,92,0.8521825396825397,0.7964912280701755,0.838095238095238,0.04160401002506253
mi,103,version_41,2,stratified,50,44,92,92,0.8263888888888888,0.7644110275689223,0.8270676691729323,0.06265664160400997
mi,103,version_41,2,stratified,50,45,92,92,0.8298611111111112,0.856140350877193,0.8746867167919801,0.01854636591478709
mi,103,version_41,2,stratified,50,46,92,92,0.7698412698412698,0.8180451127819549,0.8230576441102757,0.005012531328320802
mi,103,version_41,2,stratified,100,42,67,67,0.8358348968105066,0.8180112570356473,0.8789868667917449,0.060975609756097615
mi,103,version_41,2,stratified,100,43,67,67,0.9127579737335836,0.7270168855534709,0.8076923076923078,0.08067542213883694
mi,103,version_41,2,stratified,100,44,67,67,0.7570356472795496,0.7270168855534709,0.7833020637898687,0.05628517823639778
mi,103,version_41,2,stratified,100,45,67,67,0.7317073170731708,0.8921200750469044,0.9136960600375235,0.02157598499061908
mi,103,version_41,2,stratified,100,46,67,67,0.8958724202626642,0.7514071294559099,0.8386491557223266,0.08724202626641664
mi,103,version_41,2,stratified,200,42,17,17,0.7857142857142857,0.9696969696969696,0.8787878787878788,-0.09090909090909083
mi,103,version_41,2,stratified,200,43,17,17,0.8142857142857143,0.9545454545454545,0.9393939393939393,-0.015151515151515138
mi,103,version_41,2,stratified,200,44,17,17,0.7142857142857143,0.9090909090909092,0.9090909090909091,-1.1102230246251565e-16
mi,103,version_41,2,stratified,200,45,17,17,0.6515151515151515,0.8714285714285714,0.8428571428571429,-0.02857142857142858
mi,103,version_41,2,stratified,200,46,17,17,0.8939393939393939,0.4857142857142857,0.6857142857142858,0.20000000000000012
mi,103,version_41,4,stratified,10,42,112,112,0.7529491068419278,0.7772160431412201,0.7185709470845972,-0.058645096056622825
mi,103,version_41,4,stratified,10,43,112,112,0.7189079878665319,0.8159757330637007,0.7394674755645434,-0.07650825749915735
mi,103,version_41,4,stratified,10,44,112,112,0.7711493090663971,0.7775530839231547,0.6798112571621167,-0.09774182676103804
mi,103,version_41,4,stratified,10,45,112,112,0.7691270643747894,0.7856420626895855,0.651499831479609,-0.13414223120997648
mi,103,version_41,4,stratified,10,46,112,112,0.8574317492416582,0.7172227839568588,0.5062352544657904,-0.21098752949106836
mi,103,version_41,4,stratified,50,42,92,92,0.7485119047619048,0.7964912280701755,0.8471177944862156,0.05062656641604013
mi,103,version_41,4,stratified,50,43,92,92,0.7891865079365079,0.7769423558897243,0.8225563909774436,0.04561403508771933
mi,103,version_41,4,stratified,50,44,92,92,0.7901785714285714,0.7573934837092732,0.8701754385964913,0.1127819548872181
mi,103,version_41,4,stratified,50,45,92,92,0.7896825396825398,0.8295739348370927,0.8751879699248121,0.04561403508771933
mi,103,version_41,4,stratified,50,46,92,92,0.7123015873015872,0.7984962406015037,0.8621553884711779,0.06365914786967419
mi,103,version_41,4,stratified,100,42,67,67,0.7692307692307692,0.7729831144465291,0.8536585365853658,0.08067542213883672
mi,103,version_41,4,stratified,100,43,67,67,0.8555347091932457,0.7692307692307693,0.8602251407129455,0.09099437148217626
mi,103,version_41,4,stratified,100,44,67,67,0.7392120075046904,0.7129455909943715,0.8630393996247656,0.15009380863039412
mi,103,version_41,4,stratified,100,45,67,67,0.7682926829268293,0.8105065666041276,0.9090056285178236,0.09849906191369606
mi,103,version_41,4,stratified,100,46,67,67,0.852720450281426,0.6951219512195121,0.8621013133208255,0.16697936210131337
mi,103,version_41,4,stratified,200,42,17,17,0.7142857142857143,0.7727272727272727,0.8333333333333333,0.06060606060606055
mi,103,version_41,4,stratified,200,43,17,17,0.8285714285714286,0.9242424242424242,1.0,0.0757575757575758
mi,103,version_41,4,stratified,200,44,17,17,0.5714285714285714,0.7727272727272727,0.8484848484848485,0.0757575757575758
mi,103,version_41,4,stratified,200,45,17,17,0.6818181818181818,0.9714285714285714,1.0,0.02857142857142858
mi,103,version_41,4,stratified,200,46,17,17,0.7878787878787878,0.6285714285714286,0.9285714285714286,0.30000000000000004
mi,103,version_41,8,stratified,10,42,112,112,0.6879002359285473,0.7300303336703741,0.613077182339063,-0.11695315133131101
mi,103,version_41,8,stratified,10,43,112,112,0.7428378833838895,0.6956521739130435,0.5426356589147288,-0.1530165149983147
mi,103,version_41,8,stratified,10,44,112,112,0.6798112571621167,0.7280080889787665,0.579036063363667,-0.14897202561509948
mi,103,version_41,8,stratified,10,45,112,112,0.7246376811594204,0.7212672733400742,0.562521065048871,-0.15874620829120323
mi,103,version_41,8,stratified,10,46,112,112,0.723963599595551,0.7010448264239972,0.5658914728682171,-0.13515335355578018
mi,103,version_41,8,stratified,50,42,92,92,0.7093253968253969,0.6902255639097745,0.6997493734335839,0.009523809523809379
mi,103,version_41,8,stratified,50,43,92,92,0.798611111111111,0.6611528822055138,0.7072681704260652,0.04611528822055133
mi,103,version_41,8,stratified,50,44,92,92,0.6919642857142857,0.6526315789473683,0.7298245614035088,0.07719298245614048
mi,103,version_41,8,stratified,50,45,92,92,0.7604166666666666,0.725814536340852,0.7754385964912281,0.049624060150376126
mi,103,version_41,8,stratified,50,46,92,92,0.6646825396825398,0.7358395989974937,0.7042606516290726,-0.03157894736842115
mi,103,version_41,8,stratified,100,42,67,67,0.7889305816135085,0.6726078799249531,0.7542213883677299,0.08161350844277682
mi,103,version_41,8,stratified,100,43,67,67,0.8123827392120074,0.6275797373358349,0.726078799249531,0.09849906191369606
mi,103,version_41,8,stratified,100,44,67,67,0.6341463414634148,0.6069418386491557,0.6660412757973734,0.05909943714821764
mi,103,version_41,8,stratified,100,45,67,67,0.650093808630394,0.7879924953095685,0.7842401500938087,-0.0037523452157598447
mi,103,version_41,8,stratified,100,46,67,67,0.7551594746716699,0.6575984990619137,0.6716697936210132,0.014071294559099501
mi,103,version_41,8,stratified,200,42,17,17,0.5857142857142857,0.8484848484848485,0.8484848484848484,-1.1102230246251565e-16
mi,103,version_41,8,stratified,200,43,17,17,0.7142857142857143,0.6212121212121212,0.7575757575757576,0.13636363636363635
mi,103,version_41,8,stratified,200,44,17,17,0.44285714285714284,0.9242424242424242,0.9393939393939394,0.015151515151515249
mi,103,version_41,8,stratified,200,45,17,17,0.6515151515151515,0.7142857142857143,0.7857142857142857,0.0714285714285714
mi,103,version_41,8,stratified,200,46,17,17,0.8181818181818181,0.2857142857142857,0.6857142857142857,0.4
mi,103,version_41,17,stratified,10,42,112,112,0.6949780923491743,0.6680148297944051,0.7175598247387933,0.04954499494438824
mi,103,version_41,17,stratified,10,43,112,112,0.7269969666329626,0.6572295247724975,0.6717222783956859,0.01449275362318836
mi,103,version_41,17,stratified,10,44,112,112,0.7165487023929895,0.7003707448601281,0.4061341422312099,-0.29423660262891815
mi,103,version_41,17,stratified,10,45,112,112,0.7050893158072127,0.6761038085608359,0.7125042130097742,0.03640040444893833
mi,103,version_41,17,stratified,10,46,112,112,0.7782271654870239,0.6393663633299629,0.5099427030670711,-0.12942366026289176
mi,103,version_41,17,stratified,50,42,92,92,0.6850198412698413,0.681203007518797,0.7468671679197995,0.06566416040100242
mi,103,version_41,17,stratified,50,43,92,92,0.7777777777777778,0.5914786967418546,0.6395989974937343,0.048120300751879674
mi,103,version_41,17,stratified,50,44,92,92,0.7346230158730158,0.7092731829573935,0.5944862155388471,-0.11478696741854644
mi,103,version_41,17,stratified,50,45,92,92,0.6949404761904763,0.7463659147869673,0.7077694235588973,-0.03859649122807007
mi,103,version_41,17,stratified,50,46,92,92,0.7008928571428572,0.731328320802005,0.643609022556391,-0.08771929824561409
mi,103,version_41,17,stratified,100,42,67,67,0.6969981238273921,0.6416510318949343,0.7288930581613509,0.08724202626641653
mi,103,version_41,17,stratified,100,43,67,67,0.7720450281425891,0.5919324577861164,0.6857410881801126,0.09380863039399623
mi,103,version_41,17,stratified,100,44,67,67,0.7382739212007505,0.6219512195121951,0.6726078799249532,0.05065666041275807
mi,103,version_41,17,stratified,100,45,67,67,0.6303939962476548,0.722326454033771,0.7382739212007505,0.01594746716697948
mi,103,version_41,17,stratified,100,46,67,67,0.775797373358349,0.7138836772983114,0.7307692307692307,0.016885553470919357
mi,103,version_41,17,stratified,200,42,17,17,0.7571428571428571,0.803030303030303,0.7878787878787878,-0.015151515151515138
mi,103,version_41,17,stratified,200,43,17,17,0.5857142857142857,0.696969696969697,0.7424242424242424,0.045454545454545414
mi,103,version_41,17,stratified,200,44,17,17,0.6428571428571428,0.6969696969696969,0.8181818181818181,0.12121212121212122
mi,103,version_41,17,stratified,200,45,17,17,0.6060606060606061,0.6285714285714286,0.8428571428571429,0.2142857142857143
mi,103,version_41,17,stratified,200,46,17,17,0.8333333333333333,0.5999999999999999,0.7142857142857143,0.11428571428571443
mi,104,version_27,0,stratified,10,42,110,110,0.9068627450980392,0.9086134453781513,0.751750700280112,-0.1568627450980392
mi,104,version_27,0,stratified,10,43,110,110,0.8707983193277311,0.9226190476190477,0.8277310924369747,-0.09488795518207294
mi,104,version_27,0,stratified,10,44,110,110,0.913515406162465,0.8781512605042017,0.7944677871148459,-0.08368347338935578
mi,104,version_27,0,stratified,10,45,110,110,0.9065126050420168,0.8851540616246498,0.7566526610644257,-0.12850140056022408
mi,104,version_27,0,stratified,10,46,110,110,0.9107142857142857,0.8974089635854341,0.7727591036414566,-0.12464985994397748
mi,104,version_27,0,stratified,50,42,90,90,0.8935064935064936,0.9096638655462185,0.8865546218487395,-0.02310924369747902
mi,104,version_27,0,stratified,50,43,90,90,0.9309090909090909,0.8781512605042017,0.865546218487395,-0.012605042016806678
mi,104,version_27,0,stratified,50,44,90,90,0.9007792207792208,0.9180672268907563,0.9038865546218487,-0.014180672268907513
mi,104,version_27,0,stratified,50,45,90,90,0.9028361344537815,0.905974025974026,0.8836363636363637,-0.022337662337662323
mi,104,version_27,0,stratified,50,46,90,90,0.9254201680672269,0.918961038961039,0.9137662337662338,-0.0051948051948051965
mi,104,version_27,0,stratified,100,42,65,65,0.903,0.929,0.8640000000000001,-0.06499999999999995
mi,104,version_27,0,stratified,100,43,65,65,0.889,0.928,0.897,-0.031000000000000028
mi,104,version_27,0,stratified,100,44,65,65,0.907,0.91,0.9079999999999999,-0.002000000000000113
mi,104,version_27,0,stratified,100,45,65,65,0.871,0.939,0.925,-0.013999999999999901
mi,104,version_27,0,stratified,100,46,65,65,0.9770000000000001,0.873,0.887,0.014000000000000012
mi,104,version_27,0,stratified,200,42,15,15,0.925925925925926,0.98,0.9,-0.07999999999999996
mi,104,version_27,0,stratified,200,43,15,15,0.7037037037037037,1.0,0.98,-0.020000000000000018
mi,104,version_27,0,stratified,200,44,15,15,0.8703703703703703,0.7,0.74,0.040000000000000036
mi,104,version_27,0,stratified,200,45,15,15,0.96,0.9259259259259259,0.9259259259259259,0.0
mi,104,version_27,0,stratified,200,46,15,15,0.94,0.7592592592592593,0.8148148148148148,0.05555555555555547
mi,104,version_27,2,stratified,10,42,110,110,0.9016106442577031,0.8991596638655462,0.6715686274509804,-0.2275910364145658
mi,104,version_27,2,stratified,10,43,110,110,0.84593837535014,0.915266106442577,0.8340336134453781,-0.08123249299719892
mi,104,version_27,2,stratified,10,44,110,110,0.8928571428571428,0.8697478991596639,0.7689075630252101,-0.10084033613445376
mi,104,version_27,2,stratified,10,45,110,110,0.892156862745098,0.8742997198879551,0.7013305322128851,-0.17296918767506997
mi,104,version_27,2,stratified,10,46,110,110,0.896358543417367,0.8876050420168067,0.7678571428571428,-0.11974789915966388
mi,104,version_27,2,stratified,50,42,90,90,0.8701298701298701,0.9096638655462185,0.8634453781512605,-0.04621848739495793
mi,104,version_27,2,stratified,50,43,90,90,0.921038961038961,0.8623949579831933,0.8471638655462185,-0.015231092436974847
mi,104,version_27,2,stratified,50,44,90,90,0.8961038961038961,0.9206932773109243,0.900735294117647,-0.01995798319327735
mi,104,version_27,2,stratified,50,45,90,90,0.8760504201680672,0.9075324675324675,0.8883116883116884,-0.01922077922077914
mi,104,version_27,2,stratified,50,46,90,90,0.9122899159663865,0.9038961038961039,0.9012987012987013,-0.0025974025974025983
mi,104,version_27,2,stratified,100,42,65,65,0.881,0.928,0.856,-0.07200000000000006
mi,104,version_27,2,stratified,100,43,65,65,0.881,0.9089999999999999,0.892,-0.016999999999999904
mi,104,version_27,2,stratified,100,44,65,65,0.899,0.909,0.897,-0.01200000000000001
mi,104,version_27,2,stratified,100,45,65,65,0.84,0.9179999999999999,0.907,-0.010999999999999899
mi,104,version_27,2,stratified,100,46,65,65,0.959,0.841,0.845,0.0040000000000000036
mi,104,version_27,2,stratified,200,42,15,15,0.925925925925926,0.96,0.9,-0.05999999999999994
mi,104,version_27,2,stratified,200,43,15,15,0.7222222222222222,0.9600000000000001,0.9600000000000001,0.0
mi,104,version_27,2,stratified,200,44,15,15,0.8518518518518519,0.72,0.7999999999999999,0.07999999999999996
mi,104,version_27,2,stratified,200,45,15,15,0.96,0.8518518518518519,0.8703703703703703,0.01851851851851849
mi,104,version_27,2,stratified,200,46,15,15,0.9,0.7777777777777778,0.7407407407407407,-0.03703703703703709
mi,104,version_27,4,stratified,10,42,110,110,0.8557422969187676,0.8932072829131653,0.7034313725490196,-0.18977591036414576
mi,104,version_27,4,stratified,10,43,110,110,0.8305322128851541,0.90406162464986,0.823529411764706,-0.080532212885154
mi,104,version_27,4,stratified,10,44,110,110,0.896358543417367,0.8340336134453781,0.8515406162464987,0.017507002801120608
mi,104,version_27,4,stratified,10,45,110,110,0.8518907563025211,0.8658963585434174,0.7408963585434174,-0.125
mi,104,version_27,4,stratified,10,46,110,110,0.8455882352941176,0.8942577030812325,0.813375350140056,-0.08088235294117652
mi,104,version_27,4,stratified,50,42,90,90,0.8358441558441558,0.8902310924369747,0.881827731092437,-0.008403361344537785
mi,104,version_27,4,stratified,50,43,90,90,0.8623376623376623,0.8707983193277311,0.8623949579831933,-0.008403361344537785
mi,104,version_27,4,stratified,50,44,90,90,0.8841558441558441,0.909138655462185,0.9254201680672269,0.01628151260504196
mi,104,version_27,4,stratified,50,45,90,90,0.8350840336134454,0.8763636363636365,0.894025974025974,0.01766233766233749
mi,104,version_27,4,stratified,50,46,90,90,0.9164915966386554,0.8654545454545455,0.9018181818181819,0.036363636363636376
mi,104,version_27,4,stratified,100,42,65,65,0.859,0.853,0.885,0.03200000000000003
mi,104,version_27,4,stratified,100,43,65,65,0.875,0.8899999999999999,0.874,-0.015999999999999903
mi,104,version_27,4,stratified,100,44,65,65,0.859,0.897,0.9029999999999999,0.005999999999999894
mi,104,version_27,4,stratified,100,45,65,65,0.812,0.9119999999999999,0.896,-0.015999999999999903
mi,104,version_27,4,stratified,100,46,65,65,0.9279999999999999,0.837,0.853,0.016000000000000014
mi,104,version_27,4,stratified,200,42,15,15,0.8333333333333334,0.98,1.0,0.020000000000000018
mi,104,version_27,4,stratified,200,43,15,15,0.7407407407407407,0.9,0.8800000000000001,-0.019999999999999907
mi,104,version_27,4,stratified,200,44,15,15,0.8333333333333334,0.78,0.8599999999999999,0.07999999999999985
mi,104,version_27,4,stratified,200,45,15,15,0.9600000000000001,0.888888888888889,0.8333333333333334,-0.05555555555555558
mi,104,version_27,4,stratified,200,46,15,15,0.78,0.7777777777777778,0.8703703703703705,0.09259259259259267
mi,104,version_27,8,stratified,10,42,110,110,0.7776610644257703,0.8123249299719888,0.594187675070028,-0.2181372549019608
mi,104,version_27,8,stratified,10,43,110,110,0.7818627450980392,0.7787114845938375,0.7100840336134454,-0.06862745098039214
mi,104,version_27,8,stratified,10,44,110,110,0.7692577030812325,0.7878151260504201,0.6547619047619048,-0.13305322128851538
mi,104,version_27,8,stratified,10,45,110,110,0.8256302521008403,0.732843137254902,0.5080532212885154,-0.22478991596638664
mi,104,version_27,8,stratified,10,46,110,110,0.7675070028011204,0.8088235294117647,0.6085434173669468,-0.20028011204481788
mi,104,version_27,8,stratified,50,42,90,90,0.8005194805194804,0.7909663865546218,0.6675420168067226,-0.12342436974789917
mi,104,version_27,8,stratified,50,43,90,90,0.8316883116883117,0.7305672268907563,0.6859243697478992,-0.044642857142857095
mi,104,version_27,8,stratified,50,44,90,90,0.7963636363636364,0.7930672268907564,0.8272058823529411,0.03413865546218475
mi,104,version_27,8,stratified,50,45,90,90,0.7363445378151261,0.8238961038961039,0.7397402597402597,-0.0841558441558442
mi,104,version_27,8,stratified,50,46,90,90,0.7746848739495799,0.7942857142857143,0.8098701298701299,0.01558441558441559
mi,104,version_27,8,stratified,100,42,65,65,0.771,0.823,0.743,-0.07999999999999996
mi,104,version_27,8,stratified,100,43,65,65,0.731,0.841,0.849,0.008000000000000007
mi,104,version_27,8,stratified,100,44,65,65,0.859,0.759,0.802,0.04300000000000004
mi,104,version_27,8,stratified,100,45,65,65,0.77,0.822,0.8,-0.02199999999999991
mi,104,version_27,8,stratified,100,46,65,65,0.791,0.7050000000000001,0.722,0.016999999999999904
mi,104,version_27,8,stratified,200,42,15,15,0.9444444444444444,0.8,0.74,-0.06000000000000005
mi,104,version_27,8,stratified,200,43,15,15,0.6666666666666667,0.86,0.8,-0.05999999999999994
mi,104,version_27,8,stratified,200,44,15,15,0.9074074074074074,0.7000000000000001,0.72,0.019999999999999907
mi,104,version_27,8,stratified,200,45,15,15,0.96,0.7777777777777778,0.7777777777777778,0.0
mi,104,version_27,8,stratified,200,46,15,15,0.7,0.6296296296296297,0.46296296296296297,-0.16666666666666669
mi,104,version_27,17,stratified,10,42,110,110,0.6820728291316527,0.5990896358543418,0.5441176470588236,-0.054971988795518234
mi,104,version_27,17,stratified,10,43,110,110,0.6165966386554622,0.6684173669467788,0.6225490196078431,-0.04586834733893563
mi,104,version_27,17,stratified,10,44,110,110,0.5493697478991597,0.7142857142857143,0.6803221288515406,-0.03396358543417366
mi,104,version_27,17,stratified,10,45,110,110,0.6862745098039216,0.5966386554621849,0.5469187675070027,-0.04971988795518212
mi,104,version_27,17,stratified,10,46,110,110,0.6453081232492996,0.6299019607843137,0.6120448179271709,-0.017857142857142794
mi,104,version_27,17,stratified,50,42,90,90,0.6181818181818183,0.6271008403361344,0.7016806722689076,0.07457983193277318
mi,104,version_27,17,stratified,50,43,90,90,0.7277922077922078,0.5409663865546218,0.588235294117647,0.04726890756302515
mi,104,version_27,17,stratified,50,44,90,90,0.6561038961038961,0.6890756302521008,0.5971638655462185,-0.09191176470588236
mi,104,version_27,17,stratified,50,45,90,90,0.6165966386554622,0.6748051948051949,0.582857142857143,-0.09194805194805189
mi,104,version_27,17,stratified,50,46,90,90,0.6444327731092437,0.6051948051948053,0.6327272727272728,0.02753246753246752
mi,104,version_27,17,stratified,100,42,65,65,0.649,0.626,0.6890000000000001,0.06300000000000006
mi,104,version_27,17,stratified,100,43,65,65,0.7060000000000001,0.577,0.6679999999999999,0.09099999999999997
mi,104,version_27,17,stratified,100,44,65,65,0.663,0.634,0.5980000000000001,-0.03599999999999992
mi,104,version_27,17,stratified,100,45,65,65,0.559,0.745,0.754,0.009000000000000008
mi,104,version_27,17,stratified,100,46,65,65,0.698,0.443,0.5690000000000001,0.12600000000000006
mi,104,version_27,17,stratified,200,42,15,15,0.5185185185185185,0.64,0.6799999999999999,0.039999999999999925
mi,104,version_27,17,stratified,200,43,15,15,0.5925925925925926,0.43999999999999995,0.5800000000000001,0.14000000000000012
mi,104,version_27,17,stratified,200,44,15,15,0.5925925925925926,0.48,0.72,0.24
mi,104,version_27,17,stratified,200,45,15,15,0.45999999999999996,0.7962962962962964,0.8518518518518519,0.05555555555555547
mi,104,version_27,17,stratified,200,46,15,15,0.74,0.35185185185185186,0.2962962962962963,-0.05555555555555558
mi,104,version_28,0,stratified,10,42,110,110,0.8949579831932774,0.8711484593837535,0.8053221288515406,-0.06582633053221287
mi,104,version_28,0,stratified,10,43,110,110,0.8319327731092436,0.9191176470588236,0.8476890756302521,-0.07142857142857151
mi,104,version_28,0,stratified,10,44,110,110,0.8974089635854342,0.8469887955182072,0.8438375350140057,-0.0031512605042014474
mi,104,version_28,0,stratified,10,45,110,110,0.9051120448179273,0.836484593837535,0.7177871148459384,-0.11869747899159666
mi,104,version_28,0,stratified,10,46,110,110,0.8802521008403361,0.8851540616246498,0.8109243697478992,-0.07422969187675066
mi,104,version_28,0,stratified,50,42,90,90,0.8872727272727272,0.8802521008403361,0.9154411764705883,0.0351890756302522
mi,104,version_28,0,stratified,50,43,90,90,0.8836363636363637,0.8933823529411765,0.8839285714285714,-0.00945378151260512
mi,104,version_28,0,stratified,50,44,90,90,0.8872727272727272,0.9070378151260504,0.9254201680672268,0.018382352941176405
mi,104,version_28,0,stratified,50,45,90,90,0.8823529411764706,0.8763636363636363,0.9018181818181817,0.025454545454545396
mi,104,version_28,0,stratified,50,46,90,90,0.8933823529411765,0.894025974025974,0.9163636363636363,0.022337662337662323
mi,104,version_28,0,stratified,100,42,65,65,0.866,0.896,0.895,-0.0010000000000000009
mi,104,version_28,0,stratified,100,43,65,65,0.842,0.9430000000000001,0.921,-0.02200000000000002
mi,104,version_28,0,stratified,100,44,65,65,0.887,0.88,0.921,0.041000000000000036
mi,104,version_28,0,stratified,100,45,65,65,0.819,0.9530000000000001,0.9309999999999999,-0.02200000000000013
mi,104,version_28,0,stratified,100,46,65,65,0.96,0.8260000000000001,0.89,0.06399999999999995
mi,104,version_28,0,stratified,200,42,15,15,0.9074074074074074,1.0,1.0,0.0
mi,104,version_28,0,stratified,200,43,15,15,0.7037037037037037,1.0,1.0,0.0
mi,104,version_28,0,stratified,200,44,15,15,0.7592592592592593,0.8,0.84,0.039999999999999925
mi,104,version_28,0,stratified,200,45,15,15,0.8400000000000001,0.8888888888888888,0.9629629629629629,0.07407407407407407
mi,104,version_28,0,stratified,200,46,15,15,0.9,0.611111111111111,0.7222222222222223,0.11111111111111127
mi,104,version_28,2,stratified,10,42,110,110,0.8778011204481793,0.8322829131652661,0.7251400560224089,-0.1071428571428572
mi,104,version_28,2,stratified,10,43,110,110,0.7916666666666666,0.9072128851540615,0.8504901960784313,-0.05672268907563016
mi,104,version_28,2,stratified,10,44,110,110,0.8574929971988795,0.8126750700280112,0.8686974789915967,0.05602240896358546
mi,104,version_28,2,stratified,10,45,110,110,0.8588935574229692,0.819327731092437,0.6799719887955182,-0.13935574229691872
mi,104,version_28,2,stratified,10,46,110,110,0.8504901960784315,0.853641456582633,0.8154761904761905,-0.03816526610644255
mi,104,version_28,2,stratified,50,42,90,90,0.8389610389610389,0.8524159663865546,0.8965336134453782,0.044117647058823595
mi,104,version_28,2,stratified,50,43,90,90,0.8545454545454545,0.8665966386554621,0.8581932773109244,-0.008403361344537674
mi,104,version_28,2,stratified,50,44,90,90,0.8462337662337662,0.8907563025210083,0.9154411764705882,0.024684873949579855
mi,104,version_28,2,stratified,50,45,90,90,0.8109243697478992,0.8706493506493507,0.8997402597402597,0.029090909090909056
mi,104,version_28,2,stratified,50,46,90,90,0.8587184873949579,0.8638961038961039,0.9049350649350649,0.041038961038960986
mi,104,version_28,2,stratified,100,42,65,65,0.842,0.875,0.897,0.02200000000000002
mi,104,version_28,2,stratified,100,43,65,65,0.837,0.9,0.908,0.008000000000000007
mi,104,version_28,2,stratified,100,44,65,65,0.851,0.881,0.895,0.014000000000000012
mi,104,version_28,2,stratified,100,45,65,65,0.778,0.908,0.901,-0.007000000000000006
mi,104,version_28,2,stratified,100,46,65,65,0.92,0.7809999999999999,0.861,0.08000000000000007
mi,104,version_28,2,stratified,200,42,15,15,0.8703703703703703,1.0,0.92,-0.07999999999999996
mi,104,version_28,2,stratified,200,43,15,15,0.7037037037037037,1.0,0.98,-0.020000000000000018
mi,104,version_28,2,stratified,200,44,15,15,0.7777777777777778,0.8200000000000001,0.8600000000000001,0.040000000000000036
mi,104,version_28,2,stratified,200,45,15,15,0.86,0.7777777777777778,0.8888888888888888,0.11111111111111105
mi,104,version_28,2,stratified,200,46,15,15,0.7799999999999999,0.6296296296296297,0.8148148148148149,0.18518518518518523
mi,104,version_28,4,stratified,10,42,110,110,0.7678571428571428,0.8035714285714286,0.7913165266106442,-0.012254901960784381
mi,104,version_28,4,stratified,10,43,110,110,0.7261904761904762,0.8340336134453782,0.8382352941176471,0.004201680672268893
mi,104,version_28,4,stratified,10,44,110,110,0.8056722689075629,0.7545518207282913,0.8711484593837535,0.11659663865546221
mi,104,version_28,4,stratified,10,45,110,110,0.801470588235294,0.751750700280112,0.7170868347338936,-0.034663865546218475
mi,104,version_28,4,stratified,10,46,110,110,0.7759103641456582,0.7958683473389356,0.8497899159663865,0.0539215686274509
mi,104,version_28,4,stratified,50,42,90,90,0.7854545454545454,0.7673319327731092,0.914390756302521,0.1470588235294118
mi,104,version_28,4,stratified,50,43,90,90,0.7335064935064934,0.8398109243697479,0.8765756302521008,0.03676470588235292
mi,104,version_28,4,stratified,50,44,90,90,0.7657142857142858,0.8487394957983192,0.9206932773109243,0.07195378151260512
mi,104,version_28,4,stratified,50,45,90,90,0.7347689075630253,0.7849350649350649,0.8753246753246753,0.09038961038961035
mi,104,version_28,4,stratified,50,46,90,90,0.8592436974789917,0.7402597402597402,0.9085714285714286,0.1683116883116884
mi,104,version_28,4,stratified,100,42,65,65,0.764,0.766,0.905,0.139
mi,104,version_28,4,stratified,100,43,65,65,0.749,0.873,0.8879999999999999,0.014999999999999902
mi,104,version_28,4,stratified,100,44,65,65,0.794,0.787,0.909,0.122
mi,104,version_28,4,stratified,100,45,65,65,0.721,0.844,0.877,0.03300000000000003
mi,104,version_28,4,stratified,100,46,65,65,0.861,0.734,0.843,0.10899999999999999
mi,104,version_28,4,stratified,200,42,15,15,0.6851851851851852,0.84,0.9600000000000001,0.1200000000000001
mi,104,version_28,4,stratified,200,43,15,15,0.7037037037037037,0.76,0.9199999999999999,0.15999999999999992
mi,104,version_28,4,stratified,200,44,15,15,0.7777777777777779,0.8799999999999999,0.92,0.04000000000000015
mi,104,version_28,4,stratified,200,45,15,15,0.8800000000000001,0.8703703703703705,0.8703703703703703,-1.1102230246251565e-16
mi,104,version_28,4,stratified,200,46,15,15,0.68,0.6666666666666666,0.8148148148148148,0.14814814814814814
mi,104,version_28,8,stratified,10,42,110,110,0.7461484593837534,0.7009803921568628,0.6586134453781513,-0.042366946778711556
mi,104,version_28,8,stratified,10,43,110,110,0.6908263305322129,0.7524509803921569,0.7899159663865546,0.03746498599439774
mi,104,version_28,8,stratified,10,44,110,110,0.7058823529411765,0.7156862745098038,0.7391456582633054,0.02345938375350154
mi,104,version_28,8,stratified,10,45,110,110,0.7475490196078431,0.6925770308123249,0.5210084033613445,-0.17156862745098045
mi,104,version_28,8,stratified,10,46,110,110,0.7573529411764706,0.7093837535014005,0.6663165266106443,-0.04306722689075615
mi,104,version_28,8,stratified,50,42,90,90,0.6992207792207792,0.7337184873949579,0.796218487394958,0.06250000000000011
mi,104,version_28,8,stratified,50,43,90,90,0.7012987012987013,0.7321428571428571,0.7694327731092437,0.037289915966386644
mi,104,version_28,8,stratified,50,44,90,90,0.7319480519480519,0.7620798319327731,0.8419117647058824,0.0798319327731093
mi,104,version_28,8,stratified,50,45,90,90,0.6948529411764706,0.7527272727272727,0.8218181818181818,0.06909090909090909
mi,104,version_28,8,stratified,50,46,90,90,0.7668067226890756,0.6883116883116882,0.811948051948052,0.12363636363636377
mi,104,version_28,8,stratified,100,42,65,65,0.7010000000000001,0.751,0.8089999999999999,0.05799999999999994
mi,104,version_28,8,stratified,100,43,65,65,0.719,0.74,0.806,0.06600000000000006
mi,104,version_28,8,stratified,100,44,65,65,0.751,0.728,0.831,0.10299999999999998
mi,104,version_28,8,stratified,100,45,65,65,0.737,0.76,0.8160000000000001,0.05600000000000005
mi,104,version_28,8,stratified,100,46,65,65,0.774,0.644,0.786,0.14200000000000002
mi,104,version_28,8,stratified,200,42,15,15,0.7592592592592593,0.78,0.9600000000000001,0.18000000000000005
mi,104,version_28,8,stratified,200,43,15,15,0.5740740740740741,0.7,0.8200000000000001,0.1200000000000001
mi,104,version_28,8,stratified,200,44,15,15,0.7407407407407408,0.5800000000000001,0.82,0.23999999999999988
mi,104,version_28,8,stratified,200,45,15,15,0.84,0.6666666666666666,0.8518518518518519,0.18518518518518523
mi,104,version_28,8,stratified,200,46,15,15,0.5800000000000001,0.42592592592592593,0.6296296296296297,0.20370370370370372
mi,104,version_28,17,stratified,10,42,110,110,0.6309523809523809,0.6074929971988796,0.5976890756302521,-0.009803921568627527
mi,104,version_28,17,stratified,10,43,110,110,0.5913865546218487,0.6621148459383753,0.6341036414565826,-0.02801120448179273
mi,104,version_28,17,stratified,10,44,110,110,0.5819327731092437,0.6547619047619049,0.7118347338935574,0.05707282913165257
mi,104,version_28,17,stratified,10,45,110,110,0.6439075630252101,0.5892857142857142,0.6733193277310925,0.0840336134453783
mi,104,version_28,17,stratified,10,46,110,110,0.677170868347339,0.5364145658263305,0.490546218487395,-0.04586834733893552
mi,104,version_28,17,stratified,50,42,90,90,0.6602597402597402,0.5593487394957983,0.7678571428571428,0.20850840336134446
mi,104,version_28,17,stratified,50,43,90,90,0.6441558441558441,0.6381302521008404,0.7746848739495799,0.13655462184873945
mi,104,version_28,17,stratified,50,44,90,90,0.6498701298701299,0.6066176470588235,0.7584033613445378,0.1517857142857143
mi,104,version_28,17,stratified,50,45,90,90,0.6334033613445378,0.6327272727272728,0.7324675324675325,0.09974025974025968
mi,104,version_28,17,stratified,50,46,90,90,0.6964285714285714,0.5122077922077921,0.7755844155844155,0.2633766233766234
mi,104,version_28,17,stratified,100,42,65,65,0.629,0.607,0.811,0.20400000000000007
mi,104,version_28,17,stratified,100,43,65,65,0.66,0.642,0.7939999999999999,0.1519999999999999
mi,104,version_28,17,stratified,100,44,65,65,0.635,0.576,0.6960000000000001,0.1200000000000001
mi,104,version_28,17,stratified,100,45,65,65,0.5640000000000001,0.73,0.791,0.061000000000000054
mi,104,version_28,17,stratified,100,46,65,65,0.639,0.5,0.765,0.265
mi,104,version_28,17,stratified,200,42,15,15,0.5,0.76,0.74,-0.020000000000000018
mi,104,version_28,17,stratified,200,43,15,15,0.8148148148148149,0.42000000000000004,0.76,0.33999999999999997
mi,104,version_28,17,stratified,200,44,15,15,0.4074074074074074,0.32,0.7799999999999999,0.4599999999999999
mi,104,version_28,17,stratified,200,45,15,15,0.42000000000000004,0.6666666666666667,0.9074074074074074,0.2407407407407407
mi,104,version_28,17,stratified,200,46,15,15,0.64,0.5,0.6111111111111112,0.11111111111111116
mi,104,version_29,0,stratified,10,42,110,110,0.9145658263305323,0.9114145658263305,0.8053221288515406,-0.10609243697478987
mi,104,version_29,0,stratified,10,43,110,110,0.9002100840336134,0.9131652661064427,0.7976190476190477,-0.11554621848739499
mi,104,version_29,0,stratified,10,44,110,110,0.9047619047619048,0.8974089635854341,0.8823529411764706,-0.015056022408963532
mi,104,version_29,0,stratified,10,45,110,110,0.9110644257703081,0.8921568627450981,0.7601540616246498,-0.13200280112044827
mi,104,version_29,0,stratified,10,46,110,110,0.8932072829131653,0.9198179271708684,0.7990196078431373,-0.12079831932773111
mi,104,version_29,0,stratified,50,42,90,90,0.9101298701298701,0.9023109243697479,0.8991596638655462,-0.0031512605042016695
mi,104,version_29,0,stratified,50,43,90,90,0.9298701298701297,0.8634453781512605,0.8634453781512605,0.0
mi,104,version_29,0,stratified,50,44,90,90,0.9148051948051948,0.9296218487394958,0.9164915966386554,-0.0131302521008404
mi,104,version_29,0,stratified,50,45,90,90,0.8781512605042017,0.892987012987013,0.8867532467532467,-0.006233766233766258
mi,104,version_29,0,stratified,50,46,90,90,0.907563025210084,0.9111688311688313,0.8841558441558441,-0.027012987012987155
mi,104,version_29,0,stratified,100,42,65,65,0.898,0.9219999999999999,0.8720000000000001,-0.04999999999999982
mi,104,version_29,0,stratified,100,43,65,65,0.894,0.916,0.8960000000000001,-0.019999999999999907
mi,104,version_29,0,stratified,100,44,65,65,0.933,0.911,0.901,-0.010000000000000009
mi,104,version_29,0,stratified,100,45,65,65,0.835,0.892,0.868,-0.02400000000000002
mi,104,version_29,0,stratified,100,46,65,65,0.9630000000000001,0.877,0.8879999999999999,0.010999999999999899
mi,104,version_29,0,stratified,200,42,15,15,0.962962962962963,0.9400000000000001,0.92,-0.020000000000000018
mi,104,version_29,0,stratified,200,43,15,15,0.7592592592592593,0.9600000000000001,0.96,-1.1102230246251565e-16
mi,104,version_29,0,stratified,200,44,15,15,0.9629629629629629,0.8400000000000001,0.8600000000000001,0.020000000000000018
mi,104,version_29,0,stratified,200,45,15,15,0.9400000000000001,0.8703703703703705,0.962962962962963,0.09259259259259256
mi,104,version_29,0,stratified,200,46,15,15,1.0,0.9074074074074074,0.8333333333333334,-0.07407407407407407
mi,104,version_29,2,stratified,10,42,110,110,0.8883053221288515,0.8890056022408963,0.7226890756302521,-0.16631652661064422
mi,104,version_29,2,stratified,10,43,110,110,0.8746498599439776,0.8841036414565826,0.7860644257703081,-0.0980392156862745
mi,104,version_29,2,stratified,10,44,110,110,0.8778011204481793,0.8634453781512605,0.8532913165266105,-0.010154061624650046
mi,104,version_29,2,stratified,10,45,110,110,0.8802521008403361,0.8792016806722689,0.6306022408963585,-0.24859943977591037
mi,104,version_29,2,stratified,10,46,110,110,0.8616946778711485,0.9054621848739496,0.7815126050420168,-0.12394957983193278
mi,104,version_29,2,stratified,50,42,90,90,0.8815584415584415,0.8970588235294117,0.8618697478991596,-0.03518907563025209
mi,104,version_29,2,stratified,50,43,90,90,0.8955844155844155,0.8576680672268907,0.8571428571428571,-0.0005252100840336116
mi,104,version_29,2,stratified,50,44,90,90,0.8997402597402598,0.9107142857142858,0.8881302521008404,-0.02258403361344541
mi,104,version_29,2,stratified,50,45,90,90,0.8419117647058825,0.8888311688311689,0.9002597402597403,0.011428571428571455
mi,104,version_29,2,stratified,50,46,90,90,0.8797268907563025,0.8851948051948053,0.8742857142857143,-0.01090909090909098
mi,104,version_29,2,stratified,100,42,65,65,0.866,0.9199999999999999,0.888,-0.03199999999999992
mi,104,version_29,2,stratified,100,43,65,65,0.885,0.865,0.87,0.0050000000000000044
mi,104,version_29,2,stratified,100,44,65,65,0.933,0.894,0.874,-0.020000000000000018
mi,104,version_29,2,stratified,100,45,65,65,0.8160000000000001,0.865,0.844,-0.02100000000000002
mi,104,version_29,2,stratified,100,46,65,65,0.919,0.8400000000000001,0.869,0.028999999999999915
mi,104,version_29,2,stratified,200,42,15,15,0.8518518518518519,0.96,0.9,-0.05999999999999994
mi,104,version_29,2,stratified,200,43,15,15,0.7407407407407407,0.94,0.9400000000000001,1.1102230246251565e-16
mi,104,version_29,2,stratified,200,44,15,15,0.925925925925926,0.8400000000000001,0.9,0.05999999999999994
mi,104,version_29,2,stratified,200,45,15,15,0.9400000000000001,0.8148148148148149,0.8518518518518519,0.03703703703703698
mi,104,version_29,2,stratified,200,46,15,15,0.88,0.8148148148148149,0.888888888888889,0.07407407407407407
mi,104,version_29,4,stratified,10,42,110,110,0.8665966386554622,0.8683473389355743,0.7759103641456583,-0.09243697478991597
mi,104,version_29,4,stratified,10,43,110,110,0.8350840336134453,0.8686974789915967,0.8105742296918768,-0.058123249299719904
mi,104,version_29,4,stratified,10,44,110,110,0.8707983193277311,0.8375350140056022,0.8490896358543417,0.011554621848739566
mi,104,version_29,4,stratified,10,45,110,110,0.8802521008403361,0.8273809523809523,0.7163865546218487,-0.11099439775910358
mi,104,version_29,4,stratified,10,46,110,110,0.8098739495798319,0.9026610644257703,0.8077731092436975,-0.09488795518207283
mi,104,version_29,4,stratified,50,42,90,90,0.8618181818181818,0.8476890756302521,0.8744747899159664,0.0267857142857143
mi,104,version_29,4,stratified,50,43,90,90,0.8685714285714285,0.8371848739495799,0.8518907563025211,0.014705882352941235
mi,104,version_29,4,stratified,50,44,90,90,0.8888311688311687,0.881827731092437,0.9175420168067226,0.0357142857142857
mi,104,version_29,4,stratified,50,45,90,90,0.779936974789916,0.8924675324675324,0.891948051948052,-0.0005194805194803642
mi,104,version_29,4,stratified,50,46,90,90,0.875,0.8706493506493507,0.8696103896103895,-0.0010389610389611725
mi,104,version_29,4,stratified,100,42,65,65,0.8180000000000001,0.911,0.8979999999999999,-0.013000000000000123
mi,104,version_29,4,stratified,100,43,65,65,0.7929999999999999,0.89,0.888,-0.0020000000000000018
mi,104,version_29,4,stratified,100,44,65,65,0.9099999999999999,0.852,0.906,0.05400000000000005
mi,104,version_29,4,stratified,100,45,65,65,0.836,0.841,0.851,0.010000000000000009
mi,104,version_29,4,stratified,100,46,65,65,0.9059999999999999,0.831,0.817,-0.014000000000000012
mi,104,version_29,4,stratified,200,42,15,15,0.8888888888888888,0.92,0.9600000000000001,0.040000000000000036
mi,104,version_29,4,stratified,200,43,15,15,0.7407407407407407,0.88,0.8799999999999999,-1.1102230246251565e-16
mi,104,version_29,4,stratified,200,44,15,15,0.9444444444444444,0.84,0.9,0.06000000000000005
mi,104,version_29,4,stratified,200,45,15,15,0.92,0.8333333333333334,0.8703703703703703,0.03703703703703698
mi,104,version_29,4,stratified,200,46,15,15,0.92,0.8518518518518519,0.8333333333333334,-0.01851851851851849
mi,104,version_29,8,stratified,10,42,110,110,0.7878151260504203,0.8091736694677871,0.7419467787114846,-0.0672268907563025
mi,104,version_29,8,stratified,10,43,110,110,0.7776610644257703,0.7878151260504201,0.7773109243697479,-0.010504201680672232
mi,104,version_29,8,stratified,10,44,110,110,0.7780112044817927,0.7955182072829132,0.7366946778711485,-0.05882352941176472
mi,104,version_29,8,stratified,10,45,110,110,0.8567927170868347,0.7401960784313726,0.44012605042016806,-0.3000700280112045
mi,104,version_29,8,stratified,10,46,110,110,0.7860644257703081,0.7972689075630253,0.6628151260504201,-0.13445378151260512
mi,104,version_29,8,stratified,50,42,90,90,0.7641558441558441,0.805672268907563,0.7715336134453781,-0.034138655462184975
mi,104,version_29,8,stratified,50,43,90,90,0.828051948051948,0.7494747899159664,0.743172268907563,-0.006302521008403339
mi,104,version_29,8,stratified,50,44,90,90,0.7937662337662338,0.8209033613445378,0.8130252100840336,-0.007878151260504174
mi,104,version_29,8,stratified,50,45,90,90,0.7610294117647058,0.7849350649350649,0.7574025974025974,-0.02753246753246752
mi,104,version_29,8,stratified,50,46,90,90,0.7872899159663865,0.785974025974026,0.7854545454545454,-0.0005194805194805863
mi,104,version_29,8,stratified,100,42,65,65,0.774,0.8290000000000001,0.7829999999999999,-0.04600000000000015
mi,104,version_29,8,stratified,100,43,65,65,0.773,0.788,0.79,0.0020000000000000018
mi,104,version_29,8,stratified,100,44,65,65,0.8,0.7869999999999999,0.836,0.049000000000000044
mi,104,version_29,8,stratified,100,45,65,65,0.767,0.768,0.798,0.030000000000000027
mi,104,version_29,8,stratified,100,46,65,65,0.78,0.741,0.776,0.03500000000000003
mi,104,version_29,8,stratified,200,42,15,15,0.8518518518518519,0.8200000000000001,0.8400000000000001,0.020000000000000018
mi,104,version_29,8,stratified,200,43,15,15,0.6481481481481481,0.86,0.78,-0.07999999999999996
mi,104,version_29,8,stratified,200,44,15,15,0.962962962962963,0.76,0.82,0.05999999999999994
mi,104,version_29,8,stratified,200,45,15,15,0.9400000000000001,0.6666666666666667,0.8333333333333334,0.16666666666666663
mi,104,version_29,8,stratified,200,46,15,15,0.8400000000000001,0.5555555555555556,0.6111111111111112,0.05555555555555558
mi,104,version_29,17,stratified,10,42,110,110,0.7556022408963585,0.7464985994397759,0.6418067226890756,-0.10469187675070035
mi,104,version_29,17,stratified,10,43,110,110,0.7223389355742297,0.7794117647058824,0.7675070028011204,-0.011904761904761973
mi,104,version_29,17,stratified,10,44,110,110,0.7496498599439776,0.7349439775910365,0.6799719887955182,-0.054971988795518234
mi,104,version_29,17,stratified,10,45,110,110,0.7328431372549019,0.7871148459383753,0.6449579831932772,-0.1421568627450981
mi,104,version_29,17,stratified,10,46,110,110,0.709733893557423,0.7752100840336135,0.655812324929972,-0.11939775910364148
mi,104,version_29,17,stratified,50,42,90,90,0.7361038961038961,0.7584033613445378,0.8019957983193278,0.04359243697478998
mi,104,version_29,17,stratified,50,43,90,90,0.785974025974026,0.7305672268907563,0.805672268907563,0.07510504201680679
mi,104,version_29,17,stratified,50,44,90,90,0.7412987012987013,0.7883403361344538,0.7983193277310925,0.009978991596638731
mi,104,version_29,17,stratified,50,45,90,90,0.7531512605042017,0.7781818181818183,0.7620779220779221,-0.016103896103896176
mi,104,version_29,17,stratified,50,46,90,90,0.7967436974789917,0.6924675324675325,0.7625974025974027,0.07012987012987026
mi,104,version_29,17,stratified,100,42,65,65,0.707,0.827,0.81,-0.016999999999999904
mi,104,version_29,17,stratified,100,43,65,65,0.857,0.722,0.784,0.062000000000000055
mi,104,version_29,17,stratified,100,44,65,65,0.823,0.702,0.73,0.028000000000000025
mi,104,version_29,17,stratified,100,45,65,65,0.737,0.835,0.8260000000000001,-0.008999999999999897
mi,104,version_29,17,stratified,100,46,65,65,0.764,0.681,0.6819999999999999,0.0009999999999998899
mi,104,version_29,17,stratified,200,42,15,15,0.6666666666666667,0.8200000000000001,0.8200000000000001,0.0
mi,104,version_29,17,stratified,200,43,15,15,0.9074074074074073,0.66,0.8200000000000001,0.16000000000000003
mi,104,version_29,17,stratified,200,44,15,15,0.7037037037037037,0.54,0.74,0.19999999999999996
mi,104,version_29,17,stratified,200,45,15,15,0.6200000000000001,0.9259259259259259,0.9814814814814814,0.05555555555555547
mi,104,version_29,17,stratified,200,46,15,15,0.76,0.5185185185185186,0.7037037037037037,0.18518518518518512
mi,104,version_30,0,stratified,10,42,110,110,0.8785014005602241,0.9012605042016806,0.788515406162465,-0.11274509803921562
mi,104,version_30,0,stratified,10,43,110,110,0.8525910364145658,0.921218487394958,0.8553921568627452,-0.06582633053221287
mi,104,version_30,0,stratified,10,44,110,110,0.8851540616246498,0.8771008403361344,0.8049719887955182,-0.07212885154061621
mi,104,version_30,0,stratified,10,45,110,110,0.8900560224089635,0.8735994397759104,0.7142857142857143,-0.15931372549019607
mi,104,version_30,0,stratified,10,46,110,110,0.907563025210084,0.886204481792717,0.8063725490196078,-0.0798319327731093
mi,104,version_30,0,stratified,50,42,90,90,0.8696103896103896,0.914390756302521,0.8865546218487395,-0.027836134453781525
mi,104,version_30,0,stratified,50,43,90,90,0.9064935064935065,0.8702731092436975,0.8702731092436975,0.0
mi,104,version_30,0,stratified,50,44,90,90,0.88,0.9285714285714285,0.9453781512605042,0.01680672268907568
mi,104,version_30,0,stratified,50,45,90,90,0.884453781512605,0.8784415584415585,0.8722077922077922,-0.006233766233766258
mi,104,version_30,0,stratified,50,46,90,90,0.9017857142857143,0.9101298701298701,0.9033766233766234,-0.006753246753246733
mi,104,version_30,0,stratified,100,42,65,65,0.873,0.9000000000000001,0.888,-0.012000000000000122
mi,104,version_30,0,stratified,100,43,65,65,0.871,0.9219999999999999,0.9209999999999999,-0.0010000000000000009
mi,104,version_30,0,stratified,100,44,65,65,0.9039999999999999,0.903,0.9390000000000001,0.03600000000000003
mi,104,version_30,0,stratified,100,45,65,65,0.839,0.9289999999999999,0.9650000000000001,0.03600000000000014
mi,104,version_30,0,stratified,100,46,65,65,0.9600000000000001,0.863,0.888,0.025000000000000022
mi,104,version_30,0,stratified,200,42,15,15,0.9629629629629629,1.0,0.92,-0.07999999999999996
mi,104,version_30,0,stratified,200,43,15,15,0.6851851851851852,1.0,0.96,-0.040000000000000036
mi,104,version_30,0,stratified,200,44,15,15,0.8148148148148149,0.74,0.8200000000000001,0.08000000000000007
mi,104,version_30,0,stratified,200,45,15,15,0.96,0.8703703703703705,0.9814814814814814,0.11111111111111094
mi,104,version_30,0,stratified,200,46,15,15,0.92,0.8703703703703705,0.9444444444444444,0.07407407407407396
mi,104,version_30,2,stratified,10,42,110,110,0.8662464985994398,0.8995098039215685,0.7675070028011205,-0.13200280112044804
mi,104,version_30,2,stratified,10,43,110,110,0.8417366946778712,0.9159663865546219,0.8665966386554622,-0.04936974789915971
mi,104,version_30,2,stratified,10,44,110,110,0.8704481792717087,0.8764005602240896,0.8242296918767507,-0.05217086834733897
mi,104,version_30,2,stratified,10,45,110,110,0.8806022408963585,0.8697478991596639,0.7153361344537815,-0.15441176470588236
mi,104,version_30,2,stratified,10,46,110,110,0.8932072829131653,0.8823529411764706,0.8200280112044818,-0.062324929971988796
mi,104,version_30,2,stratified,50,42,90,90,0.8597402597402597,0.9096638655462185,0.8855042016806722,-0.024159663865546244
mi,104,version_30,2,stratified,50,43,90,90,0.8898701298701298,0.8686974789915967,0.8702731092436975,0.0015756302521008347
mi,104,version_30,2,stratified,50,44,90,90,0.88,0.9290966386554622,0.9327731092436975,0.003676470588235281
mi,104,version_30,2,stratified,50,45,90,90,0.8665966386554622,0.8841558441558441,0.8867532467532467,0.0025974025974025983
mi,104,version_30,2,stratified,50,46,90,90,0.8870798319327731,0.8914285714285715,0.903896103896104,0.012467532467532516
mi,104,version_30,2,stratified,100,42,65,65,0.857,0.905,0.909,0.0040000000000000036
mi,104,version_30,2,stratified,100,43,65,65,0.87,0.907,0.912,0.0050000000000000044
mi,104,version_30,2,stratified,100,44,65,65,0.912,0.909,0.935,0.026000000000000023
mi,104,version_30,2,stratified,100,45,65,65,0.8330000000000001,0.9059999999999999,0.935,0.029000000000000137
mi,104,version_30,2,stratified,100,46,65,65,0.9510000000000001,0.8330000000000001,0.882,0.04899999999999993
mi,104,version_30,2,stratified,200,42,15,15,0.925925925925926,0.9600000000000001,0.88,-0.08000000000000007
mi,104,version_30,2,stratified,200,43,15,15,0.6851851851851852,1.0,0.98,-0.020000000000000018
mi,104,version_30,2,stratified,200,44,15,15,0.7962962962962963,0.78,0.92,0.14
mi,104,version_30,2,stratified,200,45,15,15,0.96,0.8333333333333334,0.9074074074074074,0.07407407407407407
mi,104,version_30,2,stratified,200,46,15,15,0.7799999999999999,0.888888888888889,0.9814814814814814,0.09259259259259245
mi,104,version_30,4,stratified,10,42,110,110,0.7738095238095238,0.8522408963585434,0.59593837535014,-0.25630252100840334
mi,104,version_30,4,stratified,10,43,110,110,0.782563025210084,0.8259803921568627,0.8273809523809523,0.0014005602240896309
mi,104,version_30,4,stratified,10,44,110,110,0.8168767507002801,0.7976190476190476,0.8893557422969187,0.09173669467787116
mi,104,version_30,4,stratified,10,45,110,110,0.792016806722689,0.8028711484593838,0.7615546218487396,-0.04131652661064422
mi,104,version_30,4,stratified,10,46,110,110,0.7776610644257703,0.85609243697479,0.7895658263305322,-0.0665266106442578
mi,104,version_30,4,stratified,50,42,90,90,0.7916883116883117,0.8224789915966386,0.858718487394958,0.03623949579831942
mi,104,version_30,4,stratified,50,43,90,90,0.7761038961038961,0.7988445378151261,0.8329831932773109,0.03413865546218475
mi,104,version_30,4,stratified,50,44,90,90,0.8176623376623376,0.8660714285714285,0.9180672268907563,0.05199579831932777
mi,104,version_30,4,stratified,50,45,90,90,0.7599789915966386,0.8010389610389611,0.8644155844155844,0.06337662337662331
mi,104,version_30,4,stratified,50,46,90,90,0.8398109243697479,0.8135064935064935,0.8805194805194805,0.06701298701298697
mi,104,version_30,4,stratified,100,42,65,65,0.762,0.8009999999999999,0.9069999999999999,0.10599999999999998
mi,104,version_30,4,stratified,100,43,65,65,0.775,0.8370000000000001,0.865,0.027999999999999914
mi,104,version_30,4,stratified,100,44,65,65,0.842,0.8220000000000001,0.934,0.11199999999999999
mi,104,version_30,4,stratified,100,45,65,65,0.7550000000000001,0.8220000000000001,0.885,0.06299999999999994
mi,104,version_30,4,stratified,100,46,65,65,0.879,0.798,0.86,0.061999999999999944
mi,104,version_30,4,stratified,200,42,15,15,0.7222222222222222,0.92,1.0,0.07999999999999996
mi,104,version_30,4,stratified,200,43,15,15,0.5925925925925926,0.8999999999999999,0.9199999999999999,0.020000000000000018
mi,104,version_30,4,stratified,200,44,15,15,0.7962962962962964,0.84,1.0,0.16000000000000003
mi,104,version_30,4,stratified,200,45,15,15,0.8400000000000001,0.7962962962962963,0.7777777777777779,-0.01851851851851838
mi,104,version_30,4,stratified,200,46,15,15,0.72,0.8518518518518519,0.9259259259259259,0.07407407407407407
mi,104,version_30,8,stratified,10,42,110,110,0.7909663865546218,0.821078431372549,0.7317927170868347,-0.0892857142857143
mi,104,version_30,8,stratified,10,43,110,110,0.7514005602240896,0.8382352941176471,0.8119747899159664,-0.02626050420168069
mi,104,version_30,8,stratified,10,44,110,110,0.7745098039215687,0.8126750700280112,0.8413865546218487,0.028711484593837544
mi,104,version_30,8,stratified,10,45,110,110,0.8294817927170869,0.7710084033613446,0.6295518207282913,-0.14145658263305327
mi,104,version_30,8,stratified,10,46,110,110,0.8032212885154061,0.7979691876750701,0.7804621848739496,-0.017507002801120497
mi,104,version_30,8,stratified,50,42,90,90,0.7755844155844156,0.8125,0.8203781512605042,0.007878151260504174
mi,104,version_30,8,stratified,50,43,90,90,0.8233766233766233,0.7683823529411764,0.7830882352941176,0.014705882352941235
mi,104,version_30,8,stratified,50,44,90,90,0.7755844155844156,0.8671218487394958,0.8634453781512604,-0.003676470588235392
mi,104,version_30,8,stratified,50,45,90,90,0.7715336134453781,0.8067532467532467,0.837922077922078,0.03116883116883129
mi,104,version_30,8,stratified,50,46,90,90,0.789390756302521,0.7875324675324675,0.8784415584415585,0.09090909090909094
mi,104,version_30,8,stratified,100,42,65,65,0.7979999999999999,0.808,0.808,0.0
mi,104,version_30,8,stratified,100,43,65,65,0.777,0.819,0.833,0.014000000000000012
mi,104,version_30,8,stratified,100,44,65,65,0.8300000000000001,0.846,0.8739999999999999,0.027999999999999914
mi,104,version_30,8,stratified,100,45,65,65,0.807,0.772,0.8220000000000001,0.050000000000000044
mi,104,version_30,8,stratified,100,46,65,65,0.806,0.7040000000000001,0.8089999999999999,0.10499999999999987
mi,104,version_30,8,stratified,200,42,15,15,0.8703703703703705,0.76,0.82,0.05999999999999994
mi,104,version_30,8,stratified,200,43,15,15,0.7592592592592593,0.8800000000000001,0.88,-1.1102230246251565e-16
mi,104,version_30,8,stratified,200,44,15,15,0.8703703703703705,0.78,0.9,0.12
mi,104,version_30,8,stratified,200,45,15,15,0.9400000000000001,0.7777777777777778,0.8518518518518519,0.07407407407407407
mi,104,version_30,8,stratified,200,46,15,15,0.64,0.5370370370370371,0.7407407407407407,0.2037037037037036
mi,104,version_30,17,stratified,10,42,110,110,0.7478991596638656,0.663515406162465,0.5584733893557423,-0.10504201680672265
mi,104,version_30,17,stratified,10,43,110,110,0.6736694677871148,0.7384453781512605,0.5357142857142857,-0.20273109243697485
mi,104,version_30,17,stratified,10,44,110,110,0.6533613445378151,0.7181372549019608,0.6974789915966387,-0.020658263305322055
mi,104,version_30,17,stratified,10,45,110,110,0.7419467787114846,0.6316526610644257,0.6271008403361344,-0.0045518207282913
mi,104,version_30,17,stratified,10,46,110,110,0.7016806722689076,0.6537114845938375,0.475140056022409,-0.17857142857142855
mi,104,version_30,17,stratified,50,42,90,90,0.6758441558441558,0.6864495798319328,0.6685924369747899,-0.017857142857142905
mi,104,version_30,17,stratified,50,43,90,90,0.7828571428571428,0.6423319327731092,0.6811974789915967,0.03886554621848748
mi,104,version_30,17,stratified,50,44,90,90,0.7023376623376624,0.7242647058823529,0.6559873949579832,-0.06827731092436973
mi,104,version_30,17,stratified,50,45,90,90,0.6759453781512604,0.6670129870129871,0.6296103896103896,-0.03740259740259744
mi,104,version_30,17,stratified,50,46,90,90,0.7253151260504201,0.5584415584415585,0.610909090909091,0.05246753246753244
mi,104,version_30,17,stratified,100,42,65,65,0.6769999999999999,0.656,0.6649999999999999,0.008999999999999897
mi,104,version_30,17,stratified,100,43,65,65,0.7040000000000001,0.696,0.659,-0.03699999999999992
mi,104,version_30,17,stratified,100,44,65,65,0.722,0.656,0.6819999999999999,0.025999999999999912
mi,104,version_30,17,stratified,100,45,65,65,0.621,0.757,0.685,-0.07199999999999995
mi,104,version_30,17,stratified,100,46,65,65,0.725,0.421,0.487,0.066
mi,104,version_30,17,stratified,200,42,15,15,0.5,0.82,0.58,-0.24
mi,104,version_30,17,stratified,200,43,15,15,0.7962962962962964,0.72,0.62,-0.09999999999999998
mi,104,version_30,17,stratified,200,44,15,15,0.5555555555555556,0.38,0.5800000000000001,0.20000000000000007
mi,104,version_30,17,stratified,200,45,15,15,0.64,0.888888888888889,0.925925925925926,0.03703703703703709
mi,104,version_30,17,stratified,200,46,15,15,0.5,0.5185185185185185,0.3888888888888889,-0.1296296296296296
mi,104,version_41,0,stratified,10,42,110,110,0.9033613445378151,0.8855042016806722,0.751750700280112,-0.1337535014005602
mi,104,version_41,0,stratified,10,43,110,110,0.8557422969187675,0.9180672268907564,0.7972689075630252,-0.12079831932773122
mi,104,version_41,0,stratified,10,44,110,110,0.9012605042016807,0.863795518207283,0.802170868347339,-0.06162464985994398
mi,104,version_41,0,stratified,10,45,110,110,0.9142156862745099,0.8592436974789917,0.8340336134453782,-0.025210084033613467
mi,104,version_41,0,stratified,10,46,110,110,0.9215686274509803,0.8634453781512605,0.8137254901960784,-0.04971988795518212
mi,104,version_41,0,stratified,50,42,90,90,0.8727272727272728,0.9122899159663865,0.9065126050420168,-0.005777310924369727
mi,104,version_41,0,stratified,50,43,90,90,0.8961038961038962,0.8855042016806722,0.8697478991596639,-0.015756302521008347
mi,104,version_41,0,stratified,50,44,90,90,0.8602597402597403,0.9332983193277311,0.9390756302521008,0.005777310924369727
mi,104,version_41,0,stratified,50,45,90,90,0.8891806722689075,0.9007792207792208,0.9033766233766234,0.0025974025974025983
mi,104,version_41,0,stratified,50,46,90,90,0.9196428571428572,0.9012987012987014,0.9158441558441558,0.014545454545454417
mi,104,version_41,0,stratified,100,42,65,65,0.8699999999999999,0.916,0.89,-0.026000000000000023
mi,104,version_41,0,stratified,100,43,65,65,0.854,0.918,0.92,0.0020000000000000018
mi,104,version_41,0,stratified,100,44,65,65,0.903,0.8940000000000001,0.9239999999999999,0.029999999999999805
mi,104,version_41,0,stratified,100,45,65,65,0.854,0.937,0.894,-0.04300000000000004
mi,104,version_41,0,stratified,100,46,65,65,0.952,0.827,0.899,0.07200000000000006
mi,104,version_41,0,stratified,200,42,15,15,0.925925925925926,0.96,0.92,-0.039999999999999925
mi,104,version_41,0,stratified,200,43,15,15,0.7407407407407407,0.9400000000000001,0.98,0.039999999999999925
mi,104,version_41,0,stratified,200,44,15,15,0.7962962962962964,0.72,0.78,0.06000000000000005
mi,104,version_41,0,stratified,200,45,15,15,0.96,0.8703703703703705,0.9444444444444444,0.07407407407407396
mi,104,version_41,0,stratified,200,46,15,15,0.8999999999999999,0.7592592592592593,0.7592592592592593,0.0
mi,104,version_41,2,stratified,10,42,110,110,0.8949579831932772,0.886204481792717,0.7044817927170868,-0.18172268907563027
mi,104,version_41,2,stratified,10,43,110,110,0.8550420168067226,0.9100140056022408,0.8123249299719888,-0.09768907563025198
mi,104,version_41,2,stratified,10,44,110,110,0.8851540616246499,0.8644957983193278,0.8161764705882353,-0.04831932773109249
mi,104,version_41,2,stratified,10,45,110,110,0.9030112044817927,0.8585434173669468,0.8028711484593838,-0.05567226890756305
mi,104,version_41,2,stratified,10,46,110,110,0.9068627450980392,0.8676470588235294,0.8028711484593838,-0.06477591036414565
mi,104,version_41,2,stratified,50,42,90,90,0.8649350649350649,0.8970588235294117,0.8792016806722689,-0.017857142857142794
mi,104,version_41,2,stratified,50,43,90,90,0.892987012987013,0.8771008403361344,0.8576680672268908,-0.01943277310924363
mi,104,version_41,2,stratified,50,44,90,90,0.8503896103896104,0.9401260504201681,0.9296218487394958,-0.010504201680672232
mi,104,version_41,2,stratified,50,45,90,90,0.8686974789915967,0.9064935064935066,0.894025974025974,-0.012467532467532627
mi,104,version_41,2,stratified,50,46,90,90,0.8960084033613445,0.892987012987013,0.9116883116883117,0.018701298701298663
mi,104,version_41,2,stratified,100,42,65,65,0.869,0.911,0.8620000000000001,-0.04899999999999993
mi,104,version_41,2,stratified,100,43,65,65,0.859,0.895,0.9079999999999999,0.0129999999999999
mi,104,version_41,2,stratified,100,44,65,65,0.8999999999999999,0.903,0.9019999999999999,-0.001000000000000112
mi,104,version_41,2,stratified,100,45,65,65,0.847,0.9239999999999999,0.889,-0.03499999999999992
mi,104,version_41,2,stratified,100,46,65,65,0.9279999999999999,0.827,0.873,0.04600000000000004
mi,104,version_41,2,stratified,200,42,15,15,0.9444444444444445,0.9199999999999999,0.88,-0.039999999999999925
mi,104,version_41,2,stratified,200,43,15,15,0.7407407407407407,0.88,0.9400000000000001,0.06000000000000005
mi,104,version_41,2,stratified,200,44,15,15,0.8148148148148149,0.74,0.8,0.06000000000000005
mi,104,version_41,2,stratified,200,45,15,15,0.96,0.7962962962962963,0.8703703703703703,0.07407407407407407
mi,104,version_41,2,stratified,200,46,15,15,0.86,0.7962962962962963,0.7222222222222222,-0.07407407407407407
mi,104,version_41,4,stratified,10,42,110,110,0.8378851540616247,0.8728991596638656,0.6036414565826331,-0.2692577030812324
mi,104,version_41,4,stratified,10,43,110,110,0.8179271708683473,0.873249299719888,0.7871148459383754,-0.08613445378151252
mi,104,version_41,4,stratified,10,44,110,110,0.8669467787114845,0.8305322128851541,0.8336834733893557,0.0031512605042015585
mi,104,version_41,4,stratified,10,45,110,110,0.8760504201680672,0.8179271708683473,0.761204481792717,-0.05672268907563027
mi,104,version_41,4,stratified,10,46,110,110,0.844187675070028,0.8669467787114846,0.7692577030812325,-0.09768907563025209
mi,104,version_41,4,stratified,50,42,90,90,0.8358441558441558,0.8555672268907564,0.8707983193277311,0.015231092436974736
mi,104,version_41,4,stratified,50,43,90,90,0.8566233766233766,0.8461134453781513,0.8524159663865547,0.00630252100840345
mi,104,version_41,4,stratified,50,44,90,90,0.8493506493506493,0.8981092436974789,0.9149159663865546,0.01680672268907568
mi,104,version_41,4,stratified,50,45,90,90,0.8098739495798319,0.8602597402597402,0.8763636363636363,0.016103896103896176
mi,104,version_41,4,stratified,50,46,90,90,0.861344537815126,0.8607792207792209,0.8950649350649351,0.03428571428571425
mi,104,version_41,4,stratified,100,42,65,65,0.82,0.857,0.865,0.008000000000000007
mi,104,version_41,4,stratified,100,43,65,65,0.8059999999999999,0.906,0.871,-0.03500000000000003
mi,104,version_41,4,stratified,100,44,65,65,0.8340000000000001,0.8739999999999999,0.907,0.03300000000000014
mi,104,version_41,4,stratified,100,45,65,65,0.825,0.874,0.837,-0.03700000000000003
mi,104,version_41,4,stratified,100,46,65,65,0.908,0.8019999999999999,0.859,0.05700000000000005
mi,104,version_41,4,stratified,200,42,15,15,0.8518518518518519,0.98,0.96,-0.020000000000000018
mi,104,version_41,4,stratified,200,43,15,15,0.7777777777777778,0.92,0.92,0.0
mi,104,version_41,4,stratified,200,44,15,15,0.8333333333333334,0.74,0.8400000000000001,0.10000000000000009
mi,104,version_41,4,stratified,200,45,15,15,0.8800000000000001,0.8518518518518519,0.8888888888888888,0.03703703703703698
mi,104,version_41,4,stratified,200,46,15,15,0.74,0.7777777777777778,0.7407407407407407,-0.03703703703703709
mi,104,version_41,8,stratified,10,42,110,110,0.7797619047619048,0.8504901960784313,0.6911764705882353,-0.15931372549019607
mi,104,version_41,8,stratified,10,43,110,110,0.782563025210084,0.8242296918767508,0.7871148459383753,-0.03711484593837544
mi,104,version_41,8,stratified,10,44,110,110,0.7864145658263305,0.8319327731092436,0.7002801120448179,-0.13165266106442575
mi,104,version_41,8,stratified,10,45,110,110,0.8490896358543417,0.786764705882353,0.6747198879551821,-0.11204481792717091
mi,104,version_41,8,stratified,10,46,110,110,0.8385854341736695,0.7972689075630253,0.7230392156862745,-0.07422969187675077
mi,104,version_41,8,stratified,50,42,90,90,0.7948051948051948,0.8046218487394958,0.7857142857142858,-0.018907563025210017
mi,104,version_41,8,stratified,50,43,90,90,0.837922077922078,0.7809873949579832,0.7752100840336135,-0.005777310924369727
mi,104,version_41,8,stratified,50,44,90,90,0.7792207792207793,0.8539915966386554,0.8744747899159664,0.020483193277310963
mi,104,version_41,8,stratified,50,45,90,90,0.8072478991596639,0.7864935064935065,0.8155844155844156,0.029090909090909167
mi,104,version_41,8,stratified,50,46,90,90,0.7998949579831932,0.837922077922078,0.8374025974025974,-0.0005194805194805863
mi,104,version_41,8,stratified,100,42,65,65,0.785,0.824,0.787,-0.03699999999999992
mi,104,version_41,8,stratified,100,43,65,65,0.8380000000000001,0.8030000000000002,0.8140000000000001,0.010999999999999899
mi,104,version_41,8,stratified,100,44,65,65,0.847,0.792,0.8119999999999999,0.019999999999999907
mi,104,version_41,8,stratified,100,45,65,65,0.8140000000000001,0.798,0.793,-0.0050000000000000044
mi,104,version_41,8,stratified,100,46,65,65,0.828,0.735,0.784,0.049000000000000044
mi,104,version_41,8,stratified,200,42,15,15,0.9444444444444445,0.6799999999999999,0.82,0.14
mi,104,version_41,8,stratified,200,43,15,15,0.6851851851851852,0.76,0.84,0.07999999999999996
mi,104,version_41,8,stratified,200,44,15,15,0.9074074074074074,0.66,0.72,0.05999999999999994
mi,104,version_41,8,stratified,200,45,15,15,0.9199999999999999,0.7037037037037037,0.8333333333333334,0.12962962962962965
mi,104,version_41,8,stratified,200,46,15,15,0.8200000000000001,0.40740740740740744,0.5555555555555556,0.14814814814814814
mi,104,version_41,17,stratified,10,42,110,110,0.694327731092437,0.6638655462184874,0.6491596638655461,-0.014705882352941235
mi,104,version_41,17,stratified,10,43,110,110,0.6579131652661064,0.7062324929971989,0.6425070028011205,-0.06372549019607843
mi,104,version_41,17,stratified,10,44,110,110,0.626750700280112,0.7265406162464986,0.6894257703081232,-0.03711484593837533
mi,104,version_41,17,stratified,10,45,110,110,0.7072829131652661,0.6498599439775911,0.7132352941176471,0.06337535014005602
mi,104,version_41,17,stratified,10,46,110,110,0.7552521008403361,0.5843837535014006,0.5129551820728291,-0.07142857142857151
mi,104,version_41,17,stratified,50,42,90,90,0.627012987012987,0.6649159663865547,0.7226890756302521,0.057773109243697385
mi,104,version_41,17,stratified,50,43,90,90,0.7272727272727273,0.6055672268907563,0.7079831932773109,0.10241596638655459
mi,104,version_41,17,stratified,50,44,90,90,0.6623376623376623,0.7190126050420168,0.7142857142857143,-0.004726890756302504
mi,104,version_41,17,stratified,50,45,90,90,0.6628151260504201,0.7433766233766234,0.6696103896103895,-0.07376623376623381
mi,104,version_41,17,stratified,50,46,90,90,0.6869747899159664,0.5802597402597403,0.6483116883116883,0.06805194805194803
mi,104,version_41,17,stratified,100,42,65,65,0.645,0.631,0.7030000000000001,0.07200000000000006
mi,104,version_41,17,stratified,100,43,65,65,0.721,0.6859999999999999,0.762,0.07600000000000007
mi,104,version_41,17,stratified,100,44,65,65,0.716,0.6459999999999999,0.681,0.03500000000000014
mi,104,version_41,17,stratified,100,45,65,65,0.6910000000000001,0.753,0.75,-0.0030000000000000027
mi,104,version_41,17,stratified,100,46,65,65,0.71,0.518,0.583,0.06499999999999995
mi,104,version_41,17,stratified,200,42,15,15,0.537037037037037,0.7799999999999999,0.72,-0.05999999999999994
mi,104,version_41,17,stratified,200,43,15,15,0.8148148148148149,0.7,0.76,0.06000000000000005
mi,104,version_41,17,stratified,200,44,15,15,0.42592592592592593,0.38,0.66,0.28
mi,104,version_41,17,stratified,200,45,15,15,0.54,0.9814814814814814,0.9814814814814814,0.0
mi,104,version_41,17,stratified,200,46,15,15,0.6799999999999999,0.5,0.3888888888888889,-0.1111111111111111
mi,105,version_27,0,stratified,10,42,112,112,0.7610380856083586,0.8638355240984159,0.8149646107178969,-0.048870913380518965
mi,105,version_27,0,stratified,10,43,112,112,0.8213683855746545,0.8041793056959893,0.6413886080215706,-0.16279069767441867
mi,105,version_27,0,stratified,10,44,112,112,0.8483316481294237,0.7671048196831817,0.6798112571621167,-0.08729356252106502
mi,105,version_27,0,stratified,10,45,112,112,0.7866531850353894,0.818335018537243,0.7765419615773509,-0.041793056959892105
mi,105,version_27,0,stratified,10,46,112,112,0.8695652173913043,0.7475564543309741,0.6103808560835862,-0.1371755982473879
mi,105,version_27,0,stratified,50,42,92,92,0.7658730158730159,0.8245614035087719,0.8045112781954887,-0.020050125313283207
mi,105,version_27,0,stratified,50,43,92,92,0.814484126984127,0.7924812030075188,0.7909774436090226,-0.0015037593984962294
mi,105,version_27,0,stratified,50,44,92,92,0.7683531746031746,0.8416040100250627,0.8716791979949875,0.03007518796992481
mi,105,version_27,0,stratified,50,45,92,92,0.7624007936507936,0.8215538847117794,0.8466165413533835,0.02506265664160412
mi,105,version_27,0,stratified,50,46,92,92,0.8442460317460317,0.8100250626566416,0.8471177944862156,0.037092731829573955
mi,105,version_27,0,stratified,100,42,67,67,0.7101313320825516,0.8405253283302064,0.8264540337711069,-0.014071294559099501
mi,105,version_27,0,stratified,100,43,67,67,0.8076923076923077,0.8377110694183865,0.8621013133208255,0.024390243902439046
mi,105,version_27,0,stratified,100,44,67,67,0.8011257035647279,0.823639774859287,0.7861163227016885,-0.03752345215759845
mi,105,version_27,0,stratified,100,45,67,67,0.8855534709193247,0.7448405253283302,0.773921200750469,0.02908067542213877
mi,105,version_27,0,stratified,100,46,67,67,0.8386491557223266,0.8480300187617261,0.8555347091932458,0.007504690431519689
mi,105,version_27,0,stratified,200,42,17,17,0.8571428571428571,0.7424242424242423,0.7424242424242423,0.0
mi,105,version_27,0,stratified,200,43,17,17,0.8,0.803030303030303,0.8333333333333333,0.030303030303030276
mi,105,version_27,0,stratified,200,44,17,17,0.6857142857142857,0.9393939393939393,0.9090909090909091,-0.030303030303030276
mi,105,version_27,0,stratified,200,45,17,17,0.7575757575757576,0.8285714285714285,0.9,0.07142857142857151
mi,105,version_27,0,stratified,200,46,17,17,1.0,0.7428571428571429,0.8285714285714286,0.08571428571428574
mi,105,version_27,2,stratified,10,42,112,112,0.7842938995618468,0.8608021570610044,0.7981125716211661,-0.06268958543983827
mi,105,version_27,2,stratified,10,43,112,112,0.8284462419952814,0.8260869565217391,0.7880013481631277,-0.03808560835861141
mi,105,version_27,2,stratified,10,44,112,112,0.8631614425345466,0.7846309403437816,0.6976744186046512,-0.08695652173913038
mi,105,version_27,2,stratified,10,45,112,112,0.797438490057297,0.8382204246713852,0.7778901247050892,-0.06033029996629602
mi,105,version_27,2,stratified,10,46,112,112,0.8675429726996967,0.7789012470508931,0.6589147286821705,-0.11998651836872265
mi,105,version_27,2,stratified,50,42,92,92,0.7787698412698413,0.8406015037593986,0.8290726817042606,-0.011528822055137944
mi,105,version_27,2,stratified,50,43,92,92,0.8377976190476191,0.7999999999999999,0.7864661654135339,-0.013533834586466065
mi,105,version_27,2,stratified,50,44,92,92,0.7996031746031745,0.8526315789473684,0.8431077694235589,-0.00952380952380949
mi,105,version_27,2,stratified,50,45,92,92,0.7906746031746033,0.837092731829574,0.8686716791979949,0.03157894736842093
mi,105,version_27,2,stratified,50,46,92,92,0.8422619047619048,0.8290726817042606,0.8506265664160401,0.021553884711779436
mi,105,version_27,2,stratified,100,42,67,67,0.7401500938086304,0.8424015009380863,0.8180112570356473,-0.024390243902439046
mi,105,version_27,2,stratified,100,43,67,67,0.8151969981238274,0.876172607879925,0.9146341463414633,0.038461538461538325
mi,105,version_27,2,stratified,100,44,67,67,0.8264540337711069,0.8367729831144466,0.7936210131332083,-0.04315196998123827
mi,105,version_27,2,stratified,100,45,67,67,0.9127579737335836,0.7682926829268293,0.7701688555347093,0.0018761726078799779
mi,105,version_27,2,stratified,100,46,67,67,0.8395872420262664,0.8480300187617261,0.8377110694183865,-0.010318949343339656
mi,105,version_27,2,stratified,200,42,17,17,0.8285714285714285,0.7272727272727273,0.7424242424242424,0.015151515151515138
mi,105,version_27,2,stratified,200,43,17,17,0.7857142857142857,0.8636363636363635,0.8333333333333333,-0.030303030303030276
mi,105,version_27,2,stratified,200,44,17,17,0.7142857142857143,0.8636363636363636,0.8939393939393939,0.030303030303030276
mi,105,version_27,2,stratified,200,45,17,17,0.7575757575757576,0.9142857142857144,0.9,-0.014285714285714346
mi,105,version_27,2,stratified,200,46,17,17,0.9848484848484849,0.7857142857142857,0.7857142857142857,0.0
mi,105,version_27,4,stratified,10,42,112,112,0.702055948769801,0.7954162453656893,0.8142905291540276,0.01887428378833822
mi,105,version_27,4,stratified,10,43,112,112,0.7832827772160432,0.7418267610380855,0.5925176946410515,-0.149309066397034
mi,105,version_27,4,stratified,10,44,112,112,0.8203572632288506,0.6784630940343781,0.709133805190428,0.030670711156049912
mi,105,version_27,4,stratified,10,45,112,112,0.7232895180316818,0.7677789012470508,0.7061004381530165,-0.06167846309403435
mi,105,version_27,4,stratified,10,46,112,112,0.8402426693629929,0.6862150320188743,0.4698348500168521,-0.21638018200202225
mi,105,version_27,4,stratified,50,42,92,92,0.7237103174603174,0.7373433583959901,0.7378446115288221,0.0005012531328320025
mi,105,version_27,4,stratified,50,43,92,92,0.7733134920634921,0.7458646616541353,0.743859649122807,-0.002005012531328343
mi,105,version_27,4,stratified,50,44,92,92,0.7296626984126984,0.6957393483709273,0.6902255639097745,-0.005513784461152804
mi,105,version_27,4,stratified,50,45,92,92,0.7043650793650793,0.7553884711779448,0.775438596491228,0.020050125313283207
mi,105,version_27,4,stratified,50,46,92,92,0.7723214285714285,0.7744360902255639,0.7844611528822055,0.010025062656641603
mi,105,version_27,4,stratified,100,42,67,67,0.6894934333958724,0.7504690431519699,0.8142589118198875,0.06378986866791758
mi,105,version_27,4,stratified,100,43,67,67,0.7786116322701688,0.75140712945591,0.7476547842401501,-0.0037523452157599557
mi,105,version_27,4,stratified,100,44,67,67,0.6904315196998123,0.776735459662289,0.7382739212007505,-0.038461538461538436
mi,105,version_27,4,stratified,100,45,67,67,0.8067542213883677,0.7307692307692308,0.6425891181988743,-0.08818011257035652
mi,105,version_27,4,stratified,100,46,67,67,0.7870544090056285,0.8302063789868669,0.7842401500938087,-0.045966228893058236
mi,105,version_27,4,stratified,200,42,17,17,0.8714285714285714,0.5606060606060607,0.7575757575757576,0.1969696969696969
mi,105,version_27,4,stratified,200,43,17,17,0.5857142857142856,0.7575757575757576,0.803030303030303,0.045454545454545414
mi,105,version_27,4,stratified,200,44,17,17,0.7571428571428571,0.8333333333333334,0.9090909090909092,0.0757575757575758
mi,105,version_27,4,stratified,200,45,17,17,0.696969696969697,0.7571428571428571,0.7428571428571429,-0.014285714285714235
mi,105,version_27,4,stratified,200,46,17,17,0.9090909090909091,0.7857142857142857,0.7,-0.08571428571428574
mi,105,version_27,8,stratified,10,42,112,112,0.6828446241995281,0.6939669700033704,0.7178968655207281,0.02392989551735769
mi,105,version_27,8,stratified,10,43,112,112,0.700370744860128,0.7054263565891473,0.6484664644421975,-0.05695989214694985
mi,105,version_27,8,stratified,10,44,112,112,0.745871250421301,0.6498146275699359,0.6990225817323896,0.049207954162453715
mi,105,version_27,8,stratified,10,45,112,112,0.6821705426356589,0.7084597236265588,0.6268958543983822,-0.0815638692281766
mi,105,version_27,8,stratified,10,46,112,112,0.7269969666329625,0.669025952140209,0.5119649477586788,-0.15706100438153014
mi,105,version_27,8,stratified,50,42,92,92,0.6031746031746031,0.6982456140350877,0.7629072681704261,0.06466165413533842
mi,105,version_27,8,stratified,50,43,92,92,0.720734126984127,0.6586466165413534,0.6761904761904761,0.01754385964912275
mi,105,version_27,8,stratified,50,44,92,92,0.7743055555555556,0.6671679197994987,0.6756892230576441,0.008521303258145374
mi,105,version_27,8,stratified,50,45,92,92,0.6294642857142857,0.7278195488721805,0.6526315789473685,-0.07518796992481203
mi,105,version_27,8,stratified,50,46,92,92,0.7202380952380953,0.7223057644110276,0.6761904761904762,-0.04611528822055133
mi,105,version_27,8,stratified,100,42,67,67,0.5834896810506567,0.7157598499061915,0.7467166979362101,0.030956848030018635
mi,105,version_27,8,stratified,100,43,67,67,0.6744840525328331,0.7288930581613509,0.7729831144465291,0.04409005628517826
mi,105,version_27,8,stratified,100,44,67,67,0.7223264540337712,0.702626641651032,0.6407129455909943,-0.061913696060037604
mi,105,version_27,8,stratified,100,45,67,67,0.6941838649155723,0.6519699812382739,0.6557223264540337,0.0037523452157598447
mi,105,version_27,8,stratified,100,46,67,67,0.723264540337711,0.7926829268292682,0.7195121951219512,-0.07317073170731703
mi,105,version_27,8,stratified,200,42,17,17,0.6285714285714286,0.5,0.7878787878787878,0.28787878787878785
mi,105,version_27,8,stratified,200,43,17,17,0.6142857142857143,0.6818181818181818,0.7878787878787878,0.10606060606060608
mi,105,version_27,8,stratified,200,44,17,17,0.5714285714285714,0.7575757575757576,0.9393939393939394,0.18181818181818188
mi,105,version_27,8,stratified,200,45,17,17,0.6212121212121212,0.9,0.7571428571428571,-0.1428571428571429
mi,105,version_27,8,stratified,200,46,17,17,0.8939393939393939,0.7142857142857142,0.6714285714285715,-0.042857142857142705
mi,105,version_27,17,stratified,10,42,112,112,0.664644421975059,0.6777890124705089,0.7334007414897202,0.0556117290192113
mi,105,version_27,17,stratified,10,43,112,112,0.657566565554432,0.6700370744860128,0.5369059656218402,-0.13313110886417256
mi,105,version_27,17,stratified,10,44,112,112,0.6548702392989552,0.6616110549376475,0.6565554432086282,-0.005055611729019249
mi,105,version_27,17,stratified,10,45,112,112,0.621840242669363,0.7023929895517357,0.6292551398719245,-0.07313784967981118
mi,105,version_27,17,stratified,10,46,112,112,0.6723963599595552,0.6740815638692282,0.531850353892821,-0.14223120997640726
mi,105,version_27,17,stratified,50,42,92,92,0.6825396825396826,0.6781954887218046,0.7333333333333333,0.05513784461152871
mi,105,version_27,17,stratified,50,43,92,92,0.6626984126984127,0.6661654135338346,0.68671679197995,0.02055137844611532
mi,105,version_27,17,stratified,50,44,92,92,0.6428571428571428,0.6992481203007519,0.731829573934837,0.032581453634085156
mi,105,version_27,17,stratified,50,45,92,92,0.6150793650793651,0.6807017543859649,0.8210526315789474,0.14035087719298245
mi,105,version_27,17,stratified,50,46,92,92,0.7291666666666666,0.6952380952380953,0.7448621553884712,0.049624060150375904
mi,105,version_27,17,stratified,100,42,67,67,0.6791744840525328,0.6613508442776735,0.7936210131332083,0.13227016885553478
mi,105,version_27,17,stratified,100,43,67,67,0.6285178236397748,0.7129455909943715,0.777673545966229,0.06472795497185746
mi,105,version_27,17,stratified,100,44,67,67,0.8161350844277673,0.6941838649155723,0.7439024390243902,0.04971857410881797
mi,105,version_27,17,stratified,100,45,67,67,0.7288930581613509,0.648217636022514,0.7485928705440902,0.10037523452157615
mi,105,version_27,17,stratified,100,46,67,67,0.7298311444652907,0.7157598499061913,0.8217636022514071,0.10600375234521575
mi,105,version_27,17,stratified,200,42,17,17,0.6571428571428571,0.5303030303030303,0.9848484848484849,0.4545454545454546
mi,105,version_27,17,stratified,200,43,17,17,0.6571428571428571,0.5606060606060606,0.8787878787878788,0.31818181818181823
mi,105,version_27,17,stratified,200,44,17,17,0.7857142857142856,0.6515151515151515,0.8181818181818181,0.16666666666666663
mi,105,version_27,17,stratified,200,45,17,17,0.6060606060606061,0.6428571428571428,0.7142857142857143,0.07142857142857151
mi,105,version_27,17,stratified,200,46,17,17,0.8181818181818181,0.35714285714285715,0.5285714285714286,0.17142857142857143
mi,105,version_28,0,stratified,10,42,112,112,0.7330637007077856,0.8692281766093698,0.8213683855746546,-0.04785979103471516
mi,105,version_28,0,stratified,10,43,112,112,0.8193461408830468,0.80788675429727,0.5032018874283788,-0.3046848668688912
mi,105,version_28,0,stratified,10,44,112,112,0.8527131782945736,0.7532861476238625,0.6349848331648129,-0.11830131445904957
mi,105,version_28,0,stratified,10,45,112,112,0.7906976744186046,0.8028311425682507,0.626221772834513,-0.17660936973373775
mi,105,version_28,0,stratified,10,46,112,112,0.8439501179642738,0.7708122682844624,0.43680485338725983,-0.33400741489720254
mi,105,version_28,0,stratified,50,42,92,92,0.7609126984126985,0.8095238095238095,0.8170426065162907,0.007518796992481147
mi,105,version_28,0,stratified,50,43,92,92,0.8283730158730159,0.7764411027568923,0.7824561403508772,0.006015037593984918
mi,105,version_28,0,stratified,50,44,92,92,0.769345238095238,0.8466165413533835,0.8350877192982457,-0.011528822055137833
mi,105,version_28,0,stratified,50,45,92,92,0.7653769841269842,0.7954887218045112,0.8320802005012531,0.03659147869674184
mi,105,version_28,0,stratified,50,46,92,92,0.8625992063492063,0.793483709273183,0.8055137844611528,0.012030075187969835
mi,105,version_28,0,stratified,100,42,67,67,0.7617260787992495,0.8189493433395872,0.8236397748592871,0.004690431519699834
mi,105,version_28,0,stratified,100,43,67,67,0.802063789868668,0.851782363977486,0.876172607879925,0.024390243902439046
mi,105,version_28,0,stratified,100,44,67,67,0.8020637898686679,0.8377110694183865,0.7889305816135085,-0.04878048780487798
mi,105,version_28,0,stratified,100,45,67,67,0.8649155722326454,0.7335834896810507,0.7213883677298312,-0.012195121951219523
mi,105,version_28,0,stratified,100,46,67,67,0.849906191369606,0.8067542213883678,0.8358348968105066,0.02908067542213877
mi,105,version_28,0,stratified,200,42,17,17,0.8428571428571429,0.6818181818181819,0.8181818181818182,0.13636363636363635
mi,105,version_28,0,stratified,200,43,17,17,0.8571428571428572,0.8333333333333333,0.9090909090909092,0.07575757575757591
mi,105,version_28,0,stratified,200,44,17,17,0.7714285714285715,0.9242424242424242,0.8333333333333333,-0.09090909090909094
mi,105,version_28,0,stratified,200,45,17,17,0.7272727272727273,0.8714285714285714,0.8714285714285714,0.0
mi,105,version_28,0,stratified,200,46,17,17,0.9545454545454545,0.7,0.8285714285714285,0.12857142857142856
mi,105,version_28,2,stratified,10,42,112,112,0.7249747219413549,0.8102460397708122,0.7677789012470508,-0.04246713852376138
mi,105,version_28,2,stratified,10,43,112,112,0.7569935962251433,0.7944051230198854,0.4914054600606673,-0.3029996629592181
mi,105,version_28,2,stratified,10,44,112,112,0.7964273677114931,0.741489720256151,0.5995955510616785,-0.1418941691944725
mi,105,version_28,2,stratified,10,45,112,112,0.7495786990225817,0.7745197168857431,0.6029659588810246,-0.1715537580047185
mi,105,version_28,2,stratified,10,46,112,112,0.8136164475901584,0.7360970677451971,0.4169194472531176,-0.31917762049207954
mi,105,version_28,2,stratified,50,42,92,92,0.7217261904761905,0.7829573934837093,0.7639097744360903,-0.01904761904761898
mi,105,version_28,2,stratified,50,43,92,92,0.7981150793650793,0.724812030075188,0.7052631578947368,-0.019548872180451204
mi,105,version_28,2,stratified,50,44,92,92,0.7549603174603174,0.7944862155388471,0.7849624060150375,-0.009523809523809601
mi,105,version_28,2,stratified,50,45,92,92,0.7509920634920635,0.7644110275689222,0.8015037593984964,0.03709273182957418
mi,105,version_28,2,stratified,50,46,92,92,0.7663690476190477,0.7984962406015038,0.8025062656641604,0.004010025062656575
mi,105,version_28,2,stratified,100,42,67,67,0.726078799249531,0.7870544090056286,0.7748592870544091,-0.012195121951219523
mi,105,version_28,2,stratified,100,43,67,67,0.7523452157598498,0.8367729831144466,0.851782363977486,0.015009380863039379
mi,105,version_28,2,stratified,100,44,67,67,0.7795497185741088,0.8133208255159475,0.7692307692307692,-0.04409005628517837
mi,105,version_28,2,stratified,100,45,67,67,0.8330206378986866,0.7298311444652907,0.7054409005628517,-0.024390243902439046
mi,105,version_28,2,stratified,100,46,67,67,0.7898686679174485,0.7692307692307693,0.802063789868668,0.032833020637898724
mi,105,version_28,2,stratified,200,42,17,17,0.8,0.6666666666666666,0.7272727272727273,0.06060606060606066
mi,105,version_28,2,stratified,200,43,17,17,0.6857142857142857,0.8333333333333333,0.8939393939393939,0.06060606060606066
mi,105,version_28,2,stratified,200,44,17,17,0.7714285714285714,0.8333333333333334,0.8484848484848484,0.015151515151515027
mi,105,version_28,2,stratified,200,45,17,17,0.7575757575757576,0.9857142857142858,0.8285714285714285,-0.15714285714285725
mi,105,version_28,2,stratified,200,46,17,17,0.8939393939393939,0.7428571428571429,0.8,0.05714285714285716
mi,105,version_28,4,stratified,10,42,112,112,0.6488035052241321,0.7404785979103471,0.8426019548365352,0.10212335692618812
mi,105,version_28,4,stratified,10,43,112,112,0.7384563532187395,0.6636332996292551,0.6022918773171554,-0.061341422312099714
mi,105,version_28,4,stratified,10,44,112,112,0.78159757330637,0.5985844287158746,0.6359959555106167,0.037411526794742134
mi,105,version_28,4,stratified,10,45,112,112,0.675092686215032,0.7074486012807549,0.7492416582406471,0.041793056959892216
mi,105,version_28,4,stratified,10,46,112,112,0.7809234917425009,0.6164475901584091,0.3602965958881025,-0.25615099427030663
mi,105,version_28,4,stratified,50,42,92,92,0.6840277777777778,0.6942355889724311,0.7478696741854636,0.05363408521303248
mi,105,version_28,4,stratified,50,43,92,92,0.6969246031746031,0.7052631578947368,0.7769423558897244,0.07167919799498756
mi,105,version_28,4,stratified,50,44,92,92,0.6775793650793651,0.6330827067669172,0.6726817042606517,0.03959899749373441
mi,105,version_28,4,stratified,50,45,92,92,0.5739087301587302,0.7152882205513784,0.8225563909774437,0.10726817042606529
mi,105,version_28,4,stratified,50,46,92,92,0.7455357142857143,0.693734335839599,0.780451127819549,0.08671679197994997
mi,105,version_28,4,stratified,100,42,67,67,0.701688555347092,0.7091932457786116,0.801125703564728,0.09193245778611636
mi,105,version_28,4,stratified,100,43,67,67,0.6969981238273921,0.7298311444652908,0.8123827392120075,0.0825515947467167
mi,105,version_28,4,stratified,100,44,67,67,0.6088180112570356,0.7654784240150093,0.7429643527204502,-0.022514071294559068
mi,105,version_28,4,stratified,100,45,67,67,0.7232645403377111,0.6829268292682927,0.6810506566604128,-0.0018761726078799779
mi,105,version_28,4,stratified,100,46,67,67,0.6960600375234521,0.7429643527204504,0.7917448405253285,0.04878048780487809
mi,105,version_28,4,stratified,200,42,17,17,0.8428571428571429,0.5606060606060606,0.8787878787878788,0.31818181818181823
mi,105,version_28,4,stratified,200,43,17,17,0.7,0.6363636363636364,0.9242424242424242,0.28787878787878785
mi,105,version_28,4,stratified,200,44,17,17,0.6714285714285714,0.803030303030303,0.9393939393939393,0.13636363636363635
mi,105,version_28,4,stratified,200,45,17,17,0.5303030303030303,0.6571428571428571,0.8142857142857143,0.15714285714285714
mi,105,version_28,4,stratified,200,46,17,17,0.696969696969697,0.7714285714285715,0.7142857142857142,-0.05714285714285727
mi,105,version_28,8,stratified,10,42,112,112,0.6879002359285473,0.6484664644421976,0.7586788001348163,0.11021233569261868
mi,105,version_28,8,stratified,10,43,112,112,0.6707111560498821,0.688237276710482,0.5979103471520054,-0.09032692955847654
mi,105,version_28,8,stratified,10,44,112,112,0.7114930906639704,0.6275699359622514,0.6268958543983822,-0.0006740815638691666
mi,105,version_28,8,stratified,10,45,112,112,0.6740815638692281,0.679474216380182,0.5325244354566903,-0.14694978092349176
mi,105,version_28,8,stratified,10,46,112,112,0.732726659925851,0.6484664644421976,0.4624199528142905,-0.18604651162790709
mi,105,version_28,8,stratified,50,42,92,92,0.6061507936507937,0.6721804511278195,0.7343358395989975,0.062155388471177964
mi,105,version_28,8,stratified,50,43,92,92,0.6924603174603174,0.6416040100250626,0.7203007518796992,0.0786967418546366
mi,105,version_28,8,stratified,50,44,92,92,0.7108134920634921,0.6711779448621553,0.7598997493734336,0.08872180451127831
mi,105,version_28,8,stratified,50,45,92,92,0.6190476190476191,0.7162907268170426,0.7583959899749374,0.04210526315789476
mi,105,version_28,8,stratified,50,46,92,92,0.6909722222222222,0.7117794486215538,0.7047619047619048,-0.007017543859649034
mi,105,version_28,8,stratified,100,42,67,67,0.6041275797373358,0.6547842401500938,0.7570356472795496,0.1022514071294558
mi,105,version_28,8,stratified,100,43,67,67,0.6181988742964353,0.7288930581613509,0.8170731707317074,0.08818011257035652
mi,105,version_28,8,stratified,100,44,67,67,0.7166979362101313,0.6444652908067542,0.6575984990619137,0.013133208255159512
mi,105,version_28,8,stratified,100,45,67,67,0.7120075046904315,0.6266416510318948,0.6838649155722326,0.05722326454033777
mi,105,version_28,8,stratified,100,46,67,67,0.6754221388367729,0.7523452157598499,0.725140712945591,-0.027204502814258902
mi,105,version_28,8,stratified,200,42,17,17,0.5428571428571429,0.36363636363636365,0.6818181818181818,0.3181818181818181
mi,105,version_28,8,stratified,200,43,17,17,0.5428571428571429,0.6363636363636364,0.8484848484848485,0.21212121212121215
mi,105,version_28,8,stratified,200,44,17,17,0.4714285714285714,0.696969696969697,0.7575757575757576,0.06060606060606055
mi,105,version_28,8,stratified,200,45,17,17,0.696969696969697,0.9,0.7428571428571429,-0.15714285714285714
mi,105,version_28,8,stratified,200,46,17,17,0.696969696969697,0.6714285714285715,0.7857142857142857,0.11428571428571421
mi,105,version_28,17,stratified,10,42,112,112,0.6268958543983821,0.5894843276036401,0.7101449275362319,0.12066059993259182
mi,105,version_28,17,stratified,10,43,112,112,0.587799123693967,0.5857768790023592,0.36097067745197164,-0.22480620155038755
mi,105,version_28,17,stratified,10,44,112,112,0.6167846309403437,0.5534209639366363,0.5419615773508594,-0.011459386585776943
mi,105,version_28,17,stratified,10,45,112,112,0.5604988203572633,0.6349848331648129,0.6434108527131783,0.008426019548365415
mi,105,version_28,17,stratified,10,46,112,112,0.5706100438153017,0.6329625884732052,0.5888102460397708,-0.044152342433434355
mi,105,version_28,17,stratified,50,42,92,92,0.6468253968253969,0.5769423558897243,0.7102756892230577,0.13333333333333341
mi,105,version_28,17,stratified,50,43,92,92,0.6190476190476191,0.5679197994987469,0.68671679197995,0.11879699248120301
mi,105,version_28,17,stratified,50,44,92,92,0.5897817460317459,0.6200501253132832,0.762907268170426,0.1428571428571428
mi,105,version_28,17,stratified,50,45,92,92,0.5788690476190476,0.6571428571428571,0.8010025062656642,0.14385964912280702
mi,105,version_28,17,stratified,50,46,92,92,0.7038690476190476,0.5674185463659148,0.7989974937343358,0.231578947368421
mi,105,version_28,17,stratified,100,42,67,67,0.5525328330206379,0.6350844277673546,0.7664165103189494,0.1313320825515948
mi,105,version_28,17,stratified,100,43,67,67,0.6510318949343339,0.5928705440900564,0.8320825515947468,0.2392120075046904
mi,105,version_28,17,stratified,100,44,67,67,0.6819887429643527,0.6360225140712946,0.7495309568480301,0.11350844277673544
mi,105,version_28,17,stratified,100,45,67,67,0.6763602251407129,0.6210131332082551,0.6388367729831145,0.017823639774859346
mi,105,version_28,17,stratified,100,46,67,67,0.7420262664165104,0.5215759849906192,0.8330206378986869,0.31144465290806767
mi,105,version_28,17,stratified,200,42,17,17,0.6,0.5303030303030303,0.8787878787878788,0.3484848484848485
mi,105,version_28,17,stratified,200,43,17,17,0.5857142857142857,0.3787878787878788,0.9090909090909091,0.5303030303030303
mi,105,version_28,17,stratified,200,44,17,17,0.8285714285714285,0.6212121212121212,0.7424242424242424,0.12121212121212122
mi,105,version_28,17,stratified,200,45,17,17,0.6818181818181818,0.5714285714285714,0.6857142857142857,0.11428571428571432
mi,105,version_28,17,stratified,200,46,17,17,0.7424242424242424,0.3571428571428571,0.6142857142857143,0.25714285714285723
mi,105,version_29,0,stratified,10,42,112,112,0.7522750252780587,0.8584428715874621,0.7971014492753623,-0.061341422312099825
mi,105,version_29,0,stratified,10,43,112,112,0.8392315470171892,0.7944051230198855,0.621840242669363,-0.17256488035052253
mi,105,version_29,0,stratified,10,44,112,112,0.8348500168520391,0.7660936973373778,0.7573306370070778,-0.008763060330299943
mi,105,version_29,0,stratified,10,45,112,112,0.8190091001011122,0.7896865520728009,0.5965621840242669,-0.19312436804853406
mi,105,version_29,0,stratified,10,46,112,112,0.8496798112571622,0.7596899224806201,0.4229861813279407,-0.33670374115267937
mi,105,version_29,0,stratified,50,42,92,92,0.8189484126984127,0.780952380952381,0.7929824561403509,0.012030075187969946
mi,105,version_29,0,stratified,50,43,92,92,0.8452380952380952,0.7864661654135338,0.7313283208020049,-0.05513784461152882
mi,105,version_29,0,stratified,50,44,92,92,0.7648809523809524,0.7959899749373434,0.7944862155388472,-0.0015037593984961184
mi,105,version_29,0,stratified,50,45,92,92,0.7708333333333333,0.8105263157894737,0.8651629072681704,0.054636591478696706
mi,105,version_29,0,stratified,50,46,92,92,0.8164682539682538,0.8155388471177946,0.8601503759398497,0.0446115288220551
mi,105,version_29,0,stratified,100,42,67,67,0.7570356472795496,0.8339587242026266,0.8958724202626642,0.061913696060037604
mi,105,version_29,0,stratified,100,43,67,67,0.8208255159474671,0.8517823639774859,0.8808630393996248,0.02908067542213899
mi,105,version_29,0,stratified,100,44,67,67,0.7636022514071293,0.8161350844277673,0.7833020637898687,-0.03283302063789861
mi,105,version_29,0,stratified,100,45,67,67,0.8536585365853658,0.7551594746716699,0.7476547842401501,-0.0075046904315198
mi,105,version_29,0,stratified,100,46,67,67,0.8630393996247655,0.7936210131332083,0.8105065666041276,0.016885553470919246
mi,105,version_29,0,stratified,200,42,17,17,0.9142857142857143,0.7727272727272727,0.8484848484848484,0.07575757575757569
mi,105,version_29,0,stratified,200,43,17,17,0.8,0.803030303030303,0.8787878787878788,0.0757575757575758
mi,105,version_29,0,stratified,200,44,17,17,0.7428571428571429,0.787878787878788,0.8484848484848484,0.06060606060606044
mi,105,version_29,0,stratified,200,45,17,17,0.696969696969697,0.9857142857142858,0.9571428571428572,-0.02857142857142858
mi,105,version_29,0,stratified,200,46,17,17,0.9545454545454545,0.7714285714285714,0.8714285714285714,0.10000000000000009
mi,105,version_29,2,stratified,10,42,112,112,0.7152005392652511,0.8082237950792046,0.7074486012807549,-0.10077519379844968
mi,105,version_29,2,stratified,10,43,112,112,0.745871250421301,0.7883383889450624,0.6167846309403437,-0.17155375800471862
mi,105,version_29,2,stratified,10,44,112,112,0.7829457364341086,0.7323896191439163,0.7354229861813278,0.0030333670374115274
mi,105,version_29,2,stratified,10,45,112,112,0.7566565554432086,0.7539602291877316,0.5962251432423323,-0.1577350859453993
mi,105,version_29,2,stratified,10,46,112,112,0.7940680822379508,0.7310414560161779,0.5123019885406135,-0.2187394674755644
mi,105,version_29,2,stratified,50,42,92,92,0.777281746031746,0.7598997493734335,0.7899749373433583,0.03007518796992481
mi,105,version_29,2,stratified,50,43,92,92,0.7971230158730158,0.7182957393483709,0.7288220551378446,0.010526315789473717
mi,105,version_29,2,stratified,50,44,92,92,0.7400793650793651,0.7398496240601503,0.7969924812030076,0.05714285714285727
mi,105,version_29,2,stratified,50,45,92,92,0.7475198412698413,0.7503759398496241,0.8290726817042606,0.07869674185463649
mi,105,version_29,2,stratified,50,46,92,92,0.7321428571428571,0.8230576441102757,0.8917293233082707,0.068671679197995
mi,105,version_29,2,stratified,100,42,67,67,0.7598499061913695,0.7823639774859287,0.8724202626641651,0.09005628517823638
mi,105,version_29,2,stratified,100,43,67,67,0.7814258911819887,0.8086303939962477,0.8677298311444653,0.05909943714821764
mi,105,version_29,2,stratified,100,44,67,67,0.7617260787992495,0.8076923076923077,0.7964352720450281,-0.011257035647279645
mi,105,version_29,2,stratified,100,45,67,67,0.8292682926829268,0.7082551594746715,0.6932457786116323,-0.015009380863039268
mi,105,version_29,2,stratified,100,46,67,67,0.7664165103189493,0.7786116322701688,0.7861163227016885,0.007504690431519689
mi,105,version_29,2,stratified,200,42,17,17,0.9285714285714286,0.6666666666666666,0.7878787878787878,0.12121212121212122
mi,105,version_29,2,stratified,200,43,17,17,0.7428571428571429,0.8181818181818181,0.8636363636363636,0.045454545454545525
mi,105,version_29,2,stratified,200,44,17,17,0.7714285714285714,0.803030303030303,0.8787878787878788,0.0757575757575758
mi,105,version_29,2,stratified,200,45,17,17,0.7424242424242424,0.9428571428571428,0.9571428571428572,0.014285714285714346
mi,105,version_29,2,stratified,200,46,17,17,0.9242424242424242,0.7857142857142857,0.8714285714285713,0.08571428571428563
mi,105,version_29,4,stratified,10,42,112,112,0.731041456016178,0.7499157398045162,0.8193461408830469,0.06943040107853071
mi,105,version_29,4,stratified,10,43,112,112,0.76407145264577,0.7465453319851701,0.6825075834175935,-0.0640377485675766
mi,105,version_29,4,stratified,10,44,112,112,0.7802494101786317,0.6929558476575666,0.7074486012807549,0.01449275362318836
mi,105,version_29,4,stratified,10,45,112,112,0.731041456016178,0.7401415571284126,0.7334007414897202,-0.006740815638692332
mi,105,version_29,4,stratified,10,46,112,112,0.7937310414560161,0.7017189079878666,0.5635321873946748,-0.13818672059319181
mi,105,version_29,4,stratified,50,42,92,92,0.7614087301587301,0.6791979949874686,0.712280701754386,0.03308270676691738
mi,105,version_29,4,stratified,50,43,92,92,0.7876984126984127,0.7583959899749374,0.7914786967418546,0.03308270676691716
mi,105,version_29,4,stratified,50,44,92,92,0.7316468253968254,0.6716791979949874,0.7203007518796992,0.04862155388471179
mi,105,version_29,4,stratified,50,45,92,92,0.7073412698412699,0.7182957393483709,0.793483709273183,0.07518796992481214
mi,105,version_29,4,stratified,50,46,92,92,0.7485119047619047,0.7659147869674185,0.8005012531328322,0.03458646616541361
mi,105,version_29,4,stratified,100,42,67,67,0.7439024390243903,0.7251407129455909,0.7851782363977486,0.06003752345215774
mi,105,version_29,4,stratified,100,43,67,67,0.7795497185741088,0.7607879924953096,0.8302063789868668,0.06941838649155718
mi,105,version_29,4,stratified,100,44,67,67,0.6585365853658537,0.7917448405253283,0.7823639774859287,-0.009380863039399667
mi,105,version_29,4,stratified,100,45,67,67,0.7889305816135085,0.7232645403377111,0.6923076923076923,-0.030956848030018858
mi,105,version_29,4,stratified,100,46,67,67,0.8227016885553471,0.7692307692307693,0.7645403377110696,-0.004690431519699723
mi,105,version_29,4,stratified,200,42,17,17,0.7428571428571429,0.5454545454545454,0.8333333333333334,0.28787878787878796
mi,105,version_29,4,stratified,200,43,17,17,0.7857142857142857,0.712121212121212,0.8939393939393939,0.18181818181818188
mi,105,version_29,4,stratified,200,44,17,17,0.7428571428571429,0.8787878787878788,0.8787878787878787,-1.1102230246251565e-16
mi,105,version_29,4,stratified,200,45,17,17,0.5151515151515151,0.8142857142857143,0.7571428571428571,-0.05714285714285716
mi,105,version_29,4,stratified,200,46,17,17,0.8636363636363635,0.8285714285714285,0.7142857142857143,-0.11428571428571421
mi,105,version_29,8,stratified,10,42,112,112,0.5955510616784632,0.6235254465790361,0.6740815638692282,0.05055611729019216
mi,105,version_29,8,stratified,10,43,112,112,0.6215032018874282,0.6241995281429052,0.5756656555443209,-0.04853387259858433
mi,105,version_29,8,stratified,10,44,112,112,0.6828446241995282,0.551061678463094,0.6400404448938322,0.08897876643073821
mi,105,version_29,8,stratified,10,45,112,112,0.6043141220087631,0.6353218739467477,0.5058982136838558,-0.12942366026289187
mi,105,version_29,8,stratified,10,46,112,112,0.6191439164138861,0.6272328951803168,0.4839905628581058,-0.14324233232221095
mi,105,version_29,8,stratified,50,42,92,92,0.5441468253968254,0.6305764411027569,0.7077694235588973,0.07719298245614037
mi,105,version_29,8,stratified,50,43,92,92,0.6512896825396826,0.580952380952381,0.5719298245614035,-0.009022556390977488
mi,105,version_29,8,stratified,50,44,92,92,0.6726190476190476,0.5854636591478697,0.5318295739348371,-0.05363408521303259
mi,105,version_29,8,stratified,50,45,92,92,0.5416666666666666,0.6451127819548872,0.6982456140350878,0.05313283208020059
mi,105,version_29,8,stratified,50,46,92,92,0.591765873015873,0.6987468671679198,0.6105263157894737,-0.08822055137844609
mi,105,version_29,8,stratified,100,42,67,67,0.5131332082551595,0.6435272045028142,0.7636022514071295,0.12007504690431525
mi,105,version_29,8,stratified,100,43,67,67,0.5956848030018761,0.6838649155722325,0.7551594746716698,0.07129455909943727
mi,105,version_29,8,stratified,100,44,67,67,0.573170731707317,0.6557223264540337,0.6106941838649156,-0.045028142589118136
mi,105,version_29,8,stratified,100,45,67,67,0.6388367729831144,0.572232645403377,0.599437148217636,0.027204502814259013
mi,105,version_29,8,stratified,100,46,67,67,0.6519699812382739,0.7176360225140712,0.5590994371482176,-0.15853658536585358
mi,105,version_29,8,stratified,200,42,17,17,0.5714285714285714,0.6060606060606061,0.6818181818181819,0.0757575757575758
mi,105,version_29,8,stratified,200,43,17,17,0.5857142857142857,0.6363636363636364,0.7272727272727273,0.09090909090909094
mi,105,version_29,8,stratified,200,44,17,17,0.42857142857142855,0.6212121212121212,0.8181818181818181,0.1969696969696969
mi,105,version_29,8,stratified,200,45,17,17,0.5151515151515151,0.7714285714285714,0.6714285714285715,-0.09999999999999987
mi,105,version_29,8,stratified,200,46,17,17,0.803030303030303,0.7714285714285714,0.7285714285714285,-0.042857142857142816
mi,105,version_29,17,stratified,10,42,112,112,0.6747556454330974,0.7064374789349511,0.8584428715874621,0.152005392652511
mi,105,version_29,17,stratified,10,43,112,112,0.6740815638692281,0.688237276710482,0.6215032018874284,-0.0667340748230536
mi,105,version_29,17,stratified,10,44,112,112,0.694304010785305,0.6568924839905628,0.6568924839905629,1.1102230246251565e-16
mi,105,version_29,17,stratified,10,45,112,112,0.6788001348163129,0.7013818672059319,0.6939669700033704,-0.007414897202561499
mi,105,version_29,17,stratified,10,46,112,112,0.6777890124705089,0.6966632962588474,0.6417256488035052,-0.05493764745534213
mi,105,version_29,17,stratified,50,42,92,92,0.7177579365079366,0.6761904761904762,0.7533834586466166,0.07719298245614037
mi,105,version_29,17,stratified,50,43,92,92,0.7237103174603174,0.6802005012531328,0.805513784461153,0.12531328320802015
mi,105,version_29,17,stratified,50,44,92,92,0.6493055555555556,0.7162907268170426,0.7989974937343358,0.08270676691729317
mi,105,version_29,17,stratified,50,45,92,92,0.6984126984126984,0.7097744360902256,0.8145363408521302,0.10476190476190461
mi,105,version_29,17,stratified,50,46,92,92,0.7619047619047619,0.68671679197995,0.7528822055137845,0.06616541353383454
mi,105,version_29,17,stratified,100,42,67,67,0.6463414634146342,0.7073170731707318,0.7814258911819888,0.07410881801125702
mi,105,version_29,17,stratified,100,43,67,67,0.722326454033771,0.7148217636022515,0.8142589118198875,0.09943714821763605
mi,105,version_29,17,stratified,100,44,67,67,0.7692307692307693,0.722326454033771,0.7908067542213884,0.0684803001876173
mi,105,version_29,17,stratified,100,45,67,67,0.7833020637898687,0.6838649155722326,0.7101313320825516,0.026266416510319024
mi,105,version_29,17,stratified,100,46,67,67,0.7382739212007504,0.7091932457786116,0.8527204502814258,0.1435272045028142
mi,105,version_29,17,stratified,200,42,17,17,0.5428571428571429,0.5303030303030303,0.8787878787878788,0.3484848484848485
mi,105,version_29,17,stratified,200,43,17,17,0.7714285714285714,0.4090909090909091,0.8939393939393939,0.4848484848484848
mi,105,version_29,17,stratified,200,44,17,17,0.7857142857142857,0.7575757575757576,0.8181818181818182,0.06060606060606066
mi,105,version_29,17,stratified,200,45,17,17,0.6666666666666667,0.7142857142857143,0.7714285714285714,0.05714285714285705
mi,105,version_29,17,stratified,200,46,17,17,0.8939393939393939,0.41428571428571426,0.5285714285714286,0.11428571428571432
mi,105,version_30,0,stratified,10,42,112,112,0.7526120660599932,0.8870913380519043,0.6879002359285473,-0.199191102123357
mi,105,version_30,0,stratified,10,43,112,112,0.8415908324907313,0.7890124705089316,0.6016177957532862,-0.18739467475564542
mi,105,version_30,0,stratified,10,44,112,112,0.8496798112571621,0.7765419615773509,0.7162116616110549,-0.06033029996629602
mi,105,version_30,0,stratified,10,45,112,112,0.81664981462757,0.7987866531850354,0.6740815638692281,-0.12470508931580726
mi,105,version_30,0,stratified,10,46,112,112,0.8496798112571621,0.7815975733063701,0.4378159757330637,-0.34378159757330645
mi,105,version_30,0,stratified,50,42,92,92,0.7757936507936507,0.8456140350877193,0.8115288220551379,-0.034085213032581385
mi,105,version_30,0,stratified,50,43,92,92,0.8338293650793651,0.8025062656641604,0.7954887218045112,-0.007017543859649145
mi,105,version_30,0,stratified,50,44,92,92,0.7872023809523809,0.8325814536340852,0.8516290726817043,0.01904761904761909
mi,105,version_30,0,stratified,50,45,92,92,0.7693452380952381,0.8225563909774436,0.8365914786967419,0.01403508771929829
mi,105,version_30,0,stratified,50,46,92,92,0.8511904761904763,0.8315789473684211,0.7814536340852131,-0.05012531328320802
mi,105,version_30,0,stratified,100,42,67,67,0.7673545966228893,0.8639774859287055,0.8555347091932457,-0.00844277673545979
mi,105,version_30,0,stratified,100,43,67,67,0.8405253283302064,0.8461538461538461,0.8367729831144466,-0.009380863039399556
mi,105,version_30,0,stratified,100,44,67,67,0.801125703564728,0.8461538461538463,0.7954971857410882,-0.05065666041275807
mi,105,version_30,0,stratified,100,45,67,67,0.8574108818011257,0.7711069418386491,0.7579737335834897,-0.013133208255159401
mi,105,version_30,0,stratified,100,46,67,67,0.8433395872420263,0.8470919324577861,0.8133208255159474,-0.03377110694183871
mi,105,version_30,0,stratified,200,42,17,17,0.8428571428571429,0.7272727272727273,0.7727272727272727,0.045454545454545414
mi,105,version_30,0,stratified,200,43,17,17,0.7999999999999999,0.7575757575757576,0.9696969696969697,0.21212121212121215
mi,105,version_30,0,stratified,200,44,17,17,0.7857142857142857,0.8484848484848484,0.803030303030303,-0.045454545454545414
mi,105,version_30,0,stratified,200,45,17,17,0.8181818181818181,0.9428571428571428,0.9857142857142858,0.04285714285714293
mi,105,version_30,0,stratified,200,46,17,17,0.9242424242424242,0.7428571428571429,0.8571428571428571,0.11428571428571421
mi,105,version_30,2,stratified,10,42,112,112,0.7532861476238626,0.8749578699022581,0.6632962588473206,-0.21166161105493753
mi,105,version_30,2,stratified,10,43,112,112,0.8233906302662621,0.8142905291540277,0.6285810583080553,-0.18570947084597234
mi,105,version_30,2,stratified,10,44,112,112,0.8422649140546006,0.7896865520728008,0.6626221772834513,-0.1270643747893495
mi,105,version_30,2,stratified,10,45,112,112,0.8021570610043816,0.8065385911695314,0.6511627906976745,-0.15537580047185695
mi,105,version_30,2,stratified,10,46,112,112,0.8291203235591507,0.8065385911695315,0.566902595214021,-0.23963599595551055
mi,105,version_30,2,stratified,50,42,92,92,0.7638888888888888,0.8486215538847117,0.8055137844611528,-0.04310776942355887
mi,105,version_30,2,stratified,50,43,92,92,0.8452380952380952,0.7984962406015037,0.768922305764411,-0.029573934837092697
mi,105,version_30,2,stratified,50,44,92,92,0.8129960317460317,0.8270676691729324,0.8230576441102757,-0.004010025062656686
mi,105,version_30,2,stratified,50,45,92,92,0.7703373015873015,0.8385964912280702,0.8390977443609023,0.0005012531328321135
mi,105,version_30,2,stratified,50,46,92,92,0.824404761904762,0.8350877192982457,0.7954887218045112,-0.03959899749373441
mi,105,version_30,2,stratified,100,42,67,67,0.7804878048780488,0.8330206378986866,0.8142589118198874,-0.018761726078799223
mi,105,version_30,2,stratified,100,43,67,67,0.8574108818011257,0.8621013133208255,0.8724202626641651,0.010318949343339545
mi,105,version_30,2,stratified,100,44,67,67,0.8217636022514072,0.8583489681050657,0.8048780487804879,-0.053470919324577815
mi,105,version_30,2,stratified,100,45,67,67,0.8686679174484052,0.7908067542213884,0.7288930581613509,-0.06191369606003749
mi,105,version_30,2,stratified,100,46,67,67,0.8114446529080676,0.8405253283302063,0.8058161350844277,-0.03470919324577859
mi,105,version_30,2,stratified,200,42,17,17,0.8571428571428571,0.7272727272727273,0.7121212121212122,-0.015151515151515138
mi,105,version_30,2,stratified,200,43,17,17,0.7714285714285714,0.7878787878787878,0.8939393939393939,0.10606060606060608
mi,105,version_30,2,stratified,200,44,17,17,0.8285714285714285,0.8939393939393939,0.8484848484848484,-0.045454545454545525
mi,105,version_30,2,stratified,200,45,17,17,0.8181818181818181,0.9714285714285715,0.9428571428571428,-0.028571428571428692
mi,105,version_30,2,stratified,200,46,17,17,0.8787878787878788,0.7428571428571429,0.8142857142857143,0.0714285714285714
mi,105,version_30,4,stratified,10,42,112,112,0.6498146275699359,0.7795753286147624,0.7849679811257162,0.005392652510953777
mi,105,version_30,4,stratified,10,43,112,112,0.7573306370070778,0.7020559487698012,0.6474553420963937,-0.05460060667340749
mi,105,version_30,4,stratified,10,44,112,112,0.7516009437141894,0.689922480620155,0.6798112571621167,-0.010111223458038388
mi,105,version_30,4,stratified,10,45,112,112,0.7381193124368048,0.6983485001685203,0.7229524772497472,0.024603977081226858
mi,105,version_30,4,stratified,10,46,112,112,0.7772160431412201,0.6710481968318167,0.39265251095382536,-0.27839568587799135
mi,105,version_30,4,stratified,50,42,92,92,0.6403769841269842,0.7503759398496241,0.7488721804511278,-0.0015037593984963404
mi,105,version_30,4,stratified,50,43,92,92,0.7574404761904762,0.7167919799498748,0.6721804511278195,-0.04461152882205521
mi,105,version_30,4,stratified,50,44,92,92,0.7237103174603174,0.6576441102756891,0.649624060150376,-0.00802005012531315
mi,105,version_30,4,stratified,50,45,92,92,0.6433531746031746,0.743358395989975,0.7729323308270677,0.029573934837092697
mi,105,version_30,4,stratified,50,46,92,92,0.7256944444444444,0.7588972431077694,0.7528822055137845,-0.006015037593984918
mi,105,version_30,4,stratified,100,42,67,67,0.699812382739212,0.7523452157598499,0.7354596622889306,-0.016885553470919357
mi,105,version_30,4,stratified,100,43,67,67,0.7270168855534709,0.7814258911819888,0.7148217636022514,-0.06660412757973744
mi,105,version_30,4,stratified,100,44,67,67,0.6538461538461539,0.7682926829268293,0.7701688555347093,0.0018761726078799779
mi,105,version_30,4,stratified,100,45,67,67,0.7814258911819887,0.7195121951219512,0.6613508442776735,-0.05816135084427765
mi,105,version_30,4,stratified,100,46,67,67,0.7326454033771108,0.7861163227016885,0.7514071294559099,-0.03470919324577859
mi,105,version_30,4,stratified,200,42,17,17,0.7571428571428571,0.4696969696969697,0.7878787878787878,0.3181818181818181
mi,105,version_30,4,stratified,200,43,17,17,0.5571428571428572,0.5606060606060606,0.7272727272727272,0.16666666666666663
mi,105,version_30,4,stratified,200,44,17,17,0.6285714285714286,0.7878787878787878,0.9696969696969696,0.18181818181818177
mi,105,version_30,4,stratified,200,45,17,17,0.6212121212121212,0.9,0.7857142857142857,-0.11428571428571432
mi,105,version_30,4,stratified,200,46,17,17,0.7424242424242424,0.7285714285714285,0.7142857142857143,-0.014285714285714235
mi,105,version_30,8,stratified,10,42,112,112,0.6403774856757667,0.6518368722615436,0.6646444219750589,0.012807549713515276
mi,105,version_30,8,stratified,10,43,112,112,0.6444219750589821,0.6744186046511629,0.5244354566902596,-0.14998314796090328
mi,105,version_30,8,stratified,10,44,112,112,0.669025952140209,0.6309403437815976,0.6171216717222784,-0.013818672059319193
mi,105,version_30,8,stratified,10,45,112,112,0.6582406471183013,0.6430738119312436,0.5254465790360634,-0.11762723289518018
mi,105,version_30,8,stratified,10,46,112,112,0.6531850353892821,0.6639703404111899,0.42635658914728686,-0.237613751263903
mi,105,version_30,8,stratified,50,42,92,92,0.5709325396825397,0.6827067669172933,0.6827067669172933,0.0
mi,105,version_30,8,stratified,50,43,92,92,0.6969246031746033,0.6205513784461153,0.5979949874686717,-0.022556390977443552
mi,105,version_30,8,stratified,50,44,92,92,0.7222222222222222,0.6666666666666666,0.5739348370927319,-0.09273182957393478
mi,105,version_30,8,stratified,50,45,92,92,0.5907738095238095,0.675187969924812,0.6155388471177945,-0.05964912280701751
mi,105,version_30,8,stratified,50,46,92,92,0.6592261904761905,0.693233082706767,0.5889724310776943,-0.10426065162907272
mi,105,version_30,8,stratified,100,42,67,67,0.5159474671669794,0.7195121951219512,0.7082551594746717,-0.011257035647279534
mi,105,version_30,8,stratified,100,43,67,67,0.6472795497185742,0.6913696060037524,0.700750469043152,0.009380863039399556
mi,105,version_30,8,stratified,100,44,67,67,0.6969981238273921,0.7251407129455909,0.5469043151969981,-0.1782363977485928
mi,105,version_30,8,stratified,100,45,67,67,0.6510318949343339,0.6200750469043151,0.6031894934333959,-0.016885553470919246
mi,105,version_30,8,stratified,100,46,67,67,0.6425891181988743,0.7776735459662288,0.6566604127579738,-0.12101313320825502
mi,105,version_30,8,stratified,200,42,17,17,0.4714285714285714,0.3939393939393939,0.5757575757575757,0.18181818181818177
mi,105,version_30,8,stratified,200,43,17,17,0.5571428571428572,0.4545454545454546,0.7121212121212122,0.25757575757575757
mi,105,version_30,8,stratified,200,44,17,17,0.6428571428571428,0.803030303030303,0.8333333333333333,0.030303030303030276
mi,105,version_30,8,stratified,200,45,17,17,0.5757575757575757,0.8999999999999999,0.7428571428571429,-0.15714285714285703
mi,105,version_30,8,stratified,200,46,17,17,0.8636363636363636,0.6571428571428571,0.6571428571428571,0.0
mi,105,version_30,17,stratified,10,42,112,112,0.6265588136164477,0.7023929895517358,0.6521739130434783,-0.05021907650825752
mi,105,version_30,17,stratified,10,43,112,112,0.6289180990899899,0.6916076845298281,0.5466801482979441,-0.14492753623188404
mi,105,version_30,17,stratified,10,44,112,112,0.6258847320525784,0.6939669700033704,0.664644421975059,-0.029322548028311357
mi,105,version_30,17,stratified,10,45,112,112,0.6450960566228514,0.6811594202898551,0.57195820694304,-0.1092012133468151
mi,105,version_30,17,stratified,10,46,112,112,0.7061004381530165,0.6410515672396361,0.4368048533872599,-0.2042467138523762
mi,105,version_30,17,stratified,50,42,92,92,0.6602182539682541,0.7162907268170426,0.6807017543859649,-0.035588972431077726
mi,105,version_30,17,stratified,50,43,92,92,0.6865079365079365,0.6601503759398496,0.7328320802005012,0.07268170426065157
mi,105,version_30,17,stratified,50,44,92,92,0.6155753968253969,0.7428571428571429,0.7027568922305765,-0.040100250626566414
mi,105,version_30,17,stratified,50,45,92,92,0.6468253968253967,0.7047619047619047,0.6791979949874687,-0.02556390977443601
mi,105,version_30,17,stratified,50,46,92,92,0.7192460317460317,0.6902255639097745,0.7283208020050125,0.03809523809523796
mi,105,version_30,17,stratified,100,42,67,67,0.6350844277673546,0.7045028142589119,0.700750469043152,-0.0037523452157599557
mi,105,version_30,17,stratified,100,43,67,67,0.6416510318949343,0.6913696060037524,0.8377110694183866,0.14634146341463417
mi,105,version_30,17,stratified,100,44,67,67,0.8039399624765479,0.7298311444652908,0.775797373358349,0.045966228893058125
mi,105,version_30,17,stratified,100,45,67,67,0.7120075046904315,0.6791744840525329,0.6303939962476548,-0.04878048780487809
mi,105,version_30,17,stratified,100,46,67,67,0.699812382739212,0.7363977485928705,0.775797373358349,0.039399624765478425
mi,105,version_30,17,stratified,200,42,17,17,0.5714285714285714,0.5151515151515151,0.8181818181818181,0.303030303030303
mi,105,version_30,17,stratified,200,43,17,17,0.6142857142857143,0.5757575757575757,1.0,0.4242424242424243
mi,105,version_30,17,stratified,200,44,17,17,0.7714285714285714,0.6666666666666666,0.803030303030303,0.13636363636363635
mi,105,version_30,17,stratified,200,45,17,17,0.6818181818181819,0.6714285714285714,0.7857142857142857,0.11428571428571432
mi,105,version_30,17,stratified,200,46,17,17,0.8181818181818181,0.5142857142857142,0.5857142857142856,0.0714285714285714
mi,105,version_41,0,stratified,10,42,112,112,0.7549713515335356,0.875968992248062,0.8021570610043814,-0.07381193124368057
mi,105,version_41,0,stratified,10,43,112,112,0.8452982810920121,0.8001348163127738,0.5557802494101787,-0.24435456690259516
mi,105,version_41,0,stratified,10,44,112,112,0.8399056285810583,0.7795753286147624,0.7596899224806202,-0.019885406134142247
mi,105,version_41,0,stratified,10,45,112,112,0.8062015503875969,0.831479609032693,0.6285810583080552,-0.2028985507246378
mi,105,version_41,0,stratified,10,46,112,112,0.8446241995281428,0.7984496124031008,0.688237276710482,-0.11021233569261879
mi,105,version_41,0,stratified,50,42,92,92,0.8179563492063492,0.7974937343358396,0.8120300751879699,0.014536340852130292
mi,105,version_41,0,stratified,50,43,92,92,0.826388888888889,0.7974937343358396,0.8035087719298245,0.006015037593984918
mi,105,version_41,0,stratified,50,44,92,92,0.7703373015873015,0.8220551378446116,0.8536340852130325,0.03157894736842093
mi,105,version_41,0,stratified,50,45,92,92,0.7817460317460317,0.8421052631578947,0.8401002506265663,-0.002005012531328343
mi,105,version_41,0,stratified,50,46,92,92,0.8427579365079365,0.831077694235589,0.850125313283208,0.01904761904761898
mi,105,version_41,0,stratified,100,42,67,67,0.7842401500938087,0.8414634146341464,0.8649155722326454,0.023452157598498946
mi,105,version_41,0,stratified,100,43,67,67,0.7898686679174485,0.8630393996247654,0.9090056285178236,0.045966228893058236
mi,105,version_41,0,stratified,100,44,67,67,0.7607879924953095,0.8442776735459663,0.8217636022514071,-0.02251407129455918
mi,105,version_41,0,stratified,100,45,67,67,0.8714821763602251,0.7851782363977486,0.7551594746716698,-0.03001876172607887
mi,105,version_41,0,stratified,100,46,67,67,0.8433395872420263,0.8273921200750469,0.8339587242026266,0.0065666041275797005
mi,105,version_41,0,stratified,200,42,17,17,0.8999999999999999,0.803030303030303,0.8333333333333334,0.030303030303030387
mi,105,version_41,0,stratified,200,43,17,17,0.7285714285714285,0.8181818181818181,0.9545454545454545,0.13636363636363635
mi,105,version_41,0,stratified,200,44,17,17,0.8,0.8181818181818181,0.7878787878787878,-0.030303030303030276
mi,105,version_41,0,stratified,200,45,17,17,0.6666666666666666,0.9714285714285715,0.9571428571428571,-0.014285714285714457
mi,105,version_41,0,stratified,200,46,17,17,0.9242424242424242,0.7285714285714285,0.8285714285714285,0.09999999999999998
mi,105,version_41,2,stratified,10,42,112,112,0.7364341085271318,0.8419278732726659,0.7492416582406471,-0.09268621503201879
mi,105,version_41,2,stratified,10,43,112,112,0.7802494101786316,0.8055274688237276,0.5803842264914054,-0.2251432423323222
mi,105,version_41,2,stratified,10,44,112,112,0.797438490057297,0.7647455342096394,0.7654196157735086,0.0006740815638691666
mi,105,version_41,2,stratified,10,45,112,112,0.7728345129760701,0.7950792045837547,0.6302662622177283,-0.1648129423660264
mi,105,version_41,2,stratified,10,46,112,112,0.8014829794405123,0.7805864509605662,0.6093697337377822,-0.17121671722278398
mi,105,version_41,2,stratified,50,42,92,92,0.7723214285714286,0.7884711779448621,0.7834586466165414,-0.005012531328320691
mi,105,version_41,2,stratified,50,43,92,92,0.8293650793650793,0.7418546365914787,0.7719298245614035,0.03007518796992481
mi,105,version_41,2,stratified,50,44,92,92,0.7787698412698413,0.7654135338345864,0.8095238095238095,0.0441102756892231
mi,105,version_41,2,stratified,50,45,92,92,0.7663690476190477,0.8230576441102757,0.8245614035087719,0.0015037593984962294
mi,105,version_41,2,stratified,50,46,92,92,0.8015873015873016,0.8130325814536341,0.8320802005012531,0.01904761904761898
mi,105,version_41,2,stratified,100,42,67,67,0.7260787992495309,0.8302063789868668,0.8302063789868668,0.0
mi,105,version_41,2,stratified,100,43,67,67,0.7589118198874296,0.850844277673546,0.9080675422138836,0.05722326454033766
mi,105,version_41,2,stratified,100,44,67,67,0.7504690431519699,0.848968105065666,0.8161350844277673,-0.032833020637898724
mi,105,version_41,2,stratified,100,45,67,67,0.8771106941838649,0.7467166979362101,0.7091932457786116,-0.03752345215759845
mi,105,version_41,2,stratified,100,46,67,67,0.8039399624765479,0.798311444652908,0.7926829268292683,-0.0056285178236397115
mi,105,version_41,2,stratified,200,42,17,17,0.942857142857143,0.7272727272727273,0.7424242424242424,0.015151515151515138
mi,105,version_41,2,stratified,200,43,17,17,0.7,0.7575757575757576,0.8939393939393939,0.13636363636363635
mi,105,version_41,2,stratified,200,44,17,17,0.7571428571428571,0.8181818181818181,0.8333333333333333,0.015151515151515138
mi,105,version_41,2,stratified,200,45,17,17,0.696969696969697,0.9571428571428571,0.9285714285714285,-0.02857142857142858
mi,105,version_41,2,stratified,200,46,17,17,0.9242424242424242,0.7571428571428571,0.8142857142857143,0.05714285714285716
mi,105,version_41,4,stratified,10,42,112,112,0.6703741152679474,0.7765419615773508,0.7259858442871586,-0.05055611729019216
mi,105,version_41,4,stratified,10,43,112,112,0.7505898213683855,0.7148634984833164,0.5719582069430401,-0.1429052915402763
mi,105,version_41,4,stratified,10,44,112,112,0.7441860465116279,0.704752275025278,0.6895854398382205,-0.015166835187057526
mi,105,version_41,4,stratified,10,45,112,112,0.7266599258510279,0.7185709470845972,0.6592517694641051,-0.0593191776204921
mi,105,version_41,4,stratified,10,46,112,112,0.7917087967644086,0.6720593191776205,0.40175261206606006,-0.27030670711156046
mi,105,version_41,4,stratified,50,42,92,92,0.7152777777777779,0.6932330827067669,0.7258145363408521,0.03258145363408527
mi,105,version_41,4,stratified,50,43,92,92,0.7063492063492064,0.7333333333333334,0.7027568922305765,-0.030576441102756924
mi,105,version_41,4,stratified,50,44,92,92,0.685515873015873,0.6771929824561403,0.6776942355889723,0.0005012531328320025
mi,105,version_41,4,stratified,50,45,92,92,0.664186507936508,0.7293233082706767,0.7669172932330827,0.03759398496240596
mi,105,version_41,4,stratified,50,46,92,92,0.7276785714285715,0.7568922305764411,0.7568922305764412,1.1102230246251565e-16
mi,105,version_41,4,stratified,100,42,67,67,0.6660412757973734,0.7542213883677298,0.7457786116322702,-0.008442776735459567
mi,105,version_41,4,stratified,100,43,67,67,0.6932457786116323,0.7917448405253283,0.8189493433395874,0.027204502814259013
mi,105,version_41,4,stratified,100,44,67,67,0.6397748592870545,0.7551594746716699,0.7532833020637899,-0.0018761726078799779
mi,105,version_41,4,stratified,100,45,67,67,0.8264540337711069,0.650093808630394,0.649155722326454,-0.0009380863039399889
mi,105,version_41,4,stratified,100,46,67,67,0.7936210131332083,0.7767354596622889,0.7532833020637899,-0.023452157598498946
mi,105,version_41,4,stratified,200,42,17,17,0.7285714285714285,0.5606060606060606,0.6515151515151515,0.09090909090909094
mi,105,version_41,4,stratified,200,43,17,17,0.6857142857142857,0.712121212121212,0.7727272727272727,0.06060606060606066
mi,105,version_41,4,stratified,200,44,17,17,0.5857142857142856,0.8333333333333334,0.8787878787878788,0.045454545454545414
mi,105,version_41,4,stratified,200,45,17,17,0.5303030303030303,0.8857142857142857,0.8142857142857143,-0.0714285714285714
mi,105,version_41,4,stratified,200,46,17,17,0.8181818181818181,0.7428571428571429,0.7285714285714285,-0.014285714285714346
mi,105,version_41,8,stratified,10,42,112,112,0.5982473879339401,0.6221772834512975,0.6579036063363667,0.03572632288506916
mi,105,version_41,8,stratified,10,43,112,112,0.6167846309403437,0.6258847320525783,0.5244354566902595,-0.10144927536231885
mi,105,version_41,8,stratified,10,44,112,112,0.6491405460060667,0.5931917762049208,0.5331985170205594,-0.05999325918436138
mi,105,version_41,8,stratified,10,45,112,112,0.6090326929558477,0.6356589147286822,0.48938321536905965,-0.14627569935962254
mi,105,version_41,8,stratified,10,46,112,112,0.6508257499157397,0.6016177957532862,0.4668014829794405,-0.1348163127738457
mi,105,version_41,8,stratified,50,42,92,92,0.533234126984127,0.6401002506265665,0.6862155388471178,0.04611528822055133
mi,105,version_41,8,stratified,50,43,92,92,0.6413690476190477,0.574937343358396,0.5182957393483709,-0.05664160401002505
mi,105,version_41,8,stratified,50,44,92,92,0.6830357142857143,0.5929824561403509,0.5338345864661654,-0.059147869674185505
mi,105,version_41,8,stratified,50,45,92,92,0.5838293650793651,0.6421052631578947,0.6030075187969925,-0.03909774436090219
mi,105,version_41,8,stratified,50,46,92,92,0.6235119047619048,0.6812030075187969,0.5934837092731831,-0.08771929824561386
mi,105,version_41,8,stratified,100,42,67,67,0.525328330206379,0.6726078799249531,0.7129455909943714,0.0403377110694183
mi,105,version_41,8,stratified,100,43,67,67,0.5609756097560976,0.6848030018761726,0.6979362101313321,0.013133208255159512
mi,105,version_41,8,stratified,100,44,67,67,0.6163227016885554,0.651031894934334,0.5590994371482176,-0.09193245778611636
mi,105,version_41,8,stratified,100,45,67,67,0.6519699812382739,0.5581613508442778,0.6116322701688556,0.053470919324577815
mi,105,version_41,8,stratified,100,46,67,67,0.6388367729831144,0.7185741088180113,0.6378986866791745,-0.08067542213883683
mi,105,version_41,8,stratified,200,42,17,17,0.6428571428571428,0.4545454545454546,0.6818181818181819,0.2272727272727273
mi,105,version_41,8,stratified,200,43,17,17,0.5714285714285714,0.5757575757575758,0.8636363636363636,0.28787878787878785
mi,105,version_41,8,stratified,200,44,17,17,0.5142857142857142,0.7575757575757576,0.7121212121212122,-0.045454545454545414
mi,105,version_41,8,stratified,200,45,17,17,0.5,0.8142857142857143,0.7142857142857143,-0.09999999999999998
mi,105,version_41,8,stratified,200,46,17,17,0.7727272727272727,0.7,0.6714285714285714,-0.02857142857142858
mi,105,version_41,17,stratified,10,42,112,112,0.6562184024266936,0.6565554432086282,0.7971014492753623,0.14054600606673406
mi,105,version_41,17,stratified,10,43,112,112,0.6282440175261206,0.664644421975059,0.7266599258510279,0.06201550387596888
mi,105,version_41,17,stratified,10,44,112,112,0.6444219750589821,0.6461071789686552,0.5571284125379171,-0.0889787664307381
mi,105,version_41,17,stratified,10,45,112,112,0.6238624873609706,0.6774519716885743,0.6332996292551398,-0.044152342433434466
mi,105,version_41,17,stratified,10,46,112,112,0.6599258510279744,0.647118301314459,0.6673407482305359,0.020222446916076886
mi,105,version_41,17,stratified,50,42,92,92,0.6924603174603174,0.6601503759398496,0.6842105263157895,0.024060150375939893
mi,105,version_41,17,stratified,50,43,92,92,0.6686507936507937,0.6411027568922305,0.7784461152882206,0.1373433583959901
mi,105,version_41,17,stratified,50,44,92,92,0.6324404761904763,0.6786967418546366,0.7639097744360903,0.08521303258145374
mi,105,version_41,17,stratified,50,45,92,92,0.6240079365079365,0.6897243107769424,0.799498746867168,0.10977443609022564
mi,105,version_41,17,stratified,50,46,92,92,0.6979166666666666,0.6731829573934838,0.7839598997493734,0.11077694235588964
mi,105,version_41,17,stratified,100,42,67,67,0.6716697936210132,0.6651031894934334,0.8086303939962476,0.1435272045028142
mi,105,version_41,17,stratified,100,43,67,67,0.7026266416510318,0.6810506566604128,0.8151969981238274,0.13414634146341464
mi,105,version_41,17,stratified,100,44,67,67,0.6801125703564728,0.7823639774859287,0.776735459662289,-0.0056285178236397115
mi,105,version_41,17,stratified,100,45,67,67,0.724202626641651,0.6407129455909943,0.6913696060037524,0.05065666041275807
mi,105,version_41,17,stratified,100,46,67,67,0.697936210131332,0.7213883677298312,0.7823639774859288,0.060975609756097615
mi,105,version_41,17,stratified,200,42,17,17,0.6428571428571428,0.5606060606060606,0.9090909090909091,0.3484848484848485
mi,105,version_41,17,stratified,200,43,17,17,0.6428571428571428,0.7272727272727273,1.0,0.2727272727272727
mi,105,version_41,17,stratified,200,44,17,17,0.8714285714285714,0.6363636363636364,0.8939393939393939,0.25757575757575757
mi,105,version_41,17,stratified,200,45,17,17,0.7727272727272727,0.7,0.7714285714285715,0.07142857142857151
mi,105,version_41,17,stratified,200,46,17,17,0.8181818181818181,0.4714285714285714,0.4857142857142857,0.01428571428571429
mi,106,version_27,0,stratified,10,42,112,112,0.775530839231547,0.8422649140546006,0.7617121671722279,-0.08055274688237268
mi,106,version_27,0,stratified,10,43,112,112,0.8247387933940007,0.7883383889450624,0.7627232895180317,-0.025615099427030663
mi,106,version_27,0,stratified,10,44,112,112,0.81664981462757,0.8062015503875969,0.8176609369733738,0.011459386585776943
mi,106,version_27,0,stratified,10,45,112,112,0.8122682844624199,0.8237276710481969,0.7061004381530165,-0.1176272328951804
mi,106,version_27,0,stratified,10,46,112,112,0.8314796090326929,0.7896865520728008,0.5989214694978092,-0.19076508257499158
mi,106,version_27,0,stratified,50,42,92,92,0.8353174603174603,0.8245614035087719,0.793984962406015,-0.030576441102756924
mi,106,version_27,0,stratified,50,43,92,92,0.8407738095238095,0.818546365914787,0.8411027568922306,0.022556390977443552
mi,106,version_27,0,stratified,50,44,92,92,0.7366071428571429,0.8481203007518797,0.8887218045112781,0.040601503759398416
mi,106,version_27,0,stratified,50,45,92,92,0.8288690476190477,0.7914786967418546,0.8215538847117794,0.03007518796992481
mi,106,version_27,0,stratified,50,46,92,92,0.7906746031746033,0.8280701754385965,0.8025062656641604,-0.025563909774436122
mi,106,version_27,0,stratified,100,42,67,67,0.8189493433395872,0.8696060037523452,0.8142589118198875,-0.05534709193245768
mi,106,version_27,0,stratified,100,43,67,67,0.8386491557223265,0.8208255159474671,0.8048780487804879,-0.015947467166979257
mi,106,version_27,0,stratified,100,44,67,67,0.8067542213883677,0.8292682926829269,0.874296435272045,0.045028142589118136
mi,106,version_27,0,stratified,100,45,67,67,0.8630393996247656,0.797373358348968,0.8161350844277674,0.018761726078799335
mi,106,version_27,0,stratified,100,46,67,67,0.9343339587242027,0.7645403377110694,0.8208255159474671,0.05628517823639767
mi,106,version_27,0,stratified,200,42,17,17,0.7142857142857143,0.696969696969697,0.8333333333333333,0.13636363636363624
mi,106,version_27,0,stratified,200,43,17,17,0.8428571428571427,1.0,1.0,0.0
mi,106,version_27,0,stratified,200,44,17,17,0.8142857142857143,1.0,0.9545454545454546,-0.045454545454545414
mi,106,version_27,0,stratified,200,45,17,17,0.7575757575757576,0.8857142857142857,0.8285714285714285,-0.05714285714285716
mi,106,version_27,0,stratified,200,46,17,17,0.8333333333333333,0.9285714285714285,0.8571428571428572,-0.07142857142857129
mi,106,version_27,2,stratified,10,42,112,112,0.8142905291540277,0.8415908324907313,0.7569935962251433,-0.08459723626558802
mi,106,version_27,2,stratified,10,43,112,112,0.843613077182339,0.8085608358611391,0.8146275699359622,0.006066734074823055
mi,106,version_27,2,stratified,10,44,112,112,0.8072126727334008,0.8442871587462083,0.8382204246713851,-0.006066734074823166
mi,106,version_27,2,stratified,10,45,112,112,0.8213683855746545,0.846309403437816,0.745871250421301,-0.10043815301651504
mi,106,version_27,2,stratified,10,46,112,112,0.8429389956184699,0.8109201213346815,0.6124031007751938,-0.19851702055948772
mi,106,version_27,2,stratified,50,42,92,92,0.8501984126984127,0.8411027568922306,0.8040100250626567,-0.037092731829573844
mi,106,version_27,2,stratified,50,43,92,92,0.841765873015873,0.8390977443609022,0.8671679197994988,0.02807017543859658
mi,106,version_27,2,stratified,50,44,92,92,0.7435515873015873,0.8646616541353384,0.8947368421052633,0.03007518796992492
mi,106,version_27,2,stratified,50,45,92,92,0.8348214285714286,0.8225563909774436,0.837593984962406,0.015037593984962405
mi,106,version_27,2,stratified,50,46,92,92,0.7931547619047619,0.8491228070175438,0.8295739348370927,-0.019548872180451093
mi,106,version_27,2,stratified,100,42,67,67,0.8302063789868668,0.875234521575985,0.799249530956848,-0.075984990619137
mi,106,version_27,2,stratified,100,43,67,67,0.8545966228893058,0.8283302063789869,0.8405253283302064,0.012195121951219523
mi,106,version_27,2,stratified,100,44,67,67,0.8320825515947468,0.8292682926829269,0.8433395872420264,0.014071294559099501
mi,106,version_27,2,stratified,100,45,67,67,0.8658536585365854,0.8377110694183865,0.849906191369606,0.012195121951219523
mi,106,version_27,2,stratified,100,46,67,67,0.9418386491557224,0.7514071294559099,0.8114446529080674,0.060037523452157515
mi,106,version_27,2,stratified,200,42,17,17,0.6142857142857143,0.712121212121212,0.8333333333333333,0.12121212121212122
mi,106,version_27,2,stratified,200,43,17,17,0.8428571428571429,0.9696969696969696,1.0,0.030303030303030387
mi,106,version_27,2,stratified,200,44,17,17,0.8857142857142857,0.9848484848484849,0.9545454545454545,-0.030303030303030387
mi,106,version_27,2,stratified,200,45,17,17,0.8333333333333333,0.8999999999999999,0.9142857142857143,0.014285714285714346
mi,106,version_27,2,stratified,200,46,17,17,0.8333333333333333,0.9285714285714285,0.8714285714285714,-0.05714285714285705
mi,106,version_27,4,stratified,10,42,112,112,0.8173238961914392,0.8557465453319851,0.7421638018200203,-0.11358274351196485
mi,106,version_27,4,stratified,10,43,112,112,0.865520728008089,0.7947421638018201,0.7256488035052241,-0.06909336029659596
mi,106,version_27,4,stratified,10,44,112,112,0.8274351196494776,0.8395685877991237,0.811257162116616,-0.028311425682507663
mi,106,version_27,4,stratified,10,45,112,112,0.8385574654533199,0.8523761375126391,0.6093697337377824,-0.24300640377485672
mi,106,version_27,4,stratified,10,46,112,112,0.852376137512639,0.8163127738456354,0.5736434108527131,-0.2426693629929223
mi,106,version_27,4,stratified,50,42,92,92,0.845734126984127,0.8546365914786969,0.8040100250626566,-0.05062656641604024
mi,106,version_27,4,stratified,50,43,92,92,0.876984126984127,0.8385964912280702,0.8636591478696742,0.02506265664160401
mi,106,version_27,4,stratified,50,44,92,92,0.7420634920634921,0.8761904761904762,0.8516290726817043,-0.024561403508771895
mi,106,version_27,4,stratified,50,45,92,92,0.8700396825396826,0.8135338345864661,0.8225563909774436,0.009022556390977488
mi,106,version_27,4,stratified,50,46,92,92,0.8323412698412699,0.8240601503759398,0.8170426065162907,-0.007017543859649145
mi,106,version_27,4,stratified,100,42,67,67,0.8311444652908067,0.8789868667917449,0.7936210131332082,-0.08536585365853666
mi,106,version_27,4,stratified,100,43,67,67,0.873358348968105,0.8217636022514072,0.8039399624765479,-0.017823639774859346
mi,106,version_27,4,stratified,100,44,67,67,0.798311444652908,0.8789868667917449,0.8705440900562852,-0.008442776735459678
mi,106,version_27,4,stratified,100,45,67,67,0.899624765478424,0.8161350844277674,0.8123827392120075,-0.0037523452157598447
mi,106,version_27,4,stratified,100,46,67,67,0.952157598499062,0.7335834896810507,0.8030018761726079,0.06941838649155718
mi,106,version_27,4,stratified,200,42,17,17,0.7142857142857143,0.6969696969696969,0.8181818181818182,0.12121212121212133
mi,106,version_27,4,stratified,200,43,17,17,0.7857142857142857,0.9090909090909091,1.0,0.09090909090909094
mi,106,version_27,4,stratified,200,44,17,17,0.8714285714285713,0.9696969696969697,0.8333333333333333,-0.13636363636363646
mi,106,version_27,4,stratified,200,45,17,17,0.8333333333333334,0.9428571428571428,0.8857142857142857,-0.05714285714285716
mi,106,version_27,4,stratified,200,46,17,17,0.8484848484848485,0.9,0.9,0.0
mi,106,version_27,8,stratified,10,42,112,112,0.7647455342096394,0.7269969666329625,0.655881361644759,-0.07111560498820357
mi,106,version_27,8,stratified,10,43,112,112,0.7431749241658241,0.7377822716548703,0.6477923828783283,-0.08998988877654202
mi,106,version_27,8,stratified,10,44,112,112,0.7360970677451972,0.7384563532187395,0.7613751263902931,0.022918773171553664
mi,106,version_27,8,stratified,10,45,112,112,0.7300303336703742,0.7313784967981126,0.7071115604988204,-0.02426693629929222
mi,106,version_27,8,stratified,10,46,112,112,0.7698011459386586,0.704752275025278,0.6397034041118975,-0.06504887091338052
mi,106,version_27,8,stratified,50,42,92,92,0.7237103174603174,0.7644110275689224,0.7543859649122808,-0.010025062656641603
mi,106,version_27,8,stratified,50,43,92,92,0.8189484126984127,0.7137844611528823,0.755889724310777,0.042105263157894646
mi,106,version_27,8,stratified,50,44,92,92,0.6780753968253969,0.7734335839598998,0.8235588972431077,0.050125313283207906
mi,106,version_27,8,stratified,50,45,92,92,0.6994047619047619,0.7679197994987469,0.8005012531328322,0.03258145363408527
mi,106,version_27,8,stratified,50,46,92,92,0.7341269841269842,0.7208020050125313,0.7664160401002507,0.04561403508771933
mi,106,version_27,8,stratified,100,42,67,67,0.7345215759849907,0.7542213883677298,0.6932457786116322,-0.060975609756097615
mi,106,version_27,8,stratified,100,43,67,67,0.775797373358349,0.7495309568480301,0.7926829268292683,0.04315196998123827
mi,106,version_27,8,stratified,100,44,67,67,0.7682926829268293,0.7091932457786116,0.7335834896810507,0.024390243902439046
mi,106,version_27,8,stratified,100,45,67,67,0.7673545966228893,0.6913696060037524,0.75046904315197,0.05909943714821764
mi,106,version_27,8,stratified,100,46,67,67,0.8677298311444652,0.6407129455909943,0.7673545966228893,0.12664165103189495
mi,106,version_27,8,stratified,200,42,17,17,0.35714285714285715,0.5757575757575758,0.8181818181818181,0.24242424242424232
mi,106,version_27,8,stratified,200,43,17,17,0.6285714285714286,0.9393939393939394,1.0,0.06060606060606055
mi,106,version_27,8,stratified,200,44,17,17,0.6571428571428571,0.696969696969697,0.6818181818181819,-0.015151515151515138
mi,106,version_27,8,stratified,200,45,17,17,0.6515151515151515,0.8857142857142858,0.8571428571428571,-0.028571428571428692
mi,106,version_27,8,stratified,200,46,17,17,0.5909090909090909,0.8142857142857143,0.8,-0.014285714285714235
mi,106,version_27,17,stratified,10,42,112,112,0.7172227839568588,0.6046511627906976,0.6686889113582744,0.06403774856757671
mi,106,version_27,17,stratified,10,43,112,112,0.664644421975059,0.6565554432086282,0.6208291203235592,-0.03572632288506905
mi,106,version_27,17,stratified,10,44,112,112,0.6494775867880014,0.6403774856757668,0.6808223795079205,0.04044489383215366
mi,106,version_27,17,stratified,10,45,112,112,0.5948769801145939,0.7040781934614089,0.6983485001685205,-0.005729693292888416
mi,106,version_27,17,stratified,10,46,112,112,0.6117290192113246,0.6757667677789013,0.6036400404448938,-0.07212672733400749
mi,106,version_27,17,stratified,50,42,92,92,0.6195436507936508,0.7052631578947368,0.7027568922305765,-0.0025062656641603454
mi,106,version_27,17,stratified,50,43,92,92,0.6820436507936508,0.6015037593984962,0.7418546365914787,0.14035087719298245
mi,106,version_27,17,stratified,50,44,92,92,0.5491071428571429,0.6807017543859648,0.7849624060150376,0.10426065162907283
mi,106,version_27,17,stratified,50,45,92,92,0.7152777777777778,0.6245614035087719,0.7368421052631579,0.11228070175438598
mi,106,version_27,17,stratified,50,46,92,92,0.6810515873015873,0.5979949874686717,0.8070175438596491,0.20902255639097733
mi,106,version_27,17,stratified,100,42,67,67,0.7729831144465291,0.6088180112570357,0.6810506566604128,0.07223264540337704
mi,106,version_27,17,stratified,100,43,67,67,0.7073170731707318,0.6472795497185742,0.7382739212007505,0.09099437148217637
mi,106,version_27,17,stratified,100,44,67,67,0.6866791744840525,0.5853658536585367,0.7945590994371483,0.20919324577861165
mi,106,version_27,17,stratified,100,45,67,67,0.6810506566604128,0.6744840525328331,0.7598499061913696,0.08536585365853655
mi,106,version_27,17,stratified,100,46,67,67,0.7898686679174485,0.5825515947467167,0.7645403377110693,0.18198874296435263
mi,106,version_27,17,stratified,200,42,17,17,0.5142857142857142,0.42424242424242425,0.8484848484848484,0.42424242424242414
mi,106,version_27,17,stratified,200,43,17,17,0.4142857142857143,0.6060606060606061,0.9696969696969697,0.36363636363636365
mi,106,version_27,17,stratified,200,44,17,17,0.6000000000000001,0.7575757575757576,0.7878787878787878,0.030303030303030276
mi,106,version_27,17,stratified,200,45,17,17,0.6515151515151516,0.7285714285714285,0.9,0.17142857142857149
mi,106,version_27,17,stratified,200,46,17,17,0.5454545454545454,0.8428571428571429,0.9142857142857141,0.07142857142857129
mi,106,version_28,0,stratified,10,42,112,112,0.7778901247050893,0.8405797101449275,0.8294573643410852,-0.011122345803842304
mi,106,version_28,0,stratified,10,43,112,112,0.8405797101449275,0.7836198179979778,0.7876643073811931,0.004044489383215333
mi,106,version_28,0,stratified,10,44,112,112,0.8153016514998315,0.8119312436804853,0.818335018537243,0.0064037748567576935
mi,106,version_28,0,stratified,10,45,112,112,0.8193461408830469,0.80788675429727,0.6932928884395012,-0.11459386585776876
mi,106,version_28,0,stratified,10,46,112,112,0.8267610380856084,0.796427367711493,0.5608358611391978,-0.23559150657229522
mi,106,version_28,0,stratified,50,42,92,92,0.7926587301587301,0.8225563909774436,0.8205513784461154,-0.002005012531328232
mi,106,version_28,0,stratified,50,43,92,92,0.8377976190476191,0.8235588972431077,0.8486215538847117,0.02506265664160401
mi,106,version_28,0,stratified,50,44,92,92,0.7385912698412698,0.8426065162907268,0.8406015037593985,-0.002005012531328343
mi,106,version_28,0,stratified,50,45,92,92,0.8283730158730158,0.8290726817042606,0.8290726817042606,0.0
mi,106,version_28,0,stratified,50,46,92,92,0.8070436507936508,0.8185463659147869,0.8165413533834587,-0.002005012531328232
mi,106,version_28,0,stratified,100,42,67,67,0.8433395872420264,0.8105065666041276,0.7795497185741088,-0.030956848030018747
mi,106,version_28,0,stratified,100,43,67,67,0.8545966228893058,0.8311444652908068,0.8058161350844277,-0.025328330206379035
mi,106,version_28,0,stratified,100,44,67,67,0.798311444652908,0.8367729831144466,0.850844277673546,0.01407129455909939
mi,106,version_28,0,stratified,100,45,67,67,0.8320825515947468,0.8067542213883677,0.8433395872420263,0.03658536585365857
mi,106,version_28,0,stratified,100,46,67,67,0.8996247654784241,0.7823639774859288,0.8846153846153847,0.1022514071294559
mi,106,version_28,0,stratified,200,42,17,17,0.7857142857142857,0.5303030303030304,0.7424242424242424,0.21212121212121204
mi,106,version_28,0,stratified,200,43,17,17,0.8285714285714285,0.9545454545454545,1.0,0.045454545454545525
mi,106,version_28,0,stratified,200,44,17,17,0.8285714285714285,0.9848484848484849,0.9090909090909092,-0.07575757575757569
mi,106,version_28,0,stratified,200,45,17,17,0.6818181818181818,0.8857142857142857,0.9142857142857143,0.02857142857142858
mi,106,version_28,0,stratified,200,46,17,17,0.803030303030303,0.8,0.7714285714285715,-0.02857142857142858
mi,106,version_28,2,stratified,10,42,112,112,0.8230535894843276,0.8264239973036738,0.8230535894843276,-0.003370407819346166
mi,106,version_28,2,stratified,10,43,112,112,0.8517020559487698,0.796427367711493,0.8355240984159084,0.03909673070441533
mi,106,version_28,2,stratified,10,44,112,112,0.8088978766430738,0.8395685877991237,0.8463094034378159,0.006740815638692221
mi,106,version_28,2,stratified,10,45,112,112,0.8156386922817661,0.8368722615436468,0.7034041118975396,-0.1334681496461072
mi,106,version_28,2,stratified,10,46,112,112,0.8264239973036738,0.8186720593191776,0.58948432760364,-0.22918773171553763
mi,106,version_28,2,stratified,50,42,92,92,0.8194444444444444,0.8295739348370927,0.8531328320802005,0.02355889724310778
mi,106,version_28,2,stratified,50,43,92,92,0.8353174603174605,0.8411027568922306,0.8611528822055139,0.020050125313283318
mi,106,version_28,2,stratified,50,44,92,92,0.7336309523809523,0.8706766917293234,0.8766917293233083,0.006015037593984918
mi,106,version_28,2,stratified,50,45,92,92,0.8462301587301587,0.8200501253132833,0.8240601503759398,0.004010025062656575
mi,106,version_28,2,stratified,50,46,92,92,0.8258928571428571,0.8020050125313283,0.8080200501253133,0.006015037593985029
mi,106,version_28,2,stratified,100,42,67,67,0.8592870544090055,0.8076923076923077,0.8030018761726079,-0.004690431519699834
mi,106,version_28,2,stratified,100,43,67,67,0.8461538461538461,0.8433395872420263,0.8367729831144466,-0.0065666041275797005
mi,106,version_28,2,stratified,100,44,67,67,0.8161350844277673,0.8114446529080676,0.850844277673546,0.039399624765478425
mi,106,version_28,2,stratified,100,45,67,67,0.8180112570356473,0.8555347091932457,0.8611632270168855,0.0056285178236398226
mi,106,version_28,2,stratified,100,46,67,67,0.9005628517823641,0.7879924953095685,0.8799249530956849,0.09193245778611636
mi,106,version_28,2,stratified,200,42,17,17,0.5857142857142857,0.5454545454545454,0.7727272727272727,0.2272727272727273
mi,106,version_28,2,stratified,200,43,17,17,0.8714285714285714,0.9545454545454545,1.0,0.045454545454545525
mi,106,version_28,2,stratified,200,44,17,17,0.8142857142857143,0.9393939393939394,0.9393939393939393,-1.1102230246251565e-16
mi,106,version_28,2,stratified,200,45,17,17,0.7727272727272727,0.942857142857143,0.9714285714285714,0.02857142857142847
mi,106,version_28,2,stratified,200,46,17,17,0.7727272727272727,0.7999999999999999,0.7999999999999999,0.0
mi,106,version_28,4,stratified,10,42,112,112,0.7805864509605662,0.7633973710819009,0.7748567576676777,0.011459386585776832
mi,106,version_28,4,stratified,10,43,112,112,0.8004718570947085,0.7317155375800473,0.784293899561847,0.05257836198179977
mi,106,version_28,4,stratified,10,44,112,112,0.7401415571284126,0.8014829794405123,0.7492416582406471,-0.05224132119986513
mi,106,version_28,4,stratified,10,45,112,112,0.7391304347826086,0.7987866531850354,0.6447590158409168,-0.15402763734411862
mi,106,version_28,4,stratified,10,46,112,112,0.7620492079541624,0.7694641051567239,0.5753286147623863,-0.19413549039433764
mi,106,version_28,4,stratified,50,42,92,92,0.7867063492063492,0.7278195488721805,0.8796992481203008,0.15187969924812028
mi,106,version_28,4,stratified,50,43,92,92,0.751984126984127,0.8065162907268171,0.8501253132832081,0.043609022556390986
mi,106,version_28,4,stratified,50,44,92,92,0.6760912698412699,0.8065162907268171,0.7929824561403509,-0.013533834586466176
mi,106,version_28,4,stratified,50,45,92,92,0.8179563492063492,0.7583959899749373,0.7699248120300752,0.011528822055137944
mi,106,version_28,4,stratified,50,46,92,92,0.7628968253968255,0.7293233082706767,0.7794486215538847,0.05012531328320802
mi,106,version_28,4,stratified,100,42,67,67,0.8105065666041276,0.7138836772983115,0.7636022514071295,0.04971857410881797
mi,106,version_28,4,stratified,100,43,67,67,0.7467166979362101,0.8180112570356473,0.7945590994371482,-0.023452157598499057
mi,106,version_28,4,stratified,100,44,67,67,0.724202626641651,0.7795497185741088,0.8151969981238274,0.03564727954971858
mi,106,version_28,4,stratified,100,45,67,67,0.7936210131332082,0.7786116322701688,0.7992495309568481,0.020637898686679312
mi,106,version_28,4,stratified,100,46,67,67,0.8133208255159474,0.7279549718574109,0.8808630393996248,0.15290806754221398
mi,106,version_28,4,stratified,200,42,17,17,0.5714285714285714,0.4848484848484848,0.8181818181818182,0.3333333333333334
mi,106,version_28,4,stratified,200,43,17,17,0.7714285714285714,0.8484848484848485,1.0,0.1515151515151515
mi,106,version_28,4,stratified,200,44,17,17,0.7142857142857142,0.803030303030303,0.9090909090909091,0.10606060606060608
mi,106,version_28,4,stratified,200,45,17,17,0.7575757575757576,0.8714285714285713,0.9428571428571428,0.07142857142857151
mi,106,version_28,4,stratified,200,46,17,17,0.7575757575757576,0.6428571428571428,0.8857142857142857,0.24285714285714288
mi,106,version_28,8,stratified,10,42,112,112,0.7748567576676778,0.6744186046511628,0.7044152342433434,0.029996629592180635
mi,106,version_28,8,stratified,10,43,112,112,0.7569935962251433,0.6798112571621167,0.6932928884395011,0.013481631277384443
mi,106,version_28,8,stratified,10,44,112,112,0.6929558476575665,0.7360970677451972,0.7755308392315471,0.039433771486349856
mi,106,version_28,8,stratified,10,45,112,112,0.6690259521402089,0.7603640040444893,0.6781260532524436,-0.08223795079204577
mi,106,version_28,8,stratified,10,46,112,112,0.6737445230872936,0.7546343107516009,0.5807212672733402,-0.17391304347826075
mi,106,version_28,8,stratified,50,42,92,92,0.7013888888888888,0.6922305764411029,0.7568922305764412,0.06466165413533831
mi,106,version_28,8,stratified,50,43,92,92,0.685515873015873,0.7293233082706767,0.8215538847117795,0.09223057644110277
mi,106,version_28,8,stratified,50,44,92,92,0.5967261904761905,0.7649122807017543,0.7979949874686717,0.03308270676691738
mi,106,version_28,8,stratified,50,45,92,92,0.7390873015873015,0.7448621553884712,0.7609022556390977,0.01604010025062652
mi,106,version_28,8,stratified,50,46,92,92,0.7718253968253969,0.6546365914786968,0.743358395989975,0.0887218045112782
mi,106,version_28,8,stratified,100,42,67,67,0.7570356472795498,0.6772983114446529,0.7204502814258912,0.04315196998123827
mi,106,version_28,8,stratified,100,43,67,67,0.6641651031894934,0.7073170731707317,0.7795497185741088,0.07223264540337715
mi,106,version_28,8,stratified,100,44,67,67,0.7110694183864915,0.6575984990619137,0.7185741088180113,0.060975609756097615
mi,106,version_28,8,stratified,100,45,67,67,0.699812382739212,0.7917448405253283,0.7936210131332082,0.0018761726078798668
mi,106,version_28,8,stratified,100,46,67,67,0.7833020637898687,0.6622889305816135,0.7851782363977486,0.12288930581613511
mi,106,version_28,8,stratified,200,42,17,17,0.32857142857142857,0.48484848484848486,0.803030303030303,0.3181818181818181
mi,106,version_28,8,stratified,200,43,17,17,0.6428571428571428,0.7727272727272727,0.9545454545454545,0.18181818181818177
mi,106,version_28,8,stratified,200,44,17,17,0.7000000000000001,0.6818181818181819,0.6666666666666666,-0.015151515151515249
mi,106,version_28,8,stratified,200,45,17,17,0.6060606060606061,0.8285714285714285,0.8571428571428571,0.02857142857142858
mi,106,version_28,8,stratified,200,46,17,17,0.6060606060606061,0.6142857142857143,0.7857142857142857,0.17142857142857137
mi,106,version_28,17,stratified,10,42,112,112,0.642736771149309,0.5244354566902596,0.7007077856420627,0.17627232895180311
mi,106,version_28,17,stratified,10,43,112,112,0.6019548365352207,0.5642062689585441,0.6231884057971014,0.05898213683855735
mi,106,version_28,17,stratified,10,44,112,112,0.6046511627906976,0.5581395348837209,0.7573306370070778,0.1991911021233569
mi,106,version_28,17,stratified,10,45,112,112,0.47489046174587124,0.6602628918099089,0.7401415571284126,0.07987866531850363
mi,106,version_28,17,stratified,10,46,112,112,0.5251095382541286,0.6349848331648129,0.5813953488372093,-0.053589484327603576
mi,106,version_28,17,stratified,50,42,92,92,0.589781746031746,0.5598997493734337,0.7654135338345864,0.20551378446115276
mi,106,version_28,17,stratified,50,43,92,92,0.5267857142857143,0.6065162907268171,0.7729323308270677,0.16641604010025057
mi,106,version_28,17,stratified,50,44,92,92,0.49851190476190477,0.6516290726817042,0.7423558897243108,0.09072681704260654
mi,106,version_28,17,stratified,50,45,92,92,0.5773809523809523,0.5949874686716792,0.7573934837092732,0.162406015037594
mi,106,version_28,17,stratified,50,46,92,92,0.6254960317460317,0.4967418546365915,0.8015037593984962,0.3047619047619047
mi,106,version_28,17,stratified,100,42,67,67,0.6801125703564729,0.46904315196998125,0.7176360225140713,0.24859287054409007
mi,106,version_28,17,stratified,100,43,67,67,0.5572232645403377,0.6153846153846154,0.726078799249531,0.11069418386491559
mi,106,version_28,17,stratified,100,44,67,67,0.6472795497185742,0.574108818011257,0.8189493433395872,0.24484052532833023
mi,106,version_28,17,stratified,100,45,67,67,0.6435272045028142,0.5553470919324579,0.7664165103189493,0.2110694183864914
mi,106,version_28,17,stratified,100,46,67,67,0.5253283302063789,0.6454033771106942,0.7711069418386491,0.12570356472795496
mi,106,version_28,17,stratified,200,42,17,17,0.27142857142857146,0.196969696969697,0.803030303030303,0.606060606060606
mi,106,version_28,17,stratified,200,43,17,17,0.4,0.4393939393939394,1.0,0.5606060606060606
mi,106,version_28,17,stratified,200,44,17,17,0.5571428571428572,0.7121212121212122,0.8939393939393939,0.18181818181818177
mi,106,version_28,17,stratified,200,45,17,17,0.5606060606060606,0.5714285714285714,0.9,0.3285714285714286
mi,106,version_28,17,stratified,200,46,17,17,0.8030303030303031,0.4857142857142857,0.9142857142857143,0.42857142857142855
mi,106,version_29,0,stratified,10,42,112,112,0.7876643073811931,0.8274351196494776,0.7633973710819009,-0.06403774856757671
mi,106,version_29,0,stratified,10,43,112,112,0.7927199191102123,0.8335018537243006,0.7077856420626896,-0.12571621166161107
mi,106,version_29,0,stratified,10,44,112,112,0.7950792045837547,0.8257499157398045,0.8038422649140546,-0.021907650825749858
mi,106,version_29,0,stratified,10,45,112,112,0.8318166498146276,0.793056959892147,0.7438490057296933,-0.049207954162453715
mi,106,version_29,0,stratified,10,46,112,112,0.824401752612066,0.8051904280417931,0.5709470845972362,-0.23424334344455688
mi,106,version_29,0,stratified,50,42,92,92,0.8075396825396824,0.8235588972431077,0.774937343358396,-0.04862155388471168
mi,106,version_29,0,stratified,50,43,92,92,0.8616071428571428,0.7804511278195488,0.7969924812030076,0.016541353383458746
mi,106,version_29,0,stratified,50,44,92,92,0.7688492063492064,0.8330827067669173,0.8466165413533835,0.013533834586466176
mi,106,version_29,0,stratified,50,45,92,92,0.8313492063492064,0.8245614035087719,0.8230576441102757,-0.0015037593984962294
mi,106,version_29,0,stratified,50,46,92,92,0.8358134920634921,0.8010025062656642,0.7964912280701755,-0.004511278195488688
mi,106,version_29,0,stratified,100,42,67,67,0.8067542213883677,0.8555347091932458,0.7851782363977486,-0.07035647279549717
mi,106,version_29,0,stratified,100,43,67,67,0.8442776735459663,0.7842401500938087,0.7908067542213884,0.0065666041275797005
mi,106,version_29,0,stratified,100,44,67,67,0.8395872420262664,0.7973733583489682,0.8095684803001877,0.012195121951219523
mi,106,version_29,0,stratified,100,45,67,67,0.8208255159474671,0.776735459662289,0.799249530956848,0.022514071294559068
mi,106,version_29,0,stratified,100,46,67,67,0.9296435272045028,0.8133208255159474,0.8761726078799249,0.06285178236397748
mi,106,version_29,0,stratified,200,42,17,17,0.7142857142857142,0.7424242424242424,0.803030303030303,0.06060606060606055
mi,106,version_29,0,stratified,200,43,17,17,0.9142857142857141,1.0,1.0,0.0
mi,106,version_29,0,stratified,200,44,17,17,0.8428571428571427,0.9393939393939393,0.8333333333333333,-0.10606060606060608
mi,106,version_29,0,stratified,200,45,17,17,0.6666666666666667,0.857142857142857,0.8714285714285714,0.014285714285714457
mi,106,version_29,0,stratified,200,46,17,17,0.8030303030303031,0.8714285714285714,0.8142857142857143,-0.05714285714285716
mi,106,version_29,2,stratified,10,42,112,112,0.8324907313784968,0.836535220761712,0.7846309403437816,-0.05190428041793049
mi,106,version_29,2,stratified,10,43,112,112,0.8277721604314121,0.8476575665655545,0.7630603302999663,-0.08459723626558813
mi,106,version_29,2,stratified,10,44,112,112,0.811257162116616,0.8570947084597236,0.8301314459049545,-0.026963262554769107
mi,106,version_29,2,stratified,10,45,112,112,0.8547354229861814,0.8206943040107852,0.751937984496124,-0.06875631951466121
mi,106,version_29,2,stratified,10,46,112,112,0.8658577687900236,0.8200202224469161,0.5433097404785979,-0.27671048196831816
mi,106,version_29,2,stratified,50,42,92,92,0.8492063492063492,0.8380952380952381,0.8461152882205514,0.00802005012531326
mi,106,version_29,2,stratified,50,43,92,92,0.8893849206349207,0.8155388471177945,0.8501253132832081,0.03458646616541361
mi,106,version_29,2,stratified,50,44,92,92,0.78125,0.8641604010025062,0.8651629072681705,0.001002506265664227
mi,106,version_29,2,stratified,50,45,92,92,0.8382936507936508,0.86265664160401,0.8471177944862156,-0.015538847117794408
mi,106,version_29,2,stratified,50,46,92,92,0.8606150793650793,0.8270676691729324,0.8345864661654135,0.007518796992481147
mi,106,version_29,2,stratified,100,42,67,67,0.8292682926829269,0.8930581613508444,0.8536585365853658,-0.039399624765478536
mi,106,version_29,2,stratified,100,43,67,67,0.8574108818011257,0.8292682926829269,0.8405253283302064,0.011257035647279534
mi,106,version_29,2,stratified,100,44,67,67,0.8377110694183865,0.8133208255159474,0.8461538461538461,0.032833020637898724
mi,106,version_29,2,stratified,100,45,67,67,0.8217636022514072,0.8292682926829269,0.8602251407129455,0.030956848030018635
mi,106,version_29,2,stratified,100,46,67,67,0.9287054409005628,0.8330206378986867,0.876172607879925,0.04315196998123827
mi,106,version_29,2,stratified,200,42,17,17,0.6857142857142857,0.7727272727272727,0.8787878787878787,0.10606060606060597
mi,106,version_29,2,stratified,200,43,17,17,0.8999999999999999,1.0,1.0,0.0
mi,106,version_29,2,stratified,200,44,17,17,0.8857142857142857,0.8787878787878787,0.8484848484848484,-0.030303030303030276
mi,106,version_29,2,stratified,200,45,17,17,0.8181818181818181,0.9142857142857144,0.8999999999999999,-0.014285714285714457
mi,106,version_29,2,stratified,200,46,17,17,0.7575757575757576,0.9142857142857144,0.8714285714285713,-0.04285714285714304
mi,106,version_29,4,stratified,10,42,112,112,0.8132794068082237,0.8129423660262892,0.7445230872935625,-0.06841927873272668
mi,106,version_29,4,stratified,10,43,112,112,0.8284462419952815,0.79474216380182,0.6973373778227165,-0.0974047859791034
mi,106,version_29,4,stratified,10,44,112,112,0.7775530839231547,0.8426019548365352,0.7559824738793394,-0.08661948095719585
mi,106,version_29,4,stratified,10,45,112,112,0.8324907313784967,0.7842938995618469,0.6939669700033704,-0.09032692955847654
mi,106,version_29,4,stratified,10,46,112,112,0.7789012470508931,0.8412537917087968,0.6033029996629592,-0.23795079204583758
mi,106,version_29,4,stratified,50,42,92,92,0.7827380952380952,0.7799498746867168,0.8531328320802005,0.07318295739348368
mi,106,version_29,4,stratified,50,43,92,92,0.826388888888889,0.8080200501253133,0.8095238095238095,0.0015037593984962294
mi,106,version_29,4,stratified,50,44,92,92,0.7415674603174603,0.8471177944862156,0.8411027568922306,-0.006015037593985029
mi,106,version_29,4,stratified,50,45,92,92,0.8363095238095238,0.8220551378446115,0.830576441102757,0.008521303258145485
mi,106,version_29,4,stratified,50,46,92,92,0.8576388888888888,0.7689223057644111,0.7899749373433584,0.021052631578947323
mi,106,version_29,4,stratified,100,42,67,67,0.799249530956848,0.8142589118198875,0.8123827392120075,-0.0018761726078799779
mi,106,version_29,4,stratified,100,43,67,67,0.8227016885553471,0.7823639774859287,0.7617260787992495,-0.0206378986866792
mi,106,version_29,4,stratified,100,44,67,67,0.7823639774859288,0.8255159474671669,0.8273921200750469,0.0018761726078799779
mi,106,version_29,4,stratified,100,45,67,67,0.8592870544090057,0.7560975609756098,0.7514071294559099,-0.004690431519699834
mi,106,version_29,4,stratified,100,46,67,67,0.9080675422138837,0.773921200750469,0.802063789868668,0.028142589118199002
mi,106,version_29,4,stratified,200,42,17,17,0.5714285714285714,0.7575757575757576,0.8787878787878788,0.12121212121212122
mi,106,version_29,4,stratified,200,43,17,17,0.9285714285714286,0.9696969696969696,1.0,0.030303030303030387
mi,106,version_29,4,stratified,200,44,17,17,0.7857142857142857,0.8787878787878788,0.8939393939393939,0.015151515151515138
mi,106,version_29,4,stratified,200,45,17,17,0.5909090909090908,0.8428571428571429,0.8428571428571427,-1.1102230246251565e-16
mi,106,version_29,4,stratified,200,46,17,17,0.8787878787878788,0.7714285714285714,0.8142857142857143,0.04285714285714293
mi,106,version_29,8,stratified,10,42,112,112,0.7856420626895855,0.8115942028985508,0.7209302325581395,-0.09066397034041129
mi,106,version_29,8,stratified,10,43,112,112,0.8311425682507584,0.7633973710819009,0.6403774856757667,-0.12301988540613418
mi,106,version_29,8,stratified,10,44,112,112,0.8126053252443546,0.7991236939669699,0.7526120660599933,-0.046511627906976605
mi,106,version_29,8,stratified,10,45,112,112,0.7822716548702393,0.8028311425682507,0.722278395685878,-0.08055274688237268
mi,106,version_29,8,stratified,10,46,112,112,0.8247387933940007,0.7758678800134816,0.6484664644421975,-0.12740141557128415
mi,106,version_29,8,stratified,50,42,92,92,0.8115079365079365,0.7919799498746868,0.7789473684210526,-0.013032581453634173
mi,106,version_29,8,stratified,50,43,92,92,0.8412698412698413,0.7784461152882205,0.7824561403508772,0.004010025062656686
mi,106,version_29,8,stratified,50,44,92,92,0.7400793650793651,0.8220551378446115,0.8080200501253133,-0.014035087719298178
mi,106,version_29,8,stratified,50,45,92,92,0.8080357142857143,0.8275689223057644,0.8050125313283208,-0.022556390977443552
mi,106,version_29,8,stratified,50,46,92,92,0.8090277777777778,0.7709273182957395,0.7463659147869675,-0.024561403508772006
mi,106,version_29,8,stratified,100,42,67,67,0.7870544090056285,0.848030018761726,0.7542213883677299,-0.09380863039399612
mi,106,version_29,8,stratified,100,43,67,67,0.8189493433395872,0.772983114446529,0.7645403377110694,-0.008442776735459567
mi,106,version_29,8,stratified,100,44,67,67,0.8348968105065666,0.7476547842401501,0.7448405253283302,-0.0028142589118198558
mi,106,version_29,8,stratified,100,45,67,67,0.8208255159474671,0.7879924953095685,0.8161350844277674,0.02814258911819889
mi,106,version_29,8,stratified,100,46,67,67,0.8649155722326455,0.7654784240150094,0.7898686679174484,0.024390243902438935
mi,106,version_29,8,stratified,200,42,17,17,0.5714285714285714,0.7727272727272727,0.8787878787878788,0.10606060606060608
mi,106,version_29,8,stratified,200,43,17,17,0.9142857142857144,1.0,1.0,0.0
mi,106,version_29,8,stratified,200,44,17,17,0.6857142857142857,0.7424242424242424,0.6212121212121212,-0.12121212121212122
mi,106,version_29,8,stratified,200,45,17,17,0.696969696969697,0.8857142857142857,0.8428571428571427,-0.04285714285714293
mi,106,version_29,8,stratified,200,46,17,17,0.696969696969697,0.8142857142857143,0.9,0.08571428571428574
mi,106,version_29,17,stratified,10,42,112,112,0.8035052241321199,0.7738456353218739,0.7556454330974047,-0.018200202224469164
mi,106,version_29,17,stratified,10,43,112,112,0.7792382878328279,0.7940680822379509,0.7647455342096394,-0.029322548028311468
mi,106,version_29,17,stratified,10,44,112,112,0.8651836872261544,0.7300303336703741,0.7863161442534548,0.056285810583080687
mi,106,version_29,17,stratified,10,45,112,112,0.7505898213683856,0.8129423660262891,0.7573306370070778,-0.0556117290192113
mi,106,version_29,17,stratified,10,46,112,112,0.7499157398045163,0.8237276710481969,0.7367711493090664,-0.08695652173913049
mi,106,version_29,17,stratified,50,42,92,92,0.7748015873015872,0.8340852130325814,0.7834586466165414,-0.05062656641604002
mi,106,version_29,17,stratified,50,43,92,92,0.8209325396825397,0.7794486215538847,0.8140350877192982,0.0345864661654135
mi,106,version_29,17,stratified,50,44,92,92,0.7351190476190476,0.8471177944862156,0.8240601503759398,-0.023057644110275777
mi,106,version_29,17,stratified,50,45,92,92,0.8323412698412699,0.7704260651629072,0.7844611528822055,0.01403508771929829
mi,106,version_29,17,stratified,50,46,92,92,0.7599206349206349,0.8200501253132833,0.8481203007518797,0.028070175438596467
mi,106,version_29,17,stratified,100,42,67,67,0.852720450281426,0.75140712945591,0.7185741088180113,-0.032833020637898724
mi,106,version_29,17,stratified,100,43,67,67,0.8067542213883678,0.8245778611632271,0.8011257035647279,-0.023452157598499168
mi,106,version_29,17,stratified,100,44,67,67,0.8067542213883678,0.8658536585365855,0.8330206378986867,-0.032833020637898724
mi,106,version_29,17,stratified,100,45,67,67,0.8133208255159475,0.7560975609756098,0.7954971857410882,0.039399624765478425
mi,106,version_29,17,stratified,100,46,67,67,0.8555347091932458,0.7776735459662288,0.7908067542213884,0.013133208255159512
mi,106,version_29,17,stratified,200,42,17,17,0.7285714285714285,0.5757575757575757,0.7727272727272727,0.19696969696969702
mi,106,version_29,17,stratified,200,43,17,17,0.7285714285714285,0.9090909090909091,0.9696969696969696,0.06060606060606055
mi,106,version_29,17,stratified,200,44,17,17,0.8571428571428572,0.8787878787878788,0.7575757575757576,-0.12121212121212122
mi,106,version_29,17,stratified,200,45,17,17,0.7727272727272727,0.8571428571428571,0.8857142857142858,0.028571428571428692
mi,106,version_29,17,stratified,200,46,17,17,0.7727272727272727,0.9142857142857143,0.9285714285714286,0.014285714285714346
mi,106,version_30,0,stratified,10,42,112,112,0.7323896191439163,0.8382204246713852,0.7580047185709471,-0.08021570610043816
mi,106,version_30,0,stratified,10,43,112,112,0.7819346140883047,0.8055274688237276,0.734411863835524,-0.07111560498820357
mi,106,version_30,0,stratified,10,44,112,112,0.7583417593528817,0.8156386922817661,0.8399056285810583,0.02426693629929222
mi,106,version_30,0,stratified,10,45,112,112,0.8227165487023931,0.7681159420289856,0.7630603302999662,-0.00505561172901936
mi,106,version_30,0,stratified,10,46,112,112,0.8038422649140546,0.7890124705089316,0.7138523761375126,-0.07516009437141902
mi,106,version_30,0,stratified,50,42,92,92,0.8050595238095238,0.7884711779448621,0.8010025062656642,0.01253132832080206
mi,106,version_30,0,stratified,50,43,92,92,0.8149801587301588,0.793483709273183,0.8611528822055138,0.06766917293233077
mi,106,version_30,0,stratified,50,44,92,92,0.7023809523809523,0.8426065162907268,0.8596491228070176,0.017042606516290748
mi,106,version_30,0,stratified,50,45,92,92,0.8110119047619048,0.7974937343358396,0.8085213032581454,0.01102756892230583
mi,106,version_30,0,stratified,50,46,92,92,0.751984126984127,0.8355889724310777,0.8406015037593986,0.005012531328320913
mi,106,version_30,0,stratified,100,42,67,67,0.7673545966228893,0.8377110694183865,0.7786116322701688,-0.05909943714821764
mi,106,version_30,0,stratified,100,43,67,67,0.8198874296435272,0.799249530956848,0.7973733583489682,-0.0018761726078798668
mi,106,version_30,0,stratified,100,44,67,67,0.7711069418386491,0.7908067542213884,0.8339587242026266,0.04315196998123827
mi,106,version_30,0,stratified,100,45,67,67,0.8151969981238274,0.7410881801125703,0.7823639774859288,0.041275797373358514
mi,106,version_30,0,stratified,100,46,67,67,0.9324577861163227,0.7542213883677298,0.823639774859287,0.06941838649155718
mi,106,version_30,0,stratified,200,42,17,17,0.7285714285714286,0.7272727272727273,0.7727272727272727,0.045454545454545414
mi,106,version_30,0,stratified,200,43,17,17,0.8571428571428571,1.0,1.0,0.0
mi,106,version_30,0,stratified,200,44,17,17,0.7000000000000001,0.8636363636363635,0.8484848484848484,-0.015151515151515138
mi,106,version_30,0,stratified,200,45,17,17,0.6212121212121213,0.8142857142857142,0.8142857142857143,1.1102230246251565e-16
mi,106,version_30,0,stratified,200,46,17,17,0.7424242424242424,0.9857142857142858,0.8571428571428572,-0.12857142857142856
mi,106,version_30,2,stratified,10,42,112,112,0.7724974721941354,0.8479946073474891,0.7691270643747894,-0.07886754297269971
mi,106,version_30,2,stratified,10,43,112,112,0.8217054263565892,0.8115942028985508,0.7485675766767779,-0.06302662622177291
mi,106,version_30,2,stratified,10,44,112,112,0.763397371081901,0.8557465453319851,0.8672059319177621,0.011459386585776943
mi,106,version_30,2,stratified,10,45,112,112,0.8351870576339737,0.8011459386585777,0.7566565554432086,-0.044489383215369105
mi,106,version_30,2,stratified,10,46,112,112,0.8153016514998315,0.8109201213346815,0.6521739130434783,-0.15874620829120323
mi,106,version_30,2,stratified,50,42,92,92,0.8328373015873015,0.7989974937343358,0.8345864661654135,0.035588972431077726
mi,106,version_30,2,stratified,50,43,92,92,0.8263888888888888,0.825062656641604,0.8852130325814536,0.06015037593984951
mi,106,version_30,2,stratified,50,44,92,92,0.7172619047619048,0.849624060150376,0.8616541353383459,0.012030075187969946
mi,106,version_30,2,stratified,50,45,92,92,0.8115079365079365,0.8325814536340852,0.8260651629072682,-0.006516290726817031
mi,106,version_30,2,stratified,50,46,92,92,0.7673611111111112,0.8451127819548871,0.86265664160401,0.01754385964912286
mi,106,version_30,2,stratified,100,42,67,67,0.7898686679174485,0.8724202626641652,0.8320825515947466,-0.040337711069418525
mi,106,version_30,2,stratified,100,43,67,67,0.8367729831144466,0.8255159474671669,0.8255159474671669,0.0
mi,106,version_30,2,stratified,100,44,67,67,0.776735459662289,0.8180112570356473,0.8470919324577861,0.02908067542213888
mi,106,version_30,2,stratified,100,45,67,67,0.8217636022514072,0.8076923076923077,0.8105065666041276,0.0028142589118198558
mi,106,version_30,2,stratified,100,46,67,67,0.925891181988743,0.7851782363977486,0.8245778611632271,0.039399624765478425
mi,106,version_30,2,stratified,200,42,17,17,0.7,0.7424242424242424,0.7727272727272727,0.030303030303030276
mi,106,version_30,2,stratified,200,43,17,17,0.8285714285714285,1.0,1.0,0.0
mi,106,version_30,2,stratified,200,44,17,17,0.7142857142857143,0.9090909090909091,0.8181818181818181,-0.09090909090909094
mi,106,version_30,2,stratified,200,45,17,17,0.6818181818181818,0.8714285714285713,0.8857142857142858,0.014285714285714457
mi,106,version_30,2,stratified,200,46,17,17,0.7727272727272727,0.9857142857142858,0.9571428571428572,-0.02857142857142858
mi,106,version_30,4,stratified,10,42,112,112,0.7330637007077856,0.8328277721604314,0.7216043141220088,-0.1112234580384226
mi,106,version_30,4,stratified,10,43,112,112,0.7930569598921469,0.766767778901247,0.6976744186046512,-0.06909336029659585
mi,106,version_30,4,stratified,10,44,112,112,0.7448601280754972,0.8115942028985508,0.8206943040107854,0.009100101112234582
mi,106,version_30,4,stratified,10,45,112,112,0.7714863498483316,0.8119312436804852,0.741489720256151,-0.07044152342433418
mi,106,version_30,4,stratified,10,46,112,112,0.8004718570947084,0.7674418604651163,0.5224132119986518,-0.24502864846646455
mi,106,version_30,4,stratified,50,42,92,92,0.789186507936508,0.7844611528822055,0.7939849624060151,0.009523809523809601
mi,106,version_30,4,stratified,50,43,92,92,0.7966269841269842,0.768922305764411,0.8451127819548871,0.07619047619047614
mi,106,version_30,4,stratified,50,44,92,92,0.6944444444444444,0.8045112781954887,0.8120300751879699,0.007518796992481147
mi,106,version_30,4,stratified,50,45,92,92,0.814484126984127,0.8095238095238095,0.7649122807017544,-0.0446115288220551
mi,106,version_30,4,stratified,50,46,92,92,0.7490079365079365,0.7864661654135339,0.8035087719298246,0.017042606516290748
mi,106,version_30,4,stratified,100,42,67,67,0.8377110694183865,0.7514071294559099,0.7626641651031895,0.011257035647279534
mi,106,version_30,4,stratified,100,43,67,67,0.7804878048780488,0.7626641651031896,0.800187617260788,0.03752345215759845
mi,106,version_30,4,stratified,100,44,67,67,0.7457786116322702,0.8067542213883677,0.8095684803001877,0.002814258911819967
mi,106,version_30,4,stratified,100,45,67,67,0.8105065666041276,0.7626641651031895,0.7711069418386491,0.008442776735459678
mi,106,version_30,4,stratified,100,46,67,67,0.8883677298311445,0.7617260787992495,0.8095684803001877,0.047842401500938214
mi,106,version_30,4,stratified,200,42,17,17,0.6,0.7575757575757576,0.8939393939393939,0.13636363636363635
mi,106,version_30,4,stratified,200,43,17,17,0.7,0.8636363636363636,1.0,0.13636363636363635
mi,106,version_30,4,stratified,200,44,17,17,0.7142857142857142,0.8484848484848485,0.803030303030303,-0.045454545454545525
mi,106,version_30,4,stratified,200,45,17,17,0.6666666666666666,0.8142857142857143,0.8428571428571429,0.02857142857142858
mi,106,version_30,4,stratified,200,46,17,17,0.6515151515151515,0.9285714285714285,0.9,-0.02857142857142847
mi,106,version_30,8,stratified,10,42,112,112,0.7603640040444894,0.7971014492753623,0.7259858442871587,-0.07111560498820357
mi,106,version_30,8,stratified,10,43,112,112,0.80350522413212,0.7381193124368048,0.7077856420626896,-0.030333670374115274
mi,106,version_30,8,stratified,10,44,112,112,0.7445230872935624,0.82103134479272,0.8382204246713852,0.017189079878665248
mi,106,version_30,8,stratified,10,45,112,112,0.7556454330974047,0.7789012470508931,0.7104819683181666,-0.06841927873272657
mi,106,version_30,8,stratified,10,46,112,112,0.7627232895180317,0.7751937984496124,0.7367711493090664,-0.03842264914054605
mi,106,version_30,8,stratified,50,42,92,92,0.7886904761904763,0.7729323308270677,0.7639097744360903,-0.009022556390977376
mi,106,version_30,8,stratified,50,43,92,92,0.7495039682539683,0.7904761904761906,0.8070175438596491,0.016541353383458524
mi,106,version_30,8,stratified,50,44,92,92,0.6731150793650794,0.8275689223057644,0.8285714285714286,0.001002506265664227
mi,106,version_30,8,stratified,50,45,92,92,0.7589285714285714,0.8431077694235588,0.7894736842105263,-0.05363408521303248
mi,106,version_30,8,stratified,50,46,92,92,0.7271825396825397,0.7859649122807018,0.8235588972431078,0.03759398496240607
mi,106,version_30,8,stratified,100,42,67,67,0.7889305816135085,0.7889305816135084,0.7795497185741089,-0.009380863039399445
mi,106,version_30,8,stratified,100,43,67,67,0.7476547842401501,0.7804878048780488,0.802063789868668,0.02157598499061919
mi,106,version_30,8,stratified,100,44,67,67,0.7748592870544089,0.7626641651031896,0.7954971857410882,0.03283302063789861
mi,106,version_30,8,stratified,100,45,67,67,0.8217636022514072,0.777673545966229,0.8067542213883677,0.02908067542213877
mi,106,version_30,8,stratified,100,46,67,67,0.8649155722326455,0.7542213883677299,0.8602251407129455,0.10600375234521564
mi,106,version_30,8,stratified,200,42,17,17,0.37142857142857144,0.7575757575757576,0.8181818181818181,0.06060606060606055
mi,106,version_30,8,stratified,200,43,17,17,0.7285714285714285,0.9393939393939394,1.0,0.06060606060606055
mi,106,version_30,8,stratified,200,44,17,17,0.7285714285714285,0.7424242424242424,0.6515151515151516,-0.09090909090909083
mi,106,version_30,8,stratified,200,45,17,17,0.6666666666666667,0.8714285714285714,0.8,-0.0714285714285714
mi,106,version_30,8,stratified,200,46,17,17,0.6060606060606061,0.8714285714285714,0.9285714285714286,0.05714285714285716
mi,106,version_30,17,stratified,10,42,112,112,0.6993596225143242,0.6144253454668015,0.5487023929895518,-0.06572295247724969
mi,106,version_30,17,stratified,10,43,112,112,0.6700370744860128,0.6258847320525784,0.6922817660936973,0.06639703404111885
mi,106,version_30,17,stratified,10,44,112,112,0.6626221772834513,0.6376811594202898,0.7981125716211661,0.1604314122008763
mi,106,version_30,17,stratified,10,45,112,112,0.5982473879339401,0.6966632962588473,0.6413886080215706,-0.05527468823727666
mi,106,version_30,17,stratified,10,46,112,112,0.5955510616784632,0.6872261543646782,0.4914054600606673,-0.19582069430401083
mi,106,version_30,17,stratified,50,42,92,92,0.6845238095238095,0.5949874686716792,0.7238095238095238,0.12882205513784462
mi,106,version_30,17,stratified,50,43,92,92,0.6622023809523809,0.6090225563909775,0.718295739348371,0.10927318295739352
mi,106,version_30,17,stratified,50,44,92,92,0.5823412698412698,0.6786967418546366,0.7804511278195488,0.10175438596491226
mi,106,version_30,17,stratified,50,45,92,92,0.6884920634920635,0.6255639097744361,0.7408521303258145,0.11528822055137844
mi,106,version_30,17,stratified,50,46,92,92,0.6160714285714285,0.6847117794486215,0.8596491228070176,0.17493734335839606
mi,106,version_30,17,stratified,100,42,67,67,0.7091932457786116,0.5769230769230769,0.6735459662288931,0.0966228893058162
mi,106,version_30,17,stratified,100,43,67,67,0.6716697936210132,0.626641651031895,0.7889305816135084,0.16228893058161342
mi,106,version_30,17,stratified,100,44,67,67,0.649155722326454,0.7523452157598499,0.797373358348968,0.045028142589118136
mi,106,version_30,17,stratified,100,45,67,67,0.6744840525328331,0.6772983114446529,0.7833020637898687,0.10600375234521575
mi,106,version_30,17,stratified,100,46,67,67,0.723264540337711,0.6829268292682927,0.7185741088180113,0.03564727954971858
mi,106,version_30,17,stratified,200,42,17,17,0.4,0.5151515151515151,0.8333333333333333,0.3181818181818181
mi,106,version_30,17,stratified,200,43,17,17,0.44285714285714284,0.8333333333333334,1.0,0.16666666666666663
mi,106,version_30,17,stratified,200,44,17,17,0.6571428571428571,0.7272727272727273,0.7272727272727273,0.0
mi,106,version_30,17,stratified,200,45,17,17,0.6212121212121212,0.7428571428571429,0.8428571428571427,0.09999999999999987
mi,106,version_30,17,stratified,200,46,17,17,0.4545454545454546,0.8428571428571427,0.7428571428571429,-0.09999999999999987
mi,106,version_41,0,stratified,10,42,112,112,0.7418267610380856,0.8449612403100775,0.7745197168857432,-0.0704415234243343
mi,106,version_41,0,stratified,10,43,112,112,0.79474216380182,0.7930569598921469,0.7792382878328278,-0.013818672059319081
mi,106,version_41,0,stratified,10,44,112,112,0.7913717559824739,0.80788675429727,0.8335018537243006,0.025615099427030663
mi,106,version_41,0,stratified,10,45,112,112,0.8166498146275699,0.7856420626895855,0.7081226828446242,-0.07751937984496127
mi,106,version_41,0,stratified,10,46,112,112,0.8038422649140546,0.7849679811257162,0.6710481968318166,-0.1139197842938996
mi,106,version_41,0,stratified,50,42,92,92,0.8070436507936507,0.7894736842105263,0.8215538847117794,0.03208020050125304
mi,106,version_41,0,stratified,50,43,92,92,0.8000992063492064,0.793984962406015,0.8651629072681705,0.07117794486215545
mi,106,version_41,0,stratified,50,44,92,92,0.7113095238095238,0.8390977443609022,0.8877192982456141,0.0486215538847119
mi,106,version_41,0,stratified,50,45,92,92,0.7946428571428571,0.8265664160401003,0.8330827067669173,0.006516290726817031
mi,106,version_41,0,stratified,50,46,92,92,0.7862103174603174,0.8090225563909774,0.8365914786967419,0.027568922305764465
mi,106,version_41,0,stratified,100,42,67,67,0.775797373358349,0.8714821763602252,0.874296435272045,0.0028142589118198558
mi,106,version_41,0,stratified,100,43,67,67,0.8283302063789869,0.7786116322701688,0.8095684803001876,0.030956848030018747
mi,106,version_41,0,stratified,100,44,67,67,0.775797373358349,0.8217636022514072,0.8677298311444653,0.045966228893058125
mi,106,version_41,0,stratified,100,45,67,67,0.8489681050656661,0.7429643527204502,0.8105065666041276,0.06754221388367732
mi,106,version_41,0,stratified,100,46,67,67,0.9409005628517824,0.7279549718574109,0.849906191369606,0.12195121951219512
mi,106,version_41,0,stratified,200,42,17,17,0.7714285714285715,0.7424242424242424,0.8939393939393939,0.1515151515151515
mi,106,version_41,0,stratified,200,43,17,17,0.8285714285714285,1.0,1.0,0.0
mi,106,version_41,0,stratified,200,44,17,17,0.7571428571428571,1.0,0.8636363636363635,-0.13636363636363646
mi,106,version_41,0,stratified,200,45,17,17,0.606060606060606,0.7857142857142857,0.9,0.11428571428571432
mi,106,version_41,0,stratified,200,46,17,17,0.8636363636363636,0.9,0.8857142857142858,-0.014285714285714235
mi,106,version_41,2,stratified,10,42,112,112,0.7971014492753623,0.8284462419952815,0.7772160431412201,-0.05123019885406144
mi,106,version_41,2,stratified,10,43,112,112,0.8321536905965621,0.8041793056959892,0.7883383889450624,-0.015840916750926803
mi,106,version_41,2,stratified,10,44,112,112,0.7977755308392316,0.8446241995281429,0.8324907313784968,-0.01213346814964611
mi,106,version_41,2,stratified,10,45,112,112,0.8294573643410852,0.8217054263565892,0.7249747219413549,-0.09673070441523424
mi,106,version_41,2,stratified,10,46,112,112,0.8247387933940006,0.8092349174250084,0.6012807549713515,-0.20795416245365694
mi,106,version_41,2,stratified,50,42,92,92,0.8368055555555556,0.7984962406015038,0.8185463659147869,0.020050125313283096
mi,106,version_41,2,stratified,50,43,92,92,0.8348214285714286,0.8155388471177945,0.8556390977443609,0.040100250626566414
mi,106,version_41,2,stratified,50,44,92,92,0.7375992063492064,0.8481203007518796,0.87468671679198,0.02656641604010035
mi,106,version_41,2,stratified,50,45,92,92,0.8110119047619048,0.8466165413533835,0.831077694235589,-0.015538847117794519
mi,106,version_41,2,stratified,50,46,92,92,0.8258928571428572,0.8225563909774436,0.8175438596491228,-0.005012531328320802
mi,106,version_41,2,stratified,100,42,67,67,0.7973733583489682,0.8808630393996248,0.8574108818011257,-0.023452157598499168
mi,106,version_41,2,stratified,100,43,67,67,0.8330206378986866,0.8217636022514071,0.8142589118198875,-0.007504690431519578
mi,106,version_41,2,stratified,100,44,67,67,0.8048780487804879,0.8292682926829268,0.8874296435272045,0.05816135084427776
mi,106,version_41,2,stratified,100,45,67,67,0.848030018761726,0.8095684803001876,0.848968105065666,0.039399624765478425
mi,106,version_41,2,stratified,100,46,67,67,0.9455909943714823,0.7889305816135085,0.8724202626641651,0.08348968105065657
mi,106,version_41,2,stratified,200,42,17,17,0.5857142857142857,0.7727272727272727,0.8787878787878787,0.10606060606060597
mi,106,version_41,2,stratified,200,43,17,17,0.8285714285714286,1.0,1.0,0.0
mi,106,version_41,2,stratified,200,44,17,17,0.8285714285714285,1.0,0.8787878787878788,-0.12121212121212122
mi,106,version_41,2,stratified,200,45,17,17,0.6818181818181818,0.8571428571428572,0.8857142857142857,0.02857142857142847
mi,106,version_41,2,stratified,200,46,17,17,0.803030303030303,0.9428571428571428,0.9285714285714286,-0.014285714285714235
mi,106,version_41,4,stratified,10,42,112,112,0.7846309403437816,0.8688911358274352,0.7671048196831817,-0.10178631614425349
mi,106,version_41,4,stratified,10,43,112,112,0.8533872598584429,0.8031681833501854,0.7553083923154702,-0.04785979103471516
mi,106,version_41,4,stratified,10,44,112,112,0.779912369396697,0.8766430738119312,0.78159757330637,-0.09504550050556115
mi,106,version_41,4,stratified,10,45,112,112,0.8624873609706775,0.822716548702393,0.6437478934951129,-0.17896865520728011
mi,106,version_41,4,stratified,10,46,112,112,0.8291203235591507,0.8291203235591507,0.5139871924502865,-0.3151331311088642
mi,106,version_41,4,stratified,50,42,92,92,0.8184523809523809,0.8360902255639098,0.8491228070175438,0.013032581453634062
mi,106,version_41,4,stratified,50,43,92,92,0.8363095238095237,0.830576441102757,0.849624060150376,0.01904761904761898
mi,106,version_41,4,stratified,50,44,92,92,0.746031746031746,0.8546365914786967,0.8395989974937343,-0.015037593984962405
mi,106,version_41,4,stratified,50,45,92,92,0.8516865079365079,0.843609022556391,0.8075187969924812,-0.03609022556390984
mi,106,version_41,4,stratified,50,46,92,92,0.8382936507936508,0.8135338345864662,0.8250626566416039,0.011528822055137722
mi,106,version_41,4,stratified,100,42,67,67,0.8424015009380863,0.849906191369606,0.8198874296435272,-0.030018761726078758
mi,106,version_41,4,stratified,100,43,67,67,0.8189493433395872,0.8395872420262664,0.8011257035647279,-0.03846153846153855
mi,106,version_41,4,stratified,100,44,67,67,0.8105065666041276,0.8142589118198874,0.8358348968105065,0.02157598499061908
mi,106,version_41,4,stratified,100,45,67,67,0.8902439024390244,0.7842401500938087,0.8011257035647279,0.016885553470919246
mi,106,version_41,4,stratified,100,46,67,67,0.9371482176360226,0.7636022514071295,0.8714821763602252,0.10787992495309573
mi,106,version_41,4,stratified,200,42,17,17,0.6571428571428571,0.8181818181818182,0.9090909090909091,0.09090909090909083
mi,106,version_41,4,stratified,200,43,17,17,0.7857142857142857,0.9545454545454546,0.9848484848484849,0.030303030303030276
mi,106,version_41,4,stratified,200,44,17,17,0.8285714285714285,0.9393939393939393,0.803030303030303,-0.13636363636363635
mi,106,version_41,4,stratified,200,45,17,17,0.7575757575757576,0.8285714285714286,0.8714285714285714,0.042857142857142816
mi,106,version_41,4,stratified,200,46,17,17,0.7121212121212122,0.9142857142857144,0.9571428571428572,0.042857142857142816
mi,106,version_41,8,stratified,10,42,112,112,0.7923828783282777,0.7944051230198854,0.7320525783619818,-0.06235254465790363
mi,106,version_41,8,stratified,10,43,112,112,0.7906976744186046,0.7863161442534545,0.7765419615773508,-0.009774182676103749
mi,106,version_41,8,stratified,10,44,112,112,0.7890124705089316,0.7987866531850354,0.7991236939669699,0.0003370407819345278
mi,106,version_41,8,stratified,10,45,112,112,0.7822716548702393,0.7940680822379508,0.7708122682844624,-0.023255813953488413
mi,106,version_41,8,stratified,10,46,112,112,0.8132794068082237,0.7677789012470508,0.5911695315133131,-0.17660936973373775
mi,106,version_41,8,stratified,50,42,92,92,0.7624007936507936,0.8466165413533835,0.7814536340852131,-0.06516290726817042
mi,106,version_41,8,stratified,50,43,92,92,0.8179563492063493,0.7974937343358397,0.7929824561403509,-0.004511278195488799
mi,106,version_41,8,stratified,50,44,92,92,0.7227182539682538,0.8285714285714285,0.8401002506265665,0.011528822055137944
mi,106,version_41,8,stratified,50,45,92,92,0.7708333333333335,0.8210526315789473,0.8466165413533835,0.025563909774436233
mi,106,version_41,8,stratified,50,46,92,92,0.8005952380952381,0.7649122807017543,0.7784461152882205,0.013533834586466176
mi,106,version_41,8,stratified,100,42,67,67,0.8058161350844277,0.799249530956848,0.7495309568480301,-0.04971857410881797
mi,106,version_41,8,stratified,100,43,67,67,0.8255159474671669,0.801125703564728,0.8020637898686679,0.0009380863039398779
mi,106,version_41,8,stratified,100,44,67,67,0.8452157598499062,0.724202626641651,0.7607879924953096,0.03658536585365857
mi,106,version_41,8,stratified,100,45,67,67,0.802063789868668,0.7457786116322702,0.7842401500938087,0.038461538461538436
mi,106,version_41,8,stratified,100,46,67,67,0.8864915572232646,0.7823639774859287,0.8311444652908068,0.04878048780487809
mi,106,version_41,8,stratified,200,42,17,17,0.5857142857142857,0.7727272727272727,0.8333333333333334,0.06060606060606066
mi,106,version_41,8,stratified,200,43,17,17,0.7857142857142857,1.0,1.0,0.0
mi,106,version_41,8,stratified,200,44,17,17,0.7428571428571429,0.7878787878787878,0.5909090909090909,-0.1969696969696969
mi,106,version_41,8,stratified,200,45,17,17,0.7121212121212122,0.9428571428571428,0.8999999999999999,-0.04285714285714293
mi,106,version_41,8,stratified,200,46,17,17,0.7272727272727272,0.9,0.7857142857142858,-0.11428571428571421
mi,106,version_41,17,stratified,10,42,112,112,0.7539602291877318,0.5699359622514324,0.6602628918099089,0.09032692955847654
mi,106,version_41,17,stratified,10,43,112,112,0.687226154364678,0.6312773845635322,0.7071115604988204,0.07583417593528818
mi,106,version_41,17,stratified,10,44,112,112,0.6437478934951129,0.6605999325918437,0.7381193124368048,0.07751937984496116
mi,106,version_41,17,stratified,10,45,112,112,0.6059993259184362,0.6845298281092013,0.6858779912369396,0.0013481631277383332
mi,106,version_41,17,stratified,10,46,112,112,0.6434108527131783,0.6710481968318166,0.506572295247725,-0.16447590158409164
mi,106,version_41,17,stratified,50,42,92,92,0.6780753968253967,0.6390977443609023,0.6731829573934838,0.034085213032581496
mi,106,version_41,17,stratified,50,43,92,92,0.6567460317460317,0.6551378446115288,0.7137844611528822,0.05864661654135339
mi,106,version_41,17,stratified,50,44,92,92,0.5525793650793651,0.7428571428571429,0.7804511278195488,0.03759398496240596
mi,106,version_41,17,stratified,50,45,92,92,0.6666666666666667,0.6220551378446115,0.743859649122807,0.12180451127819547
mi,106,version_41,17,stratified,50,46,92,92,0.6557539682539683,0.6701754385964912,0.7974937343358397,0.1273182957393485
mi,106,version_41,17,stratified,100,42,67,67,0.7279549718574109,0.5722326454033771,0.5544090056285178,-0.017823639774859346
mi,106,version_41,17,stratified,100,43,67,67,0.6923076923076923,0.6463414634146342,0.6566604127579738,0.010318949343339656
mi,106,version_41,17,stratified,100,44,67,67,0.6557223264540337,0.698874296435272,0.775797373358349,0.07692307692307698
mi,106,version_41,17,stratified,100,45,67,67,0.6622889305816135,0.6688555347091933,0.75046904315197,0.0816135084427767
mi,106,version_41,17,stratified,100,46,67,67,0.7363977485928705,0.6801125703564728,0.7382739212007504,0.05816135084427765
mi,106,version_41,17,stratified,200,42,17,17,0.3,0.4090909090909091,0.7424242424242424,0.3333333333333333
mi,106,version_41,17,stratified,200,43,17,17,0.42857142857142855,0.803030303030303,0.9696969696969697,0.16666666666666674
mi,106,version_41,17,stratified,200,44,17,17,0.6571428571428571,0.712121212121212,0.7575757575757576,0.045454545454545525
mi,106,version_41,17,stratified,200,45,17,17,0.6818181818181818,0.7,0.8999999999999999,0.19999999999999996
mi,106,version_41,17,stratified,200,46,17,17,0.5909090909090909,0.8714285714285714,0.7714285714285714,-0.10000000000000009
mi,107,version_27,0,stratified,10,42,112,112,0.6403774856757667,0.6673407482305359,0.6562184024266936,-0.011122345803842304
mi,107,version_27,0,stratified,10,43,112,112,0.690933602965959,0.6423997303673745,0.6144253454668015,-0.027974384900573024
mi,107,version_27,0,stratified,10,44,112,112,0.6757667677789012,0.6504887091338052,0.6943040107853051,0.04381530165149994
mi,107,version_27,0,stratified,10,45,112,112,0.6268958543983822,0.6919447253117628,0.6309403437815976,-0.061004381530165186
mi,107,version_27,0,stratified,10,46,112,112,0.6376811594202899,0.6912706437478935,0.6636332996292551,-0.027637344118638385
mi,107,version_27,0,stratified,50,42,92,92,0.6165674603174603,0.7087719298245614,0.6716791979949874,-0.037092731829573955
mi,107,version_27,0,stratified,50,43,92,92,0.6780753968253969,0.6411027568922305,0.5909774436090225,-0.05012531328320802
mi,107,version_27,0,stratified,50,44,92,92,0.7291666666666666,0.5849624060150376,0.562406015037594,-0.022556390977443552
mi,107,version_27,0,stratified,50,45,92,92,0.6135912698412699,0.7042606516290726,0.656641604010025,-0.04761904761904756
mi,107,version_27,0,stratified,50,46,92,92,0.6006944444444444,0.7248120300751879,0.6611528822055138,-0.06365914786967408
mi,107,version_27,0,stratified,100,42,67,67,0.7213883677298312,0.6716697936210132,0.7035647279549718,0.031894934333958624
mi,107,version_27,0,stratified,100,43,67,67,0.6754221388367729,0.6707317073170732,0.6247654784240151,-0.045966228893058125
mi,107,version_27,0,stratified,100,44,67,67,0.699812382739212,0.5928705440900564,0.5853658536585367,-0.007504690431519689
mi,107,version_27,0,stratified,100,45,67,67,0.5975609756097562,0.7335834896810507,0.6763602251407129,-0.05722326454033777
mi,107,version_27,0,stratified,100,46,67,67,0.6510318949343339,0.7326454033771107,0.6604127579737336,-0.07223264540337715
mi,107,version_27,0,stratified,200,42,17,17,0.8571428571428572,0.9393939393939393,0.7878787878787878,-0.1515151515151515
mi,107,version_27,0,stratified,200,43,17,17,0.5285714285714285,0.7272727272727272,0.7727272727272727,0.045454545454545525
mi,107,version_27,0,stratified,200,44,17,17,0.6714285714285715,0.7272727272727273,0.7272727272727273,0.0
mi,107,version_27,0,stratified,200,45,17,17,0.5757575757575757,0.7142857142857142,0.6857142857142857,-0.02857142857142847
mi,107,version_27,0,stratified,200,46,17,17,0.5757575757575758,0.7142857142857143,0.4857142857142857,-0.2285714285714286
mi,107,version_27,2,stratified,10,42,112,112,0.6595888102460398,0.6184698348500168,0.621840242669363,0.003370407819346166
mi,107,version_27,2,stratified,10,43,112,112,0.6639703404111897,0.6359959555106167,0.6167846309403437,-0.01921132457027297
mi,107,version_27,2,stratified,10,44,112,112,0.6747556454330974,0.6086956521739131,0.6612740141557129,0.05257836198179977
mi,107,version_27,2,stratified,10,45,112,112,0.6353218739467476,0.6595888102460398,0.5487023929895518,-0.11088641725648796
mi,107,version_27,2,stratified,10,46,112,112,0.6477923828783283,0.6528479946073475,0.617458712504213,-0.03538928210313452
mi,107,version_27,2,stratified,50,42,92,92,0.6225198412698413,0.6726817042606517,0.6606516290726816,-0.012030075187970057
mi,107,version_27,2,stratified,50,43,92,92,0.6726190476190477,0.606516290726817,0.5508771929824561,-0.05563909774436093
mi,107,version_27,2,stratified,50,44,92,92,0.716765873015873,0.5568922305764411,0.5087719298245614,-0.048120300751879674
mi,107,version_27,2,stratified,50,45,92,92,0.6498015873015872,0.637593984962406,0.6401002506265665,0.0025062656641604564
mi,107,version_27,2,stratified,50,46,92,92,0.59375,0.7092731829573935,0.6416040100250626,-0.06766917293233088
mi,107,version_27,2,stratified,100,42,67,67,0.7054409005628518,0.6538461538461539,0.6416510318949343,-0.012195121951219523
mi,107,version_27,2,stratified,100,43,67,67,0.6651031894934334,0.6782363977485928,0.5947467166979362,-0.08348968105065657
mi,107,version_27,2,stratified,100,44,67,67,0.7129455909943715,0.48311444652908064,0.5056285178236398,0.02251407129455918
mi,107,version_27,2,stratified,100,45,67,67,0.5891181988742964,0.7157598499061913,0.6697936210131332,-0.045966228893058125
mi,107,version_27,2,stratified,100,46,67,67,0.6604127579737336,0.7195121951219512,0.6285178236397748,-0.09099437148217637
mi,107,version_27,2,stratified,200,42,17,17,0.7285714285714285,0.9696969696969697,0.7575757575757576,-0.21212121212121215
mi,107,version_27,2,stratified,200,43,17,17,0.6571428571428571,0.7727272727272727,0.7424242424242424,-0.030303030303030276
mi,107,version_27,2,stratified,200,44,17,17,0.5857142857142857,0.7121212121212122,0.803030303030303,0.09090909090909083
mi,107,version_27,2,stratified,200,45,17,17,0.5757575757575757,0.7285714285714286,0.6,-0.12857142857142867
mi,107,version_27,2,stratified,200,46,17,17,0.6515151515151515,0.7,0.5,-0.19999999999999996
mi,107,version_27,4,stratified,10,42,112,112,0.5753286147623863,0.5571284125379171,0.5803842264914054,0.023255813953488302
mi,107,version_27,4,stratified,10,43,112,112,0.6036400404448938,0.5365689248399056,0.45938658577687896,-0.07718233906302663
mi,107,version_27,4,stratified,10,44,112,112,0.5473542298618133,0.5948769801145939,0.5753286147623862,-0.01954836535220772
mi,107,version_27,4,stratified,10,45,112,112,0.553758004718571,0.5692618806875632,0.5062352544657903,-0.06302662622177291
mi,107,version_27,4,stratified,10,46,112,112,0.5439838220424671,0.5931917762049208,0.6059993259184362,0.012807549713515387
mi,107,version_27,4,stratified,50,42,92,92,0.5773809523809523,0.5674185463659147,0.5298245614035088,-0.03759398496240596
mi,107,version_27,4,stratified,50,43,92,92,0.626984126984127,0.4867167919799498,0.38145363408521304,-0.10526315789473678
mi,107,version_27,4,stratified,50,44,92,92,0.6393849206349206,0.5162907268170426,0.5032581453634086,-0.013032581453633951
mi,107,version_27,4,stratified,50,45,92,92,0.5694444444444444,0.5604010025062657,0.48721804511278194,-0.07318295739348374
mi,107,version_27,4,stratified,50,46,92,92,0.5267857142857143,0.643609022556391,0.6135338345864662,-0.03007518796992481
mi,107,version_27,4,stratified,100,42,67,67,0.5881801125703565,0.600375234521576,0.550656660412758,-0.04971857410881808
mi,107,version_27,4,stratified,100,43,67,67,0.523452157598499,0.5459662288930581,0.47467166979362097,-0.07129455909943716
mi,107,version_27,4,stratified,100,44,67,67,0.6360225140712945,0.49437148217636023,0.5562851782363978,0.06191369606003755
mi,107,version_27,4,stratified,100,45,67,67,0.5375234521575984,0.6416510318949343,0.5422138836772983,-0.09943714821763605
mi,107,version_27,4,stratified,100,46,67,67,0.5628517823639775,0.5919324577861163,0.4577861163227017,-0.13414634146341453
mi,107,version_27,4,stratified,200,42,17,17,0.6142857142857143,0.8939393939393939,0.7727272727272727,-0.12121212121212122
mi,107,version_27,4,stratified,200,43,17,17,0.37142857142857144,0.6060606060606061,0.5606060606060606,-0.045454545454545525
mi,107,version_27,4,stratified,200,44,17,17,0.5,0.7272727272727273,0.803030303030303,0.07575757575757569
mi,107,version_27,4,stratified,200,45,17,17,0.48484848484848486,0.5857142857142857,0.7,0.11428571428571421
mi,107,version_27,4,stratified,200,46,17,17,0.5606060606060606,0.7285714285714286,0.3428571428571428,-0.38571428571428584
mi,107,version_27,8,stratified,10,42,112,112,0.6488035052241322,0.613077182339063,0.627906976744186,0.014829794405122998
mi,107,version_27,8,stratified,10,43,112,112,0.6970003370407819,0.5888102460397708,0.5601617795753286,-0.02864846646444219
mi,107,version_27,8,stratified,10,44,112,112,0.6504887091338052,0.6285810583080553,0.6602628918099089,0.03168183350185361
mi,107,version_27,8,stratified,10,45,112,112,0.6474553420963937,0.6386922817660937,0.5173576002696326,-0.1213346814964611
mi,107,version_27,8,stratified,10,46,112,112,0.6107178968655207,0.6504887091338052,0.6582406471183013,0.007751937984496138
mi,107,version_27,8,stratified,50,42,92,92,0.595734126984127,0.6581453634085213,0.6150375939849624,-0.04310776942355887
mi,107,version_27,8,stratified,50,43,92,92,0.6359126984126984,0.6160401002506266,0.5839598997493735,-0.03208020050125315
mi,107,version_27,8,stratified,50,44,92,92,0.6790674603174603,0.5804511278195489,0.5528822055137844,-0.027568922305764465
mi,107,version_27,8,stratified,50,45,92,92,0.720734126984127,0.5754385964912281,0.6390977443609023,0.06365914786967419
mi,107,version_27,8,stratified,50,46,92,92,0.5570436507936508,0.6776942355889725,0.6616541353383458,-0.016040100250626632
mi,107,version_27,8,stratified,100,42,67,67,0.6810506566604128,0.651031894934334,0.6228893058161351,-0.02814258911819889
mi,107,version_27,8,stratified,100,43,67,67,0.6651031894934334,0.5384615384615384,0.5187617260787993,-0.0196998123827391
mi,107,version_27,8,stratified,100,44,67,67,0.6866791744840525,0.5647279549718573,0.5469043151969981,-0.017823639774859235
mi,107,version_27,8,stratified,100,45,67,67,0.6575984990619137,0.697936210131332,0.6350844277673546,-0.06285178236397737
mi,107,version_27,8,stratified,100,46,67,67,0.6454033771106942,0.6951219512195121,0.6172607879924953,-0.07786116322701686
mi,107,version_27,8,stratified,200,42,17,17,0.7142857142857143,0.803030303030303,0.5,-0.303030303030303
mi,107,version_27,8,stratified,200,43,17,17,0.45714285714285713,0.7727272727272727,0.6818181818181818,-0.09090909090909094
mi,107,version_27,8,stratified,200,44,17,17,0.7428571428571429,0.5909090909090909,0.6666666666666666,0.07575757575757569
mi,107,version_27,8,stratified,200,45,17,17,0.5606060606060606,0.6285714285714286,0.5142857142857142,-0.11428571428571432
mi,107,version_27,8,stratified,200,46,17,17,0.8333333333333333,0.7285714285714286,0.5714285714285714,-0.15714285714285725
mi,107,version_27,17,stratified,10,42,112,112,0.6498146275699358,0.508257499157398,0.5537580047185708,0.0455005055611728
mi,107,version_27,17,stratified,10,43,112,112,0.6491405460060667,0.49747219413549043,0.48297944051230196,-0.01449275362318847
mi,107,version_27,17,stratified,10,44,112,112,0.596562184024267,0.564206268958544,0.4981462756993596,-0.06605999325918438
mi,107,version_27,17,stratified,10,45,112,112,0.5830805527468824,0.5931917762049208,0.5298281092012134,-0.06336366700370744
mi,107,version_27,17,stratified,10,46,112,112,0.5844287158746208,0.5611729019211324,0.5857768790023593,0.024603977081226858
mi,107,version_27,17,stratified,50,42,92,92,0.5347222222222223,0.5398496240601505,0.5233082706766917,-0.016541353383458746
mi,107,version_27,17,stratified,50,43,92,92,0.5892857142857143,0.5483709273182957,0.47218045112781953,-0.0761904761904762
mi,107,version_27,17,stratified,50,44,92,92,0.6021825396825397,0.5573934837092732,0.5192982456140351,-0.03809523809523807
mi,107,version_27,17,stratified,50,45,92,92,0.5302579365079365,0.5954887218045113,0.5804511278195489,-0.015037593984962405
mi,107,version_27,17,stratified,50,46,92,92,0.6125992063492064,0.5263157894736843,0.5609022556390977,0.03458646616541339
mi,107,version_27,17,stratified,100,42,67,67,0.550656660412758,0.5150093808630394,0.5553470919324578,0.040337711069418414
mi,107,version_27,17,stratified,100,43,67,67,0.6031894934333959,0.45590994371482174,0.4540337711069418,-0.0018761726078799223
mi,107,version_27,17,stratified,100,44,67,67,0.623827392120075,0.48968105065666034,0.4859287054409006,-0.0037523452157597337
mi,107,version_27,17,stratified,100,45,67,67,0.5093808630393997,0.5365853658536586,0.5816135084427767,0.045028142589118136
mi,107,version_27,17,stratified,100,46,67,67,0.5675422138836774,0.6425891181988743,0.6397748592870545,-0.0028142589118198558
mi,107,version_27,17,stratified,200,42,17,17,0.7285714285714285,0.6060606060606061,0.7272727272727273,0.12121212121212122
mi,107,version_27,17,stratified,200,43,17,17,0.6142857142857142,0.6515151515151515,0.7878787878787878,0.13636363636363635
mi,107,version_27,17,stratified,200,44,17,17,0.6714285714285715,0.5606060606060607,0.6363636363636364,0.07575757575757569
mi,107,version_27,17,stratified,200,45,17,17,0.5606060606060607,0.6285714285714286,0.4285714285714286,-0.19999999999999996
mi,107,version_27,17,stratified,200,46,17,17,0.6666666666666667,0.7285714285714286,0.7142857142857142,-0.014285714285714457
mi,107,version_28,0,stratified,10,42,112,112,0.6066734074823054,0.6966632962588473,0.7253117627232895,0.02864846646444219
mi,107,version_28,0,stratified,10,43,112,112,0.6572295247724975,0.6579036063363667,0.6420626895854399,-0.015840916750926803
mi,107,version_28,0,stratified,10,44,112,112,0.7189079878665318,0.5982473879339401,0.6740815638692282,0.07583417593528818
mi,107,version_28,0,stratified,10,45,112,112,0.6973373778227164,0.6353218739467476,0.6245365689248399,-0.010785305021907665
mi,107,version_28,0,stratified,10,46,112,112,0.6754297269969666,0.6467812605325245,0.676103808560836,0.029322548028311468
mi,107,version_28,0,stratified,50,42,92,92,0.6076388888888888,0.7443609022556391,0.6882205513784461,-0.056140350877193046
mi,107,version_28,0,stratified,50,43,92,92,0.681547619047619,0.6365914786967419,0.6085213032581454,-0.02807017543859658
mi,107,version_28,0,stratified,50,44,92,92,0.7118055555555556,0.599498746867168,0.5358395989974938,-0.06365914786967419
mi,107,version_28,0,stratified,50,45,92,92,0.6403769841269842,0.7197994987468672,0.6516290726817042,-0.06817042606516299
mi,107,version_28,0,stratified,50,46,92,92,0.6592261904761905,0.6631578947368421,0.6827067669172933,0.019548872180451204
mi,107,version_28,0,stratified,100,42,67,67,0.6885553470919324,0.6894934333958724,0.651969981238274,-0.03752345215759845
mi,107,version_28,0,stratified,100,43,67,67,0.6744840525328331,0.6679174484052534,0.6941838649155723,0.026266416510318913
mi,107,version_28,0,stratified,100,44,67,67,0.726078799249531,0.5093808630393997,0.6388367729831144,0.1294559099437147
mi,107,version_28,0,stratified,100,45,67,67,0.6078799249530956,0.7195121951219512,0.7542213883677298,0.03470919324577859
mi,107,version_28,0,stratified,100,46,67,67,0.6688555347091932,0.7138836772983114,0.676360225140713,-0.037523452157598336
mi,107,version_28,0,stratified,200,42,17,17,0.7857142857142858,0.8333333333333333,0.8636363636363636,0.030303030303030387
mi,107,version_28,0,stratified,200,43,17,17,0.5142857142857142,0.7424242424242424,0.7575757575757576,0.015151515151515138
mi,107,version_28,0,stratified,200,44,17,17,0.5857142857142856,0.712121212121212,0.7575757575757575,0.045454545454545414
mi,107,version_28,0,stratified,200,45,17,17,0.6515151515151516,0.7428571428571429,0.7714285714285714,0.02857142857142847
mi,107,version_28,0,stratified,200,46,17,17,0.5303030303030303,0.6714285714285715,0.7142857142857143,0.042857142857142816
mi,107,version_28,2,stratified,10,42,112,112,0.6150994270306707,0.641051567239636,0.6858779912369397,0.044826423997303744
mi,107,version_28,2,stratified,10,43,112,112,0.6461071789686552,0.6376811594202899,0.6063363667003707,-0.03134479271991919
mi,107,version_28,2,stratified,10,44,112,112,0.707448601280755,0.5591506572295248,0.6312773845635322,0.07212672733400738
mi,107,version_28,2,stratified,10,45,112,112,0.6632962588473205,0.6194809571958206,0.592180653859117,-0.027300303336703635
mi,107,version_28,2,stratified,10,46,112,112,0.6649814627569937,0.6194809571958207,0.6781260532524436,0.058645096056622825
mi,107,version_28,2,stratified,50,42,92,92,0.6001984126984127,0.7213032581453634,0.6701754385964912,-0.051127819548872244
mi,107,version_28,2,stratified,50,43,92,92,0.6686507936507936,0.5874686716791979,0.5829573934837092,-0.004511278195488688
mi,107,version_28,2,stratified,50,44,92,92,0.6780753968253969,0.5779448621553884,0.5523809523809524,-0.02556390977443601
mi,107,version_28,2,stratified,50,45,92,92,0.636904761904762,0.6731829573934837,0.6651629072681704,-0.00802005012531326
mi,107,version_28,2,stratified,50,46,92,92,0.6200396825396824,0.6491228070175439,0.6721804511278195,0.023057644110275666
mi,107,version_28,2,stratified,100,42,67,67,0.651969981238274,0.6885553470919324,0.625703564727955,-0.06285178236397748
mi,107,version_28,2,stratified,100,43,67,67,0.6519699812382739,0.624765478424015,0.6688555347091932,0.04409005628517826
mi,107,version_28,2,stratified,100,44,67,67,0.7091932457786116,0.4465290806754221,0.5834896810506567,0.1369606003752346
mi,107,version_28,2,stratified,100,45,67,67,0.5966228893058161,0.6801125703564728,0.7054409005628518,0.025328330206379035
mi,107,version_28,2,stratified,100,46,67,67,0.6435272045028142,0.6651031894934334,0.6416510318949342,-0.023452157598499168
mi,107,version_28,2,stratified,200,42,17,17,0.7,0.8636363636363636,0.8787878787878788,0.015151515151515138
mi,107,version_28,2,stratified,200,43,17,17,0.6285714285714286,0.7575757575757575,0.7727272727272727,0.015151515151515249
mi,107,version_28,2,stratified,200,44,17,17,0.6285714285714286,0.6060606060606061,0.6363636363636362,0.030303030303030165
mi,107,version_28,2,stratified,200,45,17,17,0.6363636363636364,0.6285714285714286,0.6857142857142857,0.05714285714285716
mi,107,version_28,2,stratified,200,46,17,17,0.5303030303030303,0.6857142857142857,0.6857142857142857,0.0
mi,107,version_28,4,stratified,10,42,112,112,0.5551061678463094,0.5628581058308055,0.6292551398719245,0.06639703404111896
mi,107,version_28,4,stratified,10,43,112,112,0.568587799123694,0.5743174924165824,0.5112908661948096,-0.0630266262217728
mi,107,version_28,4,stratified,10,44,112,112,0.5722952477249748,0.5648803505224133,0.5739804516346477,0.009100101112234471
mi,107,version_28,4,stratified,10,45,112,112,0.5706100438153017,0.5412874957869902,0.5038759689922481,-0.037411526794742134
mi,107,version_28,4,stratified,10,46,112,112,0.5551061678463094,0.5810583080552747,0.6157735085945399,0.034715200539265245
mi,107,version_28,4,stratified,50,42,92,92,0.5471230158730158,0.6280701754385966,0.5954887218045113,-0.03258145363408527
mi,107,version_28,4,stratified,50,43,92,92,0.6309523809523809,0.4852130325814537,0.44010025062656644,-0.04511278195488727
mi,107,version_28,4,stratified,50,44,92,92,0.6245039682539683,0.5448621553884713,0.47568922305764405,-0.06917293233082722
mi,107,version_28,4,stratified,50,45,92,92,0.564484126984127,0.5959899749373434,0.5343358395989974,-0.06165413533834596
mi,107,version_28,4,stratified,50,46,92,92,0.5595238095238095,0.6070175438596491,0.555889724310777,-0.05112781954887213
mi,107,version_28,4,stratified,100,42,67,67,0.574108818011257,0.5863039399624765,0.5075046904315197,-0.07879924953095685
mi,107,version_28,4,stratified,100,43,67,67,0.5440900562851783,0.5600375234521576,0.5215759849906192,-0.038461538461538436
mi,107,version_28,4,stratified,100,44,67,67,0.6369606003752346,0.5046904315196998,0.626641651031895,0.12195121951219512
mi,107,version_28,4,stratified,100,45,67,67,0.5440900562851783,0.6219512195121951,0.5666041275797373,-0.05534709193245779
mi,107,version_28,4,stratified,100,46,67,67,0.6013133208255159,0.5712945590994372,0.5337711069418387,-0.03752345215759845
mi,107,version_28,4,stratified,200,42,17,17,0.5428571428571429,0.7575757575757576,0.6363636363636364,-0.12121212121212122
mi,107,version_28,4,stratified,200,43,17,17,0.5571428571428572,0.5,0.5454545454545454,0.045454545454545414
mi,107,version_28,4,stratified,200,44,17,17,0.4571428571428572,0.6969696969696969,0.803030303030303,0.10606060606060608
mi,107,version_28,4,stratified,200,45,17,17,0.5,0.6,0.7142857142857142,0.11428571428571421
mi,107,version_28,4,stratified,200,46,17,17,0.5606060606060606,0.7142857142857143,0.6142857142857143,-0.09999999999999998
mi,107,version_28,8,stratified,10,42,112,112,0.6002696326255477,0.5726322885069094,0.5803842264914054,0.007751937984496027
mi,107,version_28,8,stratified,10,43,112,112,0.619143916413886,0.5449949443882709,0.48331648129423654,-0.06167846309403435
mi,107,version_28,8,stratified,10,44,112,112,0.6376811594202898,0.5278058645096056,0.5810583080552747,0.05325244354566905
mi,107,version_28,8,stratified,10,45,112,112,0.6107178968655207,0.5729693292888439,0.5476912706437479,-0.025278058645096024
mi,107,version_28,8,stratified,10,46,112,112,0.5807212672733401,0.5709470845972362,0.5490394337714863,-0.021907650825749858
mi,107,version_28,8,stratified,50,42,92,92,0.5734126984126984,0.612531328320802,0.5649122807017544,-0.04761904761904767
mi,107,version_28,8,stratified,50,43,92,92,0.5386904761904763,0.5834586466165413,0.5208020050125314,-0.06265664160400997
mi,107,version_28,8,stratified,50,44,92,92,0.6081349206349207,0.5909774436090226,0.5293233082706766,-0.06165413533834596
mi,107,version_28,8,stratified,50,45,92,92,0.6378968253968255,0.5463659147869674,0.6416040100250627,0.09523809523809534
mi,107,version_28,8,stratified,50,46,92,92,0.5823412698412699,0.5568922305764411,0.6205513784461153,0.06365914786967419
mi,107,version_28,8,stratified,100,42,67,67,0.5694183864915572,0.6210131332082552,0.526266416510319,-0.09474671669793622
mi,107,version_28,8,stratified,100,43,67,67,0.5956848030018762,0.4530956848030019,0.44746716697936206,-0.0056285178236398226
mi,107,version_28,8,stratified,100,44,67,67,0.6566604127579737,0.4793621013133208,0.5037523452157598,0.024390243902439046
mi,107,version_28,8,stratified,100,45,67,67,0.5909943714821764,0.6060037523452158,0.625703564727955,0.019699812382739212
mi,107,version_28,8,stratified,100,46,67,67,0.5956848030018762,0.6594746716697937,0.6163227016885553,-0.04315196998123838
mi,107,version_28,8,stratified,200,42,17,17,0.6285714285714286,0.6515151515151514,0.6666666666666665,0.015151515151515138
mi,107,version_28,8,stratified,200,43,17,17,0.44285714285714284,0.6212121212121212,0.7727272727272726,0.15151515151515138
mi,107,version_28,8,stratified,200,44,17,17,0.6428571428571428,0.5454545454545454,0.6515151515151515,0.10606060606060608
mi,107,version_28,8,stratified,200,45,17,17,0.5,0.5714285714285714,0.5857142857142856,0.014285714285714235
mi,107,version_28,8,stratified,200,46,17,17,0.7575757575757576,0.6285714285714286,0.7142857142857143,0.08571428571428574
mi,107,version_28,17,stratified,10,42,112,112,0.5861139197842938,0.5193798449612403,0.5436467812605326,0.02426693629929222
mi,107,version_28,17,stratified,10,43,112,112,0.5979103471520054,0.4994944388270981,0.5578024941017862,0.058308055274688075
mi,107,version_28,17,stratified,10,44,112,112,0.5453319851702056,0.5483653522076171,0.6373441186383553,0.08897876643073821
mi,107,version_28,17,stratified,10,45,112,112,0.5824064711830131,0.5224132119986518,0.5524098415908325,0.029996629592180746
mi,107,version_28,17,stratified,10,46,112,112,0.5635321873946748,0.5588136164475901,0.5901584091675093,0.03134479271991919
mi,107,version_28,17,stratified,50,42,92,92,0.46478174603174605,0.5684210526315789,0.5654135338345865,-0.003007518796992459
mi,107,version_28,17,stratified,50,43,92,92,0.4885912698412699,0.5964912280701754,0.5789473684210527,-0.01754385964912275
mi,107,version_28,17,stratified,50,44,92,92,0.5907738095238095,0.5213032581453634,0.6200501253132832,0.0987468671679198
mi,107,version_28,17,stratified,50,45,92,92,0.4270833333333333,0.6516290726817043,0.5939849624060151,-0.057644110275689275
mi,107,version_28,17,stratified,50,46,92,92,0.5486111111111112,0.5393483709273182,0.581453634085213,0.04210526315789476
mi,107,version_28,17,stratified,100,42,67,67,0.5309568480300187,0.4596622889305816,0.5478424015009381,0.08818011257035652
mi,107,version_28,17,stratified,100,43,67,67,0.5731707317073171,0.50187617260788,0.5365853658536586,0.03470919324577859
mi,107,version_28,17,stratified,100,44,67,67,0.5703564727954973,0.5065666041275797,0.651969981238274,0.1454033771106943
mi,107,version_28,17,stratified,100,45,67,67,0.4793621013133208,0.5666041275797373,0.6829268292682927,0.11632270168855541
mi,107,version_28,17,stratified,100,46,67,67,0.575984990619137,0.6228893058161351,0.5347091932457786,-0.08818011257035652
mi,107,version_28,17,stratified,200,42,17,17,0.5571428571428572,0.5454545454545455,0.8636363636363636,0.3181818181818181
mi,107,version_28,17,stratified,200,43,17,17,0.5571428571428572,0.6212121212121211,0.712121212121212,0.09090909090909094
mi,107,version_28,17,stratified,200,44,17,17,0.4857142857142857,0.48484848484848486,0.803030303030303,0.3181818181818181
mi,107,version_28,17,stratified,200,45,17,17,0.45454545454545453,0.7285714285714285,0.5571428571428572,-0.17142857142857137
mi,107,version_28,17,stratified,200,46,17,17,0.6060606060606061,0.6571428571428571,0.6571428571428571,0.0
mi,107,version_29,0,stratified,10,42,112,112,0.6147623862487361,0.7226154364678126,0.6538591169531514,-0.06875631951466121
mi,107,version_29,0,stratified,10,43,112,112,0.6676777890124705,0.690933602965959,0.6605999325918436,-0.030333670374115385
mi,107,version_29,0,stratified,10,44,112,112,0.6737445230872936,0.6609369733737783,0.683855746545332,0.022918773171553664
mi,107,version_29,0,stratified,10,45,112,112,0.679474216380182,0.6609369733737782,0.6568924839905629,-0.004044489383215333
mi,107,version_29,0,stratified,10,46,112,112,0.6558813616447591,0.6973373778227165,0.6609369733737782,-0.03640040444893833
mi,107,version_29,0,stratified,50,42,92,92,0.5952380952380952,0.7418546365914787,0.6827067669172933,-0.059147869674185394
mi,107,version_29,0,stratified,50,43,92,92,0.7043650793650794,0.6641604010025063,0.5448621553884712,-0.11929824561403513
mi,107,version_29,0,stratified,50,44,92,92,0.716765873015873,0.6150375939849625,0.5684210526315789,-0.046616541353383556
mi,107,version_29,0,stratified,50,45,92,92,0.6537698412698413,0.699749373433584,0.6325814536340852,-0.06716791979949877
mi,107,version_29,0,stratified,50,46,92,92,0.6587301587301588,0.6897243107769423,0.7208020050125313,0.031077694235589037
mi,107,version_29,0,stratified,100,42,67,67,0.6866791744840525,0.7063789868667918,0.6529080675422139,-0.053470919324577926
mi,107,version_29,0,stratified,100,43,67,67,0.7354596622889307,0.6735459662288931,0.6303939962476548,-0.04315196998123827
mi,107,version_29,0,stratified,100,44,67,67,0.7195121951219512,0.5347091932457786,0.6060037523452158,0.07129455909943716
mi,107,version_29,0,stratified,100,45,67,67,0.6181988742964353,0.7204502814258912,0.7063789868667918,-0.01407129455909939
mi,107,version_29,0,stratified,100,46,67,67,0.700750469043152,0.7110694183864915,0.6125703564727956,-0.09849906191369595
mi,107,version_29,0,stratified,200,42,17,17,0.7714285714285714,0.8484848484848484,0.8636363636363636,0.015151515151515249
mi,107,version_29,0,stratified,200,43,17,17,0.4714285714285714,0.8181818181818181,0.7272727272727273,-0.09090909090909083
mi,107,version_29,0,stratified,200,44,17,17,0.6714285714285715,0.48484848484848486,0.7121212121212122,0.2272727272727273
mi,107,version_29,0,stratified,200,45,17,17,0.696969696969697,0.7285714285714285,0.7714285714285714,0.042857142857142816
mi,107,version_29,0,stratified,200,46,17,17,0.5606060606060606,0.7571428571428571,0.5857142857142856,-0.17142857142857149
mi,107,version_29,2,stratified,10,42,112,112,0.6282440175261207,0.655881361644759,0.6221772834512976,-0.03370407819346133
mi,107,version_29,2,stratified,10,43,112,112,0.6083586113919784,0.7071115604988203,0.6228513650151668,-0.08426019548365349
mi,107,version_29,2,stratified,10,44,112,112,0.6643073811931244,0.6309403437815976,0.6538591169531514,0.022918773171553775
mi,107,version_29,2,stratified,10,45,112,112,0.6801482979440512,0.6285810583080552,0.6002696326255477,-0.02831142568250755
mi,107,version_29,2,stratified,10,46,112,112,0.6464442197505897,0.6703741152679474,0.6407145264577013,-0.029659588810246107
mi,107,version_29,2,stratified,50,42,92,92,0.607638888888889,0.6917293233082707,0.6190476190476191,-0.07268170426065168
mi,107,version_29,2,stratified,50,43,92,92,0.6820436507936508,0.6395989974937343,0.5177944862155388,-0.12180451127819547
mi,107,version_29,2,stratified,50,44,92,92,0.7281746031746033,0.5674185463659148,0.5032581453634084,-0.06416040100250642
mi,107,version_29,2,stratified,50,45,92,92,0.6661706349206349,0.6390977443609023,0.6010025062656641,-0.03809523809523818
mi,107,version_29,2,stratified,50,46,92,92,0.5902777777777778,0.6882205513784461,0.6977443609022557,0.009523809523809601
mi,107,version_29,2,stratified,100,42,67,67,0.6754221388367729,0.6707317073170732,0.6735459662288931,0.0028142589118198558
mi,107,version_29,2,stratified,100,43,67,67,0.7091932457786116,0.6951219512195121,0.626641651031895,-0.0684803001876172
mi,107,version_29,2,stratified,100,44,67,67,0.7073170731707317,0.46810506566604126,0.5581613508442776,0.09005628517823638
mi,107,version_29,2,stratified,100,45,67,67,0.6144465290806754,0.6763602251407129,0.6482176360225141,-0.02814258911819878
mi,107,version_29,2,stratified,100,46,67,67,0.6622889305816135,0.6622889305816135,0.5140712945590994,-0.14821763602251414
mi,107,version_29,2,stratified,200,42,17,17,0.6285714285714284,0.8484848484848484,0.7878787878787878,-0.06060606060606055
mi,107,version_29,2,stratified,200,43,17,17,0.5714285714285714,0.8333333333333334,0.696969696969697,-0.13636363636363635
mi,107,version_29,2,stratified,200,44,17,17,0.6857142857142857,0.606060606060606,0.6515151515151515,0.045454545454545525
mi,107,version_29,2,stratified,200,45,17,17,0.6212121212121212,0.5857142857142857,0.6285714285714286,0.042857142857142816
mi,107,version_29,2,stratified,200,46,17,17,0.6363636363636364,0.6857142857142857,0.5857142857142856,-0.10000000000000009
mi,107,version_29,4,stratified,10,42,112,112,0.6373441186383553,0.5948769801145939,0.5331985170205595,-0.06167846309403435
mi,107,version_29,4,stratified,10,43,112,112,0.6275699359622514,0.6241995281429052,0.6474553420963937,0.023255813953488413
mi,107,version_29,4,stratified,10,44,112,112,0.5958881024603977,0.6302662622177283,0.5635321873946748,-0.06673407482305349
mi,107,version_29,4,stratified,10,45,112,112,0.6319514661274015,0.59386585776879,0.5264577013818672,-0.06740815638692277
mi,107,version_29,4,stratified,10,46,112,112,0.5985844287158746,0.6477923828783283,0.5756656555443209,-0.07212672733400738
mi,107,version_29,4,stratified,50,42,92,92,0.6259920634920635,0.6155388471177945,0.5604010025062657,-0.05513784461152882
mi,107,version_29,4,stratified,50,43,92,92,0.7038690476190477,0.574436090225564,0.469172932330827,-0.10526315789473695
mi,107,version_29,4,stratified,50,44,92,92,0.7132936507936508,0.5353383458646617,0.4832080200501253,-0.05213032581453636
mi,107,version_29,4,stratified,50,45,92,92,0.6532738095238095,0.5909774436090226,0.5308270676691729,-0.06015037593984973
mi,107,version_29,4,stratified,50,46,92,92,0.6036706349206349,0.6636591478696742,0.6035087719298247,-0.06015037593984951
mi,107,version_29,4,stratified,100,42,67,67,0.5637898686679175,0.7091932457786116,0.6275797373358348,-0.08161350844277682
mi,107,version_29,4,stratified,100,43,67,67,0.626641651031895,0.6613508442776735,0.6060037523452158,-0.05534709193245779
mi,107,version_29,4,stratified,100,44,67,67,0.6688555347091931,0.5290806754221389,0.5656660412757973,0.03658536585365846
mi,107,version_29,4,stratified,100,45,67,67,0.6125703564727955,0.6829268292682926,0.6238273921200751,-0.059099437148217526
mi,107,version_29,4,stratified,100,46,67,67,0.6425891181988743,0.6181988742964353,0.45966228893058164,-0.15853658536585363
mi,107,version_29,4,stratified,200,42,17,17,0.45714285714285713,0.8787878787878788,0.8333333333333333,-0.045454545454545525
mi,107,version_29,4,stratified,200,43,17,17,0.5571428571428572,0.696969696969697,0.5454545454545454,-0.1515151515151516
mi,107,version_29,4,stratified,200,44,17,17,0.5857142857142856,0.48484848484848486,0.6818181818181819,0.19696969696969702
mi,107,version_29,4,stratified,200,45,17,17,0.7575757575757576,0.6428571428571428,0.7285714285714285,0.08571428571428574
mi,107,version_29,4,stratified,200,46,17,17,0.5,0.7,0.6,-0.09999999999999998
mi,107,version_29,8,stratified,10,42,112,112,0.5540950455005056,0.617458712504213,0.6258847320525784,0.008426019548365415
mi,107,version_29,8,stratified,10,43,112,112,0.6019548365352207,0.5692618806875631,0.6036400404448938,0.03437815975733072
mi,107,version_29,8,stratified,10,44,112,112,0.542298618132794,0.6002696326255477,0.6467812605325245,0.04651162790697683
mi,107,version_29,8,stratified,10,45,112,112,0.5935288169868553,0.5618469834850017,0.5099427030670711,-0.051904280417930604
mi,107,version_29,8,stratified,10,46,112,112,0.5699359622514324,0.5857768790023592,0.6508257499157397,0.06504887091338052
mi,107,version_29,8,stratified,50,42,92,92,0.49255952380952384,0.6451127819548872,0.5894736842105264,-0.05563909774436082
mi,107,version_29,8,stratified,50,43,92,92,0.5947420634920635,0.5974937343358396,0.5448621553884712,-0.052631578947368474
mi,107,version_29,8,stratified,50,44,92,92,0.6284722222222222,0.4982456140350877,0.5218045112781955,0.02355889724310778
mi,107,version_29,8,stratified,50,45,92,92,0.6001984126984127,0.555889724310777,0.6170426065162907,0.06115288220551374
mi,107,version_29,8,stratified,50,46,92,92,0.5843253968253969,0.5754385964912281,0.6175438596491228,0.04210526315789476
mi,107,version_29,8,stratified,100,42,67,67,0.623827392120075,0.6078799249530957,0.5975609756097561,-0.010318949343339656
mi,107,version_29,8,stratified,100,43,67,67,0.6547842401500938,0.6172607879924953,0.5328330206378986,-0.08442776735459667
mi,107,version_29,8,stratified,100,44,67,67,0.5881801125703565,0.42870544090056284,0.4784240150093808,0.04971857410881797
mi,107,version_29,8,stratified,100,45,67,67,0.5562851782363978,0.6135084427767354,0.6613508442776735,0.0478424015009381
mi,107,version_29,8,stratified,100,46,67,67,0.6106941838649156,0.6538461538461539,0.5853658536585367,-0.0684803001876172
mi,107,version_29,8,stratified,200,42,17,17,0.6714285714285715,0.7424242424242424,0.7424242424242424,0.0
mi,107,version_29,8,stratified,200,43,17,17,0.4,0.8333333333333334,0.6060606060606061,-0.2272727272727273
mi,107,version_29,8,stratified,200,44,17,17,0.5857142857142856,0.4090909090909091,0.6363636363636364,0.22727272727272724
mi,107,version_29,8,stratified,200,45,17,17,0.6666666666666666,0.6142857142857142,0.5571428571428572,-0.05714285714285705
mi,107,version_29,8,stratified,200,46,17,17,0.6363636363636364,0.7571428571428571,0.5571428571428572,-0.19999999999999996
mi,107,version_29,17,stratified,10,42,112,112,0.645433097404786,0.621840242669363,0.6046511627906976,-0.01718907987866536
mi,107,version_29,17,stratified,10,43,112,112,0.6868891135827435,0.5968992248062015,0.574654533198517,-0.022244691607684497
mi,107,version_29,17,stratified,10,44,112,112,0.6241995281429052,0.6545331985170206,0.46814964610717896,-0.18638355240984167
mi,107,version_29,17,stratified,10,45,112,112,0.6670037074486013,0.6295921806538591,0.564206268958544,-0.06538591169531516
mi,107,version_29,17,stratified,10,46,112,112,0.6316144253454667,0.6531850353892821,0.5813953488372093,-0.07178968655207274
mi,107,version_29,17,stratified,50,42,92,92,0.6279761904761905,0.6411027568922306,0.5197994987468673,-0.12130325814536336
mi,107,version_29,17,stratified,50,43,92,92,0.673611111111111,0.5949874686716792,0.5428571428571429,-0.05213032581453625
mi,107,version_29,17,stratified,50,44,92,92,0.706845238095238,0.5503759398496241,0.48621553884711777,-0.0641604010025063
mi,107,version_29,17,stratified,50,45,92,92,0.5992063492063492,0.6320802005012531,0.5654135338345865,-0.06666666666666665
mi,107,version_29,17,stratified,50,46,92,92,0.625,0.6711779448621553,0.5619047619047619,-0.10927318295739341
mi,107,version_29,17,stratified,100,42,67,67,0.7045028142589118,0.6275797373358349,0.5544090056285178,-0.07317073170731714
mi,107,version_29,17,stratified,100,43,67,67,0.700750469043152,0.6088180112570356,0.4878048780487805,-0.12101313320825513
mi,107,version_29,17,stratified,100,44,67,67,0.7195121951219513,0.49530956848030017,0.5365853658536586,0.0412757973733584
mi,107,version_29,17,stratified,100,45,67,67,0.5600375234521576,0.6697936210131331,0.6894934333958724,0.019699812382739323
mi,107,version_29,17,stratified,100,46,67,67,0.6632270168855535,0.7298311444652908,0.6172607879924953,-0.11257035647279556
mi,107,version_29,17,stratified,200,42,17,17,0.9,0.9393939393939394,0.8484848484848484,-0.09090909090909105
mi,107,version_29,17,stratified,200,43,17,17,0.6285714285714286,0.8787878787878788,0.7727272727272727,-0.10606060606060608
mi,107,version_29,17,stratified,200,44,17,17,0.7142857142857143,0.7272727272727273,0.8181818181818181,0.09090909090909083
mi,107,version_29,17,stratified,200,45,17,17,0.6515151515151515,0.5714285714285714,0.5428571428571428,-0.02857142857142858
mi,107,version_29,17,stratified,200,46,17,17,0.5,0.8714285714285714,0.6857142857142857,-0.18571428571428572
mi,107,version_30,0,stratified,10,42,112,112,0.6858779912369397,0.6811594202898551,0.7131782945736433,0.032018874283788246
mi,107,version_30,0,stratified,10,43,112,112,0.7077856420626896,0.6771149309066397,0.6788001348163127,0.001685203909673083
mi,107,version_30,0,stratified,10,44,112,112,0.7168857431749242,0.6552072800808898,0.7168857431749242,0.06167846309403435
mi,107,version_30,0,stratified,10,45,112,112,0.7064374789349511,0.6811594202898551,0.6656555443208628,-0.015503875968992276
mi,107,version_30,0,stratified,10,46,112,112,0.6993596225143243,0.6747556454330974,0.6484664644421975,-0.02628918099089994
mi,107,version_30,0,stratified,50,42,92,92,0.6428571428571428,0.7523809523809524,0.6781954887218046,-0.0741854636591478
mi,107,version_30,0,stratified,50,43,92,92,0.7261904761904762,0.6471177944862155,0.6416040100250627,-0.005513784461152804
mi,107,version_30,0,stratified,50,44,92,92,0.7266865079365079,0.6842105263157894,0.5593984962406015,-0.12481203007518793
mi,107,version_30,0,stratified,50,45,92,92,0.6413690476190477,0.7583959899749373,0.6927318295739348,-0.06566416040100254
mi,107,version_30,0,stratified,50,46,92,92,0.7247023809523809,0.6491228070175439,0.6671679197994987,0.018045112781954864
mi,107,version_30,0,stratified,100,42,67,67,0.6998123827392121,0.7185741088180113,0.6801125703564728,-0.03846153846153855
mi,107,version_30,0,stratified,100,43,67,67,0.7392120075046904,0.6697936210131331,0.6660412757973734,-0.0037523452157597337
mi,107,version_30,0,stratified,100,44,67,67,0.7457786116322702,0.6088180112570356,0.7054409005628517,0.09662288930581608
mi,107,version_30,0,stratified,100,45,67,67,0.6369606003752345,0.7148217636022514,0.7204502814258912,0.0056285178236398226
mi,107,version_30,0,stratified,100,46,67,67,0.7054409005628518,0.7570356472795498,0.6313320825515948,-0.12570356472795496
mi,107,version_30,0,stratified,200,42,17,17,0.7999999999999999,0.9545454545454546,0.9090909090909091,-0.045454545454545525
mi,107,version_30,0,stratified,200,43,17,17,0.5285714285714286,0.7424242424242424,0.8636363636363635,0.1212121212121211
mi,107,version_30,0,stratified,200,44,17,17,0.7142857142857142,0.696969696969697,0.7272727272727273,0.030303030303030276
mi,107,version_30,0,stratified,200,45,17,17,0.6818181818181819,0.7428571428571429,0.8285714285714285,0.08571428571428563
mi,107,version_30,0,stratified,200,46,17,17,0.6212121212121212,0.7428571428571428,0.5428571428571428,-0.19999999999999996
mi,107,version_30,2,stratified,10,42,112,112,0.6902595214020897,0.6413886080215706,0.6828446241995282,0.04145601617795758
mi,107,version_30,2,stratified,10,43,112,112,0.6831816649814627,0.6757667677789012,0.6565554432086282,-0.01921132457027297
mi,107,version_30,2,stratified,10,44,112,112,0.7216043141220088,0.6204920795416246,0.6757667677789013,0.05527468823727677
mi,107,version_30,2,stratified,10,45,112,112,0.7020559487698012,0.6579036063363667,0.571284125379171,-0.08661948095719574
mi,107,version_30,2,stratified,10,46,112,112,0.698685540950455,0.6461071789686552,0.6397034041118975,-0.0064037748567576935
mi,107,version_30,2,stratified,50,42,92,92,0.6463293650793651,0.7157894736842106,0.6446115288220552,-0.07117794486215545
mi,107,version_30,2,stratified,50,43,92,92,0.7078373015873016,0.6250626566416041,0.5819548872180451,-0.043107769423558984
mi,107,version_30,2,stratified,50,44,92,92,0.7291666666666666,0.65062656641604,0.524812030075188,-0.12581453634085205
mi,107,version_30,2,stratified,50,45,92,92,0.6294642857142857,0.7298245614035088,0.6591478696741855,-0.07067669172932334
mi,107,version_30,2,stratified,50,46,92,92,0.6994047619047619,0.6255639097744361,0.6416040100250626,0.01604010025062652
mi,107,version_30,2,stratified,100,42,67,67,0.6613508442776735,0.7195121951219512,0.6444652908067542,-0.075046904315197
mi,107,version_30,2,stratified,100,43,67,67,0.6979362101313321,0.6838649155722326,0.6669793621013133,-0.016885553470919357
mi,107,version_30,2,stratified,100,44,67,67,0.7467166979362101,0.5487804878048781,0.6210131332082551,0.07223264540337704
mi,107,version_30,2,stratified,100,45,67,67,0.6172607879924953,0.6838649155722326,0.6435272045028143,-0.0403377110694183
mi,107,version_30,2,stratified,100,46,67,67,0.6791744840525329,0.7298311444652908,0.5900562851782365,-0.13977485928705435
mi,107,version_30,2,stratified,200,42,17,17,0.6571428571428571,0.9696969696969697,0.9545454545454545,-0.015151515151515249
mi,107,version_30,2,stratified,200,43,17,17,0.6142857142857142,0.7272727272727272,0.7727272727272727,0.045454545454545525
mi,107,version_30,2,stratified,200,44,17,17,0.6857142857142857,0.6666666666666666,0.6666666666666666,0.0
mi,107,version_30,2,stratified,200,45,17,17,0.6969696969696969,0.6857142857142857,0.7428571428571429,0.05714285714285716
mi,107,version_30,2,stratified,200,46,17,17,0.6666666666666667,0.7285714285714286,0.5428571428571429,-0.18571428571428572
mi,107,version_30,4,stratified,10,42,112,112,0.6046511627906976,0.5497135153353556,0.6039770812268285,0.054263565891472854
mi,107,version_30,4,stratified,10,43,112,112,0.6127401415571284,0.5706100438153017,0.5867880013481631,0.016177957532861442
mi,107,version_30,4,stratified,10,44,112,112,0.5918436130771824,0.5854398382204247,0.5803842264914054,-0.005055611729019249
mi,107,version_30,4,stratified,10,45,112,112,0.570273003033367,0.5776879002359285,0.570273003033367,-0.007414897202561499
mi,107,version_30,4,stratified,10,46,112,112,0.5844287158746209,0.5918436130771824,0.5817323896191439,-0.010111223458038499
mi,107,version_30,4,stratified,50,42,92,92,0.5982142857142857,0.5964912280701754,0.4781954887218045,-0.1182957393483709
mi,107,version_30,4,stratified,50,43,92,92,0.654265873015873,0.5182957393483709,0.48120300751879697,-0.037092731829573955
mi,107,version_30,4,stratified,50,44,92,92,0.6304563492063492,0.5884711779448621,0.44511278195488724,-0.1433583959899749
mi,107,version_30,4,stratified,50,45,92,92,0.5719246031746033,0.5904761904761905,0.5619047619047619,-0.02857142857142858
mi,107,version_30,4,stratified,50,46,92,92,0.5863095238095237,0.5994987468671679,0.4676691729323308,-0.13182957393483707
mi,107,version_30,4,stratified,100,42,67,67,0.5797373358348967,0.5994371482176359,0.5215759849906191,-0.07786116322701686
mi,107,version_30,4,stratified,100,43,67,67,0.5581613508442776,0.6106941838649156,0.5440900562851783,-0.06660412757973733
mi,107,version_30,4,stratified,100,44,67,67,0.6716697936210131,0.5328330206378986,0.4268292682926829,-0.1060037523452157
mi,107,version_30,4,stratified,100,45,67,67,0.5928705440900564,0.5881801125703565,0.48968105065666034,-0.09849906191369617
mi,107,version_30,4,stratified,100,46,67,67,0.6003752345215759,0.5984990619136961,0.46153846153846156,-0.1369606003752345
mi,107,version_30,4,stratified,200,42,17,17,0.5,0.8484848484848484,0.803030303030303,-0.045454545454545414
mi,107,version_30,4,stratified,200,43,17,17,0.7142857142857143,0.6666666666666665,0.7121212121212122,0.045454545454545636
mi,107,version_30,4,stratified,200,44,17,17,0.5285714285714286,0.6060606060606061,0.6818181818181818,0.07575757575757569
mi,107,version_30,4,stratified,200,45,17,17,0.5909090909090908,0.5285714285714286,0.5714285714285714,0.042857142857142816
mi,107,version_30,4,stratified,200,46,17,17,0.5606060606060607,0.6571428571428571,0.42857142857142855,-0.2285714285714286
mi,107,version_30,8,stratified,10,42,112,112,0.6356589147286822,0.5881361644759016,0.5837546343107516,-0.004381530165149972
mi,107,version_30,8,stratified,10,43,112,112,0.6552072800808898,0.5719582069430401,0.552746882372767,-0.01921132457027308
mi,107,version_30,8,stratified,10,44,112,112,0.6501516683518705,0.5652173913043478,0.5652173913043479,1.1102230246251565e-16
mi,107,version_30,8,stratified,10,45,112,112,0.6177957532861476,0.6127401415571284,0.5085945399393327,-0.10414560161779574
mi,107,version_30,8,stratified,10,46,112,112,0.5786990225817324,0.6241995281429052,0.6568924839905629,0.032692955847657634
mi,107,version_30,8,stratified,50,42,92,92,0.5406746031746033,0.6355889724310777,0.6175438596491228,-0.018045112781954864
mi,107,version_30,8,stratified,50,43,92,92,0.6026785714285714,0.5844611528822055,0.6025062656641604,0.018045112781954975
mi,107,version_30,8,stratified,50,44,92,92,0.6125992063492064,0.6390977443609023,0.5137844611528821,-0.12531328320802015
mi,107,version_30,8,stratified,50,45,92,92,0.6339285714285714,0.6035087719298246,0.6521303258145363,0.04862155388471179
mi,107,version_30,8,stratified,50,46,92,92,0.6140873015873016,0.5553884711779449,0.6045112781954887,0.04912280701754379
mi,107,version_30,8,stratified,100,42,67,67,0.6106941838649156,0.6444652908067543,0.6031894934333959,-0.0412757973733584
mi,107,version_30,8,stratified,100,43,67,67,0.5947467166979362,0.6050656660412759,0.5422138836772983,-0.06285178236397759
mi,107,version_30,8,stratified,100,44,67,67,0.649155722326454,0.5431519699812383,0.5300187617260788,-0.013133208255159512
mi,107,version_30,8,stratified,100,45,67,67,0.6219512195121951,0.6454033771106942,0.575046904315197,-0.07035647279549717
mi,107,version_30,8,stratified,100,46,67,67,0.6285178236397748,0.6641651031894934,0.601313320825516,-0.06285178236397737
mi,107,version_30,8,stratified,200,42,17,17,0.5714285714285714,0.8939393939393939,0.7121212121212122,-0.18181818181818177
mi,107,version_30,8,stratified,200,43,17,17,0.4714285714285714,0.7424242424242424,0.6818181818181819,-0.06060606060606055
mi,107,version_30,8,stratified,200,44,17,17,0.6857142857142857,0.5909090909090909,0.5303030303030303,-0.06060606060606066
mi,107,version_30,8,stratified,200,45,17,17,0.5606060606060606,0.5285714285714286,0.48571428571428577,-0.042857142857142816
mi,107,version_30,8,stratified,200,46,17,17,0.6666666666666667,0.7428571428571429,0.6,-0.1428571428571429
mi,107,version_30,17,stratified,10,42,112,112,0.658577687900236,0.5348837209302325,0.542298618132794,0.007414897202561499
mi,107,version_30,17,stratified,10,43,112,112,0.6177957532861477,0.5827435119649478,0.4924165824064711,-0.09032692955847665
mi,107,version_30,17,stratified,10,44,112,112,0.626221772834513,0.5898213683855748,0.4405123019885406,-0.14930906639703417
mi,107,version_30,17,stratified,10,45,112,112,0.6265588136164475,0.5871250421300978,0.5116279069767442,-0.07549713515335355
mi,107,version_30,17,stratified,10,46,112,112,0.59824738793394,0.6006066734074823,0.5480283114256825,-0.05257836198179977
mi,107,version_30,17,stratified,50,42,92,92,0.5456349206349206,0.6230576441102758,0.4857142857142857,-0.13734335839599005
mi,107,version_30,17,stratified,50,43,92,92,0.5932539682539683,0.6000000000000001,0.5022556390977444,-0.09774436090225569
mi,107,version_30,17,stratified,50,44,92,92,0.7113095238095238,0.5513784461152882,0.45513784461152884,-0.09624060150375935
mi,107,version_30,17,stratified,50,45,92,92,0.5793650793650794,0.6275689223057644,0.5959899749373434,-0.03157894736842104
mi,107,version_30,17,stratified,50,46,92,92,0.613095238095238,0.5864661654135339,0.4506265664160401,-0.13583959899749382
mi,107,version_30,17,stratified,100,42,67,67,0.6332082551594747,0.5909943714821764,0.3808630393996248,-0.21013133208255158
mi,107,version_30,17,stratified,100,43,67,67,0.626641651031895,0.6041275797373358,0.4943714821763603,-0.10975609756097549
mi,107,version_30,17,stratified,100,44,67,67,0.6604127579737336,0.524390243902439,0.45590994371482174,-0.0684803001876173
mi,107,version_30,17,stratified,100,45,67,67,0.6172607879924953,0.5347091932457786,0.5525328330206379,0.017823639774859346
mi,107,version_30,17,stratified,100,46,67,67,0.6041275797373358,0.7242026266416511,0.5131332082551595,-0.21106941838649163
mi,107,version_30,17,stratified,200,42,17,17,0.8142857142857143,0.7272727272727273,0.6666666666666667,-0.06060606060606055
mi,107,version_30,17,stratified,200,43,17,17,0.5571428571428572,0.7727272727272727,0.6666666666666666,-0.10606060606060608
mi,107,version_30,17,stratified,200,44,17,17,0.6571428571428571,0.8636363636363636,0.7272727272727273,-0.13636363636363635
mi,107,version_30,17,stratified,200,45,17,17,0.7272727272727273,0.6142857142857142,0.5285714285714286,-0.08571428571428563
mi,107,version_30,17,stratified,200,46,17,17,0.7424242424242424,0.8428571428571427,0.6142857142857142,-0.22857142857142854
mi,107,version_41,0,stratified,10,42,112,112,0.6488035052241321,0.7148634984833164,0.7121671722278395,-0.0026963262554768885
mi,107,version_41,0,stratified,10,43,112,112,0.7050893158072127,0.6632962588473205,0.6582406471183013,-0.005055611729019138
mi,107,version_41,0,stratified,10,44,112,112,0.704752275025278,0.6555443208628243,0.6912706437478935,0.03572632288506916
mi,107,version_41,0,stratified,10,45,112,112,0.6761038085608359,0.672396359959555,0.6632962588473205,-0.009100101112234582
mi,107,version_41,0,stratified,10,46,112,112,0.6791371755982474,0.6905965621840242,0.7044152342433434,0.013818672059319193
mi,107,version_41,0,stratified,50,42,92,92,0.6626984126984127,0.7333333333333334,0.699749373433584,-0.03358395989974938
mi,107,version_41,0,stratified,50,43,92,92,0.6954365079365079,0.6581453634085213,0.6045112781954887,-0.05363408521303259
mi,107,version_41,0,stratified,50,44,92,92,0.7475198412698413,0.6280701754385964,0.5192982456140351,-0.1087719298245613
mi,107,version_41,0,stratified,50,45,92,92,0.625,0.7107769423558897,0.6576441102756893,-0.053132832080200476
mi,107,version_41,0,stratified,50,46,92,92,0.6671626984126984,0.7057644110275689,0.6917293233082706,-0.01403508771929829
mi,107,version_41,0,stratified,100,42,67,67,0.7185741088180113,0.7317073170731707,0.7317073170731707,0.0
mi,107,version_41,0,stratified,100,43,67,67,0.727954971857411,0.651031894934334,0.701688555347092,0.05065666041275796
mi,107,version_41,0,stratified,100,44,67,67,0.7579737335834896,0.6060037523452158,0.6444652908067543,0.03846153846153855
mi,107,version_41,0,stratified,100,45,67,67,0.6060037523452158,0.7467166979362101,0.6913696060037523,-0.05534709193245779
mi,107,version_41,0,stratified,100,46,67,67,0.7185741088180112,0.724202626641651,0.6060037523452158,-0.11819887429643527
mi,107,version_41,0,stratified,200,42,17,17,0.7571428571428571,0.9696969696969696,0.9545454545454545,-0.015151515151515138
mi,107,version_41,0,stratified,200,43,17,17,0.6285714285714286,0.6818181818181819,0.8181818181818181,0.13636363636363624
mi,107,version_41,0,stratified,200,44,17,17,0.8,0.5757575757575758,0.6515151515151515,0.07575757575757569
mi,107,version_41,0,stratified,200,45,17,17,0.7272727272727273,0.6428571428571428,0.6714285714285715,0.028571428571428692
mi,107,version_41,0,stratified,200,46,17,17,0.6060606060606061,0.7,0.6428571428571428,-0.05714285714285716
mi,107,version_41,2,stratified,10,42,112,112,0.6255476912706437,0.636670037074486,0.6282440175261206,-0.008426019548365415
mi,107,version_41,2,stratified,10,43,112,112,0.6444219750589821,0.6292551398719245,0.6423997303673745,0.013144590495450026
mi,107,version_41,2,stratified,10,44,112,112,0.658577687900236,0.5945399393326591,0.6343107516009437,0.039770812268284605
mi,107,version_41,2,stratified,10,45,112,112,0.6336366700370746,0.6265588136164475,0.5608358611391979,-0.06572295247724957
mi,107,version_41,2,stratified,10,46,112,112,0.6501516683518705,0.6265588136164475,0.6312773845635322,0.0047185709470847215
mi,107,version_41,2,stratified,50,42,92,92,0.6195436507936507,0.6776942355889725,0.631077694235589,-0.046616541353383445
mi,107,version_41,2,stratified,50,43,92,92,0.6726190476190477,0.5884711779448621,0.5543859649122808,-0.034085213032581385
mi,107,version_41,2,stratified,50,44,92,92,0.6939484126984127,0.5724310776942356,0.45764411027568924,-0.11478696741854638
mi,107,version_41,2,stratified,50,45,92,92,0.6388888888888888,0.6275689223057644,0.5924812030075188,-0.03508771929824561
mi,107,version_41,2,stratified,50,46,92,92,0.6200396825396824,0.631077694235589,0.6521303258145363,0.021052631578947323
mi,107,version_41,2,stratified,100,42,67,67,0.6932457786116323,0.6632270168855535,0.6181988742964353,-0.04502814258911825
mi,107,version_41,2,stratified,100,43,67,67,0.6407129455909945,0.6594746716697936,0.5966228893058161,-0.06285178236397748
mi,107,version_41,2,stratified,100,44,67,67,0.7091932457786116,0.4793621013133208,0.5309568480300187,0.05159474671669795
mi,107,version_41,2,stratified,100,45,67,67,0.6285178236397748,0.6857410881801125,0.6416510318949343,-0.04409005628517815
mi,107,version_41,2,stratified,100,46,67,67,0.6772983114446529,0.6622889305816135,0.5422138836772983,-0.12007504690431525
mi,107,version_41,2,stratified,200,42,17,17,0.5857142857142856,0.9848484848484849,0.9696969696969697,-0.015151515151515138
mi,107,version_41,2,stratified,200,43,17,17,0.6285714285714286,0.6666666666666667,0.6060606060606061,-0.06060606060606066
mi,107,version_41,2,stratified,200,44,17,17,0.6285714285714286,0.5454545454545454,0.6363636363636365,0.09090909090909105
mi,107,version_41,2,stratified,200,45,17,17,0.6060606060606061,0.6428571428571428,0.6,-0.042857142857142816
mi,107,version_41,2,stratified,200,46,17,17,0.6212121212121212,0.7285714285714285,0.5142857142857142,-0.2142857142857143
mi,107,version_41,4,stratified,10,42,112,112,0.5669025952140209,0.5483653522076172,0.6002696326255478,0.051904280417930604
mi,107,version_41,4,stratified,10,43,112,112,0.6097067745197169,0.5183687226154364,0.5156723963599595,-0.0026963262554768885
mi,107,version_41,4,stratified,10,44,112,112,0.5719582069430401,0.5443208628244017,0.5695989214694978,0.025278058645096024
mi,107,version_41,4,stratified,10,45,112,112,0.5375800471857095,0.5672396359959555,0.5753286147623862,0.008088978766430666
mi,107,version_41,4,stratified,10,46,112,112,0.5601617795753286,0.5588136164475901,0.6043141220087631,0.04550050556117302
mi,107,version_41,4,stratified,50,42,92,92,0.5639880952380952,0.5759398496240601,0.5659147869674186,-0.010025062656641492
mi,107,version_41,4,stratified,50,43,92,92,0.6458333333333334,0.4781954887218045,0.48571428571428577,0.007518796992481258
mi,107,version_41,4,stratified,50,44,92,92,0.623015873015873,0.5192982456140351,0.4446115288220551,-0.07468671679198002
mi,107,version_41,4,stratified,50,45,92,92,0.5704365079365079,0.5142857142857142,0.4967418546365915,-0.01754385964912275
mi,107,version_41,4,stratified,50,46,92,92,0.5535714285714286,0.543859649122807,0.573934837092732,0.03007518796992492
mi,107,version_41,4,stratified,100,42,67,67,0.5872420262664164,0.5309568480300187,0.5919324577861164,0.060975609756097615
mi,107,version_41,4,stratified,100,43,67,67,0.5787992495309568,0.5272045028142589,0.5590994371482176,0.031894934333958735
mi,107,version_41,4,stratified,100,44,67,67,0.6575984990619137,0.4765478424015009,0.5384615384615385,0.06191369606003766
mi,107,version_41,4,stratified,100,45,67,67,0.5469043151969981,0.5928705440900564,0.5272045028142589,-0.06566604127579745
mi,107,version_41,4,stratified,100,46,67,67,0.5816135084427767,0.5656660412757973,0.4643527204502814,-0.10131332082551592
mi,107,version_41,4,stratified,200,42,17,17,0.4714285714285714,0.7727272727272727,0.5151515151515151,-0.25757575757575757
mi,107,version_41,4,stratified,200,43,17,17,0.5571428571428572,0.5757575757575758,0.6363636363636365,0.06060606060606066
mi,107,version_41,4,stratified,200,44,17,17,0.5428571428571428,0.6363636363636364,0.6212121212121212,-0.015151515151515138
mi,107,version_41,4,stratified,200,45,17,17,0.48484848484848486,0.5,0.6142857142857143,0.11428571428571432
mi,107,version_41,4,stratified,200,46,17,17,0.5454545454545454,0.6,0.6,0.0
mi,107,version_41,8,stratified,10,42,112,112,0.5965621840242669,0.6100438153016514,0.61139197842939,0.0013481631277385553
mi,107,version_41,8,stratified,10,43,112,112,0.6582406471183013,0.5672396359959555,0.5921806538591169,0.024941017863161385
mi,107,version_41,8,stratified,10,44,112,112,0.5827435119649478,0.6100438153016515,0.6191439164138861,0.009100101112234582
mi,107,version_41,8,stratified,10,45,112,112,0.6343107516009437,0.581732389619144,0.5315133131108865,-0.05021907650825752
mi,107,version_41,8,stratified,10,46,112,112,0.6191439164138861,0.5955510616784631,0.5554432086282439,-0.04010785305021913
mi,107,version_41,8,stratified,50,42,92,92,0.5233134920634921,0.6295739348370928,0.6641604010025063,0.0345864661654135
mi,107,version_41,8,stratified,50,43,92,92,0.6091269841269842,0.5759398496240602,0.6150375939849624,0.03909774436090219
mi,107,version_41,8,stratified,50,44,92,92,0.6071428571428571,0.5533834586466165,0.4716791979949875,-0.08170426065162906
mi,107,version_41,8,stratified,50,45,92,92,0.6026785714285714,0.5934837092731828,0.5989974937343359,0.005513784461153026
mi,107,version_41,8,stratified,50,46,92,92,0.5654761904761905,0.6220551378446115,0.5789473684210527,-0.04310776942355887
mi,107,version_41,8,stratified,100,42,67,67,0.6613508442776735,0.5900562851782364,0.5834896810506567,-0.0065666041275797005
mi,107,version_41,8,stratified,100,43,67,67,0.6848030018761726,0.5309568480300187,0.48405253283302063,-0.046904315196998114
mi,107,version_41,8,stratified,100,44,67,67,0.6557223264540337,0.46341463414634143,0.5084427767354597,0.04502814258911825
mi,107,version_41,8,stratified,100,45,67,67,0.5666041275797373,0.6069418386491556,0.649155722326454,0.04221388367729839
mi,107,version_41,8,stratified,100,46,67,67,0.5919324577861164,0.701688555347092,0.5065666041275797,-0.19512195121951226
mi,107,version_41,8,stratified,200,42,17,17,0.5714285714285714,0.9393939393939393,0.696969696969697,-0.24242424242424232
mi,107,version_41,8,stratified,200,43,17,17,0.4857142857142857,0.6666666666666667,0.6363636363636364,-0.030303030303030387
mi,107,version_41,8,stratified,200,44,17,17,0.7142857142857142,0.5151515151515151,0.5757575757575757,0.06060606060606055
mi,107,version_41,8,stratified,200,45,17,17,0.45454545454545453,0.6285714285714286,0.6142857142857143,-0.014285714285714235
mi,107,version_41,8,stratified,200,46,17,17,0.7121212121212122,0.7285714285714285,0.6714285714285714,-0.05714285714285716
mi,107,version_41,17,stratified,10,42,112,112,0.5945399393326593,0.5706100438153017,0.5048870913380519,-0.0657229524772498
mi,107,version_41,17,stratified,10,43,112,112,0.6231884057971013,0.5419615773508595,0.48028311425682507,-0.06167846309403441
mi,107,version_41,17,stratified,10,44,112,112,0.5931917762049208,0.5739804516346478,0.5433097404785979,-0.030670711156049912
mi,107,version_41,17,stratified,10,45,112,112,0.6026289180990899,0.5770138186720593,0.5389282103134478,-0.03808560835861141
mi,107,version_41,17,stratified,10,46,112,112,0.5544320862824401,0.61139197842939,0.6059993259184362,-0.005392652510953777
mi,107,version_41,17,stratified,50,42,92,92,0.5357142857142857,0.6045112781954887,0.6210526315789473,0.016541353383458635
mi,107,version_41,17,stratified,50,43,92,92,0.5997023809523809,0.5568922305764411,0.6025062656641604,0.04561403508771933
mi,107,version_41,17,stratified,50,44,92,92,0.6706349206349206,0.5338345864661654,0.5644110275689224,0.030576441102756924
mi,107,version_41,17,stratified,50,45,92,92,0.5540674603174603,0.6235588972431078,0.6406015037593985,0.017042606516290748
mi,107,version_41,17,stratified,50,46,92,92,0.5778769841269842,0.5824561403508772,0.5804511278195489,-0.002005012531328343
mi,107,version_41,17,stratified,100,42,67,67,0.6060037523452158,0.5544090056285178,0.6435272045028142,0.0891181988742964
mi,107,version_41,17,stratified,100,43,67,67,0.6069418386491556,0.5272045028142589,0.5,-0.027204502814258902
mi,107,version_41,17,stratified,100,44,67,67,0.6341463414634146,0.49437148217636023,0.5375234521575984,0.043151969981238214
mi,107,version_41,17,stratified,100,45,67,67,0.47373358348968103,0.6529080675422139,0.6772983114446529,0.024390243902439046
mi,107,version_41,17,stratified,100,46,67,67,0.5975609756097561,0.6219512195121951,0.5853658536585366,-0.03658536585365857
mi,107,version_41,17,stratified,200,42,17,17,0.8428571428571429,0.7424242424242424,0.8333333333333333,0.09090909090909083
mi,107,version_41,17,stratified,200,43,17,17,0.5,0.803030303030303,0.6666666666666666,-0.13636363636363635
mi,107,version_41,17,stratified,200,44,17,17,0.5142857142857142,0.5606060606060607,0.7121212121212122,0.1515151515151515
mi,107,version_41,17,stratified,200,45,17,17,0.5757575757575757,0.41428571428571426,0.6857142857142857,0.27142857142857146
mi,107,version_41,17,stratified,200,46,17,17,0.5151515151515151,0.7857142857142857,0.6714285714285714,-0.11428571428571432
mi,108,version_27,0,stratified,10,42,112,112,0.6332996292551398,0.7826086956521738,0.7556454330974047,-0.026963262554769107
mi,108,version_27,0,stratified,10,43,112,112,0.6636332996292551,0.7613751263902933,0.7822716548702393,0.020896528479946053
mi,108,version_27,0,stratified,10,44,112,112,0.6831816649814626,0.7448601280754972,0.7199191102123357,-0.024941017863161496
mi,108,version_27,0,stratified,10,45,112,112,0.698685540950455,0.732726659925851,0.7003707448601281,-0.032355915065722884
mi,108,version_27,0,stratified,10,46,112,112,0.709133805190428,0.7465453319851701,0.43309740478597913,-0.313447927199191
mi,108,version_27,0,stratified,50,42,92,92,0.7058531746031746,0.7684210526315789,0.7363408521303259,-0.03208020050125304
mi,108,version_27,0,stratified,50,43,92,92,0.7053571428571428,0.7323308270676692,0.7192982456140351,-0.013032581453634062
mi,108,version_27,0,stratified,50,44,92,92,0.7480158730158729,0.6786967418546366,0.694235588972431,0.015538847117794408
mi,108,version_27,0,stratified,50,45,92,92,0.7123015873015873,0.7393483709273183,0.756390977443609,0.017042606516290637
mi,108,version_27,0,stratified,50,46,92,92,0.6557539682539683,0.7829573934837093,0.8145363408521303,0.03157894736842104
mi,108,version_27,0,stratified,100,42,67,67,0.7195121951219513,0.799249530956848,0.7542213883677299,-0.045028142589118136
mi,108,version_27,0,stratified,100,43,67,67,0.7532833020637899,0.7401500938086303,0.7185741088180113,-0.021575984990618968
mi,108,version_27,0,stratified,100,44,67,67,0.6744840525328331,0.7120075046904315,0.7073170731707317,-0.004690431519699834
mi,108,version_27,0,stratified,100,45,67,67,0.7673545966228893,0.699812382739212,0.7204502814258913,0.020637898686679312
mi,108,version_27,0,stratified,100,46,67,67,0.7448405253283301,0.7439024390243902,0.774859287054409,0.030956848030018747
mi,108,version_27,0,stratified,200,42,17,17,0.7285714285714285,0.8333333333333333,0.8181818181818182,-0.015151515151515027
mi,108,version_27,0,stratified,200,43,17,17,0.6571428571428571,0.6818181818181818,0.8939393939393939,0.21212121212121215
mi,108,version_27,0,stratified,200,44,17,17,0.9142857142857143,0.606060606060606,0.7121212121212122,0.10606060606060619
mi,108,version_27,0,stratified,200,45,17,17,0.803030303030303,0.7142857142857143,0.6714285714285715,-0.042857142857142816
mi,108,version_27,0,stratified,200,46,17,17,0.6818181818181818,0.6857142857142857,0.7571428571428571,0.0714285714285714
mi,108,version_27,2,stratified,10,42,112,112,0.6154364678126053,0.7391304347826086,0.7317155375800471,-0.007414897202561499
mi,108,version_27,2,stratified,10,43,112,112,0.6407145264577014,0.7323896191439163,0.7762049207954163,0.04381530165149994
mi,108,version_27,2,stratified,10,44,112,112,0.6349848331648129,0.7239635995955511,0.7377822716548702,0.013818672059319081
mi,108,version_27,2,stratified,10,45,112,112,0.6754297269969667,0.7081226828446242,0.7340748230535894,0.02595214020896519
mi,108,version_27,2,stratified,10,46,112,112,0.6798112571621167,0.7165487023929895,0.46410515672396363,-0.2524435456690259
mi,108,version_27,2,stratified,50,42,92,92,0.652281746031746,0.7263157894736842,0.7654135338345865,0.0390977443609023
mi,108,version_27,2,stratified,50,43,92,92,0.6979166666666667,0.6832080200501254,0.7263157894736842,0.04310776942355887
mi,108,version_27,2,stratified,50,44,92,92,0.7321428571428571,0.6285714285714287,0.6691729323308271,0.040601503759398416
mi,108,version_27,2,stratified,50,45,92,92,0.6974206349206349,0.6892230576441103,0.7669172932330827,0.07769423558897237
mi,108,version_27,2,stratified,50,46,92,92,0.6121031746031746,0.7423558897243108,0.8210526315789475,0.07869674185463671
mi,108,version_27,2,stratified,100,42,67,67,0.7026266416510318,0.727954971857411,0.7861163227016886,0.05816135084427765
mi,108,version_27,2,stratified,100,43,67,67,0.7157598499061913,0.7279549718574109,0.7317073170731707,0.0037523452157598447
mi,108,version_27,2,stratified,100,44,67,67,0.6529080675422139,0.6575984990619137,0.7476547842401501,0.09005628517823638
mi,108,version_27,2,stratified,100,45,67,67,0.7307692307692307,0.6782363977485929,0.7504690431519699,0.07223264540337704
mi,108,version_27,2,stratified,100,46,67,67,0.6904315196998123,0.7420262664165103,0.8433395872420263,0.10131332082551603
mi,108,version_27,2,stratified,200,42,17,17,0.6428571428571428,0.8333333333333334,0.7878787878787878,-0.045454545454545525
mi,108,version_27,2,stratified,200,43,17,17,0.6714285714285714,0.6515151515151515,0.8333333333333333,0.18181818181818177
mi,108,version_27,2,stratified,200,44,17,17,0.8857142857142857,0.5757575757575757,0.7424242424242424,0.16666666666666674
mi,108,version_27,2,stratified,200,45,17,17,0.7272727272727273,0.7571428571428571,0.7285714285714285,-0.02857142857142858
mi,108,version_27,2,stratified,200,46,17,17,0.6666666666666667,0.6,0.8142857142857143,0.2142857142857143
mi,108,version_27,4,stratified,10,42,112,112,0.6117290192113245,0.728345129760701,0.7435119649477586,0.015166835187057637
mi,108,version_27,4,stratified,10,43,112,112,0.6299292214357937,0.7384563532187395,0.6757667677789012,-0.06268958543983827
mi,108,version_27,4,stratified,10,44,112,112,0.6552072800808898,0.6949780923491742,0.6467812605325244,-0.0481968318166498
mi,108,version_27,4,stratified,10,45,112,112,0.6599258510279744,0.6970003370407819,0.705763397371082,0.008763060330300054
mi,108,version_27,4,stratified,10,46,112,112,0.673407482305359,0.7077856420626896,0.4765756656555443,-0.23120997640714525
mi,108,version_27,4,stratified,50,42,92,92,0.6780753968253969,0.7243107769423559,0.7263157894736842,0.002005012531328343
mi,108,version_27,4,stratified,50,43,92,92,0.6741071428571429,0.6997493734335839,0.7298245614035087,0.03007518796992481
mi,108,version_27,4,stratified,50,44,92,92,0.7366071428571429,0.6235588972431079,0.6791979949874686,0.05563909774436071
mi,108,version_27,4,stratified,50,45,92,92,0.6631944444444444,0.7077694235588973,0.7072681704260653,-0.0005012531328320025
mi,108,version_27,4,stratified,50,46,92,92,0.6279761904761905,0.7273182957393484,0.7714285714285714,0.04411027568922299
mi,108,version_27,4,stratified,100,42,67,67,0.7026266416510318,0.7138836772983115,0.7392120075046904,0.025328330206378924
mi,108,version_27,4,stratified,100,43,67,67,0.7279549718574109,0.6885553470919324,0.8264540337711069,0.1378986866791745
mi,108,version_27,4,stratified,100,44,67,67,0.6341463414634146,0.701688555347092,0.6857410881801126,-0.015947467166979368
mi,108,version_27,4,stratified,100,45,67,67,0.6763602251407129,0.7213883677298312,0.6857410881801126,-0.03564727954971858
mi,108,version_27,4,stratified,100,46,67,67,0.6613508442776735,0.6894934333958724,0.7654784240150093,0.07598499061913688
mi,108,version_27,4,stratified,200,42,17,17,0.7142857142857142,0.8181818181818181,0.696969696969697,-0.1212121212121211
mi,108,version_27,4,stratified,200,43,17,17,0.6142857142857142,0.5606060606060607,0.8030303030303031,0.24242424242424243
mi,108,version_27,4,stratified,200,44,17,17,0.9714285714285715,0.5909090909090909,0.5757575757575757,-0.015151515151515249
mi,108,version_27,4,stratified,200,45,17,17,0.7575757575757576,0.8,0.7142857142857143,-0.08571428571428574
mi,108,version_27,4,stratified,200,46,17,17,0.6666666666666666,0.5285714285714286,0.6857142857142857,0.15714285714285714
mi,108,version_27,8,stratified,10,42,112,112,0.6619480957195821,0.7509268621503202,0.7337377822716549,-0.01718907987866536
mi,108,version_27,8,stratified,10,43,112,112,0.6720593191776205,0.7475564543309741,0.7128412537917088,-0.034715200539265245
mi,108,version_27,8,stratified,10,44,112,112,0.6744186046511628,0.7465453319851703,0.7074486012807549,-0.03909673070441533
mi,108,version_27,8,stratified,10,45,112,112,0.7199191102123357,0.7216043141220088,0.6788001348163129,-0.04280417930569591
mi,108,version_27,8,stratified,10,46,112,112,0.6821705426356589,0.7590158409167509,0.49814627569935965,-0.26086956521739124
mi,108,version_27,8,stratified,50,42,92,92,0.6631944444444444,0.7924812030075188,0.7593984962406015,-0.03308270676691727
mi,108,version_27,8,stratified,50,43,92,92,0.7063492063492064,0.68671679197995,0.6611528822055137,-0.025563909774436233
mi,108,version_27,8,stratified,50,44,92,92,0.7276785714285715,0.6992481203007519,0.6877192982456141,-0.011528822055137833
mi,108,version_27,8,stratified,50,45,92,92,0.7192460317460317,0.7197994987468672,0.6897243107769424,-0.03007518796992481
mi,108,version_27,8,stratified,50,46,92,92,0.6433531746031746,0.7598997493734336,0.7909774436090226,0.031077694235588926
mi,108,version_27,8,stratified,100,42,67,67,0.7195121951219512,0.7748592870544091,0.6932457786116323,-0.08161350844277682
mi,108,version_27,8,stratified,100,43,67,67,0.7157598499061913,0.7504690431519699,0.7551594746716699,0.004690431519699945
mi,108,version_27,8,stratified,100,44,67,67,0.7185741088180113,0.6726078799249531,0.7429643527204502,0.07035647279549717
mi,108,version_27,8,stratified,100,45,67,67,0.7701688555347093,0.7166979362101313,0.6707317073170731,-0.045966228893058236
mi,108,version_27,8,stratified,100,46,67,67,0.7213883677298312,0.6885553470919324,0.7448405253283302,0.05628517823639778
mi,108,version_27,8,stratified,200,42,17,17,0.7,0.8181818181818182,0.7727272727272727,-0.045454545454545525
mi,108,version_27,8,stratified,200,43,17,17,0.6428571428571428,0.6060606060606061,0.803030303030303,0.1969696969696969
mi,108,version_27,8,stratified,200,44,17,17,0.8142857142857143,0.5454545454545454,0.5606060606060606,0.015151515151515138
mi,108,version_27,8,stratified,200,45,17,17,0.7424242424242424,0.7714285714285714,0.7142857142857142,-0.05714285714285716
mi,108,version_27,8,stratified,200,46,17,17,0.5757575757575758,0.6285714285714286,0.7285714285714285,0.09999999999999998
mi,108,version_27,17,stratified,10,42,112,112,0.5770138186720593,0.44118638355240986,0.5921806538591169,0.15099427030670703
mi,108,version_27,17,stratified,10,43,112,112,0.553758004718571,0.46309403437815977,0.6275699359622514,0.16447590158409164
mi,108,version_27,17,stratified,10,44,112,112,0.5143242332322211,0.5035389282103134,0.6521739130434783,0.14863498483316484
mi,108,version_27,17,stratified,10,45,112,112,0.5008426019548365,0.5298281092012133,0.6498146275699359,0.11998651836872265
mi,108,version_27,17,stratified,10,46,112,112,0.5537580047185708,0.4806201550387597,0.4779238287832828,-0.0026963262554768885
mi,108,version_27,17,stratified,50,42,92,92,0.4513888888888889,0.5258145363408522,0.5578947368421052,0.03208020050125304
mi,108,version_27,17,stratified,50,43,92,92,0.5148809523809524,0.5323308270676692,0.6095238095238096,0.07719298245614037
mi,108,version_27,17,stratified,50,44,92,92,0.5228174603174603,0.47969924812030085,0.6611528822055137,0.18145363408521287
mi,108,version_27,17,stratified,50,45,92,92,0.45486111111111116,0.5729323308270676,0.6576441102756893,0.08471177944862163
mi,108,version_27,17,stratified,50,46,92,92,0.47023809523809523,0.5388471177944862,0.7092731829573935,0.17042606516290726
mi,108,version_27,17,stratified,100,42,67,67,0.5056285178236397,0.40431519699812385,0.6613508442776735,0.2570356472795497
mi,108,version_27,17,stratified,100,43,67,67,0.5393996247654784,0.49812382739212,0.5722326454033771,0.07410881801125713
mi,108,version_27,17,stratified,100,44,67,67,0.48686679174484054,0.5365853658536586,0.74765478424015,0.2110694183864914
mi,108,version_27,17,stratified,100,45,67,67,0.48405253283302063,0.48217636022514065,0.5375234521575984,0.05534709193245779
mi,108,version_27,17,stratified,100,46,67,67,0.49343339587242024,0.5187617260787993,0.6876172607879925,0.16885553470919312
mi,108,version_27,17,stratified,200,42,17,17,0.3857142857142857,0.45454545454545453,0.803030303030303,0.34848484848484845
mi,108,version_27,17,stratified,200,43,17,17,0.5857142857142856,0.36363636363636365,0.8787878787878788,0.5151515151515151
mi,108,version_27,17,stratified,200,44,17,17,0.5285714285714286,0.5151515151515151,0.6666666666666666,0.1515151515151515
mi,108,version_27,17,stratified,200,45,17,17,0.3181818181818182,0.4857142857142857,0.6142857142857142,0.1285714285714285
mi,108,version_27,17,stratified,200,46,17,17,0.5303030303030303,0.6142857142857143,0.5142857142857142,-0.10000000000000009
mi,108,version_28,0,stratified,10,42,112,112,0.6184698348500168,0.7438490057296933,0.7384563532187395,-0.005392652510953777
mi,108,version_28,0,stratified,10,43,112,112,0.6332996292551398,0.7421638018200203,0.6811594202898551,-0.061004381530165186
mi,108,version_28,0,stratified,10,44,112,112,0.6622851365015167,0.691607684529828,0.6285810583080553,-0.06302662622177269
mi,108,version_28,0,stratified,10,45,112,112,0.6525109538254128,0.717896865520728,0.7098078867542973,-0.008088978766430666
mi,108,version_28,0,stratified,10,46,112,112,0.6643073811931244,0.7418267610380855,0.4057971014492754,-0.33602965958881015
mi,108,version_28,0,stratified,50,42,92,92,0.6701388888888888,0.72531328320802,0.6877192982456141,-0.03759398496240596
mi,108,version_28,0,stratified,50,43,92,92,0.6731150793650794,0.7082706766917293,0.581453634085213,-0.12681704260651627
mi,108,version_28,0,stratified,50,44,92,92,0.6949404761904762,0.6601503759398496,0.6731829573934838,0.013032581453634173
mi,108,version_28,0,stratified,50,45,92,92,0.6944444444444444,0.6842105263157895,0.7137844611528823,0.029573934837092808
mi,108,version_28,0,stratified,50,46,92,92,0.6785714285714286,0.7308270676691729,0.7714285714285715,0.04060150375939853
mi,108,version_28,0,stratified,100,42,67,67,0.7148217636022515,0.7279549718574109,0.6979362101313321,-0.030018761726078758
mi,108,version_28,0,stratified,100,43,67,67,0.7101313320825515,0.698874296435272,0.6669793621013134,-0.031894934333958624
mi,108,version_28,0,stratified,100,44,67,67,0.700750469043152,0.6697936210131332,0.6697936210131332,0.0
mi,108,version_28,0,stratified,100,45,67,67,0.725140712945591,0.6378986866791745,0.7082551594746717,0.07035647279549717
mi,108,version_28,0,stratified,100,46,67,67,0.7138836772983115,0.723264540337711,0.7654784240150094,0.04221388367729839
mi,108,version_28,0,stratified,200,42,17,17,0.8428571428571429,0.7272727272727273,0.8484848484848484,0.1212121212121211
mi,108,version_28,0,stratified,200,43,17,17,0.6285714285714286,0.6666666666666666,0.7575757575757575,0.09090909090909083
mi,108,version_28,0,stratified,200,44,17,17,0.8714285714285714,0.6363636363636364,0.696969696969697,0.06060606060606066
mi,108,version_28,0,stratified,200,45,17,17,0.696969696969697,0.6142857142857143,0.6714285714285714,0.05714285714285705
mi,108,version_28,0,stratified,200,46,17,17,0.7878787878787878,0.7142857142857143,0.6714285714285714,-0.04285714285714293
mi,108,version_28,2,stratified,10,42,112,112,0.6363329962925515,0.6868891135827435,0.6990225817323896,0.01213346814964611
mi,108,version_28,2,stratified,10,43,112,112,0.6295921806538591,0.7249747219413548,0.6134142231209976,-0.11156049882035723
mi,108,version_28,2,stratified,10,44,112,112,0.6545331985170205,0.6855409504550051,0.6592517694641051,-0.02628918099089994
mi,108,version_28,2,stratified,10,45,112,112,0.6629592180653859,0.7000337040781934,0.7155375800471857,0.015503875968992276
mi,108,version_28,2,stratified,10,46,112,112,0.6454330974047859,0.7202561509942702,0.5803842264914054,-0.1398719245028648
mi,108,version_28,2,stratified,50,42,92,92,0.632936507936508,0.6822055137844611,0.6531328320802005,-0.029072681704260694
mi,108,version_28,2,stratified,50,43,92,92,0.6755952380952381,0.6857142857142857,0.6085213032581454,-0.07719298245614037
mi,108,version_28,2,stratified,50,44,92,92,0.6731150793650794,0.6416040100250626,0.637092731829574,-0.004511278195488577
mi,108,version_28,2,stratified,50,45,92,92,0.6994047619047619,0.6441102756892231,0.7077694235588972,0.06365914786967408
mi,108,version_28,2,stratified,50,46,92,92,0.6388888888888888,0.7182957393483709,0.7639097744360902,0.04561403508771933
mi,108,version_28,2,stratified,100,42,67,67,0.675422138836773,0.650093808630394,0.6013133208255159,-0.04878048780487809
mi,108,version_28,2,stratified,100,43,67,67,0.6772983114446529,0.6998123827392121,0.6688555347091932,-0.030956848030018858
mi,108,version_28,2,stratified,100,44,67,67,0.6454033771106943,0.6341463414634146,0.6669793621013134,0.032833020637898724
mi,108,version_28,2,stratified,100,45,67,67,0.7091932457786116,0.600375234521576,0.6791744840525329,0.07879924953095685
mi,108,version_28,2,stratified,100,46,67,67,0.6932457786116323,0.727016885553471,0.7476547842401501,0.02063789868667909
mi,108,version_28,2,stratified,200,42,17,17,0.7142857142857142,0.6363636363636364,0.7575757575757576,0.12121212121212122
mi,108,version_28,2,stratified,200,43,17,17,0.6714285714285715,0.5606060606060607,0.6969696969696969,0.13636363636363624
mi,108,version_28,2,stratified,200,44,17,17,0.8714285714285714,0.6363636363636364,0.6363636363636364,0.0
mi,108,version_28,2,stratified,200,45,17,17,0.6060606060606061,0.6428571428571428,0.6571428571428571,0.014285714285714346
mi,108,version_28,2,stratified,200,46,17,17,0.8787878787878788,0.7,0.6571428571428571,-0.042857142857142816
mi,108,version_28,4,stratified,10,42,112,112,0.6285810583080553,0.6649814627569935,0.6568924839905629,-0.008088978766430666
mi,108,version_28,4,stratified,10,43,112,112,0.6245365689248399,0.7104819683181665,0.4937647455342097,-0.21671722278395678
mi,108,version_28,4,stratified,10,44,112,112,0.6595888102460397,0.6531850353892821,0.5962251432423322,-0.05695989214694985
mi,108,version_28,4,stratified,10,45,112,112,0.6454330974047859,0.6555443208628244,0.6397034041118975,-0.015840916750926914
mi,108,version_28,4,stratified,10,46,112,112,0.5992585102797439,0.7185709470845971,0.5726322885069093,-0.14593865857768784
mi,108,version_28,4,stratified,50,42,92,92,0.6091269841269842,0.6796992481203007,0.6511278195488722,-0.02857142857142847
mi,108,version_28,4,stratified,50,43,92,92,0.6622023809523809,0.6646616541353383,0.5167919799498747,-0.1478696741854636
mi,108,version_28,4,stratified,50,44,92,92,0.6626984126984127,0.6751879699248121,0.6325814536340852,-0.04260651629072687
mi,108,version_28,4,stratified,50,45,92,92,0.6979166666666667,0.5874686716791979,0.643107769423559,0.055639097744361043
mi,108,version_28,4,stratified,50,46,92,92,0.6726190476190477,0.6571428571428571,0.7172932330827069,0.06015037593984973
mi,108,version_28,4,stratified,100,42,67,67,0.6332082551594747,0.6388367729831145,0.6735459662288931,0.03470919324577859
mi,108,version_28,4,stratified,100,43,67,67,0.6838649155722327,0.6332082551594747,0.7157598499061913,0.0825515947467167
mi,108,version_28,4,stratified,100,44,67,67,0.699812382739212,0.6819887429643527,0.5769230769230769,-0.10506566604127587
mi,108,version_28,4,stratified,100,45,67,67,0.6200750469043151,0.6388367729831145,0.6866791744840526,0.0478424015009381
mi,108,version_28,4,stratified,100,46,67,67,0.6998123827392121,0.651031894934334,0.7120075046904315,0.060975609756097504
mi,108,version_28,4,stratified,200,42,17,17,0.6571428571428571,0.7878787878787878,0.696969696969697,-0.09090909090909083
mi,108,version_28,4,stratified,200,43,17,17,0.4714285714285714,0.48484848484848486,0.696969696969697,0.21212121212121215
mi,108,version_28,4,stratified,200,44,17,17,0.9285714285714286,0.6212121212121212,0.7424242424242424,0.12121212121212122
mi,108,version_28,4,stratified,200,45,17,17,0.4696969696969697,0.7,0.5142857142857142,-0.18571428571428572
mi,108,version_28,4,stratified,200,46,17,17,0.7727272727272727,0.6428571428571428,0.6571428571428571,0.014285714285714346
mi,108,version_28,8,stratified,10,42,112,112,0.6022918773171554,0.6990225817323896,0.7243006403774856,0.025278058645096024
mi,108,version_28,8,stratified,10,43,112,112,0.6076845298281092,0.6905965621840242,0.7202561509942703,0.029659588810246107
mi,108,version_28,8,stratified,10,44,112,112,0.6329625884732053,0.6592517694641051,0.6676777890124705,0.008426019548365415
mi,108,version_28,8,stratified,10,45,112,112,0.6417256488035052,0.6676777890124705,0.6862150320188742,0.018537243006403692
mi,108,version_28,8,stratified,10,46,112,112,0.6228513650151668,0.7064374789349511,0.6107178968655207,-0.09571958206943043
mi,108,version_28,8,stratified,50,42,92,92,0.6294642857142857,0.6802005012531328,0.7503759398496241,0.07017543859649134
mi,108,version_28,8,stratified,50,43,92,92,0.6646825396825397,0.6070175438596491,0.6015037593984962,-0.005513784461152915
mi,108,version_28,8,stratified,50,44,92,92,0.7023809523809523,0.6476190476190475,0.6907268170426065,0.043107769423558984
mi,108,version_28,8,stratified,50,45,92,92,0.6870039682539683,0.6476190476190476,0.7388471177944863,0.09122807017543866
mi,108,version_28,8,stratified,50,46,92,92,0.6294642857142857,0.67468671679198,0.7453634085213033,0.07067669172932334
mi,108,version_28,8,stratified,100,42,67,67,0.7176360225140713,0.6294559099437148,0.725140712945591,0.0956848030018762
mi,108,version_28,8,stratified,100,43,67,67,0.5825515947467167,0.7129455909943715,0.773921200750469,0.060975609756097504
mi,108,version_28,8,stratified,100,44,67,67,0.701688555347092,0.6435272045028143,0.7091932457786116,0.06566604127579734
mi,108,version_28,8,stratified,100,45,67,67,0.7410881801125704,0.5619136960600375,0.6369606003752345,0.075046904315197
mi,108,version_28,8,stratified,100,46,67,67,0.6378986866791745,0.6350844277673545,0.6923076923076923,0.05722326454033777
mi,108,version_28,8,stratified,200,42,17,17,0.6,0.6515151515151516,0.7878787878787878,0.13636363636363624
mi,108,version_28,8,stratified,200,43,17,17,0.4285714285714286,0.5151515151515151,0.6515151515151515,0.13636363636363635
mi,108,version_28,8,stratified,200,44,17,17,0.8857142857142857,0.5303030303030303,0.5606060606060606,0.030303030303030276
mi,108,version_28,8,stratified,200,45,17,17,0.7272727272727272,0.6857142857142857,0.7,0.014285714285714235
mi,108,version_28,8,stratified,200,46,17,17,0.7272727272727272,0.5428571428571428,0.657142857142857,0.11428571428571421
mi,108,version_28,17,stratified,10,42,112,112,0.5760026963262554,0.4122008763060331,0.6093697337377822,0.19716885743174917
mi,108,version_28,17,stratified,10,43,112,112,0.47152005392652513,0.5342096393663632,0.46241995281429055,-0.07178968655207268
mi,108,version_28,17,stratified,10,44,112,112,0.5109538254128749,0.4657903606336367,0.544994944388271,0.0792045837546343
mi,108,version_28,17,stratified,10,45,112,112,0.47556454330974046,0.5200539265251095,0.6939669700033704,0.17391304347826086
mi,108,version_28,17,stratified,10,46,112,112,0.5264577013818672,0.47050893158072127,0.391304347826087,-0.0792045837546343
mi,108,version_28,17,stratified,50,42,92,92,0.48065476190476186,0.475187969924812,0.6340852130325815,0.15889724310776948
mi,108,version_28,17,stratified,50,43,92,92,0.5327380952380951,0.5087719298245614,0.574937343358396,0.06616541353383454
mi,108,version_28,17,stratified,50,44,92,92,0.48511904761904756,0.4711779448621554,0.6275689223057644,0.15639097744360902
mi,108,version_28,17,stratified,50,45,92,92,0.4662698412698413,0.5228070175438597,0.7077694235588973,0.18496240601503755
mi,108,version_28,17,stratified,50,46,92,92,0.5208333333333334,0.47719298245614034,0.712280701754386,0.23508771929824562
mi,108,version_28,17,stratified,100,42,67,67,0.5046904315196998,0.37617260787992496,0.6388367729831145,0.2626641651031895
mi,108,version_28,17,stratified,100,43,67,67,0.5590994371482176,0.5450281425891182,0.6285178236397748,0.08348968105065657
mi,108,version_28,17,stratified,100,44,67,67,0.48311444652908064,0.47748592870544093,0.6951219512195121,0.21763602251407121
mi,108,version_28,17,stratified,100,45,67,67,0.44465290806754215,0.4774859287054409,0.5140712945590994,0.036585365853658514
mi,108,version_28,17,stratified,100,46,67,67,0.5262664165103189,0.49437148217636023,0.6575984990619137,0.16322701688555347
mi,108,version_28,17,stratified,200,42,17,17,0.4714285714285714,0.3787878787878788,0.803030303030303,0.4242424242424242
mi,108,version_28,17,stratified,200,43,17,17,0.8,0.5151515151515151,0.696969696969697,0.18181818181818188
mi,108,version_28,17,stratified,200,44,17,17,0.7,0.4696969696969697,0.6515151515151515,0.18181818181818177
mi,108,version_28,17,stratified,200,45,17,17,0.3939393939393939,0.5428571428571428,0.7142857142857142,0.17142857142857137
mi,108,version_28,17,stratified,200,46,17,17,0.6666666666666667,0.4571428571428571,0.6285714285714286,0.17142857142857149
mi,108,version_29,0,stratified,10,42,112,112,0.6616110549376475,0.7775530839231547,0.6899224806201549,-0.08763060330299977
mi,108,version_29,0,stratified,10,43,112,112,0.6858779912369397,0.7553083923154702,0.7431749241658241,-0.01213346814964611
mi,108,version_29,0,stratified,10,44,112,112,0.7064374789349511,0.7307044152342433,0.6612740141557129,-0.06943040107853049
mi,108,version_29,0,stratified,10,45,112,112,0.694304010785305,0.7377822716548702,0.7482305358948433,0.010448264239973137
mi,108,version_29,0,stratified,10,46,112,112,0.6983485001685203,0.7637344118638355,0.3724300640377486,-0.3913043478260869
mi,108,version_29,0,stratified,50,42,92,92,0.7093253968253969,0.7734335839598998,0.7694235588972431,-0.004010025062656686
mi,108,version_29,0,stratified,50,43,92,92,0.7172619047619048,0.7458646616541353,0.6661654135338346,-0.07969924812030071
mi,108,version_29,0,stratified,50,44,92,92,0.7321428571428572,0.7092731829573934,0.6466165413533835,-0.06265664160400986
mi,108,version_29,0,stratified,50,45,92,92,0.7346230158730158,0.6917293233082706,0.700250626566416,0.008521303258145374
mi,108,version_29,0,stratified,50,46,92,92,0.6651785714285714,0.8135338345864662,0.8140350877192983,0.0005012531328321135
mi,108,version_29,0,stratified,100,42,67,67,0.6941838649155722,0.7964352720450282,0.7664165103189493,-0.03001876172607887
mi,108,version_29,0,stratified,100,43,67,67,0.7514071294559099,0.7420262664165103,0.6876172607879925,-0.054409005628517804
mi,108,version_29,0,stratified,100,44,67,67,0.7317073170731707,0.7073170731707317,0.6913696060037524,-0.015947467166979257
mi,108,version_29,0,stratified,100,45,67,67,0.7673545966228893,0.701688555347092,0.700750469043152,-0.0009380863039399889
mi,108,version_29,0,stratified,100,46,67,67,0.776735459662289,0.7673545966228893,0.7439024390243902,-0.023452157598499057
mi,108,version_29,0,stratified,200,42,17,17,0.7999999999999999,0.8181818181818181,0.8636363636363635,0.045454545454545414
mi,108,version_29,0,stratified,200,43,17,17,0.6142857142857142,0.7424242424242424,0.8181818181818181,0.07575757575757569
mi,108,version_29,0,stratified,200,44,17,17,0.9285714285714286,0.6666666666666666,0.5909090909090908,-0.0757575757575758
mi,108,version_29,0,stratified,200,45,17,17,0.7575757575757576,0.6857142857142857,0.6571428571428571,-0.02857142857142858
mi,108,version_29,0,stratified,200,46,17,17,0.8484848484848484,0.7714285714285714,0.8142857142857143,0.04285714285714293
mi,108,version_29,2,stratified,10,42,112,112,0.6629592180653859,0.7307044152342433,0.7152005392652511,-0.015503875968992276
mi,108,version_29,2,stratified,10,43,112,112,0.6750926862150319,0.7499157398045164,0.6683518705763397,-0.08156386922817671
mi,108,version_29,2,stratified,10,44,112,112,0.6936299292214358,0.7158746208291203,0.6649814627569937,-0.05089315807212669
mi,108,version_29,2,stratified,10,45,112,112,0.6946410515672397,0.7178968655207281,0.759015840916751,0.04111897539602294
mi,108,version_29,2,stratified,10,46,112,112,0.6717222783956859,0.7617121671722278,0.4105156723963599,-0.3511964947758679
mi,108,version_29,2,stratified,50,42,92,92,0.6666666666666667,0.7378446115288221,0.7528822055137845,0.015037593984962405
mi,108,version_29,2,stratified,50,43,92,92,0.6944444444444444,0.743358395989975,0.6516290726817042,-0.09172932330827077
mi,108,version_29,2,stratified,50,44,92,92,0.7003968253968254,0.6982456140350878,0.6872180451127821,-0.01102756892230572
mi,108,version_29,2,stratified,50,45,92,92,0.7197420634920635,0.6726817042606517,0.7308270676691729,0.05814536340852128
mi,108,version_29,2,stratified,50,46,92,92,0.6641865079365079,0.7789473684210526,0.8150375939849624,0.03609022556390984
mi,108,version_29,2,stratified,100,42,67,67,0.6463414634146342,0.7476547842401501,0.7720450281425891,0.024390243902439046
mi,108,version_29,2,stratified,100,43,67,67,0.7307692307692307,0.7636022514071295,0.6866791744840526,-0.07692307692307687
mi,108,version_29,2,stratified,100,44,67,67,0.6979362101313321,0.6866791744840526,0.6988742964352721,0.012195121951219523
mi,108,version_29,2,stratified,100,45,67,67,0.7401500938086304,0.6772983114446529,0.75328330206379,0.0759849906191371
mi,108,version_29,2,stratified,100,46,67,67,0.7664165103189494,0.7514071294559099,0.7457786116322702,-0.0056285178236397115
mi,108,version_29,2,stratified,200,42,17,17,0.6714285714285715,0.7727272727272727,0.7121212121212122,-0.06060606060606055
mi,108,version_29,2,stratified,200,43,17,17,0.7142857142857143,0.6818181818181818,0.7424242424242424,0.06060606060606066
mi,108,version_29,2,stratified,200,44,17,17,0.9142857142857143,0.5151515151515151,0.5303030303030303,0.015151515151515138
mi,108,version_29,2,stratified,200,45,17,17,0.6666666666666666,0.7285714285714285,0.7999999999999999,0.0714285714285714
mi,108,version_29,2,stratified,200,46,17,17,0.8939393939393939,0.7571428571428571,0.7999999999999999,0.042857142857142816
mi,108,version_29,4,stratified,10,42,112,112,0.6380182002022244,0.7340748230535895,0.6808223795079205,-0.05325244354566905
mi,108,version_29,4,stratified,10,43,112,112,0.6353218739467476,0.7691270643747894,0.7074486012807549,-0.061678463094034464
mi,108,version_29,4,stratified,10,44,112,112,0.6653185035389282,0.7202561509942703,0.6450960566228514,-0.0751600943714189
mi,108,version_29,4,stratified,10,45,112,112,0.6858779912369397,0.7010448264239973,0.6697000337040783,-0.03134479271991908
mi,108,version_29,4,stratified,10,46,112,112,0.6639703404111896,0.7569935962251432,0.38018200202224467,-0.3768115942028985
mi,108,version_29,4,stratified,50,42,92,92,0.6800595238095238,0.7027568922305764,0.6781954887218045,-0.024561403508771895
mi,108,version_29,4,stratified,50,43,92,92,0.75,0.6611528822055138,0.5373433583959899,-0.12380952380952392
mi,108,version_29,4,stratified,50,44,92,92,0.7420634920634921,0.6671679197994987,0.5849624060150376,-0.08220551378446117
mi,108,version_29,4,stratified,50,45,92,92,0.6904761904761905,0.6756892230576441,0.699749373433584,0.024060150375939893
mi,108,version_29,4,stratified,50,46,92,92,0.6860119047619048,0.7568922305764411,0.7844611528822055,0.027568922305764465
mi,108,version_29,4,stratified,100,42,67,67,0.7091932457786116,0.7045028142589118,0.6679174484052532,-0.03658536585365857
mi,108,version_29,4,stratified,100,43,67,67,0.6960600375234522,0.7298311444652908,0.7664165103189493,0.03658536585365846
mi,108,version_29,4,stratified,100,44,67,67,0.7157598499061913,0.6979362101313321,0.6125703564727956,-0.08536585365853655
mi,108,version_29,4,stratified,100,45,67,67,0.6838649155722326,0.6932457786116323,0.7373358348968105,0.04409005628517826
mi,108,version_29,4,stratified,100,46,67,67,0.7570356472795496,0.7176360225140713,0.7392120075046904,0.02157598499061908
mi,108,version_29,4,stratified,200,42,17,17,0.6571428571428571,0.8636363636363636,0.7727272727272727,-0.09090909090909094
mi,108,version_29,4,stratified,200,43,17,17,0.47142857142857136,0.5151515151515151,0.5909090909090909,0.0757575757575758
mi,108,version_29,4,stratified,200,44,17,17,0.9714285714285714,0.6363636363636364,0.5757575757575757,-0.06060606060606066
mi,108,version_29,4,stratified,200,45,17,17,0.6212121212121212,0.8428571428571429,0.7,-0.1428571428571429
mi,108,version_29,4,stratified,200,46,17,17,0.8787878787878788,0.7571428571428571,0.8285714285714286,0.07142857142857151
mi,108,version_29,8,stratified,10,42,112,112,0.6447590158409168,0.7478934951129086,0.7003707448601281,-0.04752275025278052
mi,108,version_29,8,stratified,10,43,112,112,0.6282440175261208,0.7644084934277048,0.7387933940006741,-0.025615099427030663
mi,108,version_29,8,stratified,10,44,112,112,0.6821705426356589,0.716211661611055,0.6858779912369397,-0.030333670374115274
mi,108,version_29,8,stratified,10,45,112,112,0.7067745197168858,0.7050893158072127,0.6710481968318166,-0.03404111897539608
mi,108,version_29,8,stratified,10,46,112,112,0.6717222783956859,0.7489046174587126,0.3626558813616448,-0.38624873609706784
mi,108,version_29,8,stratified,50,42,92,92,0.6354166666666666,0.7448621553884711,0.699749373433584,-0.045112781954887105
mi,108,version_29,8,stratified,50,43,92,92,0.7192460317460317,0.6305764411027569,0.5914786967418546,-0.0390977443609023
mi,108,version_29,8,stratified,50,44,92,92,0.7554563492063491,0.6807017543859649,0.581453634085213,-0.09924812030075192
mi,108,version_29,8,stratified,50,45,92,92,0.7108134920634921,0.7182957393483709,0.6997493734335839,-0.018546365914786977
mi,108,version_29,8,stratified,50,46,92,92,0.6359126984126984,0.7493734335839599,0.7578947368421053,0.008521303258145374
mi,108,version_29,8,stratified,100,42,67,67,0.6951219512195121,0.7542213883677299,0.7917448405253285,0.03752345215759856
mi,108,version_29,8,stratified,100,43,67,67,0.6660412757973734,0.7110694183864916,0.7148217636022514,0.0037523452157597337
mi,108,version_29,8,stratified,100,44,67,67,0.8039399624765479,0.6632270168855534,0.6397748592870545,-0.023452157598498946
mi,108,version_29,8,stratified,100,45,67,67,0.723264540337711,0.6979362101313321,0.7401500938086304,0.04221388367729828
mi,108,version_29,8,stratified,100,46,67,67,0.6716697936210132,0.7101313320825516,0.7054409005628518,-0.004690431519699834
mi,108,version_29,8,stratified,200,42,17,17,0.6142857142857143,0.8484848484848485,0.7575757575757576,-0.09090909090909094
mi,108,version_29,8,stratified,200,43,17,17,0.6857142857142857,0.5454545454545454,0.6212121212121212,0.0757575757575758
mi,108,version_29,8,stratified,200,44,17,17,0.9285714285714286,0.6363636363636364,0.5757575757575758,-0.06060606060606055
mi,108,version_29,8,stratified,200,45,17,17,0.7121212121212122,0.7714285714285714,0.7,-0.0714285714285714
mi,108,version_29,8,stratified,200,46,17,17,0.696969696969697,0.6142857142857142,0.6285714285714286,0.014285714285714346
mi,108,version_29,17,stratified,10,42,112,112,0.6080215706100439,0.41388608021570616,0.5642062689585439,0.1503201887428377
mi,108,version_29,17,stratified,10,43,112,112,0.5200539265251095,0.4937647455342096,0.40916750926862155,-0.08459723626558807
mi,108,version_29,17,stratified,10,44,112,112,0.5089315807212673,0.48668688911358277,0.47927199191102127,-0.007414897202561499
mi,108,version_29,17,stratified,10,45,112,112,0.4806201550387597,0.5429726996966633,0.6400404448938322,0.09706774519716888
mi,108,version_29,17,stratified,10,46,112,112,0.5706100438153017,0.4694978092349174,0.5278058645096056,0.05830805527468824
mi,108,version_29,17,stratified,50,42,92,92,0.4479166666666667,0.47719298245614034,0.44862155388471175,-0.02857142857142858
mi,108,version_29,17,stratified,50,43,92,92,0.5669642857142857,0.5087719298245614,0.4907268170426065,-0.01804511278195492
mi,108,version_29,17,stratified,50,44,92,92,0.5238095238095238,0.4365914786967419,0.499749373433584,0.06315789473684208
mi,108,version_29,17,stratified,50,45,92,92,0.5024801587301587,0.487218045112782,0.5283208020050125,0.04110275689223053
mi,108,version_29,17,stratified,50,46,92,92,0.44593253968253965,0.6010025062656641,0.5082706766917293,-0.09273182957393478
mi,108,version_29,17,stratified,100,42,67,67,0.4530956848030019,0.424015009380863,0.5290806754221389,0.10506566604127587
mi,108,version_29,17,stratified,100,43,67,67,0.6013133208255159,0.5234521575984992,0.5544090056285178,0.030956848030018635
mi,108,version_29,17,stratified,100,44,67,67,0.45684803001876173,0.5375234521575984,0.6285178236397749,0.09099437148217648
mi,108,version_29,17,stratified,100,45,67,67,0.4277673545966229,0.5196998123827392,0.5694183864915572,0.04971857410881797
mi,108,version_29,17,stratified,100,46,67,67,0.4521575984990619,0.6097560975609757,0.6097560975609757,0.0
mi,108,version_29,17,stratified,200,42,17,17,0.3857142857142857,0.33333333333333337,0.6363636363636364,0.303030303030303
mi,108,version_29,17,stratified,200,43,17,17,0.7,0.4393939393939394,0.8787878787878788,0.4393939393939394
mi,108,version_29,17,stratified,200,44,17,17,0.45714285714285713,0.5,0.6818181818181818,0.18181818181818177
mi,108,version_29,17,stratified,200,45,17,17,0.5303030303030303,0.6142857142857143,0.7285714285714285,0.11428571428571421
mi,108,version_29,17,stratified,200,46,17,17,0.6666666666666666,0.5142857142857142,0.6142857142857143,0.10000000000000009
mi,108,version_30,0,stratified,10,42,112,112,0.6528479946073475,0.7465453319851701,0.7280080889787663,-0.018537243006403803
mi,108,version_30,0,stratified,10,43,112,112,0.6579036063363667,0.7556454330974047,0.6801482979440512,-0.07549713515335355
mi,108,version_30,0,stratified,10,44,112,112,0.6771149309066397,0.7212672733400741,0.6383552409841591,-0.08291203235591504
mi,108,version_30,0,stratified,10,45,112,112,0.6983485001685203,0.7101449275362318,0.672396359959555,-0.03774856757667677
mi,108,version_30,0,stratified,10,46,112,112,0.7091338051904279,0.7256488035052241,0.4371418941691945,-0.28850690933602957
mi,108,version_30,0,stratified,50,42,92,92,0.6810515873015872,0.7563909774436091,0.731328320802005,-0.02506265664160401
mi,108,version_30,0,stratified,50,43,92,92,0.7048611111111112,0.7238095238095238,0.6300751879699248,-0.093734335839599
mi,108,version_30,0,stratified,50,44,92,92,0.7043650793650793,0.68671679197995,0.6842105263157895,-0.0025062656641604564
mi,108,version_30,0,stratified,50,45,92,92,0.7127976190476191,0.7077694235588972,0.7208020050125313,0.013032581453634173
mi,108,version_30,0,stratified,50,46,92,92,0.6418650793650794,0.7894736842105263,0.7904761904761904,0.001002506265664116
mi,108,version_30,0,stratified,100,42,67,67,0.7073170731707318,0.7204502814258912,0.6688555347091932,-0.05159474671669795
mi,108,version_30,0,stratified,100,43,67,67,0.7307692307692307,0.7148217636022515,0.6848030018761726,-0.03001876172607887
mi,108,version_30,0,stratified,100,44,67,67,0.7166979362101313,0.6482176360225141,0.6575984990619137,0.009380863039399556
mi,108,version_30,0,stratified,100,45,67,67,0.7439024390243902,0.6782363977485928,0.6772983114446529,-0.0009380863039398779
mi,108,version_30,0,stratified,100,46,67,67,0.7270168855534709,0.7645403377110694,0.7288930581613509,-0.03564727954971858
mi,108,version_30,0,stratified,200,42,17,17,0.8285714285714285,0.8484848484848485,0.7727272727272727,-0.0757575757575758
mi,108,version_30,0,stratified,200,43,17,17,0.5428571428571428,0.696969696969697,0.8484848484848485,0.1515151515151515
mi,108,version_30,0,stratified,200,44,17,17,0.8857142857142857,0.5909090909090909,0.6060606060606061,0.015151515151515138
mi,108,version_30,0,stratified,200,45,17,17,0.6515151515151515,0.7428571428571429,0.8142857142857143,0.0714285714285714
mi,108,version_30,0,stratified,200,46,17,17,0.803030303030303,0.6428571428571428,0.6857142857142857,0.04285714285714293
mi,108,version_30,2,stratified,10,42,112,112,0.6508257499157397,0.7175598247387934,0.7172227839568588,-0.0003370407819346388
mi,108,version_30,2,stratified,10,43,112,112,0.6306033029996629,0.7657566565554432,0.49410178631614426,-0.27165487023929896
mi,108,version_30,2,stratified,10,44,112,112,0.6582406471183012,0.716211661611055,0.651499831479609,-0.06471183013144599
mi,108,version_30,2,stratified,10,45,112,112,0.6781260532524435,0.7158746208291203,0.7158746208291203,0.0
mi,108,version_30,2,stratified,10,46,112,112,0.6926188068756319,0.7216043141220088,0.4668014829794405,-0.25480283114256824
mi,108,version_30,2,stratified,50,42,92,92,0.6453373015873016,0.7203007518796993,0.7363408521303259,0.01604010025062652
mi,108,version_30,2,stratified,50,43,92,92,0.7003968253968255,0.7072681704260653,0.6170426065162907,-0.09022556390977454
mi,108,version_30,2,stratified,50,44,92,92,0.6889880952380952,0.6731829573934838,0.66265664160401,-0.010526315789473717
mi,108,version_30,2,stratified,50,45,92,92,0.6979166666666666,0.6907268170426065,0.743358395989975,0.052631578947368474
mi,108,version_30,2,stratified,50,46,92,92,0.6309523809523809,0.7593984962406015,0.7734335839598998,0.01403508771929829
mi,108,version_30,2,stratified,100,42,67,67,0.7063789868667918,0.6941838649155723,0.6697936210131332,-0.024390243902439046
mi,108,version_30,2,stratified,100,43,67,67,0.7204502814258912,0.7120075046904315,0.7110694183864916,-0.0009380863039398779
mi,108,version_30,2,stratified,100,44,67,67,0.6894934333958724,0.6594746716697937,0.6885553470919324,0.02908067542213877
mi,108,version_30,2,stratified,100,45,67,67,0.7363977485928705,0.6716697936210131,0.7082551594746717,0.03658536585365857
mi,108,version_30,2,stratified,100,46,67,67,0.7129455909943715,0.7636022514071295,0.7711069418386491,0.007504690431519689
mi,108,version_30,2,stratified,200,42,17,17,0.7571428571428571,0.7878787878787878,0.803030303030303,0.015151515151515138
mi,108,version_30,2,stratified,200,43,17,17,0.6,0.6212121212121212,0.7727272727272727,0.1515151515151515
mi,108,version_30,2,stratified,200,44,17,17,0.8857142857142857,0.5757575757575757,0.5909090909090909,0.015151515151515249
mi,108,version_30,2,stratified,200,45,17,17,0.6363636363636364,0.8285714285714286,0.8,-0.02857142857142858
mi,108,version_30,2,stratified,200,46,17,17,0.8333333333333334,0.6142857142857142,0.6428571428571428,0.02857142857142858
mi,108,version_30,4,stratified,10,42,112,112,0.6602628918099089,0.7398045163464779,0.6710481968318167,-0.06875631951466121
mi,108,version_30,4,stratified,10,43,112,112,0.657566565554432,0.7633973710819009,0.5453319851702055,-0.21806538591169533
mi,108,version_30,4,stratified,10,44,112,112,0.6855409504550051,0.7192450286484665,0.6568924839905629,-0.06235254465790363
mi,108,version_30,4,stratified,10,45,112,112,0.6565554432086282,0.7303673744523086,0.6821705426356589,-0.04819683181664969
mi,108,version_30,4,stratified,10,46,112,112,0.7074486012807549,0.7145264577013819,0.3640040444893833,-0.3505224132119986
mi,108,version_30,4,stratified,50,42,92,92,0.6676587301587302,0.7473684210526316,0.6837092731829575,-0.06365914786967408
mi,108,version_30,4,stratified,50,43,92,92,0.7237103174603174,0.6977443609022556,0.5969924812030075,-0.10075187969924804
mi,108,version_30,4,stratified,50,44,92,92,0.7028769841269841,0.7112781954887218,0.6691729323308271,-0.04210526315789476
mi,108,version_30,4,stratified,50,45,92,92,0.7033730158730158,0.6832080200501254,0.6917293233082706,0.008521303258145263
mi,108,version_30,4,stratified,50,46,92,92,0.6552579365079365,0.7654135338345864,0.7719298245614035,0.006516290726817031
mi,108,version_30,4,stratified,100,42,67,67,0.7345215759849907,0.7091932457786115,0.6397748592870545,-0.06941838649155707
mi,108,version_30,4,stratified,100,43,67,67,0.7711069418386491,0.6829268292682926,0.7495309568480301,0.06660412757973744
mi,108,version_30,4,stratified,100,44,67,67,0.7185741088180113,0.6763602251407129,0.6547842401500938,-0.02157598499061908
mi,108,version_30,4,stratified,100,45,67,67,0.6979362101313321,0.7045028142589118,0.6735459662288931,-0.030956848030018747
mi,108,version_30,4,stratified,100,46,67,67,0.7129455909943715,0.7401500938086304,0.7795497185741088,0.039399624765478425
mi,108,version_30,4,stratified,200,42,17,17,0.8142857142857143,0.8787878787878788,0.9090909090909091,0.030303030303030276
mi,108,version_30,4,stratified,200,43,17,17,0.5857142857142857,0.6060606060606061,0.8030303030303031,0.19696969696969702
mi,108,version_30,4,stratified,200,44,17,17,0.9714285714285715,0.6060606060606061,0.5909090909090908,-0.015151515151515249
mi,108,version_30,4,stratified,200,45,17,17,0.6515151515151516,0.9285714285714286,0.7714285714285714,-0.15714285714285725
mi,108,version_30,4,stratified,200,46,17,17,0.8333333333333333,0.5857142857142857,0.6142857142857143,0.02857142857142858
mi,108,version_30,8,stratified,10,42,112,112,0.7084597236265588,0.7748567576676777,0.741489720256151,-0.03336703741152669
mi,108,version_30,8,stratified,10,43,112,112,0.6865520728008089,0.7954162453656892,0.7630603302999663,-0.032355915065722884
mi,108,version_30,8,stratified,10,44,112,112,0.694304010785305,0.7880013481631277,0.6895854398382204,-0.09841590832490732
mi,108,version_30,8,stratified,10,45,112,112,0.7216043141220088,0.7559824738793395,0.6936299292214358,-0.06235254465790363
mi,108,version_30,8,stratified,10,46,112,112,0.7256488035052241,0.7559824738793394,0.5028648466464443,-0.2531176272328951
mi,108,version_30,8,stratified,50,42,92,92,0.7142857142857143,0.8135338345864662,0.7604010025062657,-0.053132832080200476
mi,108,version_30,8,stratified,50,43,92,92,0.7390873015873016,0.7142857142857143,0.6681704260651629,-0.04611528822055144
mi,108,version_30,8,stratified,50,44,92,92,0.7787698412698413,0.7493734335839599,0.6616541353383458,-0.08771929824561409
mi,108,version_30,8,stratified,50,45,92,92,0.7693452380952381,0.7523809523809525,0.656641604010025,-0.09573934837092746
mi,108,version_30,8,stratified,50,46,92,92,0.7043650793650793,0.7729323308270677,0.7593984962406015,-0.013533834586466176
mi,108,version_30,8,stratified,100,42,67,67,0.7701688555347092,0.8086303939962476,0.6941838649155722,-0.11444652908067543
mi,108,version_30,8,stratified,100,43,67,67,0.7804878048780488,0.7354596622889306,0.7851782363977486,0.04971857410881808
mi,108,version_30,8,stratified,100,44,67,67,0.8114446529080676,0.7176360225140713,0.5825515947467167,-0.13508442776735463
mi,108,version_30,8,stratified,100,45,67,67,0.7945590994371481,0.7551594746716698,0.7711069418386491,0.015947467166979368
mi,108,version_30,8,stratified,100,46,67,67,0.7363977485928705,0.7110694183864915,0.6960600375234522,-0.015009380863039268
mi,108,version_30,8,stratified,200,42,17,17,0.7428571428571429,0.9696969696969697,0.8787878787878788,-0.09090909090909094
mi,108,version_30,8,stratified,200,43,17,17,0.7,0.696969696969697,0.8181818181818182,0.12121212121212122
mi,108,version_30,8,stratified,200,44,17,17,0.9285714285714286,0.6363636363636364,0.6212121212121212,-0.015151515151515138
mi,108,version_30,8,stratified,200,45,17,17,0.7424242424242424,0.9142857142857144,0.9428571428571428,0.02857142857142847
mi,108,version_30,8,stratified,200,46,17,17,0.7878787878787878,0.5857142857142856,0.6285714285714286,0.04285714285714293
mi,108,version_30,17,stratified,10,42,112,112,0.6423997303673744,0.4947758678800135,0.5116279069767442,0.01685203909673072
mi,108,version_30,17,stratified,10,43,112,112,0.587799123693967,0.5669025952140209,0.41927873272665994,-0.14762386248736092
mi,108,version_30,17,stratified,10,44,112,112,0.6528479946073474,0.48533872598584427,0.5133131108864172,0.027974384900572913
mi,108,version_30,17,stratified,10,45,112,112,0.586113919784294,0.5675766767778901,0.580047185709471,0.01247050893158086
mi,108,version_30,17,stratified,10,46,112,112,0.5962251432423323,0.5544320862824402,0.3828783282777216,-0.17155375800471862
mi,108,version_30,17,stratified,50,42,92,92,0.5575396825396826,0.5203007518796992,0.47669172932330833,-0.04360902255639082
mi,108,version_30,17,stratified,50,43,92,92,0.6111111111111112,0.580952380952381,0.5824561403508772,0.0015037593984962294
mi,108,version_30,17,stratified,50,44,92,92,0.5659722222222222,0.5077694235588972,0.518796992481203,0.01102756892230583
mi,108,version_30,17,stratified,50,45,92,92,0.5471230158730158,0.5859649122807018,0.6285714285714286,0.04260651629072676
mi,108,version_30,17,stratified,50,46,92,92,0.49156746031746035,0.6350877192982457,0.612531328320802,-0.022556390977443663
mi,108,version_30,17,stratified,100,42,67,67,0.5816135084427767,0.4455909943714822,0.5984990619136961,0.15290806754221387
mi,108,version_30,17,stratified,100,43,67,67,0.5900562851782364,0.5393996247654784,0.48592870544090055,-0.05347091932457787
mi,108,version_30,17,stratified,100,44,67,67,0.5178236397748593,0.5637898686679175,0.7448405253283302,0.18105065666041276
mi,108,version_30,17,stratified,100,45,67,67,0.5572232645403377,0.5384615384615384,0.6088180112570356,0.07035647279549717
mi,108,version_30,17,stratified,100,46,67,67,0.5422138836772983,0.622889305816135,0.6622889305816135,0.039399624765478536
mi,108,version_30,17,stratified,200,42,17,17,0.5428571428571428,0.4696969696969697,0.8484848484848485,0.3787878787878788
mi,108,version_30,17,stratified,200,43,17,17,0.6428571428571428,0.48484848484848486,0.6666666666666666,0.18181818181818177
mi,108,version_30,17,stratified,200,44,17,17,0.6571428571428571,0.5151515151515151,0.7121212121212122,0.19696969696969702
mi,108,version_30,17,stratified,200,45,17,17,0.3787878787878788,0.6714285714285714,0.7142857142857143,0.04285714285714293
mi,108,version_30,17,stratified,200,46,17,17,0.5606060606060606,0.5714285714285714,0.5714285714285714,0.0
mi,108,version_41,0,stratified,10,42,112,112,0.6076845298281093,0.741489720256151,0.7145264577013819,-0.026963262554769107
mi,108,version_41,0,stratified,10,43,112,112,0.6407145264577014,0.7145264577013819,0.701381867205932,-0.013144590495449915
mi,108,version_41,0,stratified,10,44,112,112,0.6568924839905629,0.6953151331311088,0.6161105493764746,-0.07920458375463424
mi,108,version_41,0,stratified,10,45,112,112,0.6632962588473205,0.6929558476575666,0.7168857431749242,0.02392989551735758
mi,108,version_41,0,stratified,10,46,112,112,0.6579036063363667,0.7098078867542972,0.4351196494775868,-0.2746882372767104
mi,108,version_41,0,stratified,50,42,92,92,0.6870039682539683,0.7057644110275689,0.6556390977443609,-0.05012531328320802
mi,108,version_41,0,stratified,50,43,92,92,0.6785714285714286,0.706265664160401,0.6731829573934838,-0.03308270676691727
mi,108,version_41,0,stratified,50,44,92,92,0.6964285714285714,0.6390977443609023,0.6205513784461153,-0.018546365914786977
mi,108,version_41,0,stratified,50,45,92,92,0.6949404761904762,0.6631578947368422,0.7087719298245614,0.04561403508771922
mi,108,version_41,0,stratified,50,46,92,92,0.6170634920634921,0.7523809523809524,0.7604010025062656,0.00802005012531326
mi,108,version_41,0,stratified,100,42,67,67,0.6960600375234521,0.7335834896810507,0.6547842401500938,-0.07879924953095685
mi,108,version_41,0,stratified,100,43,67,67,0.6941838649155723,0.7223264540337712,0.6941838649155723,-0.02814258911819889
mi,108,version_41,0,stratified,100,44,67,67,0.6575984990619137,0.6632270168855534,0.6819887429643527,0.018761726078799335
mi,108,version_41,0,stratified,100,45,67,67,0.727016885553471,0.6294559099437148,0.6313320825515948,0.0018761726078799779
mi,108,version_41,0,stratified,100,46,67,67,0.701688555347092,0.7213883677298312,0.6754221388367729,-0.045966228893058236
mi,108,version_41,0,stratified,200,42,17,17,0.8142857142857143,0.7727272727272727,0.8636363636363636,0.09090909090909094
mi,108,version_41,0,stratified,200,43,17,17,0.5,0.7121212121212122,0.8484848484848484,0.13636363636363624
mi,108,version_41,0,stratified,200,44,17,17,0.8714285714285714,0.5909090909090909,0.6363636363636362,0.0454545454545453
mi,108,version_41,0,stratified,200,45,17,17,0.6818181818181819,0.7142857142857143,0.5857142857142857,-0.12857142857142856
mi,108,version_41,0,stratified,200,46,17,17,0.7121212121212122,0.6714285714285715,0.6571428571428571,-0.014285714285714346
mi,108,version_41,2,stratified,10,42,112,112,0.6184698348500168,0.689922480620155,0.6943040107853051,0.004381530165150083
mi,108,version_41,2,stratified,10,43,112,112,0.6359959555106167,0.704752275025278,0.5638692281766093,-0.1408830468486687
mi,108,version_41,2,stratified,10,44,112,112,0.6231884057971013,0.6781260532524435,0.6359959555106167,-0.042130097741826744
mi,108,version_41,2,stratified,10,45,112,112,0.6643073811931243,0.6747556454330974,0.7377822716548703,0.06302662622177291
mi,108,version_41,2,stratified,10,46,112,112,0.6565554432086282,0.6744186046511628,0.6791371755982474,0.0047185709470846104
mi,108,version_41,2,stratified,50,42,92,92,0.6443452380952381,0.6601503759398497,0.6596491228070176,-0.0005012531328321135
mi,108,version_41,2,stratified,50,43,92,92,0.6706349206349207,0.6997493734335839,0.6225563909774436,-0.07719298245614026
mi,108,version_41,2,stratified,50,44,92,92,0.6845238095238095,0.5784461152882205,0.5979949874686716,0.019548872180451093
mi,108,version_41,2,stratified,50,45,92,92,0.6830357142857143,0.643609022556391,0.7233082706766917,0.07969924812030071
mi,108,version_41,2,stratified,50,46,92,92,0.5912698412698413,0.724812030075188,0.7538847117794486,0.029072681704260583
mi,108,version_41,2,stratified,100,42,67,67,0.6632270168855535,0.6322701688555348,0.625703564727955,-0.0065666041275798115
mi,108,version_41,2,stratified,100,43,67,67,0.6913696060037524,0.7335834896810507,0.6275797373358348,-0.10600375234521586
mi,108,version_41,2,stratified,100,44,67,67,0.575984990619137,0.6585365853658537,0.6594746716697937,0.0009380863039399889
mi,108,version_41,2,stratified,100,45,67,67,0.6913696060037524,0.6350844277673546,0.6228893058161351,-0.012195121951219523
mi,108,version_41,2,stratified,100,46,67,67,0.674484052532833,0.7063789868667918,0.7138836772983115,0.007504690431519689
mi,108,version_41,2,stratified,200,42,17,17,0.7142857142857142,0.7424242424242424,0.6666666666666667,-0.07575757575757569
mi,108,version_41,2,stratified,200,43,17,17,0.6142857142857143,0.5757575757575757,0.7575757575757576,0.18181818181818188
mi,108,version_41,2,stratified,200,44,17,17,0.8571428571428572,0.4696969696969697,0.5151515151515151,0.045454545454545414
mi,108,version_41,2,stratified,200,45,17,17,0.5757575757575758,0.7571428571428571,0.6285714285714286,-0.12857142857142856
mi,108,version_41,2,stratified,200,46,17,17,0.696969696969697,0.6428571428571428,0.6571428571428571,0.014285714285714346
mi,108,version_41,4,stratified,10,42,112,112,0.6538591169531514,0.7061004381530165,0.6848668688911358,-0.02123356926188069
mi,108,version_41,4,stratified,10,43,112,112,0.6629592180653858,0.7418267610380855,0.5281429052915403,-0.21368385574654525
mi,108,version_41,4,stratified,10,44,112,112,0.7094708459723627,0.6501516683518707,0.5861139197842938,-0.06403774856757682
mi,108,version_41,4,stratified,10,45,112,112,0.6895854398382204,0.675092686215032,0.6656555443208628,-0.009437141894169221
mi,108,version_41,4,stratified,10,46,112,112,0.6932928884395011,0.691607684529828,0.604314122008763,-0.08729356252106502
mi,108,version_41,4,stratified,50,42,92,92,0.6378968253968254,0.7463659147869675,0.6892230576441103,-0.05714285714285716
mi,108,version_41,4,stratified,50,43,92,92,0.7311507936507937,0.7032581453634086,0.5644110275689224,-0.13884711779448622
mi,108,version_41,4,stratified,50,44,92,92,0.7108134920634921,0.6576441102756893,0.631578947368421,-0.026065162907268236
mi,108,version_41,4,stratified,50,45,92,92,0.6746031746031745,0.6892230576441103,0.66265664160401,-0.026566416040100238
mi,108,version_41,4,stratified,50,46,92,92,0.6319444444444444,0.7213032581453633,0.7744360902255639,0.05313283208020059
mi,108,version_41,4,stratified,100,42,67,67,0.7082551594746717,0.6547842401500938,0.6669793621013133,0.012195121951219412
mi,108,version_41,4,stratified,100,43,67,67,0.7176360225140713,0.7307692307692307,0.6529080675422139,-0.07786116322701686
mi,108,version_41,4,stratified,100,44,67,67,0.6904315196998124,0.6819887429643527,0.6200750469043153,-0.06191369606003749
mi,108,version_41,4,stratified,100,45,67,67,0.6885553470919324,0.6913696060037523,0.6669793621013133,-0.024390243902439046
mi,108,version_41,4,stratified,100,46,67,67,0.698874296435272,0.6829268292682926,0.6848030018761726,0.0018761726078799779
mi,108,version_41,4,stratified,200,42,17,17,0.7428571428571429,0.696969696969697,0.803030303030303,0.10606060606060597
mi,108,version_41,4,stratified,200,43,17,17,0.5,0.606060606060606,0.6969696969696969,0.09090909090909094
mi,108,version_41,4,stratified,200,44,17,17,0.9,0.5454545454545454,0.6060606060606061,0.06060606060606066
mi,108,version_41,4,stratified,200,45,17,17,0.696969696969697,0.8428571428571427,0.6857142857142857,-0.15714285714285703
mi,108,version_41,4,stratified,200,46,17,17,0.6969696969696969,0.6142857142857143,0.6285714285714286,0.014285714285714235
mi,108,version_41,8,stratified,10,42,112,112,0.6744186046511628,0.6531850353892821,0.6150994270306707,-0.03808560835861141
mi,108,version_41,8,stratified,10,43,112,112,0.6285810583080553,0.7104819683181666,0.6356589147286822,-0.07482305358948438
mi,108,version_41,8,stratified,10,44,112,112,0.6238624873609707,0.6919447253117628,0.6349848331648129,-0.05695989214694985
mi,108,version_41,8,stratified,10,45,112,112,0.6494775867880014,0.6804853387259857,0.698685540950455,0.018200202224469275
mi,108,version_41,8,stratified,10,46,112,112,0.6484664644421975,0.6848668688911358,0.6400404448938322,-0.04482642399730363
mi,108,version_41,8,stratified,50,42,92,92,0.6021825396825397,0.7107769423558897,0.6776942355889723,-0.03308270676691738
mi,108,version_41,8,stratified,50,43,92,92,0.6949404761904762,0.6330827067669174,0.5994987468671679,-0.033583959899749494
mi,108,version_41,8,stratified,50,44,92,92,0.6765873015873016,0.693734335839599,0.6345864661654136,-0.059147869674185394
mi,108,version_41,8,stratified,50,45,92,92,0.6755952380952381,0.6491228070175439,0.613032581453634,-0.03609022556390984
mi,108,version_41,8,stratified,50,46,92,92,0.5902777777777778,0.724812030075188,0.7243107769423559,-0.0005012531328321135
mi,108,version_41,8,stratified,100,42,67,67,0.6313320825515948,0.6707317073170732,0.6303939962476548,-0.040337711069418414
mi,108,version_41,8,stratified,100,43,67,67,0.6829268292682926,0.7476547842401502,0.7898686679174485,0.04221388367729828
mi,108,version_41,8,stratified,100,44,67,67,0.6726078799249531,0.6801125703564728,0.6679174484052534,-0.012195121951219412
mi,108,version_41,8,stratified,100,45,67,67,0.7166979362101313,0.6088180112570356,0.6181988742964353,0.009380863039399667
mi,108,version_41,8,stratified,100,46,67,67,0.676360225140713,0.6463414634146342,0.6904315196998123,0.04409005628517815
mi,108,version_41,8,stratified,200,42,17,17,0.5857142857142857,0.803030303030303,0.8181818181818181,0.015151515151515138
mi,108,version_41,8,stratified,200,43,17,17,0.5142857142857142,0.6212121212121212,0.8636363636363636,0.24242424242424243
mi,108,version_41,8,stratified,200,44,17,17,0.842857142857143,0.40909090909090906,0.4393939393939394,0.03030303030303033
mi,108,version_41,8,stratified,200,45,17,17,0.6363636363636364,0.8428571428571429,0.7285714285714285,-0.11428571428571432
mi,108,version_41,8,stratified,200,46,17,17,0.6363636363636365,0.5142857142857142,0.6714285714285714,0.15714285714285714
mi,108,version_41,17,stratified,10,42,112,112,0.6090326929558477,0.4455679137175598,0.38355240984159084,-0.06201550387596899
mi,108,version_41,17,stratified,10,43,112,112,0.5598247387933939,0.506572295247725,0.4317492416582407,-0.07482305358948427
mi,108,version_41,17,stratified,10,44,112,112,0.5463431075160095,0.48870913380519043,0.45601617795753285,-0.03269295584765758
mi,108,version_41,17,stratified,10,45,112,112,0.5058982136838557,0.566902595214021,0.6494775867880014,0.0825749915739804
mi,108,version_41,17,stratified,10,46,112,112,0.5429726996966633,0.5369059656218402,0.39096730704415233,-0.1459386585776879
mi,108,version_41,17,stratified,50,42,92,92,0.45386904761904756,0.5218045112781955,0.46365914786967416,-0.05814536340852133
mi,108,version_41,17,stratified,50,43,92,92,0.5248015873015873,0.5719298245614035,0.6190476190476191,0.04711779448621556
mi,108,version_41,17,stratified,50,44,92,92,0.5476190476190477,0.45614035087719296,0.4571428571428571,0.001002506265664116
mi,108,version_41,17,stratified,50,45,92,92,0.466765873015873,0.5734335839598997,0.6416040100250627,0.06817042606516299
mi,108,version_41,17,stratified,50,46,92,92,0.42857142857142855,0.6275689223057643,0.6365914786967418,0.009022556390977488
mi,108,version_41,17,stratified,100,42,67,67,0.5178236397748592,0.4146341463414634,0.5562851782363978,0.1416510318949344
mi,108,version_41,17,stratified,100,43,67,67,0.5853658536585367,0.4849906191369606,0.575984990619137,0.09099437148217637
mi,108,version_41,17,stratified,100,44,67,67,0.4896810506566604,0.5187617260787992,0.7467166979362101,0.22795497185741087
mi,108,version_41,17,stratified,100,45,67,67,0.4718574108818011,0.4953095684803002,0.4652908067542214,-0.030018761726078813
mi,108,version_41,17,stratified,100,46,67,67,0.5384615384615384,0.5909943714821764,0.6031894934333959,0.012195121951219523
mi,108,version_41,17,stratified,200,42,17,17,0.4714285714285714,0.25757575757575757,0.6212121212121212,0.36363636363636365
mi,108,version_41,17,stratified,200,43,17,17,0.5714285714285714,0.3787878787878788,0.6363636363636364,0.25757575757575757
mi,108,version_41,17,stratified,200,44,17,17,0.5571428571428572,0.5,0.7575757575757576,0.25757575757575757
mi,108,version_41,17,stratified,200,45,17,17,0.42424242424242425,0.6,0.7,0.09999999999999998
mi,108,version_41,17,stratified,200,46,17,17,0.5909090909090909,0.6428571428571428,0.7142857142857142,0.0714285714285714
mi,109,version_27,0,stratified,10,42,112,112,0.6309403437815976,0.6157735085945398,0.5261206605999326,-0.08965284799460727
mi,109,version_27,0,stratified,10,43,112,112,0.6110549376474553,0.642736771149309,0.4833164812942366,-0.15942028985507245
mi,109,version_27,0,stratified,10,44,112,112,0.6565554432086282,0.5908324907313786,0.5358948432760364,-0.05493764745534213
mi,109,version_27,0,stratified,10,45,112,112,0.5962251432423322,0.6582406471183012,0.5972362655881363,-0.061004381530164964
mi,109,version_27,0,stratified,10,46,112,112,0.6265588136164476,0.6241995281429052,0.6103808560835859,-0.013818672059319304
mi,109,version_27,0,stratified,50,42,92,92,0.5347222222222222,0.6756892230576441,0.6731829573934838,-0.0025062656641603454
mi,109,version_27,0,stratified,50,43,92,92,0.5902777777777778,0.6711779448621554,0.6115288220551378,-0.05964912280701762
mi,109,version_27,0,stratified,50,44,92,92,0.7018849206349206,0.5463659147869674,0.5944862155388472,0.048120300751879785
mi,109,version_27,0,stratified,50,45,92,92,0.6026785714285714,0.649624060150376,0.5358395989974937,-0.11378446115288232
mi,109,version_27,0,stratified,50,46,92,92,0.5873015873015872,0.6957393483709273,0.5659147869674186,-0.12982456140350873
mi,109,version_27,0,stratified,100,42,67,67,0.6791744840525329,0.5947467166979361,0.6294559099437148,0.0347091932457787
mi,109,version_27,0,stratified,100,43,67,67,0.5684803001876173,0.6885553470919324,0.5647279549718575,-0.12382739212007499
mi,109,version_27,0,stratified,100,44,67,67,0.5647279549718575,0.6857410881801126,0.6332082551594747,-0.05253283302063794
mi,109,version_27,0,stratified,100,45,67,67,0.650093808630394,0.6172607879924953,0.5412757973733583,-0.075984990619137
mi,109,version_27,0,stratified,100,46,67,67,0.5075046904315198,0.7392120075046904,0.6425891181988743,-0.09662288930581608
mi,109,version_27,0,stratified,200,42,17,17,0.6571428571428571,0.5606060606060607,0.6515151515151515,0.09090909090909083
mi,109,version_27,0,stratified,200,43,17,17,0.6285714285714286,0.5757575757575758,0.5454545454545454,-0.030303030303030387
mi,109,version_27,0,stratified,200,44,17,17,0.7142857142857143,0.606060606060606,0.6060606060606061,1.1102230246251565e-16
mi,109,version_27,0,stratified,200,45,17,17,0.6969696969696969,0.6142857142857143,0.6714285714285714,0.05714285714285705
mi,109,version_27,0,stratified,200,46,17,17,0.6060606060606061,0.6571428571428571,0.4857142857142857,-0.17142857142857143
mi,109,version_27,2,stratified,10,42,112,112,0.6285810583080553,0.6434108527131782,0.6329625884732053,-0.010448264239972915
mi,109,version_27,2,stratified,10,43,112,112,0.6117290192113246,0.6589147286821706,0.5123019885406134,-0.14661274014155723
mi,109,version_27,2,stratified,10,44,112,112,0.6626221772834513,0.5925176946410515,0.5446579036063364,-0.04785979103471516
mi,109,version_27,2,stratified,10,45,112,112,0.6086956521739131,0.6629592180653859,0.6609369733737782,-0.002022244691607722
mi,109,version_27,2,stratified,10,46,112,112,0.6295921806538591,0.6541961577350859,0.5237613751263903,-0.13043478260869557
mi,109,version_27,2,stratified,50,42,92,92,0.5659722222222222,0.6822055137844611,0.6907268170426065,0.008521303258145374
mi,109,version_27,2,stratified,50,43,92,92,0.560515873015873,0.7052631578947368,0.6210526315789474,-0.0842105263157894
mi,109,version_27,2,stratified,50,44,92,92,0.689484126984127,0.5684210526315789,0.6265664160401003,0.05814536340852139
mi,109,version_27,2,stratified,50,45,92,92,0.6160714285714286,0.6691729323308271,0.5809523809523809,-0.0882205513784462
mi,109,version_27,2,stratified,50,46,92,92,0.6031746031746031,0.7062656641604009,0.5844611528822056,-0.12180451127819536
mi,109,version_27,2,stratified,100,42,67,67,0.7120075046904315,0.575984990619137,0.6210131332082551,0.045028142589118136
mi,109,version_27,2,stratified,100,43,67,67,0.6050656660412758,0.7054409005628517,0.5084427767354597,-0.196998123827392
mi,109,version_27,2,stratified,100,44,67,67,0.5919324577861164,0.6669793621013134,0.551594746716698,-0.11538461538461542
mi,109,version_27,2,stratified,100,45,67,67,0.6547842401500937,0.6163227016885553,0.5637898686679175,-0.052532833020637826
mi,109,version_27,2,stratified,100,46,67,67,0.5281425891181989,0.7448405253283302,0.6172607879924954,-0.12757973733583483
mi,109,version_27,2,stratified,200,42,17,17,0.6571428571428571,0.5757575757575758,0.6363636363636365,0.06060606060606066
mi,109,version_27,2,stratified,200,43,17,17,0.7428571428571429,0.43939393939393945,0.2727272727272727,-0.16666666666666674
mi,109,version_27,2,stratified,200,44,17,17,0.5428571428571428,0.6212121212121212,0.7878787878787878,0.16666666666666663
mi,109,version_27,2,stratified,200,45,17,17,0.7272727272727273,0.7428571428571429,0.7142857142857144,-0.02857142857142847
mi,109,version_27,2,stratified,200,46,17,17,0.7424242424242424,0.6428571428571428,0.37142857142857144,-0.27142857142857135
mi,109,version_27,4,stratified,10,42,112,112,0.5267947421638017,0.5210650488709133,0.4981462756993596,-0.02291877317155372
mi,109,version_27,4,stratified,10,43,112,112,0.5281429052915403,0.549376474553421,0.4138860802157061,-0.13549039433771487
mi,109,version_27,4,stratified,10,44,112,112,0.5544320862824402,0.5018537243006405,0.5183687226154365,0.01651499831479608
mi,109,version_27,4,stratified,10,45,112,112,0.5176946410515673,0.5513987192450286,0.5648803505224133,0.013481631277384665
mi,109,version_27,4,stratified,10,46,112,112,0.5453319851702055,0.5264577013818671,0.4496124031007752,-0.07684529828109188
mi,109,version_27,4,stratified,50,42,92,92,0.4429563492063492,0.6025062656641604,0.5619047619047619,-0.04060150375939853
mi,109,version_27,4,stratified,50,43,92,92,0.4677579365079365,0.5679197994987469,0.5844611528822056,0.016541353383458635
mi,109,version_27,4,stratified,50,44,92,92,0.5481150793650794,0.49223057644110274,0.6110275689223057,0.11879699248120296
mi,109,version_27,4,stratified,50,45,92,92,0.49603174603174605,0.580952380952381,0.4947368421052632,-0.0862155388471178
mi,109,version_27,4,stratified,50,46,92,92,0.5431547619047619,0.536842105263158,0.5904761904761905,0.05363408521303248
mi,109,version_27,4,stratified,100,42,67,67,0.6238273921200751,0.46060037523452163,0.5215759849906192,0.06097560975609756
mi,109,version_27,4,stratified,100,43,67,67,0.5440900562851783,0.5553470919324578,0.46153846153846156,-0.09380863039399623
mi,109,version_27,4,stratified,100,44,67,67,0.50187617260788,0.5431519699812383,0.50093808630394,-0.04221388367729828
mi,109,version_27,4,stratified,100,45,67,67,0.5600375234521576,0.4953095684803002,0.4540337711069418,-0.0412757973733584
mi,109,version_27,4,stratified,100,46,67,67,0.39305816135084426,0.6181988742964353,0.5816135084427767,-0.03658536585365857
mi,109,version_27,4,stratified,200,42,17,17,0.6571428571428571,0.3333333333333333,0.48484848484848486,0.15151515151515155
mi,109,version_27,4,stratified,200,43,17,17,0.48571428571428565,0.4242424242424243,0.303030303030303,-0.12121212121212133
mi,109,version_27,4,stratified,200,44,17,17,0.5571428571428572,0.5454545454545454,0.46969696969696967,-0.07575757575757575
mi,109,version_27,4,stratified,200,45,17,17,0.6212121212121212,0.6142857142857143,0.5571428571428572,-0.05714285714285716
mi,109,version_27,4,stratified,200,46,17,17,0.5303030303030303,0.44285714285714284,0.49999999999999994,0.057142857142857106
mi,109,version_27,8,stratified,10,42,112,112,0.655881361644759,0.561509942703067,0.5911695315133132,0.029659588810246218
mi,109,version_27,8,stratified,10,43,112,112,0.5770138186720594,0.6036400404448938,0.46511627906976744,-0.1385237613751264
mi,109,version_27,8,stratified,10,44,112,112,0.6215032018874284,0.5810583080552747,0.5679137175598247,-0.013144590495450026
mi,109,version_27,8,stratified,10,45,112,112,0.579036063363667,0.6383552409841591,0.5331985170205595,-0.10515672396359954
mi,109,version_27,8,stratified,10,46,112,112,0.613077182339063,0.6107178968655207,0.4691607684529828,-0.14155712841253787
mi,109,version_27,8,stratified,50,42,92,92,0.5327380952380952,0.6416040100250627,0.5679197994987469,-0.0736842105263158
mi,109,version_27,8,stratified,50,43,92,92,0.5838293650793651,0.6506265664160401,0.4972431077694236,-0.1533834586466165
mi,109,version_27,8,stratified,50,44,92,92,0.6547619047619048,0.5408521303258145,0.5834586466165413,0.04260651629072687
mi,109,version_27,8,stratified,50,45,92,92,0.6383928571428572,0.5894736842105263,0.5614035087719299,-0.028070175438596356
mi,109,version_27,8,stratified,50,46,92,92,0.6304563492063492,0.6596491228070175,0.5298245614035088,-0.12982456140350873
mi,109,version_27,8,stratified,100,42,67,67,0.5919324577861164,0.5534709193245778,0.5506566604127578,-0.002814258911819967
mi,109,version_27,8,stratified,100,43,67,67,0.6303939962476548,0.6932457786116322,0.31613508442776733,-0.37711069418386484
mi,109,version_27,8,stratified,100,44,67,67,0.5947467166979361,0.6219512195121951,0.5075046904315197,-0.11444652908067543
mi,109,version_27,8,stratified,100,45,67,67,0.5956848030018762,0.5844277673545966,0.5487804878048781,-0.03564727954971847
mi,109,version_27,8,stratified,100,46,67,67,0.49624765478424016,0.7739212007504691,0.5581613508442778,-0.21575984990619135
mi,109,version_27,8,stratified,200,42,17,17,0.5285714285714286,0.5454545454545454,0.3787878787878788,-0.16666666666666663
mi,109,version_27,8,stratified,200,43,17,17,0.6142857142857143,0.6212121212121212,0.2424242424242424,-0.3787878787878788
mi,109,version_27,8,stratified,200,44,17,17,0.7142857142857142,0.7575757575757576,0.6060606060606061,-0.1515151515151515
mi,109,version_27,8,stratified,200,45,17,17,0.803030303030303,0.6285714285714286,0.45714285714285713,-0.17142857142857143
mi,109,version_27,8,stratified,200,46,17,17,0.712121212121212,0.5857142857142856,0.4714285714285714,-0.11428571428571421
mi,109,version_27,17,stratified,10,42,112,112,0.5564543309740478,0.5210650488709134,0.5385911695315133,0.017526120660599886
mi,109,version_27,17,stratified,10,43,112,112,0.5342096393663633,0.5342096393663633,0.4438827098078868,-0.09032692955847654
mi,109,version_27,17,stratified,10,44,112,112,0.5396022918773171,0.5331985170205595,0.47387933940006743,-0.0593191776204921
mi,109,version_27,17,stratified,10,45,112,112,0.527468823727671,0.5399393326592518,0.544994944388271,0.005055611729019249
mi,109,version_27,17,stratified,10,46,112,112,0.5183687226154364,0.5358948432760364,0.5500505561172903,0.014155712841253831
mi,109,version_27,17,stratified,50,42,92,92,0.5600198412698413,0.524812030075188,0.4842105263157895,-0.04060150375939847
mi,109,version_27,17,stratified,50,43,92,92,0.5282738095238095,0.4922305764411028,0.5303258145363409,0.03809523809523807
mi,109,version_27,17,stratified,50,44,92,92,0.5466269841269841,0.5639097744360902,0.4887218045112782,-0.07518796992481203
mi,109,version_27,17,stratified,50,45,92,92,0.5064484126984127,0.5634085213032581,0.5503759398496241,-0.013032581453634062
mi,109,version_27,17,stratified,50,46,92,92,0.49255952380952384,0.6401002506265664,0.32180451127819554,-0.31829573934837085
mi,109,version_27,17,stratified,100,42,67,67,0.5722326454033771,0.5215759849906192,0.3686679174484052,-0.15290806754221398
mi,109,version_27,17,stratified,100,43,67,67,0.524390243902439,0.49812382739212,0.46341463414634143,-0.03470919324577859
mi,109,version_27,17,stratified,100,44,67,67,0.6923076923076923,0.43433395872420266,0.3846153846153846,-0.04971857410881808
mi,109,version_27,17,stratified,100,45,67,67,0.6060037523452158,0.4803001876172608,0.50093808630394,0.0206378986866792
mi,109,version_27,17,stratified,100,46,67,67,0.523452157598499,0.49624765478424016,0.4061913696060037,-0.09005628517823644
mi,109,version_27,17,stratified,200,42,17,17,0.3142857142857143,0.5303030303030303,0.5303030303030303,0.0
mi,109,version_27,17,stratified,200,43,17,17,0.2571428571428571,0.33333333333333337,0.30303030303030304,-0.03030303030303033
mi,109,version_27,17,stratified,200,44,17,17,0.5142857142857142,0.48484848484848486,0.5,0.015151515151515138
mi,109,version_27,17,stratified,200,45,17,17,0.5909090909090908,0.5714285714285714,0.4714285714285715,-0.09999999999999992
mi,109,version_27,17,stratified,200,46,17,17,0.40909090909090906,0.4857142857142857,0.48571428571428565,-5.551115123125783e-17
mi,109,version_28,0,stratified,10,42,112,112,0.5365689248399057,0.5942028985507246,0.5911695315133131,-0.0030333670374115274
mi,109,version_28,0,stratified,10,43,112,112,0.5931917762049208,0.5524098415908325,0.4769127064374789,-0.0754971351533536
mi,109,version_28,0,stratified,10,44,112,112,0.6161105493764746,0.517020559487698,0.4759015840916751,-0.04111897539602288
mi,109,version_28,0,stratified,10,45,112,112,0.568587799123694,0.5618469834850017,0.5527468823727671,-0.009100101112234582
mi,109,version_28,0,stratified,10,46,112,112,0.5544320862824402,0.5847657566565554,0.5058982136838557,-0.07886754297269971
mi,109,version_28,0,stratified,50,42,92,92,0.5014880952380952,0.6345864661654135,0.6506265664160401,0.016040100250626632
mi,109,version_28,0,stratified,50,43,92,92,0.5629960317460317,0.5969924812030075,0.5162907268170426,-0.08070175438596494
mi,109,version_28,0,stratified,50,44,92,92,0.5967261904761905,0.5448621553884712,0.5894736842105265,0.044611528822055324
mi,109,version_28,0,stratified,50,45,92,92,0.4920634920634921,0.6270676691729323,0.5774436090225564,-0.049624060150375904
mi,109,version_28,0,stratified,50,46,92,92,0.564484126984127,0.6075187969924812,0.5358395989974938,-0.07167919799498745
mi,109,version_28,0,stratified,100,42,67,67,0.6885553470919324,0.5206378986866792,0.6022514071294559,0.0816135084427767
mi,109,version_28,0,stratified,100,43,67,67,0.5159474671669794,0.6772983114446529,0.5984990619136961,-0.07879924953095685
mi,109,version_28,0,stratified,100,44,67,67,0.5131332082551595,0.6735459662288931,0.5478424015009381,-0.12570356472795496
mi,109,version_28,0,stratified,100,45,67,67,0.5694183864915572,0.5337711069418387,0.5928705440900564,0.05909943714821764
mi,109,version_28,0,stratified,100,46,67,67,0.5037523452157598,0.6604127579737336,0.50375234521576,-0.1566604127579736
mi,109,version_28,0,stratified,200,42,17,17,0.6285714285714286,0.5454545454545454,0.7424242424242424,0.19696969696969702
mi,109,version_28,0,stratified,200,43,17,17,0.6,0.5757575757575757,0.5606060606060606,-0.015151515151515138
mi,109,version_28,0,stratified,200,44,17,17,0.6714285714285715,0.6515151515151515,0.8181818181818181,0.16666666666666663
mi,109,version_28,0,stratified,200,45,17,17,0.5303030303030303,0.6571428571428571,0.6714285714285715,0.014285714285714346
mi,109,version_28,0,stratified,200,46,17,17,0.5909090909090908,0.5571428571428572,0.37142857142857144,-0.18571428571428572
mi,109,version_28,2,stratified,10,42,112,112,0.5254465790360634,0.6086956521739131,0.5844287158746208,-0.02426693629929233
mi,109,version_28,2,stratified,10,43,112,112,0.5918436130771823,0.5662285136501516,0.45702730030333666,-0.10920121334681493
mi,109,version_28,2,stratified,10,44,112,112,0.6033029996629591,0.544994944388271,0.537917087967644,-0.007077856420626971
mi,109,version_28,2,stratified,10,45,112,112,0.5631951466127402,0.5736434108527131,0.5925176946410515,0.018874283788338442
mi,109,version_28,2,stratified,10,46,112,112,0.5513987192450287,0.5911695315133131,0.4863498483316482,-0.1048196831816649
mi,109,version_28,2,stratified,50,42,92,92,0.5148809523809524,0.6451127819548872,0.6857142857142857,0.04060150375939853
mi,109,version_28,2,stratified,50,43,92,92,0.5520833333333334,0.6160401002506266,0.6010025062656641,-0.015037593984962516
mi,109,version_28,2,stratified,50,44,92,92,0.5704365079365079,0.5694235588972432,0.5919799498746867,0.022556390977443552
mi,109,version_28,2,stratified,50,45,92,92,0.5124007936507937,0.6300751879699249,0.631578947368421,0.0015037593984961184
mi,109,version_28,2,stratified,50,46,92,92,0.5550595238095238,0.612531328320802,0.48270676691729325,-0.1298245614035088
mi,109,version_28,2,stratified,100,42,67,67,0.7176360225140713,0.50375234521576,0.5956848030018762,0.09193245778611625
mi,109,version_28,2,stratified,100,43,67,67,0.5684803001876173,0.6604127579737336,0.5947467166979363,-0.06566604127579723
mi,109,version_28,2,stratified,100,44,67,67,0.5290806754221389,0.646341463414634,0.6210131332082552,-0.025328330206378813
mi,109,version_28,2,stratified,100,45,67,67,0.575984990619137,0.5450281425891181,0.6060037523452158,0.060975609756097615
mi,109,version_28,2,stratified,100,46,67,67,0.49718574108818014,0.6416510318949343,0.5253283302063789,-0.11632270168855541
mi,109,version_28,2,stratified,200,42,17,17,0.4571428571428572,0.5454545454545454,0.7727272727272727,0.2272727272727273
mi,109,version_28,2,stratified,200,43,17,17,0.8,0.3787878787878788,0.4696969696969697,0.09090909090909094
mi,109,version_28,2,stratified,200,44,17,17,0.45714285714285713,0.6515151515151515,0.8333333333333334,0.18181818181818188
mi,109,version_28,2,stratified,200,45,17,17,0.606060606060606,0.7,0.7,0.0
mi,109,version_28,2,stratified,200,46,17,17,0.6969696969696969,0.5714285714285714,0.3285714285714285,-0.24285714285714288
mi,109,version_28,4,stratified,10,42,112,112,0.45197168857431747,0.5476912706437478,0.5358948432760364,-0.01179642736771136
mi,109,version_28,4,stratified,10,43,112,112,0.5294910684192787,0.4718570947084597,0.5045500505561173,0.032692955847657634
mi,109,version_28,4,stratified,10,44,112,112,0.5224132119986518,0.4705089315807212,0.45770138186720594,-0.012807549713515276
mi,109,version_28,4,stratified,10,45,112,112,0.4900572969329289,0.5072463768115942,0.5392652510953825,0.032018874283788246
mi,109,version_28,4,stratified,10,46,112,112,0.5048870913380519,0.4954499494438827,0.4930906639703404,-0.0023592854735423052
mi,109,version_28,4,stratified,50,42,92,92,0.3968253968253968,0.5774436090225564,0.5568922305764411,-0.02055137844611532
mi,109,version_28,4,stratified,50,43,92,92,0.47420634920634924,0.5228070175438597,0.6180451127819548,0.09523809523809512
mi,109,version_28,4,stratified,50,44,92,92,0.47271825396825395,0.5117794486215539,0.549874686716792,0.03809523809523807
mi,109,version_28,4,stratified,50,45,92,92,0.4265873015873016,0.5704260651629073,0.6135338345864662,0.04310776942355887
mi,109,version_28,4,stratified,50,46,92,92,0.498015873015873,0.5002506265664161,0.5729323308270677,0.07268170426065168
mi,109,version_28,4,stratified,100,42,67,67,0.6153846153846154,0.4108818011257035,0.4971857410881801,0.0863039399624766
mi,109,version_28,4,stratified,100,43,67,67,0.4784240150093809,0.549718574108818,0.5844277673545967,0.0347091932457787
mi,109,version_28,4,stratified,100,44,67,67,0.4821763602251407,0.5525328330206378,0.5206378986866791,-0.031894934333958735
mi,109,version_28,4,stratified,100,45,67,67,0.50093808630394,0.4634146341463415,0.5834896810506567,0.1200750469043152
mi,109,version_28,4,stratified,100,46,67,67,0.38836772983114454,0.5553470919324578,0.5103189493433395,-0.04502814258911825
mi,109,version_28,4,stratified,200,42,17,17,0.5,0.3484848484848485,0.5909090909090908,0.24242424242424232
mi,109,version_28,4,stratified,200,43,17,17,0.5142857142857142,0.3787878787878788,0.5606060606060607,0.18181818181818188
mi,109,version_28,4,stratified,200,44,17,17,0.44285714285714284,0.5909090909090909,0.7878787878787878,0.1969696969696969
mi,109,version_28,4,stratified,200,45,17,17,0.4696969696969697,0.5714285714285714,0.7428571428571429,0.17142857142857149
mi,109,version_28,4,stratified,200,46,17,17,0.5606060606060606,0.48571428571428565,0.4,-0.08571428571428563
mi,109,version_28,8,stratified,10,42,112,112,0.6949780923491742,0.506572295247725,0.6053252443545669,0.09875294910684196
mi,109,version_28,8,stratified,10,43,112,112,0.6258847320525783,0.5524098415908325,0.5487023929895517,-0.003707448601280805
mi,109,version_28,8,stratified,10,44,112,112,0.5780249410178632,0.61139197842939,0.5251095382541288,-0.08628244017526121
mi,109,version_28,8,stratified,10,45,112,112,0.6019548365352207,0.61139197842939,0.5480283114256825,-0.06336366700370744
mi,109,version_28,8,stratified,10,46,112,112,0.5891472868217054,0.6157735085945399,0.48769801145938657,-0.12807549713515337
mi,109,version_28,8,stratified,50,42,92,92,0.5396825396825398,0.6095238095238096,0.6446115288220551,0.0350877192982455
mi,109,version_28,8,stratified,50,43,92,92,0.5952380952380953,0.6360902255639098,0.5288220551378446,-0.10726817042606518
mi,109,version_28,8,stratified,50,44,92,92,0.6631944444444445,0.5203007518796994,0.568922305764411,0.04862155388471168
mi,109,version_28,8,stratified,50,45,92,92,0.6359126984126984,0.5699248120300752,0.543859649122807,-0.026065162907268125
mi,109,version_28,8,stratified,50,46,92,92,0.6101190476190477,0.637593984962406,0.5323308270676692,-0.10526315789473684
mi,109,version_28,8,stratified,100,42,67,67,0.5975609756097561,0.5103189493433397,0.5075046904315197,-0.002814258911819967
mi,109,version_28,8,stratified,100,43,67,67,0.5281425891181989,0.724202626641651,0.4427767354596623,-0.28142589118198874
mi,109,version_28,8,stratified,100,44,67,67,0.5797373358348968,0.5891181988742964,0.6228893058161351,0.03377110694183871
mi,109,version_28,8,stratified,100,45,67,67,0.5797373358348968,0.5825515947467166,0.5544090056285178,-0.02814258911819878
mi,109,version_28,8,stratified,100,46,67,67,0.5459662288930581,0.6772983114446529,0.5712945590994372,-0.10600375234521575
mi,109,version_28,8,stratified,200,42,17,17,0.6428571428571428,0.4242424242424242,0.3181818181818182,-0.10606060606060602
mi,109,version_28,8,stratified,200,43,17,17,0.7,0.6969696969696969,0.40909090909090906,-0.28787878787878785
mi,109,version_28,8,stratified,200,44,17,17,0.5857142857142856,0.6666666666666666,0.9242424242424243,0.2575757575757577
mi,109,version_28,8,stratified,200,45,17,17,0.5606060606060607,0.7142857142857143,0.44285714285714284,-0.27142857142857146
mi,109,version_28,8,stratified,200,46,17,17,0.6060606060606061,0.5714285714285714,0.5571428571428572,-0.014285714285714235
mi,109,version_28,17,stratified,10,42,112,112,0.47556454330974046,0.5352207617121671,0.5567913717559825,0.02157061004381533
mi,109,version_28,17,stratified,10,43,112,112,0.5352207617121671,0.4900572969329288,0.4152342433434446,-0.07482305358948421
mi,109,version_28,17,stratified,10,44,112,112,0.5342096393663632,0.47489046174587135,0.5331985170205594,0.058308055274688075
mi,109,version_28,17,stratified,10,45,112,112,0.5166835187057633,0.5055611729019212,0.5844287158746208,0.0788675429726996
mi,109,version_28,17,stratified,10,46,112,112,0.5409504550050557,0.46579036063363666,0.5854398382204247,0.11964947758678801
mi,109,version_28,17,stratified,50,42,92,92,0.47271825396825395,0.5097744360902257,0.6025062656641604,0.09273182957393478
mi,109,version_28,17,stratified,50,43,92,92,0.5461309523809524,0.4406015037593985,0.47518796992481205,0.034586466165413554
mi,109,version_28,17,stratified,50,44,92,92,0.5069444444444444,0.5408521303258145,0.4922305764411028,-0.04862155388471168
mi,109,version_28,17,stratified,50,45,92,92,0.45684523809523814,0.5649122807017544,0.5639097744360901,-0.001002506265664227
mi,109,version_28,17,stratified,50,46,92,92,0.443452380952381,0.5954887218045113,0.450125313283208,-0.1453634085213033
mi,109,version_28,17,stratified,100,42,67,67,0.5534709193245779,0.5065666041275798,0.5694183864915572,0.06285178236397737
mi,109,version_28,17,stratified,100,43,67,67,0.5806754221388368,0.44934333958724204,0.45684803001876173,0.007504690431519689
mi,109,version_28,17,stratified,100,44,67,67,0.5403377110694184,0.5018761726078799,0.5590994371482176,0.05722326454033777
mi,109,version_28,17,stratified,100,45,67,67,0.5919324577861164,0.4305816135084427,0.5590994371482176,0.12851782363977493
mi,109,version_28,17,stratified,100,46,67,67,0.40056285178236395,0.50375234521576,0.5009380863039399,-0.002814258911820078
mi,109,version_28,17,stratified,200,42,17,17,0.24285714285714285,0.5454545454545454,0.8030303030303031,0.2575757575757577
mi,109,version_28,17,stratified,200,43,17,17,0.37142857142857144,0.15151515151515152,0.36363636363636365,0.21212121212121213
mi,109,version_28,17,stratified,200,44,17,17,0.3571428571428571,0.5606060606060606,0.3333333333333333,-0.22727272727272724
mi,109,version_28,17,stratified,200,45,17,17,0.5454545454545454,0.5142857142857142,0.5857142857142856,0.0714285714285714
mi,109,version_28,17,stratified,200,46,17,17,0.4393939393939394,0.4,0.3285714285714285,-0.07142857142857151
mi,109,version_29,0,stratified,10,42,112,112,0.5594876980114594,0.6326255476912707,0.5722952477249746,-0.06033029996629602
mi,109,version_29,0,stratified,10,43,112,112,0.6076845298281093,0.6046511627906976,0.45096056622851366,-0.15369059656218398
mi,109,version_29,0,stratified,10,44,112,112,0.6484664644421976,0.5372430064037749,0.44523087293562513,-0.09201213346814974
mi,109,version_29,0,stratified,10,45,112,112,0.5837546343107516,0.6033029996629592,0.5611729019211324,-0.042130097741826744
mi,109,version_29,0,stratified,10,46,112,112,0.5867880013481631,0.5955510616784632,0.5578024941017863,-0.037748567576676884
mi,109,version_29,0,stratified,50,42,92,92,0.5109126984126984,0.6541353383458647,0.6551378446115289,0.001002506265664227
mi,109,version_29,0,stratified,50,43,92,92,0.5803571428571428,0.6541353383458647,0.5819548872180451,-0.07218045112781957
mi,109,version_29,0,stratified,50,44,92,92,0.6170634920634921,0.5568922305764411,0.5263157894736843,-0.030576441102756813
mi,109,version_29,0,stratified,50,45,92,92,0.5302579365079365,0.6521303258145363,0.5959899749373434,-0.056140350877192935
mi,109,version_29,0,stratified,50,46,92,92,0.5808531746031746,0.6360902255639097,0.5263157894736843,-0.10977443609022541
mi,109,version_29,0,stratified,100,42,67,67,0.6894934333958724,0.5281425891181989,0.6041275797373358,0.07598499061913688
mi,109,version_29,0,stratified,100,43,67,67,0.5347091932457786,0.7626641651031896,0.5347091932457786,-0.22795497185741098
mi,109,version_29,0,stratified,100,44,67,67,0.4934333958724203,0.6979362101313321,0.6848030018761726,-0.013133208255159512
mi,109,version_29,0,stratified,100,45,67,67,0.6575984990619137,0.5553470919324578,0.5525328330206379,-0.0028142589118198558
mi,109,version_29,0,stratified,100,46,67,67,0.5328330206378987,0.6735459662288931,0.5787992495309568,-0.09474671669793622
mi,109,version_29,0,stratified,200,42,17,17,0.6,0.5151515151515151,0.6515151515151515,0.13636363636363635
mi,109,version_29,0,stratified,200,43,17,17,0.5857142857142857,0.6363636363636364,0.6363636363636364,0.0
mi,109,version_29,0,stratified,200,44,17,17,0.42857142857142855,0.5454545454545454,0.6515151515151515,0.10606060606060608
mi,109,version_29,0,stratified,200,45,17,17,0.712121212121212,0.5428571428571428,0.6857142857142856,0.1428571428571428
mi,109,version_29,0,stratified,200,46,17,17,0.5909090909090908,0.7000000000000001,0.5285714285714286,-0.17142857142857149
mi,109,version_29,2,stratified,10,42,112,112,0.571284125379171,0.6845298281092013,0.6063363667003707,-0.07819346140883054
mi,109,version_29,2,stratified,10,43,112,112,0.6134142231209977,0.6710481968318167,0.4078193461408831,-0.2632288506909336
mi,109,version_29,2,stratified,10,44,112,112,0.6761038085608359,0.5763397371081902,0.4472531176272329,-0.1290866194809573
mi,109,version_29,2,stratified,10,45,112,112,0.5952140208965284,0.657566565554432,0.5874620829120324,-0.07010448264239966
mi,109,version_29,2,stratified,10,46,112,112,0.6127401415571285,0.6380182002022244,0.512639029322548,-0.12537917087967643
mi,109,version_29,2,stratified,50,42,92,92,0.5664682539682541,0.6731829573934837,0.6972431077694237,0.024060150375940004
mi,109,version_29,2,stratified,50,43,92,92,0.5858134920634921,0.6932330827067669,0.6837092731829574,-0.00952380952380949
mi,109,version_29,2,stratified,50,44,92,92,0.5972222222222222,0.6496240601503759,0.5724310776942356,-0.07719298245614026
mi,109,version_29,2,stratified,50,45,92,92,0.59375,0.668671679197995,0.6546365914786967,-0.01403508771929829
mi,109,version_29,2,stratified,50,46,92,92,0.6026785714285714,0.6842105263157895,0.5508771929824561,-0.13333333333333341
mi,109,version_29,2,stratified,100,42,67,67,0.6951219512195121,0.5581613508442778,0.5975609756097562,0.039399624765478425
mi,109,version_29,2,stratified,100,43,67,67,0.5712945590994372,0.7410881801125703,0.6228893058161351,-0.11819887429643516
mi,109,version_29,2,stratified,100,44,67,67,0.5956848030018762,0.7176360225140712,0.7082551594746717,-0.009380863039399556
mi,109,version_29,2,stratified,100,45,67,67,0.6425891181988743,0.5834896810506567,0.5834896810506567,0.0
mi,109,version_29,2,stratified,100,46,67,67,0.5863039399624767,0.7035647279549718,0.4971857410881801,-0.20637898686679174
mi,109,version_29,2,stratified,200,42,17,17,0.5428571428571429,0.5,0.7272727272727272,0.22727272727272718
mi,109,version_29,2,stratified,200,43,17,17,0.8428571428571429,0.42424242424242425,0.4242424242424242,-5.551115123125783e-17
mi,109,version_29,2,stratified,200,44,17,17,0.4571428571428571,0.6363636363636364,0.6818181818181819,0.045454545454545525
mi,109,version_29,2,stratified,200,45,17,17,0.6818181818181818,0.6,0.6857142857142857,0.08571428571428574
mi,109,version_29,2,stratified,200,46,17,17,0.7424242424242424,0.7142857142857142,0.5142857142857142,-0.19999999999999996
mi,109,version_29,4,stratified,10,42,112,112,0.5426356589147286,0.6164475901584091,0.5163464779238288,-0.10010111223458029
mi,109,version_29,4,stratified,10,43,112,112,0.6063363667003706,0.5679137175598248,0.45736434108527135,-0.11054937647455343
mi,109,version_29,4,stratified,10,44,112,112,0.6292551398719245,0.5217391304347825,0.5112908661948096,-0.010448264239972915
mi,109,version_29,4,stratified,10,45,112,112,0.5530839231547018,0.599932591843613,0.49039433771486346,-0.10953825412874957
mi,109,version_29,4,stratified,10,46,112,112,0.5948769801145938,0.564206268958544,0.546680148297944,-0.017526120660599998
mi,109,version_29,4,stratified,50,42,92,92,0.5277777777777778,0.6315789473684211,0.5398496240601504,-0.09172932330827077
mi,109,version_29,4,stratified,50,43,92,92,0.5441468253968254,0.5969924812030075,0.6330827067669174,0.03609022556390984
mi,109,version_29,4,stratified,50,44,92,92,0.5357142857142857,0.6095238095238096,0.5383458646616541,-0.07117794486215545
mi,109,version_29,4,stratified,50,45,92,92,0.46726190476190477,0.6731829573934838,0.6441102756892231,-0.029072681704260694
mi,109,version_29,4,stratified,50,46,92,92,0.574404761904762,0.6040100250626568,0.5072681704260651,-0.09674185463659168
mi,109,version_29,4,stratified,100,42,67,67,0.6960600375234521,0.4643527204502814,0.4512195121951219,-0.013133208255159512
mi,109,version_29,4,stratified,100,43,67,67,0.6060037523452158,0.599437148217636,0.5215759849906191,-0.07786116322701697
mi,109,version_29,4,stratified,100,44,67,67,0.5928705440900564,0.6003752345215759,0.5928705440900562,-0.007504690431519689
mi,109,version_29,4,stratified,100,45,67,67,0.5656660412757973,0.5600375234521575,0.48874296435272047,-0.07129455909943705
mi,109,version_29,4,stratified,100,46,67,67,0.5159474671669794,0.5900562851782364,0.550656660412758,-0.039399624765478425
mi,109,version_29,4,stratified,200,42,17,17,0.6285714285714286,0.3181818181818182,0.3484848484848485,0.03030303030303033
mi,109,version_29,4,stratified,200,43,17,17,0.557142857142857,0.4393939393939394,0.25757575757575757,-0.18181818181818182
mi,109,version_29,4,stratified,200,44,17,17,0.5285714285714286,0.6060606060606061,0.48484848484848486,-0.12121212121212122
mi,109,version_29,4,stratified,200,45,17,17,0.6666666666666666,0.5857142857142856,0.6142857142857143,0.028571428571428692
mi,109,version_29,4,stratified,200,46,17,17,0.6515151515151516,0.5142857142857142,0.45714285714285713,-0.057142857142857106
mi,109,version_29,8,stratified,10,42,112,112,0.5962251432423323,0.531850353892821,0.5038759689922481,-0.027974384900572913
mi,109,version_29,8,stratified,10,43,112,112,0.5460060667340748,0.5625210650488709,0.6359959555106168,0.07347489046174593
mi,109,version_29,8,stratified,10,44,112,112,0.564206268958544,0.5773508594539939,0.5362318840579711,-0.04111897539602283
mi,109,version_29,8,stratified,10,45,112,112,0.6056622851365014,0.5557802494101786,0.5389282103134478,-0.01685203909673072
mi,109,version_29,8,stratified,10,46,112,112,0.5567913717559825,0.5861139197842938,0.4984833164812943,-0.08763060330299954
mi,109,version_29,8,stratified,50,42,92,92,0.5684523809523809,0.5172932330827067,0.6666666666666667,0.14937343358396005
mi,109,version_29,8,stratified,50,43,92,92,0.5233134920634921,0.6270676691729324,0.6140350877192983,-0.013032581453634173
mi,109,version_29,8,stratified,50,44,92,92,0.5406746031746033,0.506265664160401,0.6240601503759399,0.1177944862155389
mi,109,version_29,8,stratified,50,45,92,92,0.6750992063492063,0.5253132832080201,0.5373433583959899,0.012030075187969835
mi,109,version_29,8,stratified,50,46,92,92,0.574404761904762,0.5644110275689224,0.6015037593984962,0.037092731829573844
mi,109,version_29,8,stratified,100,42,67,67,0.551594746716698,0.5393996247654784,0.5159474671669794,-0.023452157598499057
mi,109,version_29,8,stratified,100,43,67,67,0.5712945590994372,0.7073170731707317,0.4634146341463415,-0.24390243902439018
mi,109,version_29,8,stratified,100,44,67,67,0.4671669793621013,0.5431519699812383,0.6697936210131332,0.12664165103189495
mi,109,version_29,8,stratified,100,45,67,67,0.6135084427767354,0.5666041275797373,0.5478424015009382,-0.018761726078799112
mi,109,version_29,8,stratified,100,46,67,67,0.5206378986866792,0.599437148217636,0.6566604127579737,0.05722326454033766
mi,109,version_29,8,stratified,200,42,17,17,0.5714285714285714,0.5,0.5909090909090909,0.09090909090909094
mi,109,version_29,8,stratified,200,43,17,17,0.7714285714285714,0.7727272727272727,0.27272727272727276,-0.49999999999999994
mi,109,version_29,8,stratified,200,44,17,17,0.6714285714285714,0.5757575757575757,0.7878787878787878,0.21212121212121215
mi,109,version_29,8,stratified,200,45,17,17,0.6060606060606061,0.5714285714285714,0.4714285714285714,-0.09999999999999998
mi,109,version_29,8,stratified,200,46,17,17,0.6666666666666667,0.5999999999999999,0.6428571428571428,0.04285714285714293
mi,109,version_29,17,stratified,10,42,112,112,0.5722952477249748,0.586113919784294,0.5524098415908325,-0.03370407819346144
mi,109,version_29,17,stratified,10,43,112,112,0.61139197842939,0.5436467812605326,0.46983485001685205,-0.07381193124368052
mi,109,version_29,17,stratified,10,44,112,112,0.6319514661274014,0.497809234917425,0.5328614762386249,0.035052241321199884
mi,109,version_29,17,stratified,10,45,112,112,0.5375800471857095,0.6167846309403437,0.5331985170205594,-0.08358611391978432
mi,109,version_29,17,stratified,10,46,112,112,0.5530839231547018,0.579036063363667,0.5291540276373441,-0.04988203572632288
mi,109,version_29,17,stratified,50,42,92,92,0.558531746031746,0.5568922305764411,0.6135338345864663,0.05664160401002516
mi,109,version_29,17,stratified,50,43,92,92,0.5610119047619048,0.5659147869674186,0.46466165413533833,-0.10125313283208026
mi,109,version_29,17,stratified,50,44,92,92,0.5768849206349207,0.5704260651629073,0.531328320802005,-0.0390977443609023
mi,109,version_29,17,stratified,50,45,92,92,0.5505952380952381,0.5754385964912281,0.5724310776942356,-0.003007518796992459
mi,109,version_29,17,stratified,50,46,92,92,0.539186507936508,0.6466165413533835,0.5418546365914787,-0.10476190476190483
mi,109,version_29,17,stratified,100,42,67,67,0.5318949343339587,0.50187617260788,0.46622889305816134,-0.035647279549718636
mi,109,version_29,17,stratified,100,43,67,67,0.6407129455909943,0.4690431519699812,0.5290806754221389,0.06003752345215768
mi,109,version_29,17,stratified,100,44,67,67,0.6191369606003753,0.5534709193245779,0.6069418386491557,0.053470919324577815
mi,109,version_29,17,stratified,100,45,67,67,0.6322701688555347,0.48311444652908064,0.5187617260787993,0.03564727954971869
mi,109,version_29,17,stratified,100,46,67,67,0.525328330206379,0.6060037523452158,0.5628517823639775,-0.04315196998123827
mi,109,version_29,17,stratified,200,42,17,17,0.2571428571428571,0.48484848484848486,0.8181818181818181,0.33333333333333326
mi,109,version_29,17,stratified,200,43,17,17,0.5571428571428572,0.45454545454545453,0.5757575757575757,0.12121212121212116
mi,109,version_29,17,stratified,200,44,17,17,0.4857142857142857,0.5,0.7878787878787878,0.28787878787878785
mi,109,version_29,17,stratified,200,45,17,17,0.6212121212121211,0.4714285714285714,0.6285714285714286,0.15714285714285714
mi,109,version_29,17,stratified,200,46,17,17,0.5909090909090908,0.5285714285714286,0.5142857142857142,-0.014285714285714346
mi,109,version_30,0,stratified,10,42,112,112,0.6012807549713516,0.6127401415571284,0.5385911695315133,-0.0741489720256151
mi,109,version_30,0,stratified,10,43,112,112,0.6319514661274014,0.5837546343107516,0.5305021907650826,-0.05325244354566894
mi,109,version_30,0,stratified,10,44,112,112,0.6501516683518707,0.5648803505224131,0.5102797438490058,-0.05460060667340738
mi,109,version_30,0,stratified,10,45,112,112,0.5557802494101786,0.6619480957195819,0.5058982136838557,-0.15604988203572623
mi,109,version_30,0,stratified,10,46,112,112,0.6066734074823054,0.5985844287158746,0.6589147286821706,0.06033029996629602
mi,109,version_30,0,stratified,50,42,92,92,0.47470238095238093,0.7027568922305765,0.6531328320802005,-0.049624060150376015
mi,109,version_30,0,stratified,50,43,92,92,0.558531746031746,0.6746867167919799,0.5639097744360902,-0.11077694235588964
mi,109,version_30,0,stratified,50,44,92,92,0.5912698412698413,0.606015037593985,0.5348370927318296,-0.07117794486215545
mi,109,version_30,0,stratified,50,45,92,92,0.5823412698412699,0.6295739348370928,0.5694235588972432,-0.06015037593984962
mi,109,version_30,0,stratified,50,46,92,92,0.5694444444444444,0.6190476190476191,0.549874686716792,-0.06917293233082711
mi,109,version_30,0,stratified,100,42,67,67,0.652908067542214,0.5553470919324578,0.550656660412758,-0.004690431519699834
mi,109,version_30,0,stratified,100,43,67,67,0.5694183864915572,0.7035647279549719,0.5403377110694184,-0.16322701688555352
mi,109,version_30,0,stratified,100,44,67,67,0.5168855534709194,0.6969981238273921,0.7335834896810507,0.03658536585365857
mi,109,version_30,0,stratified,100,45,67,67,0.6228893058161351,0.5609756097560975,0.5459662288930581,-0.015009380863039379
mi,109,version_30,0,stratified,100,46,67,67,0.5422138836772983,0.6585365853658537,0.6135084427767354,-0.04502814258911825
mi,109,version_30,0,stratified,200,42,17,17,0.7285714285714286,0.4090909090909091,0.43939393939393934,0.03030303030303022
mi,109,version_30,0,stratified,200,43,17,17,0.6571428571428571,0.6363636363636364,0.5151515151515151,-0.12121212121212122
mi,109,version_30,0,stratified,200,44,17,17,0.6857142857142857,0.4090909090909091,0.7424242424242423,0.3333333333333332
mi,109,version_30,0,stratified,200,45,17,17,0.6212121212121212,0.6714285714285714,0.6285714285714286,-0.042857142857142816
mi,109,version_30,0,stratified,200,46,17,17,0.6666666666666666,0.6857142857142857,0.5571428571428572,-0.12857142857142856
mi,109,version_30,2,stratified,10,42,112,112,0.6016177957532861,0.6177957532861476,0.5058982136838557,-0.11189753960229187
mi,109,version_30,2,stratified,10,43,112,112,0.6191439164138861,0.6117290192113246,0.5311762723289518,-0.0805527468823728
mi,109,version_30,2,stratified,10,44,112,112,0.6568924839905629,0.5709470845972363,0.5129760701044827,-0.05797101449275366
mi,109,version_30,2,stratified,10,45,112,112,0.5574654533198516,0.6697000337040782,0.587799123693967,-0.08190091001011113
mi,109,version_30,2,stratified,10,46,112,112,0.5945399393326591,0.6215032018874284,0.6430738119312437,0.02157061004381533
mi,109,version_30,2,stratified,50,42,92,92,0.47371031746031744,0.6987468671679198,0.675187969924812,-0.02355889724310778
mi,109,version_30,2,stratified,50,43,92,92,0.5381944444444444,0.6837092731829574,0.5939849624060151,-0.08972431077694232
mi,109,version_30,2,stratified,50,44,92,92,0.5709325396825397,0.6411027568922306,0.5934837092731831,-0.04761904761904756
mi,109,version_30,2,stratified,50,45,92,92,0.5843253968253967,0.6646616541353384,0.5729323308270677,-0.09172932330827066
mi,109,version_30,2,stratified,50,46,92,92,0.5783730158730158,0.6265664160401003,0.5578947368421053,-0.068671679197995
mi,109,version_30,2,stratified,100,42,67,67,0.6585365853658537,0.5234521575984991,0.5675422138836773,0.04409005628517826
mi,109,version_30,2,stratified,100,43,67,67,0.5562851782363978,0.6857410881801126,0.5478424015009381,-0.1378986866791745
mi,109,version_30,2,stratified,100,44,67,67,0.5375234521575984,0.7157598499061913,0.7617260787992496,0.045966228893058236
mi,109,version_30,2,stratified,100,45,67,67,0.6041275797373359,0.5797373358348968,0.5628517823639775,-0.016885553470919357
mi,109,version_30,2,stratified,100,46,67,67,0.5309568480300187,0.6632270168855535,0.5928705440900564,-0.07035647279549717
mi,109,version_30,2,stratified,200,42,17,17,0.7,0.3787878787878788,0.45454545454545453,0.07575757575757575
mi,109,version_30,2,stratified,200,43,17,17,0.6857142857142857,0.5151515151515151,0.5,-0.015151515151515138
mi,109,version_30,2,stratified,200,44,17,17,0.5428571428571429,0.42424242424242425,0.7121212121212122,0.2878787878787879
mi,109,version_30,2,stratified,200,45,17,17,0.6212121212121212,0.7571428571428571,0.6857142857142857,-0.0714285714285714
mi,109,version_30,2,stratified,200,46,17,17,0.7424242424242423,0.6857142857142857,0.6,-0.08571428571428574
mi,109,version_30,4,stratified,10,42,112,112,0.5116279069767442,0.5345466801482979,0.44253454668014836,-0.09201213346814952
mi,109,version_30,4,stratified,10,43,112,112,0.5369059656218402,0.5109538254128749,0.4850016852039096,-0.025952140208965302
mi,109,version_30,4,stratified,10,44,112,112,0.5490394337714865,0.4897202561509943,0.5096056622851365,0.01988540613414219
mi,109,version_30,4,stratified,10,45,112,112,0.472531176272329,0.5840916750926862,0.5197168857431749,-0.06437478934951135
mi,109,version_30,4,stratified,10,46,112,112,0.568587799123694,0.4853387259858443,0.5227502527805865,0.03741152679474219
mi,109,version_30,4,stratified,50,42,92,92,0.42361111111111116,0.6040100250626568,0.48020050125313285,-0.12380952380952392
mi,109,version_30,4,stratified,50,43,92,92,0.46279761904761907,0.5538847117794486,0.505764411027569,-0.048120300751879674
mi,109,version_30,4,stratified,50,44,92,92,0.47271825396825395,0.5508771929824562,0.5884711779448621,0.03759398496240596
mi,109,version_30,4,stratified,50,45,92,92,0.48511904761904767,0.5779448621553884,0.47568922305764416,-0.10225563909774427
mi,109,version_30,4,stratified,50,46,92,92,0.5238095238095238,0.5318295739348371,0.519298245614035,-0.01253132832080206
mi,109,version_30,4,stratified,100,42,67,67,0.5797373358348968,0.48499061913696057,0.5065666041275797,0.021575984990619135
mi,109,version_30,4,stratified,100,43,67,67,0.5225140712945591,0.5159474671669794,0.4530956848030019,-0.06285178236397748
mi,109,version_30,4,stratified,100,44,67,67,0.4709193245778612,0.5562851782363978,0.5393996247654784,-0.016885553470919357
mi,109,version_30,4,stratified,100,45,67,67,0.48592870544090055,0.5215759849906192,0.5290806754221389,0.007504690431519689
mi,109,version_30,4,stratified,100,46,67,67,0.4343339587242026,0.5553470919324578,0.4746716697936211,-0.08067542213883672
mi,109,version_30,4,stratified,200,42,17,17,0.6714285714285715,0.2727272727272727,0.49999999999999994,0.22727272727272724
mi,109,version_30,4,stratified,200,43,17,17,0.39999999999999997,0.45454545454545453,0.4696969696969697,0.015151515151515194
mi,109,version_30,4,stratified,200,44,17,17,0.6428571428571428,0.3939393939393939,0.5454545454545454,0.1515151515151515
mi,109,version_30,4,stratified,200,45,17,17,0.6969696969696969,0.6714285714285714,0.7142857142857142,0.042857142857142816
mi,109,version_30,4,stratified,200,46,17,17,0.6212121212121212,0.5714285714285714,0.4428571428571429,-0.1285714285714285
mi,109,version_30,8,stratified,10,42,112,112,0.6198179979777554,0.5203909673070441,0.5396022918773171,0.01921132457027297
mi,109,version_30,8,stratified,10,43,112,112,0.5551061678463094,0.5763397371081901,0.5419615773508595,-0.034378159757330606
mi,109,version_30,8,stratified,10,44,112,112,0.5584765756656555,0.5830805527468823,0.5628581058308055,-0.020222446916076775
mi,109,version_30,8,stratified,10,45,112,112,0.5729693292888439,0.6026289180990899,0.4361307718233906,-0.1664981462756993
mi,109,version_30,8,stratified,10,46,112,112,0.5766767778901247,0.5749915739804516,0.5662285136501516,-0.008763060330300054
mi,109,version_30,8,stratified,50,42,92,92,0.5119047619047619,0.5583959899749374,0.5939849624060151,0.035588972431077615
mi,109,version_30,8,stratified,50,43,92,92,0.5357142857142858,0.6005012531328321,0.47969924812030074,-0.12080200501253135
mi,109,version_30,8,stratified,50,44,92,92,0.5927579365079365,0.54937343358396,0.5323308270676692,-0.017042606516290748
mi,109,version_30,8,stratified,50,45,92,92,0.5788690476190476,0.5789473684210527,0.44010025062656644,-0.13884711779448622
mi,109,version_30,8,stratified,50,46,92,92,0.5069444444444444,0.6586466165413534,0.5182957393483709,-0.14035087719298245
mi,109,version_30,8,stratified,100,42,67,67,0.6013133208255159,0.4699812382739212,0.4399624765478424,-0.030018761726078813
mi,109,version_30,8,stratified,100,43,67,67,0.5403377110694184,0.6866791744840526,0.37335834896810505,-0.31332082551594753
mi,109,version_30,8,stratified,100,44,67,67,0.5469043151969981,0.6106941838649156,0.6013133208255159,-0.009380863039399667
mi,109,version_30,8,stratified,100,45,67,67,0.5722326454033771,0.5834896810506567,0.38086303939962474,-0.20262664165103195
mi,109,version_30,8,stratified,100,46,67,67,0.46904315196998125,0.6538461538461539,0.551594746716698,-0.1022514071294559
mi,109,version_30,8,stratified,200,42,17,17,0.5285714285714286,0.4696969696969697,0.3484848484848485,-0.12121212121212122
mi,109,version_30,8,stratified,200,43,17,17,0.5285714285714286,0.6818181818181818,0.3181818181818182,-0.3636363636363636
mi,109,version_30,8,stratified,200,44,17,17,0.39999999999999997,0.7727272727272727,0.6818181818181819,-0.09090909090909083
mi,109,version_30,8,stratified,200,45,17,17,0.712121212121212,0.6142857142857143,0.24285714285714285,-0.37142857142857144
mi,109,version_30,8,stratified,200,46,17,17,0.6666666666666666,0.5714285714285714,0.3857142857142857,-0.18571428571428572
mi,109,version_30,17,stratified,10,42,112,112,0.5203909673070441,0.5338725985844288,0.6006066734074823,0.06673407482305349
mi,109,version_30,17,stratified,10,43,112,112,0.5719582069430401,0.4856757667677789,0.46713852376137516,-0.018537243006403747
mi,109,version_30,17,stratified,10,44,112,112,0.4850016852039097,0.5547691270643748,0.5480283114256824,-0.006740815638692332
mi,109,version_30,17,stratified,10,45,112,112,0.512639029322548,0.5453319851702056,0.5813953488372092,0.03606336366700358
mi,109,version_30,17,stratified,10,46,112,112,0.4981462756993596,0.5456690259521402,0.5069093360296596,-0.03875968992248058
mi,109,version_30,17,stratified,50,42,92,92,0.5500992063492063,0.5448621553884713,0.43709273182957403,-0.10776942355889724
mi,109,version_30,17,stratified,50,43,92,92,0.49503968253968256,0.5383458646616541,0.4120300751879699,-0.12631578947368421
mi,109,version_30,17,stratified,50,44,92,92,0.4841269841269842,0.5969924812030076,0.4666666666666667,-0.13032581453634096
mi,109,version_30,17,stratified,50,45,92,92,0.5252976190476191,0.5578947368421053,0.4882205513784461,-0.06967418546365922
mi,109,version_30,17,stratified,50,46,92,92,0.5,0.6280701754385964,0.42255639097744363,-0.20551378446115282
mi,109,version_30,17,stratified,100,42,67,67,0.5853658536585367,0.5065666041275797,0.5309568480300187,0.024390243902439046
mi,109,version_30,17,stratified,100,43,67,67,0.650093808630394,0.42964352720450283,0.4868667917448405,0.05722326454033766
mi,109,version_30,17,stratified,100,44,67,67,0.6191369606003753,0.5187617260787993,0.6332082551594748,0.11444652908067543
mi,109,version_30,17,stratified,100,45,67,67,0.5469043151969981,0.4924953095684803,0.49343339587242036,0.0009380863039400444
mi,109,version_30,17,stratified,100,46,67,67,0.4953095684803002,0.5459662288930582,0.4652908067542213,-0.08067542213883694
mi,109,version_30,17,stratified,200,42,17,17,0.5857142857142857,0.5151515151515151,0.803030303030303,0.28787878787878785
mi,109,version_30,17,stratified,200,43,17,17,0.21428571428571427,0.196969696969697,0.43939393939393934,0.24242424242424235
mi,109,version_30,17,stratified,200,44,17,17,0.5285714285714286,0.4393939393939394,0.24242424242424243,-0.19696969696969696
mi,109,version_30,17,stratified,200,45,17,17,0.45454545454545453,0.5857142857142856,0.6857142857142857,0.10000000000000009
mi,109,version_30,17,stratified,200,46,17,17,0.5454545454545454,0.35714285714285715,0.45714285714285713,0.09999999999999998
mi,109,version_41,0,stratified,10,42,112,112,0.6164475901584091,0.6002696326255477,0.5146612740141557,-0.08560835861139193
mi,109,version_41,0,stratified,10,43,112,112,0.6417256488035051,0.5861139197842938,0.4789349511290866,-0.10717896865520726
mi,109,version_41,0,stratified,10,44,112,112,0.6680148297944051,0.5604988203572632,0.46006066734074824,-0.10043815301651493
mi,109,version_41,0,stratified,10,45,112,112,0.5574654533198516,0.661948095719582,0.5615099427030671,-0.10043815301651493
mi,109,version_41,0,stratified,10,46,112,112,0.579036063363667,0.6413886080215706,0.6016177957532862,-0.03977081226828438
mi,109,version_41,0,stratified,50,42,92,92,0.5243055555555556,0.6511278195488721,0.6696741854636592,0.01854636591478709
mi,109,version_41,0,stratified,50,43,92,92,0.5813492063492063,0.6676691729323309,0.487218045112782,-0.18045112781954886
mi,109,version_41,0,stratified,50,44,92,92,0.6493055555555555,0.568421052631579,0.530827067669173,-0.03759398496240607
mi,109,version_41,0,stratified,50,45,92,92,0.558531746031746,0.6295739348370928,0.599498746867168,-0.03007518796992481
mi,109,version_41,0,stratified,50,46,92,92,0.6205357142857143,0.5864661654135339,0.5433583959899749,-0.043107769423558984
mi,109,version_41,0,stratified,100,42,67,67,0.6604127579737336,0.5347091932457786,0.47654784240150094,-0.05816135084427765
mi,109,version_41,0,stratified,100,43,67,67,0.5853658536585367,0.6819887429643527,0.5684803001876172,-0.11350844277673555
mi,109,version_41,0,stratified,100,44,67,67,0.526266416510319,0.7035647279549718,0.7345215759849907,0.030956848030018858
mi,109,version_41,0,stratified,100,45,67,67,0.5863039399624765,0.5609756097560976,0.6050656660412759,0.04409005628517826
mi,109,version_41,0,stratified,100,46,67,67,0.5103189493433395,0.6341463414634145,0.5328330206378986,-0.10131332082551592
mi,109,version_41,0,stratified,200,42,17,17,0.6857142857142857,0.5303030303030303,0.5,-0.030303030303030276
mi,109,version_41,0,stratified,200,43,17,17,0.5714285714285714,0.6818181818181818,0.7272727272727273,0.045454545454545525
mi,109,version_41,0,stratified,200,44,17,17,0.6857142857142857,0.4242424242424242,0.5757575757575758,0.1515151515151516
mi,109,version_41,0,stratified,200,45,17,17,0.6818181818181818,0.657142857142857,0.7285714285714285,0.07142857142857151
mi,109,version_41,0,stratified,200,46,17,17,0.4393939393939394,0.6142857142857143,0.5428571428571428,-0.07142857142857151
mi,109,version_41,2,stratified,10,42,112,112,0.5864509605662285,0.6059993259184361,0.5466801482979441,-0.05931917762049199
mi,109,version_41,2,stratified,10,43,112,112,0.6124031007751938,0.5908324907313786,0.48466464442197504,-0.10616784630940351
mi,109,version_41,2,stratified,10,44,112,112,0.6292551398719245,0.5655544320862824,0.45534209639366363,-0.11021233569261879
mi,109,version_41,2,stratified,10,45,112,112,0.5419615773508595,0.6407145264577014,0.6056622851365016,-0.035052241321199884
mi,109,version_41,2,stratified,10,46,112,112,0.5618469834850017,0.6349848331648129,0.5267947421638018,-0.10819009100101107
mi,109,version_41,2,stratified,50,42,92,92,0.5208333333333334,0.6586466165413534,0.6395989974937344,-0.01904761904761898
mi,109,version_41,2,stratified,50,43,92,92,0.5570436507936508,0.6571428571428571,0.5423558897243108,-0.11478696741854633
mi,109,version_41,2,stratified,50,44,92,92,0.6061507936507936,0.5854636591478696,0.5704260651629072,-0.015037593984962405
mi,109,version_41,2,stratified,50,45,92,92,0.5625,0.6260651629072682,0.6255639097744361,-0.0005012531328321135
mi,109,version_41,2,stratified,50,46,92,92,0.6046626984126984,0.5919799498746868,0.5528822055137844,-0.03909774436090241
mi,109,version_41,2,stratified,100,42,67,67,0.6857410881801126,0.5215759849906191,0.5075046904315197,-0.01407129455909939
mi,109,version_41,2,stratified,100,43,67,67,0.5853658536585364,0.6604127579737336,0.5581613508442776,-0.1022514071294559
mi,109,version_41,2,stratified,100,44,67,67,0.524390243902439,0.6791744840525329,0.599437148217636,-0.07973733583489684
mi,109,version_41,2,stratified,100,45,67,67,0.6050656660412759,0.5431519699812384,0.574108818011257,0.030956848030018635
mi,109,version_41,2,stratified,100,46,67,67,0.5225140712945591,0.6069418386491559,0.5553470919324579,-0.05159474671669795
mi,109,version_41,2,stratified,200,42,17,17,0.7,0.5606060606060606,0.5151515151515151,-0.045454545454545414
mi,109,version_41,2,stratified,200,43,17,17,0.7714285714285714,0.5,0.5606060606060606,0.06060606060606055
mi,109,version_41,2,stratified,200,44,17,17,0.5571428571428572,0.4090909090909091,0.7575757575757576,0.34848484848484845
mi,109,version_41,2,stratified,200,45,17,17,0.6515151515151515,0.6428571428571429,0.7142857142857143,0.0714285714285714
mi,109,version_41,2,stratified,200,46,17,17,0.5606060606060606,0.6571428571428571,0.49999999999999994,-0.1571428571428572
mi,109,version_41,4,stratified,10,42,112,112,0.5180316818335018,0.5301651499831479,0.5102797438490057,-0.019885406134142247
mi,109,version_41,4,stratified,10,43,112,112,0.5665655544320862,0.489046174587125,0.46241995281429055,-0.02662622177283447
mi,109,version_41,4,stratified,10,44,112,112,0.5500505561172901,0.5146612740141557,0.5075834175935289,-0.00707785642062686
mi,109,version_41,4,stratified,10,45,112,112,0.5038759689922481,0.5584765756656555,0.5793731041456016,0.020896528479946164
mi,109,version_41,4,stratified,10,46,112,112,0.5342096393663633,0.5278058645096055,0.43714189416919447,-0.09066397034041107
mi,109,version_41,4,stratified,50,42,92,92,0.43154761904761907,0.6140350877192983,0.5538847117794486,-0.06015037593984962
mi,109,version_41,4,stratified,50,43,92,92,0.4776785714285714,0.5619047619047619,0.549874686716792,-0.012030075187969946
mi,109,version_41,4,stratified,50,44,92,92,0.5436507936507936,0.5388471177944862,0.5909774436090225,0.05213032581453625
mi,109,version_41,4,stratified,50,45,92,92,0.4816468253968254,0.5864661654135339,0.5323308270676692,-0.0541353383458647
mi,109,version_41,4,stratified,50,46,92,92,0.5446428571428572,0.4922305764411028,0.5142857142857142,0.02205513784461144
mi,109,version_41,4,stratified,100,42,67,67,0.5956848030018762,0.4512195121951219,0.45121951219512196,5.551115123125783e-17
mi,109,version_41,4,stratified,100,43,67,67,0.5168855534709192,0.5328330206378986,0.4155722326454034,-0.11726078799249523
mi,109,version_41,4,stratified,100,44,67,67,0.48499061913696057,0.6003752345215759,0.5590994371482176,-0.04127579737335829
mi,109,version_41,4,stratified,100,45,67,67,0.5694183864915572,0.4737335834896811,0.5769230769230769,0.10318949343339578
mi,109,version_41,4,stratified,100,46,67,67,0.3949343339587241,0.5121951219512195,0.41838649155722324,-0.09380863039399628
mi,109,version_41,4,stratified,200,42,17,17,0.6571428571428571,0.36363636363636365,0.4545454545454545,0.09090909090909083
mi,109,version_41,4,stratified,200,43,17,17,0.39999999999999997,0.4696969696969697,0.5,0.030303030303030276
mi,109,version_41,4,stratified,200,44,17,17,0.6428571428571429,0.4090909090909091,0.45454545454545453,0.045454545454545414
mi,109,version_41,4,stratified,200,45,17,17,0.696969696969697,0.5285714285714286,0.6142857142857142,0.08571428571428563
mi,109,version_41,4,stratified,200,46,17,17,0.3484848484848485,0.5714285714285714,0.39999999999999997,-0.17142857142857143
mi,109,version_41,8,stratified,10,42,112,112,0.6147623862487361,0.46916076845298277,0.5911695315133131,0.12200876306033032
mi,109,version_41,8,stratified,10,43,112,112,0.537917087967644,0.5217391304347826,0.6120660599932591,0.09032692955847654
mi,109,version_41,8,stratified,10,44,112,112,0.5490394337714865,0.5261206605999326,0.5658914728682171,0.039770812268284494
mi,109,version_41,8,stratified,10,45,112,112,0.5540950455005055,0.5510616784630941,0.5803842264914054,0.029322548028311357
mi,109,version_41,8,stratified,10,46,112,112,0.5106167846309403,0.5604988203572633,0.623525446579036,0.06302662622177269
mi,109,version_41,8,stratified,50,42,92,92,0.5044642857142857,0.524812030075188,0.5734335839598997,0.04862155388471179
mi,109,version_41,8,stratified,50,43,92,92,0.5570436507936508,0.5844611528822056,0.5162907268170427,-0.06817042606516288
mi,109,version_41,8,stratified,50,44,92,92,0.5932539682539683,0.4486215538847118,0.6095238095238096,0.16090225563909777
mi,109,version_41,8,stratified,50,45,92,92,0.5659722222222222,0.5127819548872181,0.7052631578947368,0.1924812030075187
mi,109,version_41,8,stratified,50,46,92,92,0.5491071428571429,0.5709273182957393,0.5739348370927319,0.00300751879699257
mi,109,version_41,8,stratified,100,42,67,67,0.5534709193245779,0.4840525328330206,0.5947467166979361,0.11069418386491553
mi,109,version_41,8,stratified,100,43,67,67,0.5046904315196998,0.7082551594746717,0.4896810506566604,-0.21857410881801126
mi,109,version_41,8,stratified,100,44,67,67,0.5544090056285178,0.4727954971857411,0.6350844277673546,0.16228893058161353
mi,109,version_41,8,stratified,100,45,67,67,0.5196998123827392,0.4540337711069418,0.524390243902439,0.07035647279549723
mi,109,version_41,8,stratified,100,46,67,67,0.5187617260787992,0.5891181988742964,0.6772983114446529,0.08818011257035652
mi,109,version_41,8,stratified,200,42,17,17,0.5714285714285714,0.5,0.5,0.0
mi,109,version_41,8,stratified,200,43,17,17,0.6857142857142857,0.6666666666666667,0.19696969696969696,-0.4696969696969698
mi,109,version_41,8,stratified,200,44,17,17,0.5857142857142856,0.6666666666666666,0.6060606060606061,-0.06060606060606055
mi,109,version_41,8,stratified,200,45,17,17,0.5303030303030303,0.7000000000000001,0.5142857142857142,-0.18571428571428583
mi,109,version_41,8,stratified,200,46,17,17,0.6363636363636362,0.45714285714285713,0.6571428571428571,0.2
mi,109,version_41,17,stratified,10,42,112,112,0.5975733063700708,0.5658914728682171,0.6471183013144591,0.08122682844624207
mi,109,version_41,17,stratified,10,43,112,112,0.6413886080215706,0.5092686215032018,0.4260195483653523,-0.08324907313784957
mi,109,version_41,17,stratified,10,44,112,112,0.5524098415908324,0.6137512639029323,0.5058982136838557,-0.10785305021907665
mi,109,version_41,17,stratified,10,45,112,112,0.5888102460397708,0.5921806538591169,0.4570273003033367,-0.13515335355578018
mi,109,version_41,17,stratified,10,46,112,112,0.5820694304010785,0.5517357600269632,0.5628581058308055,0.011122345803842304
mi,109,version_41,17,stratified,50,42,92,92,0.5734126984126984,0.6020050125313283,0.5503759398496241,-0.05162907268170425
mi,109,version_41,17,stratified,50,43,92,92,0.5679563492063492,0.5759398496240601,0.562406015037594,-0.013533834586466065
mi,109,version_41,17,stratified,50,44,92,92,0.6180555555555556,0.5794486215538848,0.5007518796992482,-0.0786967418546366
mi,109,version_41,17,stratified,50,45,92,92,0.6081349206349207,0.5704260651629073,0.5213032581453634,-0.0491228070175439
mi,109,version_41,17,stratified,50,46,92,92,0.5992063492063493,0.6145363408521303,0.6165413533834587,0.002005012531328454
mi,109,version_41,17,stratified,100,42,67,67,0.6294559099437148,0.5656660412757973,0.5947467166979362,0.02908067542213888
mi,109,version_41,17,stratified,100,43,67,67,0.600375234521576,0.5609756097560976,0.5,-0.060975609756097615
mi,109,version_41,17,stratified,100,44,67,67,0.625703564727955,0.5450281425891181,0.6088180112570356,0.06378986866791747
mi,109,version_41,17,stratified,100,45,67,67,0.6350844277673546,0.5459662288930582,0.5393996247654784,-0.0065666041275798115
mi,109,version_41,17,stratified,100,46,67,67,0.5562851782363978,0.576923076923077,0.49624765478424016,-0.08067542213883683
mi,109,version_41,17,stratified,200,42,17,17,0.34285714285714286,0.5757575757575757,0.606060606060606,0.030303030303030276
mi,109,version_41,17,stratified,200,43,17,17,0.3285714285714285,0.45454545454545453,0.4090909090909091,-0.045454545454545414
mi,109,version_41,17,stratified,200,44,17,17,0.5714285714285714,0.5151515151515151,0.48484848484848486,-0.030303030303030276
mi,109,version_41,17,stratified,200,45,17,17,0.7424242424242423,0.4857142857142857,0.7714285714285714,0.28571428571428564
mi,109,version_41,17,stratified,200,46,17,17,0.5757575757575758,0.7142857142857142,0.5571428571428572,-0.15714285714285703
