Downloading data from 'https://lampx.tugraz.at/~bci/database/009-2014/A01S.mat' to file '/Users/lunawang/mne_data/MNE-bnci-data/~bci/database/009-2014/A01S.mat'.

  0%|                                              | 0.00/18.5M [00:00<?, ?B/s]
  0%|                                      | 16.4k/18.5M [00:00<02:55, 105kB/s]
  0%|                                     | 56.3k/18.5M [00:01<06:59, 44.0kB/s]
  0%|▏                                    | 64.5k/18.5M [00:01<06:53, 44.7kB/s]
  0%|▏                                    | 72.7k/18.5M [00:01<08:06, 37.9kB/s]
  0%|▏                                    | 80.9k/18.5M [00:01<07:43, 39.8kB/s]
  0%|▏                                    | 88.1k/18.5M [00:02<07:37, 40.3kB/s]
  1%|▏                                     | 104k/18.5M [00:02<05:44, 53.4kB/s]
  1%|▏                                     | 121k/18.5M [00:02<04:46, 64.2kB/s]
  1%|▎                                     | 136k/18.5M [00:02<04:19, 70.9kB/s]
  1%|▎                                      | 168k/18.5M [00:02<02:59, 102kB/s]
  1%|▍                                      | 224k/18.5M [00:02<01:50, 166kB/s]
  2%|▌                                      | 296k/18.5M [00:03<01:16, 238kB/s]
  2%|▊                                      | 369k/18.5M [00:03<01:02, 291kB/s]
  2%|▉                                      | 440k/18.5M [00:03<00:55, 326kB/s]
  3%|█                                      | 512k/18.5M [00:03<00:51, 353kB/s]
  3%|█▏                                     | 593k/18.5M [00:03<00:46, 386kB/s]
  4%|█▍                                     | 673k/18.5M [00:03<00:43, 410kB/s]
  4%|█▌                                     | 753k/18.5M [00:05<01:58, 150kB/s]
  4%|█▋                                     | 784k/18.5M [00:05<02:39, 111kB/s]
  4%|█▋                                     | 808k/18.5M [00:06<02:53, 102kB/s]
  4%|█▋                                     | 826k/18.5M [00:06<02:52, 103kB/s]
  5%|█▊                                     | 843k/18.5M [00:06<02:54, 101kB/s]
  5%|█▉                                     | 896k/18.5M [00:06<02:05, 140kB/s]
  5%|██                                     | 961k/18.5M [00:06<01:33, 189kB/s]
  6%|██                                    | 1.02M/18.5M [00:07<01:15, 230kB/s]
  6%|██▏                                   | 1.09M/18.5M [00:07<01:05, 266kB/s]
  6%|██▎                                   | 1.15M/18.5M [00:07<00:59, 293kB/s]
  7%|██▍                                   | 1.22M/18.5M [00:07<00:55, 313kB/s]
  7%|██▋                                   | 1.28M/18.5M [00:07<00:52, 331kB/s]
  7%|██▊                                   | 1.35M/18.5M [00:07<00:48, 356kB/s]
  8%|██▉                                   | 1.42M/18.5M [00:08<01:17, 219kB/s]
  8%|██▉                                   | 1.45M/18.5M [00:09<02:08, 133kB/s]
  8%|███                                   | 1.48M/18.5M [00:09<02:27, 116kB/s]
  8%|███                                   | 1.50M/18.5M [00:09<02:29, 114kB/s]
  8%|███                                   | 1.51M/18.5M [00:09<02:31, 112kB/s]
  8%|███▏                                  | 1.56M/18.5M [00:10<01:55, 147kB/s]
  9%|███▎                                  | 1.62M/18.5M [00:10<01:29, 188kB/s]
  9%|███▍                                  | 1.67M/18.5M [00:10<01:16, 221kB/s]
  9%|███▌                                  | 1.73M/18.5M [00:10<01:06, 251kB/s]
 10%|███▋                                  | 1.79M/18.5M [00:10<00:59, 281kB/s]
 10%|███▊                                  | 1.85M/18.5M [00:10<00:55, 299kB/s]
 10%|███▉                                  | 1.91M/18.5M [00:11<00:51, 322kB/s]
 11%|████                                  | 1.96M/18.5M [00:11<00:47, 350kB/s]
 11%|████▏                                 | 2.02M/18.5M [00:11<00:45, 361kB/s]
 11%|████▎                                 | 2.10M/18.5M [00:11<00:43, 379kB/s]
 12%|████▍                                 | 2.16M/18.5M [00:11<00:43, 377kB/s]
 12%|████▌                                 | 2.23M/18.5M [00:11<00:41, 391kB/s]
 12%|████▋                                 | 2.27M/18.5M [00:12<01:23, 195kB/s]
 12%|████▋                                 | 2.30M/18.5M [00:12<01:41, 160kB/s]
 13%|████▊                                 | 2.33M/18.5M [00:12<01:39, 162kB/s]
 13%|████▊                                 | 2.35M/18.5M [00:13<01:35, 169kB/s]
 13%|████▉                                 | 2.39M/18.5M [00:13<01:26, 187kB/s]
 13%|█████                                 | 2.44M/18.5M [00:13<01:15, 213kB/s]
 13%|█████                                 | 2.50M/18.5M [00:13<01:05, 244kB/s]
 14%|█████▏                                | 2.55M/18.5M [00:13<00:59, 268kB/s]
 14%|█████▎                                | 2.62M/18.5M [00:13<00:53, 298kB/s]
 14%|█████▍                                | 2.68M/18.5M [00:14<00:49, 320kB/s]
 15%|█████▋                                | 2.74M/18.5M [00:14<00:47, 335kB/s]
 15%|█████▊                                | 2.81M/18.5M [00:14<00:45, 347kB/s]
 16%|█████▉                                | 2.87M/18.5M [00:14<00:44, 353kB/s]
 16%|██████                                | 2.94M/18.5M [00:14<00:41, 372kB/s]
 16%|██████▏                               | 3.01M/18.5M [00:14<00:41, 374kB/s]
 17%|██████▎                               | 3.08M/18.5M [00:15<00:40, 381kB/s]
 17%|██████▍                               | 3.14M/18.5M [00:15<00:40, 380kB/s]
 17%|██████▌                               | 3.22M/18.5M [00:15<00:39, 388kB/s]
 18%|██████▋                               | 3.29M/18.5M [00:15<00:38, 396kB/s]
 18%|██████▉                               | 3.35M/18.5M [00:15<00:38, 391kB/s]
 18%|███████                               | 3.42M/18.5M [00:16<01:04, 236kB/s]
 19%|███████                               | 3.46M/18.5M [00:16<01:40, 150kB/s]
 19%|███████▏                              | 3.48M/18.5M [00:17<01:41, 148kB/s]
 19%|███████▏                              | 3.50M/18.5M [00:17<01:44, 144kB/s]
 19%|███████▎                              | 3.54M/18.5M [00:17<01:29, 167kB/s]
 19%|███████▍                              | 3.60M/18.5M [00:17<01:13, 204kB/s]
 20%|███████▌                              | 3.66M/18.5M [00:17<01:03, 235kB/s]
 20%|███████▌                              | 3.71M/18.5M [00:18<00:57, 258kB/s]
 20%|███████▋                              | 3.78M/18.5M [00:18<00:50, 290kB/s]
 21%|███████▊                              | 3.83M/18.5M [00:18<00:48, 301kB/s]
 21%|███████▉                              | 3.90M/18.5M [00:18<00:45, 321kB/s]
 21%|████████                              | 3.96M/18.5M [00:18<00:43, 338kB/s]
 22%|████████▎                             | 4.02M/18.5M [00:18<00:41, 349kB/s]
 22%|████████▍                             | 4.10M/18.5M [00:19<00:39, 369kB/s]
 22%|████████▍                             | 4.13M/18.5M [00:19<00:39, 368kB/s]
 23%|████████▌                             | 4.18M/18.5M [00:19<00:42, 341kB/s]
 23%|████████▋                             | 4.24M/18.5M [00:19<00:40, 352kB/s]
 23%|████████▊                             | 4.31M/18.5M [00:19<00:38, 371kB/s]
 24%|████████▉                             | 4.38M/18.5M [00:19<00:37, 377kB/s]
 24%|█████████                             | 4.45M/18.5M [00:20<00:52, 266kB/s]
 24%|█████████▏                            | 4.48M/18.5M [00:21<01:49, 129kB/s]
 24%|█████████▏                            | 4.50M/18.5M [00:21<02:03, 114kB/s]
 24%|█████████▎                            | 4.52M/18.5M [00:21<02:04, 113kB/s]
 24%|█████████▎                            | 4.54M/18.5M [00:21<02:07, 109kB/s]
 25%|█████████▍                            | 4.58M/18.5M [00:21<01:37, 142kB/s]
 25%|█████████▌                            | 4.64M/18.5M [00:22<01:15, 184kB/s]
 25%|█████████▋                            | 4.70M/18.5M [00:22<01:03, 218kB/s]
 26%|█████████▊                            | 4.76M/18.5M [00:22<00:53, 258kB/s]
 26%|█████████▉                            | 4.82M/18.5M [00:22<00:49, 277kB/s]
 26%|██████████                            | 4.88M/18.5M [00:22<00:45, 302kB/s]
 27%|██████████▏                           | 4.94M/18.5M [00:22<00:42, 321kB/s]
 27%|██████████▎                           | 5.01M/18.5M [00:23<00:40, 335kB/s]
 27%|██████████▍                           | 5.07M/18.5M [00:23<00:38, 348kB/s]
 28%|██████████▌                           | 5.14M/18.5M [00:23<00:36, 368kB/s]
 28%|██████████▋                           | 5.21M/18.5M [00:23<00:36, 368kB/s]
 29%|██████████▊                           | 5.28M/18.5M [00:23<00:34, 383kB/s]
 29%|██████████▉                           | 5.35M/18.5M [00:24<01:03, 208kB/s]
 29%|███████████                           | 5.38M/18.5M [00:24<01:16, 171kB/s]
 29%|███████████                           | 5.41M/18.5M [00:25<01:24, 154kB/s]
 29%|███████████▏                          | 5.43M/18.5M [00:25<01:26, 152kB/s]
 30%|███████████▏                          | 5.48M/18.5M [00:25<01:12, 180kB/s]
 30%|███████████▎                          | 5.53M/18.5M [00:25<01:04, 203kB/s]
 30%|███████████▍                          | 5.58M/18.5M [00:25<00:55, 234kB/s]
 30%|███████████▌                          | 5.65M/18.5M [00:25<00:47, 270kB/s]
 31%|███████████▋                          | 5.70M/18.5M [00:26<00:44, 286kB/s]
 31%|███████████▊                          | 5.77M/18.5M [00:26<00:41, 310kB/s]
 31%|███████████▉                          | 5.83M/18.5M [00:26<00:38, 329kB/s]
 32%|████████████                          | 5.90M/18.5M [00:26<00:36, 341kB/s]
 32%|████████████▏                         | 5.97M/18.5M [00:26<00:34, 366kB/s]
 33%|████████████▎                         | 6.03M/18.5M [00:27<00:33, 369kB/s]
 33%|████████████▍                         | 6.09M/18.5M [00:27<00:30, 414kB/s]
 33%|████████████▌                         | 6.14M/18.5M [00:27<00:33, 365kB/s]
 33%|████████████▋                         | 6.18M/18.5M [00:27<00:37, 334kB/s]
 34%|████████████▊                         | 6.26M/18.5M [00:27<00:34, 360kB/s]
 34%|████████████▉                         | 6.33M/18.5M [00:27<00:32, 378kB/s]
 35%|█████████████▏                        | 6.40M/18.5M [00:28<01:00, 199kB/s]
 35%|█████████████▏                        | 6.43M/18.5M [00:28<01:08, 177kB/s]
 35%|█████████████▏                        | 6.46M/18.5M [00:29<01:16, 158kB/s]
 35%|█████████████▎                        | 6.48M/18.5M [00:29<01:16, 157kB/s]
 35%|█████████████▍                        | 6.53M/18.5M [00:29<01:05, 183kB/s]
 36%|█████████████▌                        | 6.58M/18.5M [00:29<00:56, 211kB/s]
 36%|█████████████▌                        | 6.64M/18.5M [00:29<00:50, 236kB/s]
 36%|█████████████▋                        | 6.70M/18.5M [00:29<00:45, 260kB/s]
 36%|█████████████▊                        | 6.76M/18.5M [00:30<00:40, 293kB/s]
 37%|█████████████▉                        | 6.82M/18.5M [00:30<00:36, 324kB/s]
 37%|██████████████                        | 6.87M/18.5M [00:30<00:31, 370kB/s]
 37%|██████████████▏                       | 6.91M/18.5M [00:30<00:31, 365kB/s]
 38%|██████████████▎                       | 6.95M/18.5M [00:30<00:35, 324kB/s]
 38%|██████████████▍                       | 7.02M/18.5M [00:30<00:33, 339kB/s]
 38%|██████████████▌                       | 7.08M/18.5M [00:30<00:29, 382kB/s]
 39%|██████████████▋                       | 7.14M/18.5M [00:31<00:26, 437kB/s]
 39%|██████████████▊                       | 7.19M/18.5M [00:31<00:26, 426kB/s]
 39%|██████████████▊                       | 7.24M/18.5M [00:31<00:30, 373kB/s]
 39%|██████████████▉                       | 7.29M/18.5M [00:31<00:28, 388kB/s]
 40%|███████████████                       | 7.35M/18.5M [00:31<00:25, 439kB/s]
 40%|███████████████▏                      | 7.40M/18.5M [00:31<00:26, 427kB/s]
 40%|███████████████▎                      | 7.44M/18.5M [00:31<00:29, 372kB/s]
 41%|███████████████▍                      | 7.50M/18.5M [00:31<00:29, 369kB/s]
 41%|███████████████▌                      | 7.58M/18.5M [00:32<00:28, 387kB/s]
 41%|███████████████▋                      | 7.63M/18.5M [00:32<00:39, 276kB/s]
 41%|███████████████▎                     | 7.67M/18.5M [00:33<01:58, 92.0kB/s]
 42%|███████████████▎                     | 7.69M/18.5M [00:34<02:04, 87.0kB/s]
 42%|███████████████▍                     | 7.71M/18.5M [00:34<01:59, 90.7kB/s]
 42%|███████████████▍                     | 7.73M/18.5M [00:34<01:56, 92.5kB/s]
 42%|███████████████▉                      | 7.76M/18.5M [00:34<01:37, 110kB/s]
 42%|████████████████                      | 7.82M/18.5M [00:34<01:09, 153kB/s]
 43%|████████████████▏                     | 7.88M/18.5M [00:35<00:52, 203kB/s]
 43%|████████████████▎                     | 7.94M/18.5M [00:35<00:45, 232kB/s]
 43%|████████████████▍                     | 8.00M/18.5M [00:35<00:39, 269kB/s]
 44%|████████████████▌                     | 8.06M/18.5M [00:35<00:35, 296kB/s]
 44%|████████████████▋                     | 8.13M/18.5M [00:35<00:32, 317kB/s]
 44%|████████████████▊                     | 8.19M/18.5M [00:35<00:31, 331kB/s]
 45%|████████████████▉                     | 8.26M/18.5M [00:36<00:29, 344kB/s]
 45%|█████████████████                     | 8.33M/18.5M [00:37<01:29, 115kB/s]
 45%|█████████████████▏                    | 8.35M/18.5M [00:37<01:25, 119kB/s]
 45%|█████████████████▏                    | 8.38M/18.5M [00:37<01:23, 121kB/s]
 45%|█████████████████▏                    | 8.40M/18.5M [00:38<01:22, 123kB/s]
 46%|█████████████████▎                    | 8.46M/18.5M [00:38<01:02, 162kB/s]
 46%|█████████████████▍                    | 8.50M/18.5M [00:38<00:53, 188kB/s]
 46%|█████████████████▌                    | 8.56M/18.5M [00:38<00:44, 222kB/s]
 46%|█████████████████▌                    | 8.59M/18.5M [00:38<00:58, 170kB/s]
 47%|█████████████████▋                    | 8.65M/18.5M [00:39<00:47, 206kB/s]
 47%|█████████████████▊                    | 8.70M/18.5M [00:39<00:43, 224kB/s]
 47%|█████████████████▉                    | 8.73M/18.5M [00:39<00:57, 171kB/s]
 47%|██████████████████                    | 8.79M/18.5M [00:39<00:45, 216kB/s]
 48%|██████████████████                    | 8.82M/18.5M [00:40<01:02, 154kB/s]
 48%|█████████████████▋                   | 8.85M/18.5M [00:41<01:59, 80.9kB/s]
 48%|█████████████████▋                   | 8.86M/18.5M [00:41<02:30, 64.4kB/s]
 48%|█████████████████▋                   | 8.87M/18.5M [00:42<03:06, 51.7kB/s]
 48%|█████████████████▊                   | 8.89M/18.5M [00:42<02:59, 53.7kB/s]
 48%|█████████████████▊                   | 8.90M/18.5M [00:42<03:02, 52.9kB/s]
 48%|█████████████████▊                   | 8.91M/18.5M [00:42<02:38, 60.6kB/s]
 48%|█████████████████▊                   | 8.93M/18.5M [00:42<02:24, 66.5kB/s]
 48%|█████████████████▉                   | 8.95M/18.5M [00:42<01:54, 83.8kB/s]
 48%|█████████████████▉                   | 8.97M/18.5M [00:43<01:52, 85.2kB/s]
 48%|█████████████████▉                   | 8.98M/18.5M [00:43<01:48, 88.0kB/s]
 49%|██████████████████▍                   | 9.01M/18.5M [00:43<01:33, 101kB/s]
 49%|██████████████████                   | 9.02M/18.5M [00:43<01:35, 99.7kB/s]
 49%|██████████████████                   | 9.04M/18.5M [00:43<01:36, 98.4kB/s]
 49%|██████████████████                   | 9.06M/18.5M [00:44<02:15, 70.0kB/s]
 49%|██████████████████                   | 9.07M/18.5M [00:44<02:21, 66.8kB/s]
 49%|██████████████████▏                  | 9.09M/18.5M [00:44<02:13, 70.7kB/s]
 49%|██████████████████▏                  | 9.10M/18.5M [00:45<03:32, 44.4kB/s]
 49%|██████████████████▏                  | 9.12M/18.5M [00:45<02:57, 53.1kB/s]
 49%|██████████████████▏                  | 9.13M/18.5M [00:45<03:00, 52.0kB/s]
 49%|██████████████████▏                  | 9.14M/18.5M [00:45<03:08, 49.8kB/s]
 49%|██████████████████▎                  | 9.14M/18.5M [00:46<03:10, 49.3kB/s]
 49%|██████████████████▎                  | 9.16M/18.5M [00:46<02:47, 56.0kB/s]
 49%|██████████████████▎                  | 9.17M/18.5M [00:46<02:38, 58.9kB/s]
 50%|██████████████████▎                  | 9.18M/18.5M [00:46<02:53, 53.9kB/s]
 50%|██████████████████▎                  | 9.18M/18.5M [00:46<02:59, 52.1kB/s]
 50%|██████████████████▎                  | 9.19M/18.5M [00:46<03:03, 50.9kB/s]
 50%|██████████████████▍                  | 9.21M/18.5M [00:47<02:25, 64.0kB/s]
 50%|██████████████████▍                  | 9.22M/18.5M [00:47<02:42, 57.5kB/s]
 50%|██████████████████▍                  | 9.23M/18.5M [00:47<02:15, 68.8kB/s]
 50%|██████████████████▍                  | 9.25M/18.5M [00:47<02:00, 76.7kB/s]
 50%|██████████████████▍                  | 9.26M/18.5M [00:47<02:16, 68.0kB/s]
 50%|██████████████████▌                  | 9.27M/18.5M [00:47<02:04, 74.5kB/s]
 50%|██████████████████▌                  | 9.29M/18.5M [00:48<01:53, 81.4kB/s]
 50%|██████████████████▌                  | 9.30M/18.5M [00:48<02:22, 64.7kB/s]
 50%|██████████████████▌                  | 9.31M/18.5M [00:49<06:01, 25.5kB/s]
 50%|██████████████████▌                  | 9.32M/18.5M [00:49<05:23, 28.4kB/s]
 50%|██████████████████▋                  | 9.33M/18.5M [00:49<04:52, 31.5kB/s]
 50%|██████████████████▋                  | 9.34M/18.5M [00:50<04:26, 34.5kB/s]
 50%|██████████████████▋                  | 9.35M/18.5M [00:50<03:19, 46.0kB/s]
 51%|██████████████████▋                  | 9.36M/18.5M [00:50<03:17, 46.5kB/s]
 51%|██████████████████▋                  | 9.38M/18.5M [00:50<02:36, 58.6kB/s]
 51%|██████████████████▋                  | 9.38M/18.5M [00:50<02:48, 54.2kB/s]
 51%|██████████████████▊                  | 9.40M/18.5M [00:50<02:19, 65.5kB/s]
 51%|██████████████████▊                  | 9.42M/18.5M [00:51<02:04, 73.3kB/s]
 51%|██████████████████▊                  | 9.43M/18.5M [00:51<01:55, 78.4kB/s]
 51%|██████████████████▊                  | 9.45M/18.5M [00:51<01:47, 84.1kB/s]
 51%|██████████████████▉                  | 9.46M/18.5M [00:51<01:43, 87.6kB/s]
 51%|███████████████████▍                  | 9.49M/18.5M [00:51<01:29, 101kB/s]
 51%|██████████████████▉                  | 9.50M/18.5M [00:52<03:21, 44.7kB/s]
 51%|██████████████████▉                  | 9.51M/18.5M [00:53<04:53, 30.7kB/s]
 51%|███████████████████                  | 9.52M/18.5M [00:53<04:50, 31.0kB/s]
 51%|███████████████████                  | 9.53M/18.5M [00:53<04:28, 33.6kB/s]
 52%|███████████████████                  | 9.54M/18.5M [00:53<03:20, 44.8kB/s]
 52%|███████████████████                  | 9.56M/18.5M [00:54<02:45, 54.0kB/s]
 52%|███████████████████▏                 | 9.58M/18.5M [00:54<02:21, 63.5kB/s]
 52%|███████████████████▏                 | 9.59M/18.5M [00:54<02:07, 70.0kB/s]
 52%|███████████████████▏                 | 9.62M/18.5M [00:54<01:42, 87.0kB/s]
 52%|███████████████████▏                 | 9.63M/18.5M [00:54<01:39, 89.1kB/s]
 52%|███████████████████▊                  | 9.66M/18.5M [00:54<01:26, 102kB/s]
 52%|███████████████████▎                 | 9.67M/18.5M [00:55<01:28, 99.8kB/s]
 52%|███████████████████▉                  | 9.70M/18.5M [00:55<01:20, 110kB/s]
 52%|███████████████████▉                  | 9.72M/18.5M [00:55<01:13, 120kB/s]
 53%|███████████████████▉                  | 9.74M/18.5M [00:55<01:19, 111kB/s]
 53%|████████████████████                  | 9.76M/18.5M [00:55<01:12, 120kB/s]
 53%|████████████████████                  | 9.78M/18.5M [00:56<01:09, 125kB/s]
 53%|███████████████████▌                 | 9.80M/18.5M [00:58<05:47, 25.1kB/s]
 53%|███████████████████▌                 | 9.81M/18.5M [00:58<05:17, 27.5kB/s]
 53%|███████████████████▌                 | 9.82M/18.5M [00:58<04:53, 29.7kB/s]
 53%|███████████████████▋                 | 9.83M/18.5M [00:58<03:56, 36.8kB/s]
 53%|███████████████████▋                 | 9.85M/18.5M [00:58<03:08, 46.1kB/s]
 53%|███████████████████▋                 | 9.86M/18.5M [00:59<02:39, 54.1kB/s]
 53%|███████████████████▋                 | 9.88M/18.5M [00:59<02:17, 62.8kB/s]
 53%|███████████████████▊                 | 9.90M/18.5M [00:59<02:05, 69.0kB/s]
 54%|███████████████████▊                 | 9.92M/18.5M [00:59<01:39, 86.9kB/s]
 54%|███████████████████▊                 | 9.94M/18.5M [00:59<01:37, 88.3kB/s]
 54%|███████████████████▉                 | 9.95M/18.5M [01:00<01:36, 88.8kB/s]
 54%|███████████████████▉                 | 9.96M/18.5M [01:00<02:15, 63.4kB/s]
 54%|███████████████████▉                 | 9.98M/18.5M [01:00<02:04, 68.4kB/s]
 54%|███████████████████▉                 | 9.99M/18.5M [01:00<02:48, 50.6kB/s]
 54%|███████████████████▉                 | 10.0M/18.5M [01:01<02:40, 53.2kB/s]
 54%|███████████████████▉                 | 10.0M/18.5M [01:01<03:15, 43.7kB/s]
 54%|████████████████████                 | 10.0M/18.5M [01:01<03:10, 44.7kB/s]
 54%|████████████████████                 | 10.0M/18.5M [01:01<03:57, 35.7kB/s]
 54%|████████████████████                 | 10.0M/18.5M [01:02<04:28, 31.7kB/s]
 54%|████████████████████                 | 10.0M/18.5M [01:02<04:03, 34.9kB/s]
 54%|████████████████████                 | 10.0M/18.5M [01:02<03:44, 37.8kB/s]
 54%|████████████████████                 | 10.1M/18.5M [01:02<03:30, 40.2kB/s]
 54%|████████████████████                 | 10.1M/18.5M [01:02<03:20, 42.1kB/s]
 54%|████████████████████                 | 10.1M/18.5M [01:03<03:21, 42.1kB/s]
 54%|████████████████████▏                | 10.1M/18.5M [01:03<03:13, 43.6kB/s]
 54%|████████████████████▏                | 10.1M/18.5M [01:03<03:08, 44.9kB/s]
 55%|████████████████████▏                | 10.1M/18.5M [01:03<02:21, 59.5kB/s]
 55%|████████████████████▏                | 10.1M/18.5M [01:03<02:34, 54.4kB/s]
 55%|████████████████████▏                | 10.1M/18.5M [01:04<04:33, 30.7kB/s]
 55%|████████████████████▎                | 10.1M/18.5M [01:05<03:55, 35.5kB/s]
 55%|████████████████████▎                | 10.2M/18.5M [01:05<04:26, 31.4kB/s]
 55%|████████████████████▎                | 10.2M/18.5M [01:05<04:04, 34.2kB/s]
 55%|████████████████████▎                | 10.2M/18.5M [01:05<03:46, 36.9kB/s]
 55%|████████████████████▎                | 10.2M/18.5M [01:06<04:19, 32.2kB/s]
 55%|████████████████████▎                | 10.2M/18.5M [01:06<03:55, 35.5kB/s]
 55%|████████████████████▎                | 10.2M/18.5M [01:06<03:37, 38.3kB/s]
 55%|████████████████████▍                | 10.2M/18.5M [01:06<02:43, 50.9kB/s]
 55%|████████████████████▍                | 10.2M/18.5M [01:06<02:45, 50.2kB/s]
 55%|████████████████████▍                | 10.2M/18.5M [01:06<02:47, 49.6kB/s]
 55%|████████████████████▍                | 10.2M/18.5M [01:07<02:48, 49.3kB/s]
 55%|████████████████████▍                | 10.2M/18.5M [01:07<02:16, 60.9kB/s]
 55%|████████████████████▍                | 10.3M/18.5M [01:07<02:25, 56.7kB/s]
 55%|████████████████████▌                | 10.3M/18.5M [01:07<02:01, 67.7kB/s]
 56%|████████████████████▌                | 10.3M/18.5M [01:07<01:50, 74.3kB/s]
 56%|████████████████████▌                | 10.3M/18.5M [01:07<02:03, 66.7kB/s]
 56%|████████████████████▌                | 10.3M/18.5M [01:08<02:34, 53.0kB/s]
 56%|████████████████████▌                | 10.3M/18.5M [01:08<03:34, 38.3kB/s]
 56%|████████████████████▋                | 10.3M/18.5M [01:08<02:49, 48.4kB/s]
 56%|████████████████████▋                | 10.4M/18.5M [01:09<02:33, 53.4kB/s]
 56%|████████████████████▋                | 10.4M/18.5M [01:09<02:12, 61.4kB/s]
 56%|████████████████████▋                | 10.4M/18.5M [01:09<01:57, 69.6kB/s]
 56%|████████████████████▊                | 10.4M/18.5M [01:09<01:46, 76.2kB/s]
 56%|████████████████████▊                | 10.4M/18.5M [01:09<01:41, 79.9kB/s]
 56%|████████████████████▊                | 10.4M/18.5M [01:10<01:36, 84.1kB/s]
 56%|████████████████████▊                | 10.4M/18.5M [01:10<01:32, 87.5kB/s]
 56%|████████████████████▉                | 10.5M/18.5M [01:10<01:31, 88.2kB/s]
 57%|████████████████████▉                | 10.5M/18.5M [01:10<01:29, 90.3kB/s]
 57%|████████████████████▉                | 10.5M/18.5M [01:10<01:28, 90.5kB/s]
 57%|████████████████████▉                | 10.5M/18.5M [01:10<01:26, 92.3kB/s]
 57%|█████████████████████                | 10.5M/18.5M [01:11<01:26, 92.5kB/s]
 57%|█████████████████████                | 10.5M/18.5M [01:11<01:26, 91.9kB/s]
 57%|█████████████████████▋                | 10.6M/18.5M [01:11<01:14, 108kB/s]
 57%|█████████████████████▋                | 10.6M/18.5M [01:11<01:17, 103kB/s]
 57%|█████████████████████▊                | 10.6M/18.5M [01:11<01:08, 115kB/s]
 57%|█████████████████████▊                | 10.6M/18.5M [01:11<01:04, 122kB/s]
 57%|█████████████████████▊                | 10.6M/18.5M [01:12<01:08, 115kB/s]
 58%|█████████████████████▎               | 10.7M/18.5M [01:13<03:07, 42.1kB/s]
 58%|█████████████████████▎               | 10.7M/18.5M [01:13<02:59, 43.8kB/s]
 58%|█████████████████████▎               | 10.7M/18.5M [01:13<02:48, 46.5kB/s]
 58%|█████████████████████▎               | 10.7M/18.5M [01:13<02:47, 46.7kB/s]
 58%|█████████████████████▍               | 10.7M/18.5M [01:14<03:20, 39.1kB/s]
 58%|█████████████████████▍               | 10.7M/18.5M [01:14<03:18, 39.4kB/s]
 58%|█████████████████████▍               | 10.7M/18.5M [01:14<02:44, 47.3kB/s]
 58%|█████████████████████▍               | 10.7M/18.5M [01:14<03:19, 39.1kB/s]
 58%|█████████████████████▍               | 10.7M/18.5M [01:15<03:11, 40.7kB/s]
 58%|█████████████████████▍               | 10.8M/18.5M [01:15<02:30, 51.7kB/s]
 58%|█████████████████████▌               | 10.8M/18.5M [01:15<02:32, 50.8kB/s]
 58%|█████████████████████▌               | 10.8M/18.5M [01:15<02:34, 50.1kB/s]
 58%|█████████████████████▌               | 10.8M/18.5M [01:15<02:36, 49.5kB/s]
 58%|█████████████████████▌               | 10.8M/18.5M [01:17<06:01, 21.4kB/s]
 58%|█████████████████████▌               | 10.8M/18.5M [01:17<05:35, 23.0kB/s]
 58%|█████████████████████▌               | 10.8M/18.5M [01:17<04:50, 26.5kB/s]
 58%|█████████████████████▌               | 10.8M/18.5M [01:17<04:16, 30.0kB/s]
 59%|█████████████████████▋               | 10.8M/18.5M [01:17<03:21, 38.1kB/s]
 59%|█████████████████████▋               | 10.9M/18.5M [01:18<02:50, 45.0kB/s]
 59%|█████████████████████▋               | 10.9M/18.5M [01:18<02:17, 55.5kB/s]
 59%|█████████████████████▋               | 10.9M/18.5M [01:18<02:26, 52.2kB/s]
 59%|█████████████████████▊               | 10.9M/18.5M [01:18<02:14, 56.7kB/s]
 59%|█████████████████████▊               | 10.9M/18.5M [01:18<02:06, 60.3kB/s]
 59%|█████████████████████▊               | 10.9M/18.5M [01:19<01:53, 66.9kB/s]
 59%|█████████████████████▊               | 10.9M/18.5M [01:19<02:03, 61.7kB/s]
 59%|█████████████████████▊               | 10.9M/18.5M [01:19<01:49, 69.5kB/s]
 59%|█████████████████████▉               | 11.0M/18.5M [01:19<01:40, 75.6kB/s]
 59%|█████████████████████▉               | 11.0M/18.5M [01:19<01:35, 79.2kB/s]
 59%|█████████████████████▉               | 11.0M/18.5M [01:20<02:18, 54.6kB/s]
 59%|█████████████████████▉               | 11.0M/18.5M [01:20<02:59, 41.8kB/s]
 59%|█████████████████████▉               | 11.0M/18.5M [01:20<02:59, 41.9kB/s]
 59%|██████████████████████               | 11.0M/18.5M [01:21<03:29, 35.9kB/s]
 60%|██████████████████████               | 11.0M/18.5M [01:21<04:32, 27.5kB/s]
 60%|██████████████████████               | 11.0M/18.5M [01:22<04:42, 26.6kB/s]
 60%|██████████████████████               | 11.0M/18.5M [01:22<05:36, 22.2kB/s]
 60%|██████████████████████               | 11.0M/18.5M [01:22<04:56, 25.2kB/s]
 60%|██████████████████████               | 11.1M/18.5M [01:22<04:14, 29.3kB/s]
 60%|██████████████████████               | 11.1M/18.5M [01:23<03:45, 33.0kB/s]
 60%|██████████████████████               | 11.1M/18.5M [01:23<03:24, 36.5kB/s]
 60%|██████████████████████▏              | 11.1M/18.5M [01:23<03:11, 38.9kB/s]
 60%|██████████████████████▏              | 11.1M/18.5M [01:23<02:59, 41.4kB/s]
 60%|██████████████████████▏              | 11.1M/18.5M [01:23<02:59, 41.4kB/s]
 60%|██████████████████████▏              | 11.1M/18.5M [01:25<11:10, 11.1kB/s]
 60%|██████████████████████▏              | 11.1M/18.5M [01:26<09:19, 13.3kB/s]
 60%|██████████████████████▏              | 11.1M/18.5M [01:26<08:26, 14.6kB/s]
 60%|██████████████████████▏              | 11.1M/18.5M [01:26<07:30, 16.4kB/s]
 60%|██████████████████████▏              | 11.1M/18.5M [01:27<08:49, 14.0kB/s]
 60%|██████████████████████▎              | 11.1M/18.5M [01:28<08:31, 14.4kB/s]
 60%|██████████████████████▎              | 11.2M/18.5M [01:28<08:19, 14.8kB/s]
 60%|██████████████████████▎              | 11.2M/18.5M [01:28<07:15, 16.9kB/s]
 60%|██████████████████████▎              | 11.2M/18.5M [01:30<09:40, 12.7kB/s]
 60%|██████████████████████▎              | 11.2M/18.5M [01:30<08:33, 14.3kB/s]
 60%|██████████████████████▎              | 11.2M/18.5M [01:31<06:57, 17.6kB/s]
 61%|██████████████████████▍              | 11.2M/18.5M [01:31<04:30, 27.1kB/s]
 61%|██████████████████████▍              | 11.2M/18.5M [01:31<03:20, 36.4kB/s]
 61%|██████████████████████▍              | 11.2M/18.5M [01:31<03:12, 37.9kB/s]
 61%|██████████████████████▍              | 11.2M/18.5M [01:31<02:28, 49.2kB/s]
 61%|██████████████████████▍              | 11.3M/18.5M [01:31<02:29, 48.8kB/s]
 61%|██████████████████████▌              | 11.3M/18.5M [01:32<02:04, 58.5kB/s]
 61%|██████████████████████▌              | 11.3M/18.5M [01:32<02:10, 55.6kB/s]
 61%|██████████████████████▌              | 11.3M/18.5M [01:32<01:49, 66.0kB/s]
 61%|██████████████████████▌              | 11.3M/18.5M [01:32<01:39, 72.3kB/s]
 61%|██████████████████████▌              | 11.3M/18.5M [01:32<01:32, 77.8kB/s]
 61%|██████████████████████▋              | 11.3M/18.5M [01:32<01:43, 69.5kB/s]
 61%|██████████████████████▋              | 11.4M/18.5M [01:33<01:35, 75.0kB/s]
 61%|██████████████████████▋              | 11.4M/18.5M [01:33<01:29, 80.1kB/s]
 61%|██████████████████████▊              | 11.4M/18.5M [01:33<01:14, 96.3kB/s]
 62%|██████████████████████▊              | 11.4M/18.5M [01:33<01:14, 95.7kB/s]
 62%|██████████████████████▊              | 11.4M/18.5M [01:33<01:14, 94.9kB/s]
 62%|██████████████████████▊              | 11.4M/18.5M [01:34<01:15, 93.3kB/s]
 62%|███████████████████████▌              | 11.5M/18.5M [01:34<01:05, 108kB/s]
 62%|███████████████████████▌              | 11.5M/18.5M [01:34<01:09, 101kB/s]
 62%|███████████████████████▌              | 11.5M/18.5M [01:34<01:02, 113kB/s]
 62%|███████████████████████▋              | 11.5M/18.5M [01:34<00:58, 120kB/s]
 62%|███████████████████████▋              | 11.5M/18.5M [01:34<01:02, 112kB/s]
 62%|███████████████████████▋              | 11.6M/18.5M [01:35<00:58, 119kB/s]
 63%|███████████████████████▊              | 11.6M/18.5M [01:35<00:55, 126kB/s]
 63%|███████████████████████▊              | 11.6M/18.5M [01:35<00:54, 127kB/s]
 63%|███████████████████████▉              | 11.6M/18.5M [01:35<00:52, 131kB/s]
 63%|███████████████████████▉              | 11.7M/18.5M [01:35<00:51, 132kB/s]
 63%|███████████████████████▉              | 11.7M/18.5M [01:35<00:46, 148kB/s]
 63%|████████████████████████              | 11.7M/18.5M [01:36<00:46, 146kB/s]
 63%|████████████████████████              | 11.8M/18.5M [01:36<00:42, 158kB/s]
 64%|████████████████████████▏             | 11.8M/18.5M [01:36<00:45, 149kB/s]
 64%|████████████████████████▏             | 11.8M/18.5M [01:36<00:42, 160kB/s]
 64%|████████████████████████▎             | 11.8M/18.5M [01:36<00:43, 153kB/s]
 64%|████████████████████████▎             | 11.9M/18.5M [01:36<00:38, 175kB/s]
 64%|████████████████████████▍             | 11.9M/18.5M [01:37<00:37, 178kB/s]
 64%|████████████████████████▍             | 11.9M/18.5M [01:37<00:34, 193kB/s]
 65%|████████████████████████▌             | 12.0M/18.5M [01:37<00:31, 205kB/s]
 65%|████████████████████████▋             | 12.0M/18.5M [01:37<00:29, 223kB/s]
 65%|████████████████████████▊             | 12.1M/18.5M [01:37<00:25, 253kB/s]
 66%|████████████████████████▉             | 12.1M/18.5M [01:38<00:23, 273kB/s]
 66%|█████████████████████████             | 12.2M/18.5M [01:38<00:21, 298kB/s]
 66%|█████████████████████████▏            | 12.3M/18.5M [01:38<00:18, 331kB/s]
 67%|█████████████████████████▎            | 12.4M/18.5M [01:38<00:17, 354kB/s]
 67%|█████████████████████████▌            | 12.4M/18.5M [01:38<00:15, 382kB/s]
 68%|█████████████████████████▋            | 12.5M/18.5M [01:38<00:14, 428kB/s]
 68%|█████████████████████████▉            | 12.6M/18.5M [01:39<00:13, 450kB/s]
 69%|██████████████████████████            | 12.7M/18.5M [01:39<00:16, 357kB/s]
 70%|██████████████████████████▍           | 12.9M/18.5M [01:39<00:10, 515kB/s]
 70%|██████████████████████████▌           | 13.0M/18.5M [01:40<00:14, 380kB/s]
 70%|██████████████████████████▋           | 13.0M/18.5M [01:40<00:13, 403kB/s]
 71%|██████████████████████████▊           | 13.1M/18.5M [01:40<00:14, 372kB/s]
 71%|██████████████████████████▉           | 13.1M/18.5M [01:40<00:16, 336kB/s]
 71%|██████████████████████████▉           | 13.2M/18.5M [01:40<00:16, 328kB/s]
 71%|███████████████████████████           | 13.2M/18.5M [01:40<00:17, 301kB/s]
 72%|███████████████████████████▏          | 13.2M/18.5M [01:40<00:17, 294kB/s]
 72%|███████████████████████████▎          | 13.3M/18.5M [01:41<00:19, 274kB/s]
 72%|███████████████████████████▎          | 13.3M/18.5M [01:41<00:18, 276kB/s]
 72%|███████████████████████████▍          | 13.4M/18.5M [01:41<00:18, 276kB/s]
 73%|███████████████████████████▌          | 13.4M/18.5M [01:41<00:18, 274kB/s]
 73%|███████████████████████████▋          | 13.5M/18.5M [01:41<00:17, 287kB/s]
 73%|███████████████████████████▊          | 13.5M/18.5M [01:42<00:22, 217kB/s]
 73%|███████████████████████████▊          | 13.6M/18.5M [01:42<00:21, 232kB/s]
 74%|███████████████████████████▉          | 13.6M/18.5M [01:42<00:18, 269kB/s]
 74%|████████████████████████████          | 13.7M/18.5M [01:42<00:18, 255kB/s]
 74%|████████████████████████████▏         | 13.7M/18.5M [01:42<00:19, 249kB/s]
 74%|████████████████████████████▏         | 13.8M/18.5M [01:43<00:19, 243kB/s]
 75%|████████████████████████████▎         | 13.8M/18.5M [01:43<00:19, 240kB/s]
 75%|████████████████████████████▍         | 13.9M/18.5M [01:43<00:18, 251kB/s]
 75%|████████████████████████████▌         | 13.9M/18.5M [01:43<00:17, 258kB/s]
 75%|████████████████████████████▌         | 13.9M/18.5M [01:43<00:18, 249kB/s]
 76%|████████████████████████████▋         | 14.0M/18.5M [01:43<00:17, 255kB/s]
 76%|████████████████████████████▊         | 14.0M/18.5M [01:44<00:16, 275kB/s]
 76%|████████████████████████████▉         | 14.1M/18.5M [01:44<00:16, 274kB/s]
 76%|█████████████████████████████         | 14.1M/18.5M [01:44<00:16, 271kB/s]
 77%|█████████████████████████████         | 14.2M/18.5M [01:44<00:16, 270kB/s]
 77%|█████████████████████████████▏        | 14.2M/18.5M [01:44<00:15, 282kB/s]
 77%|█████████████████████████████▎        | 14.3M/18.5M [01:45<00:15, 281kB/s]
 77%|█████████████████████████████▍        | 14.3M/18.5M [01:45<00:19, 212kB/s]
 78%|█████████████████████████████▌        | 14.4M/18.5M [01:45<00:17, 238kB/s]
 78%|█████████████████████████████▋        | 14.4M/18.5M [01:45<00:16, 247kB/s]
 78%|█████████████████████████████▋        | 14.5M/18.5M [01:45<00:15, 254kB/s]
 79%|█████████████████████████████▊        | 14.6M/18.5M [01:46<00:14, 268kB/s]
 79%|█████████████████████████████▉        | 14.6M/18.5M [01:46<00:14, 271kB/s]
 79%|██████████████████████████████        | 14.6M/18.5M [01:46<00:14, 271kB/s]
 79%|██████████████████████████████▏       | 14.7M/18.5M [01:46<00:13, 285kB/s]
 80%|██████████████████████████████▎       | 14.8M/18.5M [01:46<00:13, 281kB/s]
 80%|██████████████████████████████▎       | 14.8M/18.5M [01:46<00:13, 278kB/s]
 80%|██████████████████████████████▍       | 14.9M/18.5M [01:47<00:12, 289kB/s]
 80%|██████████████████████████████▌       | 14.9M/18.5M [01:47<00:12, 297kB/s]
 81%|██████████████████████████████▋       | 15.0M/18.5M [01:47<00:12, 291kB/s]
 81%|██████████████████████████████▊       | 15.0M/18.5M [01:47<00:11, 298kB/s]
 81%|██████████████████████████████▉       | 15.1M/18.5M [01:47<00:11, 305kB/s]
 82%|███████████████████████████████       | 15.1M/18.5M [01:48<00:10, 312kB/s]
 82%|███████████████████████████████▏      | 15.2M/18.5M [01:48<00:10, 315kB/s]
 82%|███████████████████████████████▎      | 15.2M/18.5M [01:48<00:13, 244kB/s]
 82%|███████████████████████████████▎      | 15.3M/18.5M [01:48<00:12, 260kB/s]
 83%|███████████████████████████████▍      | 15.3M/18.5M [01:48<00:11, 279kB/s]
 83%|███████████████████████████████▌      | 15.4M/18.5M [01:49<00:17, 185kB/s]
 83%|███████████████████████████████▌      | 15.4M/18.5M [01:49<00:15, 196kB/s]
 83%|███████████████████████████████▋      | 15.4M/18.5M [01:49<00:14, 214kB/s]
 84%|███████████████████████████████▊      | 15.5M/18.5M [01:49<00:14, 208kB/s]
 84%|███████████████████████████████▊      | 15.5M/18.5M [01:49<00:14, 201kB/s]
 84%|███████████████████████████████▉      | 15.5M/18.5M [01:50<00:15, 194kB/s]
 84%|███████████████████████████████▉      | 15.6M/18.5M [01:50<00:14, 204kB/s]
 84%|████████████████████████████████      | 15.6M/18.5M [01:50<00:13, 212kB/s]
 85%|████████████████████████████████      | 15.7M/18.5M [01:50<00:14, 202kB/s]
 85%|████████████████████████████████▏     | 15.7M/18.5M [01:50<00:13, 213kB/s]
 85%|████████████████████████████████▎     | 15.7M/18.5M [01:50<00:12, 218kB/s]
 85%|████████████████████████████████▎     | 15.8M/18.5M [01:51<00:13, 207kB/s]
 85%|████████████████████████████████▍     | 15.8M/18.5M [01:51<00:13, 198kB/s]
 86%|████████████████████████████████▌     | 15.8M/18.5M [01:51<00:12, 208kB/s]
 86%|████████████████████████████████▌     | 15.9M/18.5M [01:51<00:12, 215kB/s]
 86%|████████████████████████████████▋     | 15.9M/18.5M [01:51<00:11, 219kB/s]
 86%|████████████████████████████████▋     | 16.0M/18.5M [01:52<00:12, 209kB/s]
 86%|████████████████████████████████▊     | 16.0M/18.5M [01:52<00:11, 216kB/s]
 87%|████████████████████████████████▉     | 16.0M/18.5M [01:52<00:11, 220kB/s]
 87%|████████████████████████████████▉     | 16.1M/18.5M [01:52<00:10, 225kB/s]
 87%|█████████████████████████████████     | 16.1M/18.5M [01:52<00:09, 240kB/s]
 87%|█████████████████████████████████▏    | 16.2M/18.5M [01:52<00:09, 238kB/s]
 87%|█████████████████████████████████▏    | 16.2M/18.5M [01:53<00:09, 238kB/s]
 88%|█████████████████████████████████▎    | 16.2M/18.5M [01:53<00:09, 236kB/s]
 88%|█████████████████████████████████▍    | 16.3M/18.5M [01:53<00:09, 246kB/s]
 88%|█████████████████████████████████▌    | 16.3M/18.5M [01:53<00:08, 243kB/s]
 88%|█████████████████████████████████▌    | 16.4M/18.5M [01:53<00:08, 252kB/s]
 89%|█████████████████████████████████▋    | 16.4M/18.5M [01:53<00:08, 260kB/s]
 89%|█████████████████████████████████▊    | 16.5M/18.5M [01:54<00:07, 264kB/s]
 89%|█████████████████████████████████▉    | 16.5M/18.5M [01:54<00:07, 253kB/s]
 89%|█████████████████████████████████▉    | 16.6M/18.5M [01:54<00:07, 259kB/s]
 90%|██████████████████████████████████    | 16.6M/18.5M [01:54<00:07, 264kB/s]
 90%|██████████████████████████████████▏   | 16.7M/18.5M [01:54<00:06, 267kB/s]
 90%|██████████████████████████████████▎   | 16.7M/18.5M [01:54<00:06, 282kB/s]
 91%|██████████████████████████████████▍   | 16.8M/18.5M [01:55<00:06, 278kB/s]
 91%|██████████████████████████████████▌   | 16.8M/18.5M [01:55<00:05, 292kB/s]
 91%|██████████████████████████████████▌   | 16.9M/18.5M [01:55<00:05, 301kB/s]
 91%|██████████████████████████████████▊   | 16.9M/18.5M [01:55<00:04, 320kB/s]
 92%|██████████████████████████████████▉   | 17.0M/18.5M [01:55<00:04, 334kB/s]
 92%|███████████████████████████████████   | 17.1M/18.5M [01:56<00:04, 357kB/s]
 93%|███████████████████████████████████▏  | 17.2M/18.5M [01:56<00:03, 374kB/s]
 93%|███████████████████████████████████▎  | 17.2M/18.5M [01:56<00:03, 401kB/s]
 93%|███████████████████████████████████▌  | 17.3M/18.5M [01:56<00:02, 409kB/s]
 94%|███████████████████████████████████▋  | 17.4M/18.5M [01:56<00:02, 437kB/s]
 94%|███████████████████████████████████▉  | 17.5M/18.5M [01:56<00:02, 466kB/s]
 95%|████████████████████████████████████  | 17.6M/18.5M [01:57<00:01, 501kB/s]
 96%|████████████████████████████████████▎ | 17.7M/18.5M [01:57<00:01, 525kB/s]
 96%|████████████████████████████████████▌ | 17.8M/18.5M [01:57<00:01, 562kB/s]
 97%|████████████████████████████████████▊ | 17.9M/18.5M [01:57<00:01, 508kB/s]
 98%|█████████████████████████████████████▏| 18.2M/18.5M [01:57<00:00, 670kB/s]
 99%|█████████████████████████████████████▍| 18.2M/18.5M [01:58<00:00, 628kB/s]
 99%|█████████████████████████████████████▌| 18.3M/18.5M [01:58<00:00, 565kB/s]
 99%|█████████████████████████████████████▋| 18.4M/18.5M [01:58<00:00, 501kB/s]
100%|█████████████████████████████████████▉| 18.5M/18.5M [01:58<00:00, 520kB/s]
  0%|                                              | 0.00/18.5M [00:00<?, ?B/s]
100%|█████████████████████████████████████| 18.5M/18.5M [00:00<00:00, 55.3GB/s]
SHA256 hash of downloaded file: beddf78f1834ddef15553e32c9d18c46bc9b3fd244ef3a8e2fe362066dfb027d
Use this value as the 'known_hash' argument of 'pooch.retrieve' to ensure that the file hasn't changed if it is downloaded again in the future.
Downloading data from 'https://lampx.tugraz.at/~bci/database/009-2014/A02S.mat' to file '/Users/lunawang/mne_data/MNE-bnci-data/~bci/database/009-2014/A02S.mat'.

  0%|                                              | 0.00/18.5M [00:00<?, ?B/s]
  0%|                                     | 8.19k/18.5M [00:00<07:18, 42.2kB/s]
  0%|                                      | 56.3k/18.5M [00:00<01:46, 174kB/s]
  1%|▎                                      | 144k/18.5M [00:00<00:57, 319kB/s]
  1%|▌                                      | 272k/18.5M [00:00<00:38, 478kB/s]
  2%|▊                                      | 384k/18.5M [00:01<00:46, 391kB/s]
  3%|█▏                                     | 552k/18.5M [00:01<00:33, 536kB/s]
  5%|█▊                                     | 841k/18.5M [00:01<00:31, 554kB/s]
  6%|██▎                                   | 1.12M/18.5M [00:01<00:22, 766kB/s]
  7%|██▊                                   | 1.37M/18.5M [00:02<00:18, 906kB/s]
  8%|███                                   | 1.50M/18.5M [00:02<00:24, 691kB/s]
  9%|███▌                                  | 1.72M/18.5M [00:02<00:19, 861kB/s]
 10%|███▊                                  | 1.89M/18.5M [00:02<00:23, 694kB/s]
 11%|████▏                                 | 2.06M/18.5M [00:03<00:21, 772kB/s]
 12%|████▌                                 | 2.24M/18.5M [00:03<00:19, 815kB/s]
 13%|████▊                                 | 2.36M/18.5M [00:03<00:20, 783kB/s]
 13%|█████                                 | 2.47M/18.5M [00:03<00:21, 747kB/s]
 14%|█████▎                                | 2.59M/18.5M [00:03<00:21, 731kB/s]
 15%|█████▌                                | 2.71M/18.5M [00:04<00:21, 723kB/s]
 15%|█████▊                                | 2.84M/18.5M [00:04<00:21, 728kB/s]
 16%|██████                                | 2.96M/18.5M [00:04<00:21, 709kB/s]
 17%|██████▎                               | 3.09M/18.5M [00:04<00:21, 717kB/s]
 17%|██████▌                               | 3.22M/18.5M [00:04<00:21, 721kB/s]
 18%|██████▊                               | 3.34M/18.5M [00:04<00:20, 724kB/s]
 19%|███████                               | 3.47M/18.5M [00:05<00:20, 727kB/s]
 19%|███████▍                              | 3.60M/18.5M [00:05<00:20, 729kB/s]
 20%|███████▋                              | 3.74M/18.5M [00:05<00:20, 739kB/s]
 21%|███████▊                              | 3.81M/18.5M [00:05<00:29, 494kB/s]
 21%|███████▉                              | 3.87M/18.5M [00:05<00:32, 456kB/s]
 21%|████████                              | 3.94M/18.5M [00:06<00:30, 474kB/s]
 22%|████████▏                             | 4.00M/18.5M [00:06<00:57, 254kB/s]
 22%|████████▎                             | 4.04M/18.5M [00:06<00:58, 246kB/s]
 22%|████████▎                             | 4.08M/18.5M [00:07<00:58, 249kB/s]
 22%|████████▌                             | 4.14M/18.5M [00:07<00:47, 302kB/s]
 23%|████████▋                             | 4.21M/18.5M [00:07<00:44, 320kB/s]
 23%|████████▊                             | 4.29M/18.5M [00:07<00:44, 317kB/s]
 23%|████████▉                             | 4.35M/18.5M [00:07<00:49, 289kB/s]
 24%|█████████                             | 4.39M/18.5M [00:08<00:51, 275kB/s]
 24%|█████████                             | 4.42M/18.5M [00:08<00:55, 252kB/s]
 24%|█████████▏                            | 4.49M/18.5M [00:08<00:49, 281kB/s]
 24%|█████████▎                            | 4.54M/18.5M [00:08<00:50, 277kB/s]
 25%|█████████▍                            | 4.59M/18.5M [00:08<00:48, 289kB/s]
 25%|█████████▌                            | 4.66M/18.5M [00:08<00:45, 308kB/s]
 25%|█████████▋                            | 4.71M/18.5M [00:09<00:44, 312kB/s]
 26%|█████████▊                            | 4.78M/18.5M [00:09<00:43, 317kB/s]
 26%|█████████▉                            | 4.83M/18.5M [00:09<00:43, 318kB/s]
 26%|██████████                            | 4.90M/18.5M [00:09<00:41, 332kB/s]
 27%|██████████▏                           | 4.96M/18.5M [00:09<00:39, 341kB/s]
 27%|██████████▎                           | 5.02M/18.5M [00:09<00:38, 350kB/s]
 27%|██████████▍                           | 5.09M/18.5M [00:10<00:37, 354kB/s]
 28%|██████████▌                           | 5.14M/18.5M [00:10<00:38, 345kB/s]
 28%|██████████▋                           | 5.21M/18.5M [00:10<00:37, 352kB/s]
 28%|██████████▊                           | 5.27M/18.5M [00:10<00:37, 356kB/s]
 29%|██████████▉                           | 5.34M/18.5M [00:10<00:37, 355kB/s]
 29%|███████████                           | 5.40M/18.5M [00:11<00:36, 358kB/s]
 29%|███████████▏                          | 5.46M/18.5M [00:11<00:36, 362kB/s]
 30%|███████████▎                          | 5.53M/18.5M [00:11<00:35, 365kB/s]
 30%|███████████▍                          | 5.58M/18.5M [00:11<00:36, 353kB/s]
 30%|███████████▌                          | 5.65M/18.5M [00:11<00:35, 358kB/s]
 31%|███████████▋                          | 5.71M/18.5M [00:11<00:35, 364kB/s]
 31%|███████████▊                          | 5.78M/18.5M [00:12<00:34, 366kB/s]
 32%|███████████▉                          | 5.85M/18.5M [00:12<00:33, 379kB/s]
 32%|████████████▏                         | 5.91M/18.5M [00:12<00:33, 377kB/s]
 32%|████████████▎                         | 5.98M/18.5M [00:12<00:33, 374kB/s]
 33%|████████████▍                         | 6.04M/18.5M [00:12<00:33, 377kB/s]
 33%|████████████▌                         | 6.11M/18.5M [00:12<00:32, 381kB/s]
 33%|████████████▋                         | 6.18M/18.5M [00:13<00:31, 391kB/s]
 34%|████████████▊                         | 6.25M/18.5M [00:13<00:31, 385kB/s]
 34%|████████████▉                         | 6.32M/18.5M [00:13<00:30, 395kB/s]
 35%|█████████████                         | 6.39M/18.5M [00:13<00:30, 404kB/s]
 35%|█████████████▎                        | 6.46M/18.5M [00:13<00:29, 408kB/s]
 35%|█████████████▍                        | 6.54M/18.5M [00:13<00:29, 411kB/s]
 36%|█████████████▌                        | 6.59M/18.5M [00:14<00:39, 300kB/s]
 36%|█████████████▋                        | 6.66M/18.5M [00:14<00:32, 363kB/s]
 36%|█████████████▊                        | 6.74M/18.5M [00:14<00:27, 430kB/s]
 37%|█████████████▉                        | 6.79M/18.5M [00:14<00:28, 413kB/s]
 37%|██████████████                        | 6.84M/18.5M [00:14<00:31, 372kB/s]
 37%|██████████████▏                       | 6.90M/18.5M [00:15<00:32, 355kB/s]
 38%|██████████████▎                       | 6.96M/18.5M [00:15<00:32, 360kB/s]
 38%|██████████████▍                       | 7.02M/18.5M [00:15<00:31, 364kB/s]
 38%|██████████████▌                       | 7.09M/18.5M [00:15<00:31, 366kB/s]
 39%|██████████████▋                       | 7.16M/18.5M [00:15<00:29, 382kB/s]
 39%|██████████████▊                       | 7.23M/18.5M [00:15<00:28, 393kB/s]
 39%|██████████████▉                       | 7.30M/18.5M [00:16<00:28, 400kB/s]
 40%|███████████████▏                      | 7.38M/18.5M [00:16<00:27, 406kB/s]
 40%|███████████████▎                      | 7.45M/18.5M [00:16<00:26, 410kB/s]
 41%|███████████████▍                      | 7.53M/18.5M [00:16<00:25, 425kB/s]
 41%|███████████████▌                      | 7.60M/18.5M [00:16<00:25, 425kB/s]
 41%|███████████████▋                      | 7.64M/18.5M [00:17<00:33, 321kB/s]
 42%|███████████████▉                      | 7.75M/18.5M [00:17<00:23, 456kB/s]
 42%|████████████████                      | 7.81M/18.5M [00:17<00:25, 417kB/s]
 42%|████████████████                      | 7.86M/18.5M [00:17<00:39, 269kB/s]
 43%|████████████████▏                     | 7.91M/18.5M [00:17<00:37, 280kB/s]
 43%|████████████████▎                     | 7.97M/18.5M [00:17<00:32, 324kB/s]
 43%|████████████████▍                     | 8.01M/18.5M [00:18<00:34, 303kB/s]
 43%|████████████████▌                     | 8.05M/18.5M [00:18<00:36, 283kB/s]
 44%|████████████████▌                     | 8.09M/18.5M [00:18<00:38, 268kB/s]
 44%|████████████████▋                     | 8.14M/18.5M [00:18<00:38, 272kB/s]
 44%|████████████████▊                     | 8.18M/18.5M [00:18<00:37, 274kB/s]
 44%|████████████████▉                     | 8.24M/18.5M [00:18<00:35, 288kB/s]
 45%|█████████████████                     | 8.29M/18.5M [00:19<00:35, 286kB/s]
 45%|█████████████████                     | 8.34M/18.5M [00:19<00:36, 283kB/s]
 45%|█████████████████▏                    | 8.38M/18.5M [00:19<00:35, 284kB/s]
 46%|█████████████████▎                    | 8.44M/18.5M [00:19<00:34, 296kB/s]
 46%|█████████████████▍                    | 8.49M/18.5M [00:19<00:35, 286kB/s]
 46%|█████████████████▌                    | 8.54M/18.5M [00:20<00:35, 284kB/s]
 46%|█████████████████▌                    | 8.59M/18.5M [00:20<00:33, 297kB/s]
 47%|█████████████████▋                    | 8.64M/18.5M [00:20<00:33, 292kB/s]
 47%|█████████████████▊                    | 8.69M/18.5M [00:20<00:34, 287kB/s]
 47%|█████████████████▉                    | 8.74M/18.5M [00:20<00:32, 298kB/s]
 47%|██████████████████                    | 8.79M/18.5M [00:20<00:33, 292kB/s]
 48%|██████████████████▏                   | 8.85M/18.5M [00:21<00:32, 301kB/s]
 48%|██████████████████▏                   | 8.90M/18.5M [00:21<00:32, 296kB/s]
 48%|██████████████████▎                   | 8.95M/18.5M [00:21<00:31, 303kB/s]
 49%|██████████████████▍                   | 9.01M/18.5M [00:21<00:30, 310kB/s]
 49%|██████████████████▌                   | 9.06M/18.5M [00:21<00:30, 315kB/s]
 49%|██████████████████▋                   | 9.12M/18.5M [00:21<00:29, 319kB/s]
 50%|██████████████████▊                   | 9.18M/18.5M [00:22<00:29, 320kB/s]
 50%|██████████████████▉                   | 9.23M/18.5M [00:22<00:29, 316kB/s]
 50%|███████████████████                   | 9.29M/18.5M [00:22<00:29, 318kB/s]
 50%|███████████████████▏                  | 9.34M/18.5M [00:22<00:28, 319kB/s]
 51%|███████████████████▎                  | 9.41M/18.5M [00:22<00:27, 335kB/s]
 51%|███████████████████▍                  | 9.46M/18.5M [00:22<00:27, 333kB/s]
 51%|███████████████████▌                  | 9.53M/18.5M [00:23<00:26, 344kB/s]
 52%|███████████████████▋                  | 9.58M/18.5M [00:23<00:26, 338kB/s]
 52%|███████████████████▊                  | 9.65M/18.5M [00:23<00:25, 348kB/s]
 52%|███████████████████▉                  | 9.71M/18.5M [00:23<00:24, 356kB/s]
 53%|████████████████████                  | 9.78M/18.5M [00:23<00:24, 359kB/s]
 53%|████████████████████▏                 | 9.84M/18.5M [00:24<00:31, 277kB/s]
 53%|████████████████████▎                 | 9.90M/18.5M [00:24<00:25, 333kB/s]
 54%|████████████████████▍                 | 9.98M/18.5M [00:24<00:21, 404kB/s]
 54%|████████████████████▌                 | 10.0M/18.5M [00:24<00:23, 369kB/s]
 54%|████████████████████▋                 | 10.1M/18.5M [00:24<00:25, 336kB/s]
 55%|████████████████████▋                 | 10.1M/18.5M [00:24<00:25, 324kB/s]
 55%|████████████████████▊                 | 10.2M/18.5M [00:25<00:25, 328kB/s]
 55%|████████████████████▉                 | 10.2M/18.5M [00:25<00:25, 329kB/s]
 56%|█████████████████████                 | 10.3M/18.5M [00:25<00:24, 343kB/s]
 56%|█████████████████████▏                | 10.3M/18.5M [00:25<00:21, 387kB/s]
 56%|█████████████████████▎                | 10.4M/18.5M [00:25<00:21, 376kB/s]
 56%|█████████████████████▍                | 10.4M/18.5M [00:25<00:22, 363kB/s]
 57%|█████████████████████▍                | 10.5M/18.5M [00:25<00:23, 348kB/s]
 57%|█████████████████████▋                | 10.5M/18.5M [00:26<00:22, 355kB/s]
 57%|█████████████████████▊                | 10.6M/18.5M [00:26<00:20, 378kB/s]
 58%|█████████████████████▉                | 10.7M/18.5M [00:26<00:20, 375kB/s]
 58%|██████████████████████                | 10.8M/18.5M [00:26<00:20, 388kB/s]
 58%|██████████████████████▏               | 10.8M/18.5M [00:26<00:19, 399kB/s]
 59%|██████████████████████▎               | 10.9M/18.5M [00:26<00:18, 405kB/s]
 59%|██████████████████████▍               | 11.0M/18.5M [00:27<00:18, 410kB/s]
 60%|██████████████████████▋               | 11.0M/18.5M [00:27<00:18, 403kB/s]
 60%|██████████████████████▊               | 11.1M/18.5M [00:27<00:18, 408kB/s]
 60%|██████████████████████▉               | 11.2M/18.5M [00:27<00:18, 406kB/s]
 61%|███████████████████████               | 11.2M/18.5M [00:27<00:17, 410kB/s]
 61%|███████████████████████▏              | 11.3M/18.5M [00:27<00:17, 413kB/s]
 61%|███████████████████████▎              | 11.4M/18.5M [00:28<00:23, 300kB/s]
 62%|███████████████████████▍              | 11.4M/18.5M [00:28<00:20, 337kB/s]
 62%|███████████████████████▌              | 11.5M/18.5M [00:28<00:20, 349kB/s]
 62%|███████████████████████▋              | 11.5M/18.5M [00:28<00:29, 237kB/s]
 62%|███████████████████████▋              | 11.6M/18.5M [00:29<00:31, 218kB/s]
 63%|███████████████████████▊              | 11.6M/18.5M [00:29<00:34, 202kB/s]
 63%|███████████████████████▊              | 11.6M/18.5M [00:29<00:37, 185kB/s]
 63%|███████████████████████▉              | 11.6M/18.5M [00:29<00:40, 171kB/s]
 63%|███████████████████████▉              | 11.7M/18.5M [00:29<00:38, 180kB/s]
 63%|████████████████████████              | 11.7M/18.5M [00:30<00:49, 138kB/s]
 63%|████████████████████████              | 11.7M/18.5M [00:30<00:48, 139kB/s]
 63%|████████████████████████              | 11.8M/18.5M [00:30<00:49, 138kB/s]
 64%|████████████████████████▏             | 11.8M/18.5M [00:30<00:44, 150kB/s]
 64%|████████████████████████▎             | 11.8M/18.5M [00:30<00:42, 159kB/s]
 64%|████████████████████████▎             | 11.9M/18.5M [00:31<00:39, 168kB/s]
 64%|████████████████████████▍             | 11.9M/18.5M [00:31<00:38, 171kB/s]
 64%|████████████████████████▍             | 11.9M/18.5M [00:31<00:35, 187kB/s]
 65%|████████████████████████▌             | 12.0M/18.5M [00:31<00:35, 186kB/s]
 65%|████████████████████████▌             | 12.0M/18.5M [00:31<00:33, 198kB/s]
 65%|████████████████████████▋             | 12.0M/18.5M [00:31<00:33, 193kB/s]
 65%|████████████████████████▊             | 12.1M/18.5M [00:32<00:31, 203kB/s]
 65%|████████████████████████▊             | 12.1M/18.5M [00:32<00:32, 199kB/s]
 66%|████████████████████████▉             | 12.1M/18.5M [00:32<00:30, 207kB/s]
 66%|████████████████████████▉             | 12.2M/18.5M [00:32<00:31, 199kB/s]
 66%|█████████████████████████             | 12.2M/18.5M [00:32<00:32, 192kB/s]
 66%|█████████████████████████             | 12.2M/18.5M [00:32<00:30, 205kB/s]
 66%|█████████████████████████▏            | 12.3M/18.5M [00:33<00:29, 213kB/s]
 67%|█████████████████████████▎            | 12.3M/18.5M [00:33<00:28, 219kB/s]
 67%|█████████████████████████▎            | 12.4M/18.5M [00:33<00:29, 210kB/s]
 67%|█████████████████████████▍            | 12.4M/18.5M [00:33<00:28, 218kB/s]
 67%|█████████████████████████▌            | 12.4M/18.5M [00:33<00:27, 222kB/s]
 67%|█████████████████████████▌            | 12.5M/18.5M [00:34<00:26, 224kB/s]
 68%|█████████████████████████▋            | 12.5M/18.5M [00:34<00:25, 239kB/s]
 68%|█████████████████████████▊            | 12.6M/18.5M [00:34<00:25, 238kB/s]
 68%|█████████████████████████▊            | 12.6M/18.5M [00:34<00:25, 236kB/s]
 68%|█████████████████████████▉            | 12.7M/18.5M [00:34<00:23, 249kB/s]
 69%|██████████████████████████            | 12.7M/18.5M [00:34<00:23, 244kB/s]
 69%|██████████████████████████▏           | 12.7M/18.5M [00:35<00:22, 255kB/s]
 69%|██████████████████████████▏           | 12.8M/18.5M [00:35<00:23, 249kB/s]
 69%|██████████████████████████▎           | 12.8M/18.5M [00:35<00:22, 257kB/s]
 70%|██████████████████████████▍           | 12.9M/18.5M [00:35<00:23, 238kB/s]
 70%|██████████████████████████▌           | 12.9M/18.5M [00:35<00:28, 193kB/s]
 70%|██████████████████████████▌           | 13.0M/18.5M [00:36<00:26, 211kB/s]
 70%|██████████████████████████▋           | 13.0M/18.5M [00:36<00:21, 256kB/s]
 70%|██████████████████████████▋           | 13.0M/18.5M [00:36<00:22, 244kB/s]
 71%|██████████████████████████▊           | 13.1M/18.5M [00:36<00:24, 223kB/s]
 71%|██████████████████████████▊           | 13.1M/18.5M [00:36<00:27, 199kB/s]
 71%|██████████████████████████▉           | 13.1M/18.5M [00:36<00:26, 203kB/s]
 71%|███████████████████████████           | 13.2M/18.5M [00:37<00:23, 224kB/s]
 71%|███████████████████████████           | 13.2M/18.5M [00:37<00:23, 226kB/s]
 72%|███████████████████████████▏          | 13.3M/18.5M [00:37<00:23, 228kB/s]
 72%|███████████████████████████▎          | 13.3M/18.5M [00:37<00:29, 176kB/s]
 72%|███████████████████████████▍          | 13.4M/18.5M [00:37<00:20, 248kB/s]
 72%|███████████████████████████▌          | 13.4M/18.5M [00:38<00:22, 231kB/s]
 73%|███████████████████████████▌          | 13.4M/18.5M [00:38<00:23, 220kB/s]
 73%|███████████████████████████▋          | 13.5M/18.5M [00:38<00:23, 213kB/s]
 73%|███████████████████████████▋          | 13.5M/18.5M [00:38<00:22, 218kB/s]
 73%|███████████████████████████▊          | 13.5M/18.5M [00:38<00:23, 210kB/s]
 73%|███████████████████████████▊          | 13.6M/18.5M [00:38<00:22, 217kB/s]
 74%|███████████████████████████▉          | 13.6M/18.5M [00:39<00:22, 221kB/s]
 74%|████████████████████████████          | 13.7M/18.5M [00:39<00:21, 225kB/s]
 74%|████████████████████████████          | 13.7M/18.5M [00:39<00:20, 237kB/s]
 74%|████████████████████████████▏         | 13.7M/18.5M [00:39<00:20, 233kB/s]
 74%|████████████████████████████▏         | 13.8M/18.5M [00:39<00:20, 231kB/s]
 74%|████████████████████████████▎         | 13.8M/18.5M [00:39<00:20, 226kB/s]
 75%|████████████████████████████▎         | 13.8M/18.5M [00:39<00:20, 224kB/s]
 75%|████████████████████████████▍         | 13.8M/18.5M [00:40<00:21, 218kB/s]
 75%|████████████████████████████▍         | 13.9M/18.5M [00:40<00:21, 220kB/s]
 75%|████████████████████████████▌         | 13.9M/18.5M [00:40<00:20, 223kB/s]
 75%|████████████████████████████▋         | 14.0M/18.5M [00:40<00:20, 226kB/s]
 76%|████████████████████████████▋         | 14.0M/18.5M [00:40<00:19, 227kB/s]
 76%|████████████████████████████▊         | 14.0M/18.5M [00:40<00:19, 228kB/s]
 76%|████████████████████████████▉         | 14.1M/18.5M [00:41<00:19, 230kB/s]
 76%|████████████████████████████▉         | 14.1M/18.5M [00:41<00:18, 244kB/s]
 76%|█████████████████████████████         | 14.2M/18.5M [00:41<00:18, 241kB/s]
 77%|█████████████████████████████▏        | 14.2M/18.5M [00:41<00:17, 251kB/s]
 77%|█████████████████████████████▏        | 14.3M/18.5M [00:41<00:17, 245kB/s]
 77%|█████████████████████████████▎        | 14.3M/18.5M [00:41<00:16, 254kB/s]
 77%|█████████████████████████████▍        | 14.4M/18.5M [00:42<00:15, 262kB/s]
 78%|█████████████████████████████▌        | 14.4M/18.5M [00:42<00:15, 266kB/s]
 78%|█████████████████████████████▌        | 14.4M/18.5M [00:42<00:16, 255kB/s]
 78%|█████████████████████████████▋        | 14.5M/18.5M [00:42<00:15, 262kB/s]
 79%|█████████████████████████████▊        | 14.5M/18.5M [00:42<00:14, 281kB/s]
 79%|█████████████████████████████▉        | 14.6M/18.5M [00:42<00:14, 278kB/s]
 79%|██████████████████████████████        | 14.6M/18.5M [00:43<00:14, 276kB/s]
 79%|██████████████████████████████▏       | 14.7M/18.5M [00:43<00:13, 276kB/s]
 80%|██████████████████████████████▏       | 14.7M/18.5M [00:43<00:13, 290kB/s]
 80%|██████████████████████████████▎       | 14.8M/18.5M [00:43<00:12, 300kB/s]
 80%|██████████████████████████████▍       | 14.9M/18.5M [00:43<00:12, 305kB/s]
 81%|██████████████████████████████▌       | 14.9M/18.5M [00:44<00:11, 324kB/s]
 81%|██████████████████████████████▋       | 15.0M/18.5M [00:44<00:12, 281kB/s]
 81%|██████████████████████████████▊       | 15.0M/18.5M [00:44<00:12, 289kB/s]
 82%|██████████████████████████████▉       | 15.1M/18.5M [00:44<00:09, 367kB/s]
 82%|███████████████████████████████       | 15.1M/18.5M [00:44<00:09, 341kB/s]
 82%|███████████████████████████████▏      | 15.2M/18.5M [00:44<00:10, 304kB/s]
 82%|███████████████████████████████▏      | 15.2M/18.5M [00:45<00:10, 313kB/s]
 82%|███████████████████████████████▎      | 15.3M/18.5M [00:45<00:10, 319kB/s]
 83%|███████████████████████████████▍      | 15.3M/18.5M [00:45<00:09, 353kB/s]
 83%|███████████████████████████████▌      | 15.4M/18.5M [00:45<00:10, 312kB/s]
 83%|███████████████████████████████▌      | 15.4M/18.5M [00:45<00:09, 333kB/s]
 83%|███████████████████████████████▋      | 15.5M/18.5M [00:45<00:08, 353kB/s]
 84%|███████████████████████████████▊      | 15.5M/18.5M [00:45<00:08, 347kB/s]
 84%|███████████████████████████████▊      | 15.5M/18.5M [00:45<00:09, 320kB/s]
 84%|███████████████████████████████▉      | 15.6M/18.5M [00:46<00:08, 339kB/s]
 85%|████████████████████████████████▏     | 15.7M/18.5M [00:46<00:08, 349kB/s]
 85%|████████████████████████████████▎     | 15.7M/18.5M [00:46<00:07, 354kB/s]
 85%|████████████████████████████████▍     | 15.8M/18.5M [00:46<00:07, 373kB/s]
 86%|████████████████████████████████▌     | 15.9M/18.5M [00:46<00:07, 370kB/s]
 86%|████████████████████████████████▋     | 15.9M/18.5M [00:46<00:06, 382kB/s]
 86%|████████████████████████████████▊     | 16.0M/18.5M [00:47<00:06, 375kB/s]
 87%|████████████████████████████████▉     | 16.1M/18.5M [00:47<00:06, 388kB/s]
 87%|█████████████████████████████████     | 16.1M/18.5M [00:47<00:06, 379kB/s]
 87%|█████████████████████████████████▏    | 16.2M/18.5M [00:47<00:05, 390kB/s]
 88%|█████████████████████████████████▍    | 16.3M/18.5M [00:47<00:05, 381kB/s]
 88%|█████████████████████████████████▌    | 16.3M/18.5M [00:48<00:05, 387kB/s]
 89%|█████████████████████████████████▋    | 16.4M/18.5M [00:48<00:05, 380kB/s]
 89%|█████████████████████████████████▊    | 16.5M/18.5M [00:48<00:07, 279kB/s]
 90%|██████████████████████████████████    | 16.6M/18.5M [00:48<00:04, 391kB/s]
 90%|██████████████████████████████████▏   | 16.6M/18.5M [00:48<00:05, 360kB/s]
 90%|██████████████████████████████████▏   | 16.7M/18.5M [00:49<00:05, 335kB/s]
 90%|██████████████████████████████████▎   | 16.7M/18.5M [00:49<00:05, 330kB/s]
 91%|██████████████████████████████████▍   | 16.8M/18.5M [00:49<00:05, 327kB/s]
 91%|██████████████████████████████████▌   | 16.9M/18.5M [00:49<00:04, 338kB/s]
 91%|██████████████████████████████████▋   | 16.9M/18.5M [00:49<00:04, 346kB/s]
 92%|██████████████████████████████████▊   | 17.0M/18.5M [00:49<00:04, 338kB/s]
 92%|██████████████████████████████████▉   | 17.0M/18.5M [00:50<00:04, 346kB/s]
 92%|███████████████████████████████████   | 17.1M/18.5M [00:50<00:03, 360kB/s]
 93%|███████████████████████████████████▏  | 17.2M/18.5M [00:50<00:03, 362kB/s]
 93%|███████████████████████████████████▍  | 17.2M/18.5M [00:50<00:04, 318kB/s]
 93%|███████████████████████████████████▍  | 17.3M/18.5M [00:50<00:03, 320kB/s]
 94%|███████████████████████████████████▌  | 17.4M/18.5M [00:51<00:03, 350kB/s]
 94%|███████████████████████████████████▋  | 17.4M/18.5M [00:51<00:03, 322kB/s]
 94%|███████████████████████████████████▊  | 17.4M/18.5M [00:51<00:03, 306kB/s]
 94%|███████████████████████████████████▉  | 17.5M/18.5M [00:51<00:03, 297kB/s]
 95%|████████████████████████████████████  | 17.6M/18.5M [00:51<00:03, 306kB/s]
 95%|████████████████████████████████████  | 17.6M/18.5M [00:51<00:02, 307kB/s]
 95%|████████████████████████████████████▏ | 17.7M/18.5M [00:52<00:02, 297kB/s]
 95%|████████████████████████████████████▎ | 17.7M/18.5M [00:52<00:03, 247kB/s]
 96%|████████████████████████████████████▎ | 17.7M/18.5M [00:52<00:03, 232kB/s]
 96%|████████████████████████████████████▍ | 17.8M/18.5M [00:52<00:03, 204kB/s]
 96%|████████████████████████████████████▌ | 17.8M/18.5M [00:52<00:02, 268kB/s]
 96%|████████████████████████████████████▌ | 17.8M/18.5M [00:53<00:04, 169kB/s]
 96%|████████████████████████████████████▋ | 17.9M/18.5M [00:53<00:03, 183kB/s]
 97%|████████████████████████████████████▋ | 17.9M/18.5M [00:53<00:03, 164kB/s]
 97%|████████████████████████████████████▊ | 17.9M/18.5M [00:53<00:03, 160kB/s]
 97%|████████████████████████████████████▊ | 17.9M/18.5M [00:53<00:03, 148kB/s]
 97%|████████████████████████████████████▊ | 18.0M/18.5M [00:54<00:04, 140kB/s]
 97%|████████████████████████████████████▊ | 18.0M/18.5M [00:54<00:04, 130kB/s]
 97%|████████████████████████████████████▉ | 18.0M/18.5M [00:54<00:04, 129kB/s]
 97%|████████████████████████████████████▉ | 18.0M/18.5M [00:54<00:03, 129kB/s]
 97%|█████████████████████████████████████ | 18.0M/18.5M [00:54<00:03, 132kB/s]
 98%|█████████████████████████████████████ | 18.1M/18.5M [00:54<00:03, 133kB/s]
 98%|█████████████████████████████████████ | 18.1M/18.5M [00:55<00:03, 133kB/s]
 98%|█████████████████████████████████████▏| 18.1M/18.5M [00:55<00:03, 136kB/s]
 98%|█████████████████████████████████████▏| 18.1M/18.5M [00:55<00:02, 141kB/s]
 98%|█████████████████████████████████████▏| 18.2M/18.5M [00:55<00:02, 142kB/s]
 98%|█████████████████████████████████████▎| 18.2M/18.5M [00:55<00:02, 147kB/s]
 98%|█████████████████████████████████████▎| 18.2M/18.5M [00:55<00:02, 149kB/s]
 98%|█████████████████████████████████████▍| 18.2M/18.5M [00:56<00:01, 151kB/s]
 99%|█████████████████████████████████████▍| 18.3M/18.5M [00:56<00:01, 158kB/s]
 99%|█████████████████████████████████████▌| 18.3M/18.5M [00:56<00:01, 157kB/s]
 99%|█████████████████████████████████████▌| 18.3M/18.5M [00:56<00:01, 166kB/s]
 99%|█████████████████████████████████████▋| 18.4M/18.5M [00:56<00:00, 172kB/s]
 99%|█████████████████████████████████████▋| 18.4M/18.5M [00:56<00:00, 174kB/s]
 99%|█████████████████████████████████████▊| 18.4M/18.5M [00:57<00:00, 179kB/s]
100%|█████████████████████████████████████▊| 18.5M/18.5M [00:57<00:00, 179kB/s]
100%|█████████████████████████████████████▉| 18.5M/18.5M [00:57<00:00, 182kB/s]
100%|█████████████████████████████████████▉| 18.5M/18.5M [00:57<00:00, 186kB/s]
  0%|                                              | 0.00/18.5M [00:00<?, ?B/s]
100%|█████████████████████████████████████| 18.5M/18.5M [00:00<00:00, 74.8GB/s]
SHA256 hash of downloaded file: d6b40d723b90bb9a71127be66d7c3f66a13861cacafdb7c45efbcb8fcf9a726e
Use this value as the 'known_hash' argument of 'pooch.retrieve' to ensure that the file hasn't changed if it is downloaded again in the future.
Downloading data from 'https://lampx.tugraz.at/~bci/database/009-2014/A03S.mat' to file '/Users/lunawang/mne_data/MNE-bnci-data/~bci/database/009-2014/A03S.mat'.

  0%|                                              | 0.00/18.5M [00:00<?, ?B/s]
  0%|                                     | 8.19k/18.5M [00:00<06:24, 48.2kB/s]
  0%|                                     | 24.6k/18.5M [00:00<04:03, 75.9kB/s]
  0%|                                      | 48.1k/18.5M [00:00<02:57, 104kB/s]
  0%|▏                                     | 64.5k/18.5M [00:00<03:03, 101kB/s]
  0%|▏                                     | 88.1k/18.5M [00:00<02:42, 114kB/s]
  1%|▏                                      | 113k/18.5M [00:01<02:28, 124kB/s]
  1%|▎                                      | 136k/18.5M [00:01<02:24, 128kB/s]
  1%|▎                                      | 161k/18.5M [00:01<02:18, 133kB/s]
  1%|▍                                      | 193k/18.5M [00:01<02:03, 148kB/s]
  1%|▍                                      | 216k/18.5M [00:01<02:06, 145kB/s]
  1%|▌                                      | 249k/18.5M [00:01<01:55, 159kB/s]
  2%|▌                                      | 281k/18.5M [00:02<01:49, 167kB/s]
  2%|▋                                      | 312k/18.5M [00:02<01:45, 172kB/s]
  2%|▋                                      | 344k/18.5M [00:02<01:42, 177kB/s]
  2%|▊                                      | 384k/18.5M [00:02<01:33, 193kB/s]
  2%|▉                                      | 417k/18.5M [00:02<01:33, 193kB/s]
  2%|▉                                      | 457k/18.5M [00:02<01:28, 205kB/s]
  3%|█                                      | 497k/18.5M [00:03<01:24, 214kB/s]
  3%|█▏                                     | 545k/18.5M [00:03<01:16, 234kB/s]
  3%|█▏                                     | 585k/18.5M [00:03<01:16, 235kB/s]
  3%|█▎                                     | 633k/18.5M [00:03<01:11, 250kB/s]
  4%|█▍                                     | 680k/18.5M [00:03<01:09, 258kB/s]
  4%|█▌                                     | 736k/18.5M [00:03<01:04, 277kB/s]
  4%|█▋                                     | 793k/18.5M [00:04<01:00, 291kB/s]
  5%|█▊                                     | 849k/18.5M [00:04<00:58, 302kB/s]
  5%|█▉                                     | 904k/18.5M [00:04<00:56, 313kB/s]
  5%|██                                     | 969k/18.5M [00:04<00:52, 332kB/s]
  6%|██▏                                   | 1.04M/18.5M [00:04<00:50, 345kB/s]
  6%|██▎                                   | 1.11M/18.5M [00:04<00:47, 370kB/s]
  6%|██▍                                   | 1.18M/18.5M [00:05<00:45, 385kB/s]
  7%|██▌                                   | 1.27M/18.5M [00:05<00:40, 423kB/s]
  7%|██▊                                   | 1.36M/18.5M [00:05<00:38, 449kB/s]
  8%|██▉                                   | 1.45M/18.5M [00:05<00:43, 396kB/s]
  9%|███▎                                  | 1.61M/18.5M [00:05<00:31, 535kB/s]
  9%|███▍                                  | 1.69M/18.5M [00:06<00:32, 516kB/s]
 10%|███▋                                  | 1.77M/18.5M [00:06<00:33, 501kB/s]
 10%|███▊                                  | 1.85M/18.5M [00:06<00:33, 491kB/s]
 10%|███▉                                  | 1.94M/18.5M [00:06<00:33, 497kB/s]
 11%|████▏                                 | 2.02M/18.5M [00:06<00:32, 502kB/s]
 11%|████▎                                 | 2.12M/18.5M [00:06<00:31, 516kB/s]
 12%|████▌                                 | 2.22M/18.5M [00:07<00:31, 524kB/s]
 12%|████▋                                 | 2.31M/18.5M [00:07<00:30, 537kB/s]
 13%|████▉                                 | 2.41M/18.5M [00:07<00:29, 544kB/s]
 14%|█████▏                                | 2.50M/18.5M [00:07<00:29, 549kB/s]
 14%|█████▎                                | 2.61M/18.5M [00:07<00:28, 565kB/s]
 15%|█████▌                                | 2.71M/18.5M [00:08<00:27, 578kB/s]
 15%|█████▊                                | 2.82M/18.5M [00:08<00:26, 585kB/s]
 16%|█████▉                                | 2.92M/18.5M [00:08<00:26, 593kB/s]
 16%|██████▏                               | 2.99M/18.5M [00:08<00:25, 617kB/s]
 16%|██████▎                               | 3.06M/18.5M [00:08<00:25, 608kB/s]
 17%|██████▍                               | 3.14M/18.5M [00:08<00:25, 608kB/s]
 17%|██████▌                               | 3.20M/18.5M [00:08<00:25, 603kB/s]
 18%|██████▋                               | 3.26M/18.5M [00:08<00:25, 605kB/s]
 18%|██████▊                               | 3.34M/18.5M [00:09<00:24, 608kB/s]
 18%|██████▉                               | 3.41M/18.5M [00:09<00:25, 599kB/s]
 19%|███████                               | 3.47M/18.5M [00:09<00:24, 614kB/s]
 19%|███████▎                              | 3.56M/18.5M [00:09<00:24, 622kB/s]
 20%|███████▍                              | 3.62M/18.5M [00:09<00:24, 615kB/s]
 20%|███████▌                              | 3.69M/18.5M [00:09<00:23, 624kB/s]
 20%|███████▋                              | 3.77M/18.5M [00:09<00:24, 608kB/s]
 21%|███████▊                              | 3.83M/18.5M [00:09<00:25, 580kB/s]
 21%|████████                              | 3.90M/18.5M [00:10<00:27, 525kB/s]
 22%|████████▏                             | 4.02M/18.5M [00:10<00:25, 568kB/s]
 22%|████████▍                             | 4.12M/18.5M [00:10<00:24, 580kB/s]
 23%|████████▋                             | 4.22M/18.5M [00:10<00:24, 585kB/s]
 23%|████████▉                             | 4.33M/18.5M [00:10<00:23, 592kB/s]
 24%|█████████                             | 4.44M/18.5M [00:10<00:23, 607kB/s]
 25%|█████████▎                            | 4.54M/18.5M [00:11<00:23, 602kB/s]
 25%|█████████▌                            | 4.65M/18.5M [00:11<00:22, 605kB/s]
 26%|█████████▊                            | 4.76M/18.5M [00:11<00:22, 623kB/s]
 26%|█████████▉                            | 4.86M/18.5M [00:11<00:22, 617kB/s]
 27%|██████████▏                           | 4.98M/18.5M [00:11<00:21, 629kB/s]
 27%|██████████▍                           | 5.08M/18.5M [00:11<00:21, 621kB/s]
 28%|██████████▋                           | 5.19M/18.5M [00:12<00:21, 630kB/s]
 29%|██████████▊                           | 5.28M/18.5M [00:12<00:28, 458kB/s]
 29%|███████████                           | 5.38M/18.5M [00:12<00:24, 545kB/s]
 30%|███████████▎                          | 5.52M/18.5M [00:12<00:19, 661kB/s]
 30%|███████████▍                          | 5.60M/18.5M [00:12<00:19, 649kB/s]
 31%|███████████▋                          | 5.67M/18.5M [00:12<00:22, 577kB/s]
 31%|███████████▊                          | 5.73M/18.5M [00:13<00:24, 513kB/s]
 31%|███████████▉                          | 5.80M/18.5M [00:13<00:25, 491kB/s]
 32%|████████████                          | 5.89M/18.5M [00:13<00:22, 559kB/s]
 32%|████████████▏                         | 5.97M/18.5M [00:13<00:21, 585kB/s]
 33%|████████████▎                         | 6.03M/18.5M [00:13<00:22, 557kB/s]
 33%|████████████▍                         | 6.09M/18.5M [00:13<00:24, 501kB/s]
 33%|████████████▋                         | 6.18M/18.5M [00:13<00:21, 582kB/s]
 34%|████████████▊                         | 6.26M/18.5M [00:14<00:19, 613kB/s]
 34%|████████████▉                         | 6.33M/18.5M [00:14<00:21, 579kB/s]
 35%|█████████████▏                        | 6.40M/18.5M [00:14<00:22, 541kB/s]
 35%|█████████████▎                        | 6.49M/18.5M [00:14<00:19, 615kB/s]
 36%|█████████████▌                        | 6.58M/18.5M [00:14<00:18, 659kB/s]
 36%|█████████████▋                        | 6.65M/18.5M [00:14<00:19, 620kB/s]
 36%|█████████████▊                        | 6.72M/18.5M [00:14<00:20, 568kB/s]
 37%|█████████████▉                        | 6.82M/18.5M [00:14<00:18, 643kB/s]
 37%|██████████████▏                       | 6.90M/18.5M [00:15<00:17, 657kB/s]
 38%|██████████████▎                       | 6.97M/18.5M [00:15<00:18, 620kB/s]
 38%|██████████████▍                       | 7.06M/18.5M [00:15<00:19, 595kB/s]
 39%|██████████████▋                       | 7.15M/18.5M [00:15<00:16, 671kB/s]
 39%|██████████████▊                       | 7.24M/18.5M [00:15<00:16, 679kB/s]
 39%|██████████████▉                       | 7.31M/18.5M [00:15<00:17, 637kB/s]
 40%|███████████████▏                      | 7.39M/18.5M [00:15<00:18, 611kB/s]
 40%|███████████████▎                      | 7.49M/18.5M [00:15<00:16, 675kB/s]
 41%|███████████████▌                      | 7.58M/18.5M [00:16<00:15, 697kB/s]
 41%|███████████████▋                      | 7.65M/18.5M [00:16<00:17, 635kB/s]
 42%|███████████████▊                      | 7.73M/18.5M [00:16<00:17, 618kB/s]
 42%|████████████████                      | 7.82M/18.5M [00:16<00:15, 674kB/s]
 43%|████████████████▏                     | 7.92M/18.5M [00:16<00:15, 699kB/s]
 43%|████████████████▍                     | 7.99M/18.5M [00:16<00:16, 646kB/s]
 44%|████████████████▌                     | 8.06M/18.5M [00:16<00:16, 630kB/s]
 44%|████████████████▋                     | 8.16M/18.5M [00:17<00:15, 661kB/s]
 45%|████████████████▉                     | 8.26M/18.5M [00:17<00:14, 696kB/s]
 45%|█████████████████                     | 8.33M/18.5M [00:17<00:16, 637kB/s]
 45%|█████████████████▏                    | 8.40M/18.5M [00:17<00:15, 635kB/s]
 46%|█████████████████▍                    | 8.49M/18.5M [00:17<00:14, 678kB/s]
 46%|█████████████████▌                    | 8.56M/18.5M [00:17<00:15, 646kB/s]
 47%|█████████████████▋                    | 8.62M/18.5M [00:17<00:15, 637kB/s]
 47%|█████████████████▊                    | 8.71M/18.5M [00:17<00:14, 677kB/s]
 47%|██████████████████                    | 8.78M/18.5M [00:17<00:15, 645kB/s]
 48%|██████████████████▏                   | 8.85M/18.5M [00:18<00:15, 641kB/s]
 48%|██████████████████▎                   | 8.94M/18.5M [00:18<00:13, 701kB/s]
 49%|██████████████████▍                   | 9.02M/18.5M [00:18<00:14, 663kB/s]
 49%|██████████████████▋                   | 9.08M/18.5M [00:18<00:14, 651kB/s]
 49%|██████████████████▊                   | 9.17M/18.5M [00:18<00:13, 686kB/s]
 50%|██████████████████▉                   | 9.24M/18.5M [00:18<00:14, 644kB/s]
 50%|███████████████████                   | 9.31M/18.5M [00:18<00:14, 651kB/s]
 51%|███████████████████▎                  | 9.40M/18.5M [00:18<00:13, 699kB/s]
 51%|███████████████████▍                  | 9.47M/18.5M [00:18<00:13, 654kB/s]
 52%|███████████████████▌                  | 9.54M/18.5M [00:19<00:13, 667kB/s]
 52%|███████████████████▊                  | 9.64M/18.5M [00:19<00:12, 723kB/s]
 52%|███████████████████▉                  | 9.71M/18.5M [00:19<00:13, 668kB/s]
 53%|████████████████████                  | 9.80M/18.5M [00:19<00:12, 708kB/s]
 53%|████████████████████▎                 | 9.88M/18.5M [00:19<00:11, 728kB/s]
 54%|████████████████████▍                 | 9.95M/18.5M [00:19<00:12, 664kB/s]
 54%|████████████████████▌                 | 10.0M/18.5M [00:19<00:12, 657kB/s]
 55%|████████████████████▊                 | 10.2M/18.5M [00:19<00:11, 733kB/s]
 55%|█████████████████████                 | 10.3M/18.5M [00:20<00:10, 775kB/s]
 56%|█████████████████████▏                | 10.3M/18.5M [00:20<00:11, 704kB/s]
 56%|█████████████████████▍                | 10.4M/18.5M [00:20<00:11, 709kB/s]
 57%|█████████████████████▋                | 10.6M/18.5M [00:20<00:10, 790kB/s]
 58%|█████████████████████▊                | 10.7M/18.5M [00:20<00:09, 839kB/s]
 58%|██████████████████████                | 10.7M/18.5M [00:20<00:10, 747kB/s]
 59%|██████████████████████▎               | 10.9M/18.5M [00:20<00:09, 768kB/s]
 59%|██████████████████████▍               | 11.0M/18.5M [00:20<00:08, 853kB/s]
 60%|██████████████████████▋               | 11.1M/18.5M [00:21<00:09, 828kB/s]
 60%|██████████████████████▊               | 11.2M/18.5M [00:21<00:08, 822kB/s]
 61%|███████████████████████               | 11.2M/18.5M [00:21<00:12, 576kB/s]
 61%|███████████████████████▎              | 11.4M/18.5M [00:21<00:11, 614kB/s]
 62%|███████████████████████▋              | 11.5M/18.5M [00:21<00:08, 794kB/s]
 63%|███████████████████████▊              | 11.6M/18.5M [00:21<00:08, 790kB/s]
 63%|████████████████████████              | 11.7M/18.5M [00:21<00:08, 797kB/s]
 64%|████████████████████████▏             | 11.8M/18.5M [00:22<00:08, 762kB/s]
 64%|████████████████████████▎             | 11.9M/18.5M [00:22<00:12, 536kB/s]
 64%|████████████████████████▍             | 11.9M/18.5M [00:22<00:11, 549kB/s]
 65%|████████████████████████▊             | 12.1M/18.5M [00:22<00:08, 722kB/s]
 66%|████████████████████████▉             | 12.2M/18.5M [00:22<00:09, 682kB/s]
 66%|█████████████████████████             | 12.2M/18.5M [00:22<00:09, 651kB/s]
 66%|█████████████████████████▎            | 12.3M/18.5M [00:23<00:09, 623kB/s]
 67%|█████████████████████████▍            | 12.4M/18.5M [00:23<00:10, 598kB/s]
 67%|█████████████████████████▌            | 12.4M/18.5M [00:23<00:10, 596kB/s]
 68%|█████████████████████████▋            | 12.5M/18.5M [00:23<00:10, 583kB/s]
 68%|█████████████████████████▊            | 12.6M/18.5M [00:23<00:10, 568kB/s]
 68%|█████████████████████████▉            | 12.6M/18.5M [00:23<00:10, 584kB/s]
 69%|██████████████████████████            | 12.7M/18.5M [00:23<00:10, 580kB/s]
 69%|██████████████████████████▏           | 12.8M/18.5M [00:23<00:10, 564kB/s]
 69%|██████████████████████████▎           | 12.9M/18.5M [00:23<00:09, 607kB/s]
 70%|██████████████████████████▍           | 12.9M/18.5M [00:24<00:09, 606kB/s]
 70%|██████████████████████████▌           | 13.0M/18.5M [00:24<00:09, 589kB/s]
 71%|██████████████████████████▊           | 13.1M/18.5M [00:24<00:08, 615kB/s]
 71%|██████████████████████████▉           | 13.1M/18.5M [00:24<00:08, 610kB/s]
 71%|███████████████████████████           | 13.2M/18.5M [00:24<00:08, 597kB/s]
 72%|███████████████████████████▏          | 13.3M/18.5M [00:24<00:08, 645kB/s]
 72%|███████████████████████████▎          | 13.3M/18.5M [00:24<00:08, 607kB/s]
 72%|███████████████████████████▍          | 13.4M/18.5M [00:24<00:08, 608kB/s]
 73%|███████████████████████████▋          | 13.5M/18.5M [00:24<00:07, 660kB/s]
 73%|███████████████████████████▊          | 13.6M/18.5M [00:25<00:08, 602kB/s]
 74%|███████████████████████████▉          | 13.6M/18.5M [00:25<00:07, 640kB/s]
 74%|████████████████████████████          | 13.7M/18.5M [00:25<00:07, 668kB/s]
 74%|████████████████████████████▏         | 13.8M/18.5M [00:25<00:07, 615kB/s]
 75%|████████████████████████████▍         | 13.8M/18.5M [00:25<00:07, 626kB/s]
 75%|████████████████████████████▌         | 13.9M/18.5M [00:25<00:06, 663kB/s]
 76%|████████████████████████████▋         | 14.0M/18.5M [00:25<00:07, 609kB/s]
 76%|████████████████████████████▊         | 14.1M/18.5M [00:25<00:07, 604kB/s]
 76%|████████████████████████████▉         | 14.1M/18.5M [00:25<00:06, 668kB/s]
 77%|█████████████████████████████▏        | 14.2M/18.5M [00:26<00:07, 616kB/s]
 77%|█████████████████████████████▎        | 14.3M/18.5M [00:26<00:07, 605kB/s]
 77%|█████████████████████████████▍        | 14.3M/18.5M [00:26<00:09, 442kB/s]
 78%|█████████████████████████████▍        | 14.4M/18.5M [00:26<00:10, 399kB/s]
 78%|█████████████████████████████▋        | 14.5M/18.5M [00:26<00:07, 549kB/s]
 79%|█████████████████████████████▉        | 14.6M/18.5M [00:26<00:07, 552kB/s]
 79%|██████████████████████████████        | 14.6M/18.5M [00:26<00:07, 556kB/s]
 79%|██████████████████████████████▏       | 14.7M/18.5M [00:27<00:10, 355kB/s]
 80%|██████████████████████████████▎       | 14.8M/18.5M [00:27<00:07, 482kB/s]
 80%|██████████████████████████████▍       | 14.9M/18.5M [00:27<00:08, 448kB/s]
 81%|██████████████████████████████▌       | 14.9M/18.5M [00:27<00:07, 467kB/s]
 81%|██████████████████████████████▋       | 15.0M/18.5M [00:27<00:07, 457kB/s]
 81%|██████████████████████████████▊       | 15.0M/18.5M [00:27<00:08, 403kB/s]
 81%|██████████████████████████████▉       | 15.1M/18.5M [00:28<00:08, 399kB/s]
 82%|███████████████████████████████       | 15.1M/18.5M [00:28<00:13, 259kB/s]
 82%|███████████████████████████████▏      | 15.2M/18.5M [00:28<00:08, 379kB/s]
 82%|███████████████████████████████▎      | 15.3M/18.5M [00:28<00:08, 390kB/s]
 83%|███████████████████████████████▍      | 15.3M/18.5M [00:28<00:08, 359kB/s]
 83%|███████████████████████████████▌      | 15.4M/18.5M [00:29<00:09, 339kB/s]
 83%|███████████████████████████████▌      | 15.4M/18.5M [00:29<00:09, 330kB/s]
 83%|███████████████████████████████▋      | 15.5M/18.5M [00:29<00:09, 329kB/s]
 84%|███████████████████████████████▊      | 15.5M/18.5M [00:29<00:09, 335kB/s]
 84%|███████████████████████████████▊      | 15.5M/18.5M [00:29<00:09, 319kB/s]
 84%|███████████████████████████████▉      | 15.6M/18.5M [00:29<00:09, 311kB/s]
 84%|████████████████████████████████      | 15.6M/18.5M [00:29<00:08, 345kB/s]
 84%|████████████████████████████████      | 15.6M/18.5M [00:29<00:08, 333kB/s]
 85%|████████████████████████████████▏     | 15.7M/18.5M [00:30<00:08, 327kB/s]
 85%|████████████████████████████████▎     | 15.7M/18.5M [00:30<00:08, 313kB/s]
 85%|████████████████████████████████▎     | 15.8M/18.5M [00:30<00:07, 353kB/s]
 85%|████████████████████████████████▍     | 15.8M/18.5M [00:30<00:08, 335kB/s]
 86%|████████████████████████████████▌     | 15.8M/18.5M [00:30<00:08, 326kB/s]
 86%|████████████████████████████████▌     | 15.9M/18.5M [00:30<00:10, 244kB/s]
 86%|████████████████████████████████▋     | 15.9M/18.5M [00:30<00:09, 285kB/s]
 86%|████████████████████████████████▊     | 16.0M/18.5M [00:31<00:08, 302kB/s]
 86%|████████████████████████████████▊     | 16.0M/18.5M [00:31<00:08, 301kB/s]
 87%|████████████████████████████████▉     | 16.0M/18.5M [00:31<00:08, 286kB/s]
 87%|████████████████████████████████▉     | 16.1M/18.5M [00:31<00:09, 253kB/s]
 87%|█████████████████████████████████     | 16.1M/18.5M [00:31<00:08, 297kB/s]
 87%|█████████████████████████████████▏    | 16.2M/18.5M [00:31<00:08, 294kB/s]
 87%|█████████████████████████████████▏    | 16.2M/18.5M [00:31<00:08, 284kB/s]
 88%|█████████████████████████████████▎    | 16.2M/18.5M [00:31<00:07, 307kB/s]
 88%|█████████████████████████████████▍    | 16.3M/18.5M [00:31<00:07, 321kB/s]
 88%|█████████████████████████████████▍    | 16.3M/18.5M [00:32<00:07, 300kB/s]
 88%|█████████████████████████████████▌    | 16.3M/18.5M [00:32<00:07, 278kB/s]
 89%|█████████████████████████████████▋    | 16.4M/18.5M [00:32<00:06, 341kB/s]
 89%|█████████████████████████████████▋    | 16.4M/18.5M [00:32<00:06, 330kB/s]
 89%|█████████████████████████████████▊    | 16.5M/18.5M [00:32<00:06, 319kB/s]
 89%|█████████████████████████████████▊    | 16.5M/18.5M [00:32<00:05, 339kB/s]
 89%|█████████████████████████████████▉    | 16.6M/18.5M [00:32<00:05, 337kB/s]
 90%|██████████████████████████████████    | 16.6M/18.5M [00:32<00:06, 323kB/s]
 90%|██████████████████████████████████    | 16.6M/18.5M [00:33<00:08, 218kB/s]
 90%|██████████████████████████████████▎   | 16.7M/18.5M [00:33<00:05, 327kB/s]
 91%|██████████████████████████████████▍   | 16.8M/18.5M [00:33<00:05, 300kB/s]
 91%|██████████████████████████████████▌   | 16.8M/18.5M [00:33<00:05, 291kB/s]
 91%|██████████████████████████████████▌   | 16.9M/18.5M [00:34<00:05, 287kB/s]
 91%|██████████████████████████████████▋   | 16.9M/18.5M [00:34<00:05, 299kB/s]
 92%|██████████████████████████████████▊   | 17.0M/18.5M [00:34<00:05, 287kB/s]
 92%|██████████████████████████████████▉   | 17.0M/18.5M [00:34<00:05, 298kB/s]
 92%|███████████████████████████████████   | 17.1M/18.5M [00:34<00:04, 291kB/s]
 92%|███████████████████████████████████▏  | 17.1M/18.5M [00:34<00:04, 297kB/s]
 93%|███████████████████████████████████▎  | 17.2M/18.5M [00:35<00:04, 315kB/s]
 93%|███████████████████████████████████▍  | 17.3M/18.5M [00:35<00:03, 318kB/s]
 93%|███████████████████████████████████▌  | 17.3M/18.5M [00:35<00:03, 321kB/s]
 94%|███████████████████████████████████▌  | 17.4M/18.5M [00:35<00:04, 238kB/s]
 94%|███████████████████████████████████▊  | 17.4M/18.5M [00:35<00:03, 304kB/s]
 94%|███████████████████████████████████▊  | 17.5M/18.5M [00:36<00:03, 289kB/s]
 95%|███████████████████████████████████▉  | 17.5M/18.5M [00:36<00:03, 284kB/s]
 95%|████████████████████████████████████  | 17.6M/18.5M [00:36<00:03, 283kB/s]
 95%|████████████████████████████████████▏ | 17.6M/18.5M [00:36<00:03, 285kB/s]
 95%|████████████████████████████████████▎ | 17.7M/18.5M [00:36<00:02, 293kB/s]
 96%|████████████████████████████████████▍ | 17.7M/18.5M [00:36<00:02, 296kB/s]
 96%|████████████████████████████████████▍ | 17.8M/18.5M [00:37<00:02, 304kB/s]
 96%|████████████████████████████████████▌ | 17.8M/18.5M [00:37<00:02, 312kB/s]
 97%|████████████████████████████████████▋ | 17.9M/18.5M [00:37<00:01, 315kB/s]
 97%|████████████████████████████████████▊ | 18.0M/18.5M [00:37<00:01, 330kB/s]
 97%|████████████████████████████████████▉ | 18.0M/18.5M [00:37<00:01, 329kB/s]
 98%|█████████████████████████████████████ | 18.1M/18.5M [00:37<00:01, 329kB/s]
 98%|█████████████████████████████████████▏| 18.1M/18.5M [00:38<00:01, 342kB/s]
 98%|█████████████████████████████████████▎| 18.2M/18.5M [00:38<00:00, 338kB/s]
 99%|█████████████████████████████████████▍| 18.3M/18.5M [00:38<00:00, 347kB/s]
 99%|█████████████████████████████████████▌| 18.3M/18.5M [00:38<00:00, 341kB/s]
 99%|█████████████████████████████████████▋| 18.4M/18.5M [00:38<00:00, 336kB/s]
100%|█████████████████████████████████████▊| 18.4M/18.5M [00:39<00:00, 346kB/s]
100%|█████████████████████████████████████▉| 18.5M/18.5M [00:39<00:00, 341kB/s]
  0%|                                              | 0.00/18.5M [00:00<?, ?B/s]
100%|█████████████████████████████████████| 18.5M/18.5M [00:00<00:00, 69.4GB/s]
SHA256 hash of downloaded file: a19b5a0e1e59e2aea04c6d21ad19b6cf11f7eb2074dd59617bb9effd5b30d212
Use this value as the 'known_hash' argument of 'pooch.retrieve' to ensure that the file hasn't changed if it is downloaded again in the future.
Downloading data from 'https://lampx.tugraz.at/~bci/database/009-2014/A05S.mat' to file '/Users/lunawang/mne_data/MNE-bnci-data/~bci/database/009-2014/A05S.mat'.

  0%|                                              | 0.00/18.5M [00:00<?, ?B/s]
  0%|                                     | 16.4k/18.5M [00:00<03:14, 95.0kB/s]
  0%|                                      | 39.9k/18.5M [00:00<02:33, 121kB/s]
  0%|▏                                     | 64.5k/18.5M [00:00<02:22, 130kB/s]
  1%|▏                                     | 96.3k/18.5M [00:00<02:04, 148kB/s]
  1%|▎                                      | 128k/18.5M [00:00<01:54, 161kB/s]
  1%|▎                                      | 161k/18.5M [00:01<01:47, 171kB/s]
  1%|▍                                      | 193k/18.5M [00:01<01:44, 176kB/s]
  1%|▍                                      | 224k/18.5M [00:01<01:42, 179kB/s]
  1%|▌                                      | 264k/18.5M [00:01<01:33, 196kB/s]
  2%|▌                                      | 296k/18.5M [00:01<01:34, 193kB/s]
  2%|▋                                      | 344k/18.5M [00:01<01:22, 219kB/s]
  2%|▊                                      | 384k/18.5M [00:02<01:21, 223kB/s]
  2%|▉                                      | 432k/18.5M [00:02<01:15, 239kB/s]
  3%|▉                                      | 472k/18.5M [00:02<01:16, 238kB/s]
  3%|█                                      | 528k/18.5M [00:02<01:08, 264kB/s]
  3%|█▏                                     | 577k/18.5M [00:02<01:06, 269kB/s]
  3%|█▎                                     | 633k/18.5M [00:02<01:02, 286kB/s]
  4%|█▍                                     | 688k/18.5M [00:03<01:00, 296kB/s]
  4%|█▌                                     | 744k/18.5M [00:03<00:58, 306kB/s]
  4%|█▋                                     | 808k/18.5M [00:03<00:54, 324kB/s]
  5%|█▊                                     | 872k/18.5M [00:03<00:52, 339kB/s]
  5%|█▉                                     | 944k/18.5M [00:03<00:48, 362kB/s]
  5%|██                                    | 1.02M/18.5M [00:03<00:46, 380kB/s]
  6%|██▏                                   | 1.08M/18.5M [00:04<00:40, 430kB/s]
  6%|██▍                                   | 1.16M/18.5M [00:04<00:44, 388kB/s]
  7%|██▌                                   | 1.24M/18.5M [00:04<00:42, 409kB/s]
  7%|██▋                                   | 1.30M/18.5M [00:04<00:55, 308kB/s]
  7%|██▊                                   | 1.38M/18.5M [00:05<00:49, 346kB/s]
  8%|███                                   | 1.47M/18.5M [00:05<00:43, 389kB/s]
  8%|███▏                                  | 1.54M/18.5M [00:05<00:44, 384kB/s]
  9%|███▏                                  | 1.58M/18.5M [00:05<00:56, 299kB/s]
  9%|███▍                                  | 1.68M/18.5M [00:05<00:44, 380kB/s]
  9%|███▌                                  | 1.74M/18.5M [00:05<00:46, 363kB/s]
 10%|███▋                                  | 1.78M/18.5M [00:06<00:48, 344kB/s]
 10%|███▊                                  | 1.84M/18.5M [00:06<00:49, 338kB/s]
 10%|███▉                                  | 1.90M/18.5M [00:06<00:49, 335kB/s]
 11%|████                                  | 1.95M/18.5M [00:06<00:49, 333kB/s]
 11%|████                                  | 2.01M/18.5M [00:06<00:50, 328kB/s]
 11%|████▏                                 | 2.06M/18.5M [00:06<00:50, 327kB/s]
 11%|████▎                                 | 2.13M/18.5M [00:07<00:47, 342kB/s]
 12%|████▍                                 | 2.18M/18.5M [00:07<00:48, 337kB/s]
 12%|████▌                                 | 2.24M/18.5M [00:07<00:48, 335kB/s]
 12%|████▋                                 | 2.30M/18.5M [00:07<00:48, 334kB/s]
 13%|████▊                                 | 2.34M/18.5M [00:07<00:44, 360kB/s]
 13%|████▉                                 | 2.38M/18.5M [00:07<00:50, 318kB/s]
 13%|████▉                                 | 2.42M/18.5M [00:08<00:54, 293kB/s]
 13%|█████                                 | 2.48M/18.5M [00:08<00:53, 299kB/s]
 14%|█████▏                                | 2.54M/18.5M [00:08<00:51, 309kB/s]
 14%|█████▎                                | 2.60M/18.5M [00:08<00:48, 327kB/s]
 14%|█████▍                                | 2.66M/18.5M [00:08<00:48, 327kB/s]
 15%|█████▌                                | 2.71M/18.5M [00:08<00:48, 327kB/s]
 15%|█████▋                                | 2.78M/18.5M [00:09<00:46, 341kB/s]
 15%|█████▊                                | 2.83M/18.5M [00:09<00:46, 337kB/s]
 16%|█████▉                                | 2.90M/18.5M [00:09<00:44, 348kB/s]
 16%|██████                                | 2.96M/18.5M [00:09<00:43, 355kB/s]
 16%|██████▏                               | 3.02M/18.5M [00:09<00:43, 360kB/s]
 17%|██████▎                               | 3.08M/18.5M [00:10<00:44, 348kB/s]
 17%|██████▍                               | 3.14M/18.5M [00:10<00:43, 355kB/s]
 17%|██████▌                               | 3.22M/18.5M [00:10<00:40, 374kB/s]
 18%|██████▋                               | 3.28M/18.5M [00:10<00:40, 374kB/s]
 18%|██████▊                               | 3.34M/18.5M [00:10<00:40, 374kB/s]
 18%|██████▉                               | 3.41M/18.5M [00:10<00:40, 375kB/s]
 19%|███████▏                              | 3.48M/18.5M [00:11<00:38, 388kB/s]
 19%|███████▎                              | 3.54M/18.5M [00:11<00:39, 382kB/s]
 20%|███████▍                              | 3.62M/18.5M [00:11<00:37, 395kB/s]
 20%|███████▌                              | 3.69M/18.5M [00:11<00:36, 402kB/s]
 20%|███████▋                              | 3.76M/18.5M [00:11<00:36, 406kB/s]
 21%|███████▊                              | 3.83M/18.5M [00:11<00:35, 417kB/s]
 21%|████████                              | 3.91M/18.5M [00:12<00:33, 433kB/s]
 22%|████████▏                             | 4.00M/18.5M [00:12<00:32, 449kB/s]
 22%|████████▎                             | 4.08M/18.5M [00:12<00:31, 464kB/s]
 22%|████████▌                             | 4.17M/18.5M [00:12<00:29, 479kB/s]
 23%|████████▋                             | 4.23M/18.5M [00:12<00:36, 391kB/s]
 23%|████████▉                             | 4.33M/18.5M [00:12<00:32, 437kB/s]
 24%|█████████                             | 4.42M/18.5M [00:13<00:27, 516kB/s]
 24%|█████████▏                            | 4.48M/18.5M [00:13<00:29, 471kB/s]
 25%|█████████▎                            | 4.55M/18.5M [00:13<00:29, 469kB/s]
 25%|█████████▌                            | 4.63M/18.5M [00:13<00:30, 457kB/s]
 25%|█████████▋                            | 4.71M/18.5M [00:13<00:29, 461kB/s]
 26%|█████████▊                            | 4.79M/18.5M [00:13<00:29, 472kB/s]
 26%|██████████                            | 4.88M/18.5M [00:14<00:28, 477kB/s]
 27%|██████████▏                           | 4.96M/18.5M [00:14<00:28, 481kB/s]
 27%|██████████▎                           | 5.05M/18.5M [00:14<00:27, 491kB/s]
 28%|██████████▌                           | 5.14M/18.5M [00:14<00:26, 512kB/s]
 28%|██████████▋                           | 5.23M/18.5M [00:14<00:26, 511kB/s]
 29%|██████████▉                           | 5.33M/18.5M [00:14<00:25, 526kB/s]
 29%|███████████                           | 5.42M/18.5M [00:15<00:25, 520kB/s]
 30%|███████████▎                          | 5.51M/18.5M [00:15<00:24, 533kB/s]
 30%|███████████▌                          | 5.61M/18.5M [00:15<00:23, 541kB/s]
 31%|███████████▋                          | 5.71M/18.5M [00:15<00:22, 561kB/s]
 31%|███████████▊                          | 5.77M/18.5M [00:15<00:30, 423kB/s]
 31%|███████████▉                          | 5.82M/18.5M [00:16<00:32, 393kB/s]
 32%|████████████▏                         | 5.94M/18.5M [00:16<00:23, 536kB/s]
 32%|████████████▎                         | 6.00M/18.5M [00:16<00:25, 487kB/s]
 33%|████████████▍                         | 6.07M/18.5M [00:16<00:26, 466kB/s]
 33%|████████████▌                         | 6.15M/18.5M [00:16<00:26, 465kB/s]
 34%|████████████▊                         | 6.23M/18.5M [00:16<00:26, 464kB/s]
 34%|████████████▉                         | 6.31M/18.5M [00:17<00:26, 465kB/s]
 35%|█████████████▏                        | 6.40M/18.5M [00:17<00:25, 479kB/s]
 35%|█████████████▎                        | 6.48M/18.5M [00:17<00:24, 498kB/s]
 35%|█████████████▍                        | 6.53M/18.5M [00:17<00:24, 496kB/s]
 36%|█████████████▌                        | 6.59M/18.5M [00:17<00:23, 499kB/s]
 36%|█████████████▋                        | 6.66M/18.5M [00:17<00:22, 528kB/s]
 36%|█████████████▊                        | 6.72M/18.5M [00:17<00:22, 522kB/s]
 37%|█████████████▉                        | 6.78M/18.5M [00:17<00:22, 519kB/s]
 37%|██████████████                        | 6.85M/18.5M [00:18<00:21, 539kB/s]
 37%|██████████████▏                       | 6.90M/18.5M [00:18<00:21, 531kB/s]
 38%|██████████████▎                       | 6.97M/18.5M [00:18<00:21, 544kB/s]
 38%|██████████████▍                       | 7.03M/18.5M [00:18<00:21, 538kB/s]
 38%|██████████████▌                       | 7.09M/18.5M [00:18<00:21, 530kB/s]
 39%|██████████████▋                       | 7.16M/18.5M [00:18<00:20, 567kB/s]
 39%|██████████████▊                       | 7.23M/18.5M [00:18<00:19, 571kB/s]
 39%|██████████████▉                       | 7.29M/18.5M [00:18<00:20, 548kB/s]
 40%|███████████████                       | 7.35M/18.5M [00:18<00:19, 564kB/s]
 40%|███████████████▏                      | 7.42M/18.5M [00:19<00:19, 567kB/s]
 40%|███████████████▎                      | 7.48M/18.5M [00:19<00:19, 553kB/s]
 41%|███████████████▍                      | 7.54M/18.5M [00:19<00:19, 564kB/s]
 41%|███████████████▌                      | 7.62M/18.5M [00:19<00:19, 568kB/s]
 41%|███████████████▋                      | 7.67M/18.5M [00:19<00:19, 552kB/s]
 42%|███████████████▊                      | 7.73M/18.5M [00:19<00:31, 345kB/s]
 42%|████████████████                      | 7.81M/18.5M [00:19<00:25, 428kB/s]
 43%|████████████████▏                     | 7.91M/18.5M [00:20<00:21, 506kB/s]
 43%|████████████████▎                     | 7.97M/18.5M [00:20<00:20, 507kB/s]
 43%|████████████████▍                     | 8.03M/18.5M [00:20<00:23, 447kB/s]
 44%|████████████████▌                     | 8.08M/18.5M [00:20<00:23, 451kB/s]
 44%|████████████████▋                     | 8.13M/18.5M [00:20<00:30, 346kB/s]
 44%|████████████████▋                     | 8.17M/18.5M [00:20<00:29, 354kB/s]
 44%|████████████████▉                     | 8.24M/18.5M [00:20<00:25, 402kB/s]
 45%|█████████████████                     | 8.30M/18.5M [00:21<00:27, 378kB/s]
 45%|█████████████████▏                    | 8.36M/18.5M [00:21<00:27, 373kB/s]
 45%|█████████████████▎                    | 8.42M/18.5M [00:21<00:28, 361kB/s]
 46%|█████████████████▍                    | 8.48M/18.5M [00:21<00:27, 365kB/s]
 46%|█████████████████▌                    | 8.54M/18.5M [00:21<00:28, 356kB/s]
 46%|█████████████████▋                    | 8.60M/18.5M [00:22<00:27, 362kB/s]
 47%|█████████████████▋                    | 8.64M/18.5M [00:22<00:26, 370kB/s]
 47%|█████████████████▊                    | 8.68M/18.5M [00:22<00:26, 371kB/s]
 47%|█████████████████▉                    | 8.73M/18.5M [00:22<00:26, 365kB/s]
 47%|█████████████████▉                    | 8.78M/18.5M [00:22<00:24, 391kB/s]
 48%|██████████████████                    | 8.82M/18.5M [00:22<00:24, 392kB/s]
 48%|██████████████████▏                   | 8.86M/18.5M [00:22<00:25, 375kB/s]
 48%|██████████████████▎                   | 8.90M/18.5M [00:22<00:25, 378kB/s]
 48%|██████████████████▎                   | 8.94M/18.5M [00:22<00:25, 383kB/s]
 49%|██████████████████▍                   | 9.00M/18.5M [00:23<00:24, 389kB/s]
 49%|██████████████████▌                   | 9.04M/18.5M [00:23<00:24, 390kB/s]
 49%|██████████████████▌                   | 9.08M/18.5M [00:23<00:38, 247kB/s]
 49%|██████████████████▊                   | 9.16M/18.5M [00:23<00:27, 339kB/s]
 50%|██████████████████▊                   | 9.20M/18.5M [00:23<00:28, 331kB/s]
 50%|██████████████████▉                   | 9.24M/18.5M [00:23<00:27, 336kB/s]
 50%|███████████████████                   | 9.28M/18.5M [00:23<00:29, 313kB/s]
 50%|███████████████████                   | 9.31M/18.5M [00:24<00:30, 304kB/s]
 51%|███████████████████▏                  | 9.36M/18.5M [00:24<00:29, 316kB/s]
 51%|███████████████████▎                  | 9.39M/18.5M [00:24<00:29, 314kB/s]
 51%|███████████████████▎                  | 9.43M/18.5M [00:24<00:30, 295kB/s]
 51%|███████████████████▍                  | 9.48M/18.5M [00:24<00:28, 322kB/s]
 51%|███████████████████▌                  | 9.54M/18.5M [00:24<00:26, 345kB/s]
 52%|███████████████████▋                  | 9.57M/18.5M [00:24<00:25, 346kB/s]
 52%|███████████████████▋                  | 9.62M/18.5M [00:25<00:26, 333kB/s]
 52%|███████████████████▊                  | 9.67M/18.5M [00:25<00:24, 365kB/s]
 53%|███████████████████▉                  | 9.73M/18.5M [00:25<00:23, 374kB/s]
 53%|████████████████████                  | 9.77M/18.5M [00:25<00:23, 366kB/s]
 53%|████████████████████                  | 9.81M/18.5M [00:25<00:24, 354kB/s]
 53%|████████████████████▏                 | 9.86M/18.5M [00:25<00:22, 383kB/s]
 53%|████████████████████▎                 | 9.90M/18.5M [00:25<00:23, 368kB/s]
 54%|████████████████████▍                 | 9.94M/18.5M [00:25<00:23, 363kB/s]
 54%|████████████████████▍                 | 9.99M/18.5M [00:25<00:21, 406kB/s]
 54%|████████████████████▌                 | 10.0M/18.5M [00:26<00:21, 390kB/s]
 54%|████████████████████▋                 | 10.1M/18.5M [00:26<00:22, 373kB/s]
 55%|████████████████████▊                 | 10.1M/18.5M [00:26<00:21, 391kB/s]
 55%|████████████████████▊                 | 10.2M/18.5M [00:26<00:22, 372kB/s]
 55%|████████████████████▉                 | 10.2M/18.5M [00:26<00:21, 385kB/s]
 55%|█████████████████████                 | 10.3M/18.5M [00:26<00:20, 405kB/s]
 56%|█████████████████████                 | 10.3M/18.5M [00:26<00:21, 383kB/s]
 56%|█████████████████████▏                | 10.3M/18.5M [00:26<00:22, 362kB/s]
 56%|█████████████████████▎                | 10.4M/18.5M [00:27<00:19, 407kB/s]
 56%|█████████████████████▍                | 10.5M/18.5M [00:27<00:19, 404kB/s]
 57%|█████████████████████▌                | 10.5M/18.5M [00:27<00:20, 385kB/s]
 57%|█████████████████████▌                | 10.5M/18.5M [00:27<00:22, 363kB/s]
 57%|█████████████████████▋                | 10.6M/18.5M [00:27<00:19, 413kB/s]
 57%|█████████████████████▊                | 10.6M/18.5M [00:27<00:19, 397kB/s]
 58%|█████████████████████▉                | 10.7M/18.5M [00:27<00:20, 378kB/s]
 58%|██████████████████████                | 10.7M/18.5M [00:27<00:20, 387kB/s]
 58%|██████████████████████▏               | 10.8M/18.5M [00:28<00:19, 406kB/s]
 58%|██████████████████████▏               | 10.8M/18.5M [00:28<00:19, 387kB/s]
 59%|██████████████████████▎               | 10.9M/18.5M [00:28<00:20, 369kB/s]
 59%|██████████████████████▍               | 10.9M/18.5M [00:28<00:18, 415kB/s]
 59%|██████████████████████▌               | 11.0M/18.5M [00:28<00:25, 295kB/s]
 60%|██████████████████████▋               | 11.0M/18.5M [00:28<00:20, 363kB/s]
 60%|██████████████████████▋               | 11.1M/18.5M [00:28<00:21, 353kB/s]
 60%|██████████████████████▊               | 11.1M/18.5M [00:29<00:22, 328kB/s]
 60%|██████████████████████▉               | 11.2M/18.5M [00:29<00:23, 316kB/s]
 60%|██████████████████████▉               | 11.2M/18.5M [00:29<00:23, 309kB/s]
 61%|███████████████████████               | 11.2M/18.5M [00:29<00:21, 344kB/s]
 61%|███████████████████████▏              | 11.3M/18.5M [00:29<00:22, 321kB/s]
 61%|███████████████████████▏              | 11.3M/18.5M [00:29<00:22, 320kB/s]
 61%|███████████████████████▎              | 11.4M/18.5M [00:29<00:20, 353kB/s]
 62%|███████████████████████▍              | 11.4M/18.5M [00:29<00:20, 341kB/s]
 62%|███████████████████████▍              | 11.4M/18.5M [00:29<00:21, 337kB/s]
 62%|███████████████████████▌              | 11.5M/18.5M [00:30<00:20, 343kB/s]
 62%|███████████████████████▋              | 11.6M/18.5M [00:30<00:19, 352kB/s]
 63%|███████████████████████▊              | 11.6M/18.5M [00:30<00:18, 370kB/s]
 63%|███████████████████████▉              | 11.7M/18.5M [00:30<00:25, 271kB/s]
 63%|████████████████████████              | 11.8M/18.5M [00:30<00:19, 347kB/s]
 64%|████████████████████████▏             | 11.8M/18.5M [00:31<00:20, 327kB/s]
 64%|████████████████████████▎             | 11.9M/18.5M [00:31<00:27, 243kB/s]
 64%|████████████████████████▍             | 11.9M/18.5M [00:31<00:28, 232kB/s]
 65%|████████████████████████▌             | 12.0M/18.5M [00:31<00:24, 268kB/s]
 65%|████████████████████████▌             | 12.0M/18.5M [00:31<00:26, 247kB/s]
 65%|████████████████████████▋             | 12.0M/18.5M [00:32<00:26, 243kB/s]
 65%|████████████████████████▋             | 12.1M/18.5M [00:32<00:25, 256kB/s]
 65%|████████████████████████▊             | 12.1M/18.5M [00:32<00:26, 247kB/s]
 65%|████████████████████████▊             | 12.1M/18.5M [00:32<00:26, 244kB/s]
 66%|████████████████████████▉             | 12.1M/18.5M [00:32<00:28, 221kB/s]
 66%|████████████████████████▉             | 12.2M/18.5M [00:32<00:28, 224kB/s]
 66%|█████████████████████████             | 12.2M/18.5M [00:32<00:27, 227kB/s]
 66%|█████████████████████████▏            | 12.3M/18.5M [00:33<00:25, 243kB/s]
 66%|█████████████████████████▎            | 12.3M/18.5M [00:33<00:25, 240kB/s]
 67%|█████████████████████████▎            | 12.4M/18.5M [00:33<00:25, 238kB/s]
 67%|█████████████████████████▍            | 12.4M/18.5M [00:33<00:26, 235kB/s]
 67%|█████████████████████████▍            | 12.4M/18.5M [00:33<00:26, 232kB/s]
 67%|█████████████████████████▌            | 12.5M/18.5M [00:34<00:24, 245kB/s]
 68%|█████████████████████████▋            | 12.5M/18.5M [00:34<00:24, 241kB/s]
 68%|█████████████████████████▊            | 12.6M/18.5M [00:34<00:23, 252kB/s]
 68%|█████████████████████████▊            | 12.6M/18.5M [00:34<00:24, 246kB/s]
 68%|█████████████████████████▉            | 12.7M/18.5M [00:34<00:23, 253kB/s]
 69%|██████████████████████████            | 12.7M/18.5M [00:34<00:23, 245kB/s]
 69%|██████████████████████████▏           | 12.7M/18.5M [00:35<00:22, 255kB/s]
 69%|██████████████████████████▏           | 12.8M/18.5M [00:35<00:21, 261kB/s]
 69%|██████████████████████████▎           | 12.8M/18.5M [00:35<00:31, 183kB/s]
 70%|██████████████████████████▍           | 12.9M/18.5M [00:35<00:23, 240kB/s]
 70%|██████████████████████████▌           | 12.9M/18.5M [00:35<00:24, 225kB/s]
 70%|██████████████████████████▌           | 13.0M/18.5M [00:36<00:25, 216kB/s]
 70%|██████████████████████████▋           | 13.0M/18.5M [00:36<00:25, 219kB/s]
 70%|██████████████████████████▋           | 13.0M/18.5M [00:36<00:24, 223kB/s]
 71%|██████████████████████████▊           | 13.1M/18.5M [00:36<00:22, 238kB/s]
 71%|██████████████████████████▉           | 13.1M/18.5M [00:36<00:22, 236kB/s]
 71%|███████████████████████████           | 13.2M/18.5M [00:36<00:21, 248kB/s]
 71%|███████████████████████████           | 13.2M/18.5M [00:37<00:20, 254kB/s]
 72%|███████████████████████████▏          | 13.3M/18.5M [00:37<00:20, 259kB/s]
 72%|███████████████████████████▎          | 13.3M/18.5M [00:37<00:27, 193kB/s]
 72%|███████████████████████████▍          | 13.4M/18.5M [00:37<00:24, 213kB/s]
 72%|███████████████████████████▌          | 13.4M/18.5M [00:38<00:21, 242kB/s]
 73%|███████████████████████████▌          | 13.4M/18.5M [00:38<00:22, 226kB/s]
 73%|███████████████████████████▋          | 13.5M/18.5M [00:38<00:22, 228kB/s]
 73%|███████████████████████████▋          | 13.5M/18.5M [00:38<00:21, 228kB/s]
 73%|███████████████████████████▊          | 13.6M/18.5M [00:38<00:20, 242kB/s]
 73%|███████████████████████████▉          | 13.6M/18.5M [00:38<00:20, 237kB/s]
 74%|████████████████████████████          | 13.7M/18.5M [00:39<00:19, 249kB/s]
 74%|████████████████████████████          | 13.7M/18.5M [00:39<00:19, 243kB/s]
 74%|████████████████████████████▏         | 13.8M/18.5M [00:39<00:18, 253kB/s]
 74%|████████████████████████████▎         | 13.8M/18.5M [00:39<00:18, 259kB/s]
 75%|████████████████████████████▍         | 13.8M/18.5M [00:39<00:17, 265kB/s]
 75%|████████████████████████████▌         | 13.9M/18.5M [00:40<00:22, 206kB/s]
 75%|████████████████████████████▋         | 14.0M/18.5M [00:40<00:17, 257kB/s]
 76%|████████████████████████████▋         | 14.0M/18.5M [00:40<00:18, 251kB/s]
 76%|████████████████████████████▊         | 14.0M/18.5M [00:40<00:18, 243kB/s]
 76%|████████████████████████████▉         | 14.1M/18.5M [00:40<00:18, 240kB/s]
 76%|████████████████████████████▉         | 14.1M/18.5M [00:41<00:18, 233kB/s]
 76%|█████████████████████████████         | 14.2M/18.5M [00:41<00:18, 233kB/s]
 77%|█████████████████████████████▏        | 14.2M/18.5M [00:41<00:17, 245kB/s]
 77%|█████████████████████████████▎        | 14.3M/18.5M [00:41<00:16, 255kB/s]
 77%|█████████████████████████████▎        | 14.3M/18.5M [00:41<00:17, 248kB/s]
 77%|█████████████████████████████▍        | 14.4M/18.5M [00:41<00:16, 254kB/s]
 78%|█████████████████████████████▌        | 14.4M/18.5M [00:42<00:15, 261kB/s]
 78%|█████████████████████████████▋        | 14.5M/18.5M [00:42<00:14, 277kB/s]
 78%|█████████████████████████████▋        | 14.5M/18.5M [00:42<00:14, 275kB/s]
 79%|█████████████████████████████▊        | 14.6M/18.5M [00:42<00:14, 273kB/s]
 79%|█████████████████████████████▉        | 14.6M/18.5M [00:42<00:14, 274kB/s]
 79%|██████████████████████████████        | 14.6M/18.5M [00:42<00:14, 275kB/s]
 79%|██████████████████████████████▏       | 14.7M/18.5M [00:43<00:13, 274kB/s]
 80%|██████████████████████████████▏       | 14.7M/18.5M [00:43<00:13, 274kB/s]
 80%|██████████████████████████████▎       | 14.8M/18.5M [00:43<00:13, 273kB/s]
 80%|██████████████████████████████▍       | 14.8M/18.5M [00:43<00:13, 270kB/s]
 80%|██████████████████████████████▌       | 14.9M/18.5M [00:43<00:13, 270kB/s]
 81%|██████████████████████████████▋       | 14.9M/18.5M [00:43<00:13, 271kB/s]
 81%|██████████████████████████████▋       | 15.0M/18.5M [00:44<00:13, 272kB/s]
 81%|██████████████████████████████▊       | 15.0M/18.5M [00:44<00:12, 272kB/s]
 81%|██████████████████████████████▉       | 15.1M/18.5M [00:44<00:12, 271kB/s]
 82%|███████████████████████████████       | 15.1M/18.5M [00:44<00:12, 272kB/s]
 82%|███████████████████████████████▏      | 15.2M/18.5M [00:44<00:12, 274kB/s]
 82%|███████████████████████████████▏      | 15.2M/18.5M [00:45<00:12, 273kB/s]
 82%|███████████████████████████████▎      | 15.3M/18.5M [00:45<00:11, 285kB/s]
 83%|███████████████████████████████▍      | 15.3M/18.5M [00:45<00:11, 282kB/s]
 83%|███████████████████████████████▌      | 15.4M/18.5M [00:45<00:10, 295kB/s]
 83%|███████████████████████████████▋      | 15.4M/18.5M [00:45<00:10, 302kB/s]
 84%|███████████████████████████████▊      | 15.5M/18.5M [00:45<00:09, 308kB/s]
 84%|███████████████████████████████▉      | 15.6M/18.5M [00:46<00:09, 312kB/s]
 84%|████████████████████████████████      | 15.6M/18.5M [00:46<00:08, 329kB/s]
 85%|████████████████████████████████▏     | 15.7M/18.5M [00:46<00:08, 328kB/s]
 85%|████████████████████████████████▎     | 15.7M/18.5M [00:46<00:08, 341kB/s]
 85%|████████████████████████████████▍     | 15.8M/18.5M [00:46<00:07, 349kB/s]
 86%|████████████████████████████████▌     | 15.8M/18.5M [00:47<00:10, 254kB/s]
 86%|████████████████████████████████▌     | 15.9M/18.5M [00:47<00:09, 272kB/s]
 86%|████████████████████████████████▋     | 16.0M/18.5M [00:47<00:08, 286kB/s]
 86%|████████████████████████████████▊     | 16.0M/18.5M [00:47<00:08, 284kB/s]
 87%|████████████████████████████████▉     | 16.1M/18.5M [00:47<00:08, 296kB/s]
 87%|█████████████████████████████████     | 16.1M/18.5M [00:47<00:07, 305kB/s]
 87%|█████████████████████████████████▏    | 16.2M/18.5M [00:48<00:07, 324kB/s]
 88%|█████████████████████████████████▎    | 16.2M/18.5M [00:48<00:07, 324kB/s]
 88%|█████████████████████████████████▍    | 16.3M/18.5M [00:48<00:06, 333kB/s]
 88%|█████████████████████████████████▌    | 16.4M/18.5M [00:48<00:06, 345kB/s]
 89%|█████████████████████████████████▋    | 16.4M/18.5M [00:48<00:05, 367kB/s]
 89%|█████████████████████████████████▊    | 16.5M/18.5M [00:49<00:05, 369kB/s]
 89%|█████████████████████████████████▉    | 16.6M/18.5M [00:49<00:05, 369kB/s]
 90%|██████████████████████████████████▏   | 16.6M/18.5M [00:49<00:04, 384kB/s]
 90%|██████████████████████████████████▎   | 16.7M/18.5M [00:49<00:04, 397kB/s]
 91%|██████████████████████████████████▍   | 16.8M/18.5M [00:49<00:04, 401kB/s]
 91%|██████████████████████████████████▌   | 16.9M/18.5M [00:49<00:04, 401kB/s]
 91%|██████████████████████████████████▋   | 16.9M/18.5M [00:50<00:03, 404kB/s]
 92%|██████████████████████████████████▊   | 17.0M/18.5M [00:50<00:03, 409kB/s]
 92%|███████████████████████████████████   | 17.1M/18.5M [00:50<00:03, 411kB/s]
 92%|███████████████████████████████████▏  | 17.1M/18.5M [00:50<00:03, 407kB/s]
 93%|███████████████████████████████████▎  | 17.2M/18.5M [00:50<00:03, 410kB/s]
 93%|███████████████████████████████████▍  | 17.3M/18.5M [00:50<00:03, 413kB/s]
 94%|███████████████████████████████████▌  | 17.4M/18.5M [00:51<00:02, 416kB/s]
 94%|███████████████████████████████████▋  | 17.4M/18.5M [00:51<00:02, 416kB/s]
 94%|███████████████████████████████████▉  | 17.5M/18.5M [00:51<00:02, 415kB/s]
 95%|████████████████████████████████████  | 17.6M/18.5M [00:51<00:02, 415kB/s]
 95%|████████████████████████████████████▏ | 17.6M/18.5M [00:51<00:02, 416kB/s]
 96%|████████████████████████████████████▎ | 17.7M/18.5M [00:51<00:01, 416kB/s]
 96%|████████████████████████████████████▍ | 17.8M/18.5M [00:52<00:01, 418kB/s]
 96%|████████████████████████████████████▌ | 17.9M/18.5M [00:52<00:01, 418kB/s]
 97%|████████████████████████████████████▊ | 17.9M/18.5M [00:52<00:01, 418kB/s]
 97%|████████████████████████████████████▉ | 18.0M/18.5M [00:52<00:01, 424kB/s]
 98%|█████████████████████████████████████ | 18.1M/18.5M [00:52<00:01, 423kB/s]
 98%|█████████████████████████████████████▏| 18.2M/18.5M [00:52<00:00, 430kB/s]
 98%|█████████████████████████████████████▎| 18.2M/18.5M [00:53<00:00, 433kB/s]
 99%|█████████████████████████████████████▍| 18.3M/18.5M [00:53<00:00, 297kB/s]
 99%|█████████████████████████████████████▊| 18.4M/18.5M [00:53<00:00, 421kB/s]
100%|█████████████████████████████████████▊| 18.5M/18.5M [00:53<00:00, 431kB/s]
100%|█████████████████████████████████████▉| 18.5M/18.5M [00:53<00:00, 422kB/s]
  0%|                                              | 0.00/18.5M [00:00<?, ?B/s]
100%|█████████████████████████████████████| 18.5M/18.5M [00:00<00:00, 49.4GB/s]
SHA256 hash of downloaded file: 46f42354ec901ea24a3a5f5a7755af7e3bedc5b3f1ac5d0094f6874f9132e53c
Use this value as the 'known_hash' argument of 'pooch.retrieve' to ensure that the file hasn't changed if it is downloaded again in the future.
Downloading data from 'https://lampx.tugraz.at/~bci/database/009-2014/A06S.mat' to file '/Users/lunawang/mne_data/MNE-bnci-data/~bci/database/009-2014/A06S.mat'.

  0%|                                              | 0.00/18.5M [00:00<?, ?B/s]
  0%|                                     | 8.19k/18.5M [00:00<06:18, 49.0kB/s]
  0%|                                      | 32.8k/18.5M [00:00<02:56, 105kB/s]
  0%|▏                                     | 64.5k/18.5M [00:00<02:11, 141kB/s]
  0%|▏                                     | 88.1k/18.5M [00:00<02:11, 141kB/s]
  1%|▎                                      | 121k/18.5M [00:00<01:56, 158kB/s]
  1%|▎                                      | 153k/18.5M [00:01<01:49, 167kB/s]
  1%|▍                                      | 184k/18.5M [00:01<01:49, 168kB/s]
  1%|▍                                      | 224k/18.5M [00:01<01:37, 188kB/s]
  1%|▌                                      | 256k/18.5M [00:01<01:37, 187kB/s]
  2%|▌                                      | 296k/18.5M [00:01<01:30, 201kB/s]
  2%|▋                                      | 337k/18.5M [00:01<01:25, 213kB/s]
  2%|▊                                      | 377k/18.5M [00:02<01:22, 219kB/s]
  2%|▉                                      | 424k/18.5M [00:02<01:16, 236kB/s]
  3%|▉                                      | 472k/18.5M [00:02<01:12, 249kB/s]
  3%|█                                      | 520k/18.5M [00:02<01:09, 258kB/s]
  3%|█▏                                     | 568k/18.5M [00:02<01:07, 266kB/s]
  3%|█▎                                     | 625k/18.5M [00:02<01:02, 285kB/s]
  4%|█▍                                     | 680k/18.5M [00:03<01:00, 296kB/s]
  4%|█▌                                     | 744k/18.5M [00:03<00:55, 319kB/s]
  4%|█▋                                     | 801k/18.5M [00:03<00:54, 323kB/s]
  5%|█▊                                     | 864k/18.5M [00:03<00:52, 337kB/s]
  5%|█▉                                     | 929k/18.5M [00:03<00:50, 348kB/s]
  5%|██                                    | 1.00M/18.5M [00:03<00:47, 369kB/s]
  6%|██▏                                   | 1.07M/18.5M [00:04<00:45, 384kB/s]
  6%|██▎                                   | 1.15M/18.5M [00:04<00:42, 408kB/s]
  7%|██▌                                   | 1.22M/18.5M [00:04<00:41, 414kB/s]
  7%|██▋                                   | 1.30M/18.5M [00:04<00:40, 430kB/s]
  8%|██▊                                   | 1.39M/18.5M [00:04<00:37, 455kB/s]
  8%|███                                   | 1.48M/18.5M [00:04<00:36, 471kB/s]
  8%|███▏                                  | 1.57M/18.5M [00:05<00:35, 484kB/s]
  9%|███▍                                  | 1.66M/18.5M [00:05<00:33, 505kB/s]
  9%|███▌                                  | 1.76M/18.5M [00:05<00:41, 401kB/s]
 10%|███▉                                  | 1.93M/18.5M [00:05<00:30, 543kB/s]
 11%|████                                  | 2.01M/18.5M [00:06<00:31, 522kB/s]
 11%|████▎                                 | 2.09M/18.5M [00:06<00:32, 509kB/s]
 12%|████▍                                 | 2.17M/18.5M [00:06<00:32, 501kB/s]
 12%|████▋                                 | 2.26M/18.5M [00:06<00:32, 504kB/s]
 13%|████▊                                 | 2.35M/18.5M [00:06<00:31, 519kB/s]
 13%|█████                                 | 2.44M/18.5M [00:06<00:31, 518kB/s]
 14%|█████▏                                | 2.54M/18.5M [00:07<00:30, 527kB/s]
 14%|█████▍                                | 2.63M/18.5M [00:07<00:30, 528kB/s]
 15%|█████▌                                | 2.74M/18.5M [00:07<00:28, 550kB/s]
 15%|█████▊                                | 2.82M/18.5M [00:07<00:38, 406kB/s]
 16%|██████                                | 2.97M/18.5M [00:07<00:29, 525kB/s]
 16%|██████▏                               | 3.04M/18.5M [00:08<00:31, 497kB/s]
 17%|██████▍                               | 3.11M/18.5M [00:08<00:32, 475kB/s]
 17%|██████▌                               | 3.19M/18.5M [00:08<00:32, 468kB/s]
 18%|██████▋                               | 3.26M/18.5M [00:08<00:33, 454kB/s]
 18%|██████▊                               | 3.34M/18.5M [00:08<00:33, 458kB/s]
 18%|███████                               | 3.42M/18.5M [00:08<00:32, 460kB/s]
 19%|███████▏                              | 3.50M/18.5M [00:09<00:32, 462kB/s]
 19%|███████▎                              | 3.59M/18.5M [00:09<00:31, 478kB/s]
 20%|███████▌                              | 3.67M/18.5M [00:09<00:31, 475kB/s]
 20%|███████▋                              | 3.76M/18.5M [00:09<00:30, 487kB/s]
 21%|███████▊                              | 3.84M/18.5M [00:09<00:30, 484kB/s]
 21%|████████                              | 3.93M/18.5M [00:09<00:29, 491kB/s]
 22%|████████▏                             | 4.02M/18.5M [00:10<00:29, 498kB/s]
 22%|████████▍                             | 4.10M/18.5M [00:10<00:29, 489kB/s]
 23%|████████▌                             | 4.18M/18.5M [00:10<00:28, 496kB/s]
 23%|████████▊                             | 4.27M/18.5M [00:10<00:28, 500kB/s]
 23%|████████▉                             | 4.35M/18.5M [00:10<00:28, 489kB/s]
 24%|█████████                             | 4.44M/18.5M [00:11<00:28, 496kB/s]
 24%|█████████▎                            | 4.53M/18.5M [00:11<00:27, 501kB/s]
 25%|█████████▍                            | 4.61M/18.5M [00:11<00:28, 489kB/s]
 25%|█████████▋                            | 4.70M/18.5M [00:11<00:27, 496kB/s]
 26%|█████████▊                            | 4.78M/18.5M [00:11<00:27, 502kB/s]
 26%|█████████▉                            | 4.86M/18.5M [00:11<00:27, 493kB/s]
 27%|██████████▏                           | 4.95M/18.5M [00:12<00:27, 499kB/s]
 27%|██████████▎                           | 5.00M/18.5M [00:12<00:36, 374kB/s]
 27%|██████████▍                           | 5.07M/18.5M [00:12<00:35, 384kB/s]
 28%|██████████▌                           | 5.18M/18.5M [00:12<00:30, 445kB/s]
 28%|██████████▋                           | 5.24M/18.5M [00:12<00:31, 426kB/s]
 29%|██████████▉                           | 5.30M/18.5M [00:12<00:32, 409kB/s]
 29%|███████████                           | 5.38M/18.5M [00:13<00:31, 412kB/s]
 29%|███████████▏                          | 5.45M/18.5M [00:13<00:31, 414kB/s]
 30%|███████████▎                          | 5.52M/18.5M [00:13<00:31, 412kB/s]
 30%|███████████▍                          | 5.59M/18.5M [00:13<00:31, 408kB/s]
 31%|███████████▋                          | 5.67M/18.5M [00:13<00:31, 415kB/s]
 31%|███████████▊                          | 5.75M/18.5M [00:14<00:29, 431kB/s]
 31%|███████████▉                          | 5.83M/18.5M [00:14<00:28, 441kB/s]
 32%|████████████                          | 5.91M/18.5M [00:14<00:28, 448kB/s]
 32%|████████████▎                         | 5.99M/18.5M [00:14<00:27, 453kB/s]
 33%|████████████▍                         | 6.08M/18.5M [00:14<00:26, 472kB/s]
 33%|████████████▋                         | 6.16M/18.5M [00:14<00:26, 470kB/s]
 34%|████████████▊                         | 6.25M/18.5M [00:15<00:25, 481kB/s]
 34%|████████████▉                         | 6.34M/18.5M [00:15<00:24, 491kB/s]
 35%|█████████████▏                        | 6.42M/18.5M [00:15<00:25, 483kB/s]
 35%|█████████████▎                        | 6.50M/18.5M [00:15<00:24, 491kB/s]
 36%|█████████████▌                        | 6.59M/18.5M [00:15<00:24, 493kB/s]
 36%|█████████████▋                        | 6.67M/18.5M [00:15<00:24, 486kB/s]
 36%|█████████████▊                        | 6.76M/18.5M [00:16<00:23, 493kB/s]
 37%|██████████████                        | 6.85M/18.5M [00:16<00:23, 498kB/s]
 37%|██████████████▏                       | 6.93M/18.5M [00:16<00:23, 490kB/s]
 38%|██████████████▍                       | 7.02M/18.5M [00:16<00:23, 497kB/s]
 38%|██████████████▌                       | 7.10M/18.5M [00:16<00:22, 499kB/s]
 39%|██████████████▋                       | 7.18M/18.5M [00:16<00:23, 490kB/s]
 39%|██████████████▉                       | 7.27M/18.5M [00:17<00:22, 498kB/s]
 40%|███████████████                       | 7.35M/18.5M [00:17<00:22, 487kB/s]
 40%|███████████████▎                      | 7.44M/18.5M [00:17<00:22, 495kB/s]
 41%|███████████████▍                      | 7.53M/18.5M [00:17<00:22, 498kB/s]
 41%|███████████████▌                      | 7.61M/18.5M [00:18<00:29, 375kB/s]
 42%|███████████████▉                      | 7.75M/18.5M [00:18<00:21, 492kB/s]
 42%|████████████████                      | 7.82M/18.5M [00:18<00:23, 460kB/s]
 43%|████████████████▏                     | 7.89M/18.5M [00:18<00:23, 447kB/s]
 43%|████████████████▎                     | 7.94M/18.5M [00:18<00:32, 322kB/s]
 43%|████████████████▌                     | 8.05M/18.5M [00:19<00:26, 389kB/s]
 44%|████████████████▌                     | 8.10M/18.5M [00:19<00:28, 369kB/s]
 44%|████████████████▋                     | 8.15M/18.5M [00:19<00:41, 249kB/s]
 45%|████████████████▉                     | 8.25M/18.5M [00:19<00:32, 316kB/s]
 45%|████████████████▉                     | 8.29M/18.5M [00:19<00:34, 295kB/s]
 45%|█████████████████                     | 8.33M/18.5M [00:20<00:36, 278kB/s]
 45%|█████████████████▏                    | 8.37M/18.5M [00:20<00:38, 266kB/s]
 45%|█████████████████▏                    | 8.41M/18.5M [00:20<00:38, 264kB/s]
 46%|█████████████████▎                    | 8.45M/18.5M [00:20<00:39, 255kB/s]
 46%|█████████████████▍                    | 8.50M/18.5M [00:20<00:38, 262kB/s]
 46%|█████████████████▌                    | 8.54M/18.5M [00:21<00:38, 260kB/s]
 46%|█████████████████▌                    | 8.58M/18.5M [00:21<00:38, 258kB/s]
 47%|█████████████████▋                    | 8.63M/18.5M [00:21<00:37, 265kB/s]
 47%|█████████████████▊                    | 8.68M/18.5M [00:21<00:36, 269kB/s]
 47%|█████████████████▉                    | 8.72M/18.5M [00:21<00:38, 258kB/s]
 47%|█████████████████▉                    | 8.77M/18.5M [00:21<00:36, 265kB/s]
 48%|██████████████████                    | 8.81M/18.5M [00:22<00:49, 194kB/s]
 48%|██████████████████▏                   | 8.88M/18.5M [00:22<00:39, 247kB/s]
 48%|██████████████████▎                   | 8.91M/18.5M [00:22<00:40, 236kB/s]
 48%|██████████████████▎                   | 8.94M/18.5M [00:22<00:42, 224kB/s]
 48%|██████████████████▍                   | 8.98M/18.5M [00:22<00:42, 227kB/s]
 49%|██████████████████▍                   | 9.02M/18.5M [00:23<00:44, 215kB/s]
 49%|██████████████████▌                   | 9.06M/18.5M [00:23<00:43, 220kB/s]
 49%|██████████████████▋                   | 9.10M/18.5M [00:23<00:42, 224kB/s]
 49%|██████████████████▊                   | 9.14M/18.5M [00:23<00:39, 240kB/s]
 50%|██████████████████▊                   | 9.18M/18.5M [00:23<00:39, 237kB/s]
 50%|██████████████████▉                   | 9.23M/18.5M [00:23<00:37, 250kB/s]
 50%|███████████████████                   | 9.27M/18.5M [00:24<00:37, 244kB/s]
 50%|███████████████████                   | 9.32M/18.5M [00:24<00:36, 251kB/s]
 51%|███████████████████▏                  | 9.37M/18.5M [00:24<00:35, 259kB/s]
 51%|███████████████████▎                  | 9.41M/18.5M [00:24<00:36, 251kB/s]
 51%|███████████████████▍                  | 9.46M/18.5M [00:24<00:35, 259kB/s]
 51%|███████████████████▍                  | 9.50M/18.5M [00:24<00:34, 265kB/s]
 52%|███████████████████▌                  | 9.54M/18.5M [00:25<00:35, 255kB/s]
 52%|███████████████████▋                  | 9.59M/18.5M [00:25<00:33, 263kB/s]
 52%|███████████████████▊                  | 9.64M/18.5M [00:25<00:33, 266kB/s]
 52%|███████████████████▊                  | 9.69M/18.5M [00:25<00:32, 271kB/s]
 52%|███████████████████▉                  | 9.73M/18.5M [00:25<00:33, 259kB/s]
 53%|████████████████████                  | 9.78M/18.5M [00:26<00:33, 264kB/s]
 53%|████████████████████▏                 | 9.82M/18.5M [00:26<00:32, 269kB/s]
 53%|████████████████████▏                 | 9.86M/18.5M [00:27<01:18, 110kB/s]
 53%|███████████████████▋                 | 9.88M/18.5M [00:27<01:53, 76.3kB/s]
 53%|███████████████████▊                 | 9.90M/18.5M [00:27<01:46, 81.0kB/s]
 54%|███████████████████▊                 | 9.94M/18.5M [00:28<01:27, 98.5kB/s]
 54%|████████████████████▍                 | 9.97M/18.5M [00:28<01:14, 114kB/s]
 54%|████████████████████▌                 | 10.0M/18.5M [00:28<01:06, 129kB/s]
 54%|████████████████████▌                 | 10.0M/18.5M [00:28<00:55, 153kB/s]
 54%|████████████████████▋                 | 10.1M/18.5M [00:28<00:52, 161kB/s]
 55%|████████████████████▋                 | 10.1M/18.5M [00:29<00:46, 179kB/s]
 55%|████████████████████▊                 | 10.2M/18.5M [00:29<00:43, 194kB/s]
 55%|████████████████████▉                 | 10.2M/18.5M [00:29<00:38, 218kB/s]
 55%|████████████████████▉                 | 10.2M/18.5M [00:29<00:37, 222kB/s]
 56%|█████████████████████                 | 10.3M/18.5M [00:29<00:34, 239kB/s]
 56%|█████████████████████▏                | 10.3M/18.5M [00:29<00:30, 265kB/s]
 56%|█████████████████████▎                | 10.4M/18.5M [00:30<00:30, 269kB/s]
 56%|█████████████████████▍                | 10.4M/18.5M [00:30<00:28, 286kB/s]
 57%|█████████████████████▌                | 10.5M/18.5M [00:31<00:56, 143kB/s]
 57%|█████████████████████▌                | 10.5M/18.5M [00:31<01:19, 101kB/s]
 57%|█████████████████████                | 10.6M/18.5M [00:32<01:42, 77.9kB/s]
 57%|█████████████████████                | 10.6M/18.5M [00:32<01:39, 80.0kB/s]
 57%|█████████████████████▊                | 10.6M/18.5M [00:32<01:10, 112kB/s]
 58%|█████████████████████▊                | 10.7M/18.5M [00:32<00:55, 141kB/s]
 58%|█████████████████████▉                | 10.7M/18.5M [00:32<00:46, 170kB/s]
 58%|██████████████████████                | 10.8M/18.5M [00:33<00:40, 191kB/s]
 58%|██████████████████████▏               | 10.8M/18.5M [00:33<00:34, 224kB/s]
 59%|██████████████████████▎               | 10.9M/18.5M [00:33<00:30, 249kB/s]
 59%|██████████████████████▍               | 10.9M/18.5M [00:33<00:28, 265kB/s]
 59%|██████████████████████▌               | 11.0M/18.5M [00:33<00:26, 281kB/s]
 60%|██████████████████████▋               | 11.0M/18.5M [00:33<00:24, 302kB/s]
 60%|██████████████████████▊               | 11.1M/18.5M [00:34<00:24, 307kB/s]
 60%|██████████████████████▉               | 11.2M/18.5M [00:34<00:22, 324kB/s]
 60%|██████████████████████▉               | 11.2M/18.5M [00:35<00:56, 129kB/s]
 61%|██████████████████████▍              | 11.2M/18.5M [00:35<01:21, 89.6kB/s]
 61%|██████████████████████▍              | 11.2M/18.5M [00:36<01:19, 91.9kB/s]
 61%|██████████████████████▍              | 11.3M/18.5M [00:36<01:18, 92.4kB/s]
 61%|██████████████████████▌              | 11.3M/18.5M [00:36<01:16, 95.2kB/s]
 61%|███████████████████████▏              | 11.3M/18.5M [00:36<00:58, 124kB/s]
 61%|███████████████████████▎              | 11.4M/18.5M [00:36<00:44, 160kB/s]
 62%|███████████████████████▍              | 11.4M/18.5M [00:36<00:37, 188kB/s]
 62%|███████████████████████▌              | 11.5M/18.5M [00:37<00:31, 222kB/s]
 62%|███████████████████████▌              | 11.5M/18.5M [00:37<00:29, 235kB/s]
 62%|███████████████████████▋              | 11.6M/18.5M [00:37<00:26, 261kB/s]
 63%|███████████████████████▊              | 11.6M/18.5M [00:37<00:24, 287kB/s]
 63%|███████████████████████▉              | 11.7M/18.5M [00:37<00:23, 297kB/s]
 63%|████████████████████████              | 11.7M/18.5M [00:37<00:22, 306kB/s]
 64%|████████████████████████▏             | 11.8M/18.5M [00:38<00:20, 326kB/s]
 64%|████████████████████████▎             | 11.9M/18.5M [00:38<00:20, 326kB/s]
 64%|████████████████████████▍             | 11.9M/18.5M [00:38<00:28, 233kB/s]
 64%|████████████████████████▍             | 11.9M/18.5M [00:38<00:29, 222kB/s]
 65%|████████████████████████▌             | 12.0M/18.5M [00:38<00:31, 210kB/s]
 65%|████████████████████████▌             | 12.0M/18.5M [00:39<00:31, 209kB/s]
 65%|████████████████████████▋             | 12.0M/18.5M [00:39<00:29, 218kB/s]
 65%|████████████████████████▊             | 12.1M/18.5M [00:39<00:27, 237kB/s]
 65%|████████████████████████▊             | 12.1M/18.5M [00:39<00:25, 250kB/s]
 66%|████████████████████████▉             | 12.2M/18.5M [00:39<00:24, 259kB/s]
 66%|█████████████████████████             | 12.2M/18.5M [00:39<00:22, 281kB/s]
 66%|█████████████████████████▏            | 12.3M/18.5M [00:40<00:21, 293kB/s]
 67%|█████████████████████████▎            | 12.3M/18.5M [00:40<00:21, 291kB/s]
 67%|█████████████████████████▍            | 12.4M/18.5M [00:40<00:18, 330kB/s]
 67%|█████████████████████████▍            | 12.4M/18.5M [00:40<00:19, 315kB/s]
 67%|█████████████████████████▌            | 12.5M/18.5M [00:40<00:19, 314kB/s]
 68%|█████████████████████████▋            | 12.5M/18.5M [00:40<00:19, 309kB/s]
 68%|█████████████████████████▊            | 12.6M/18.5M [00:40<00:18, 330kB/s]
 68%|█████████████████████████▉            | 12.6M/18.5M [00:41<00:17, 328kB/s]
 69%|██████████████████████████            | 12.7M/18.5M [00:41<00:17, 343kB/s]
 69%|██████████████████████████▏           | 12.8M/18.5M [00:41<00:17, 339kB/s]
 69%|██████████████████████████▎           | 12.8M/18.5M [00:41<00:16, 349kB/s]
 69%|██████████████████████████▍           | 12.9M/18.5M [00:41<00:16, 343kB/s]
 70%|██████████████████████████▌           | 12.9M/18.5M [00:42<00:15, 352kB/s]
 70%|██████████████████████████▋           | 13.0M/18.5M [00:42<00:15, 357kB/s]
 70%|██████████████████████████▋           | 13.0M/18.5M [00:43<00:38, 142kB/s]
 71%|██████████████████████████▊           | 13.1M/18.5M [00:43<00:50, 108kB/s]
 71%|██████████████████████████▊           | 13.1M/18.5M [00:43<00:49, 109kB/s]
 71%|██████████████████████████▉           | 13.1M/18.5M [00:43<00:49, 109kB/s]
 71%|██████████████████████████▉           | 13.1M/18.5M [00:44<00:47, 113kB/s]
 71%|███████████████████████████           | 13.2M/18.5M [00:44<00:38, 140kB/s]
 71%|███████████████████████████           | 13.2M/18.5M [00:44<00:30, 172kB/s]
 72%|███████████████████████████▏          | 13.3M/18.5M [00:44<00:26, 198kB/s]
 72%|███████████████████████████▎          | 13.3M/18.5M [00:44<00:22, 230kB/s]
 72%|███████████████████████████▍          | 13.4M/18.5M [00:45<00:21, 243kB/s]
 72%|███████████████████████████▌          | 13.4M/18.5M [00:45<00:19, 267kB/s]
 73%|███████████████████████████▋          | 13.5M/18.5M [00:45<00:17, 281kB/s]
 73%|███████████████████████████▊          | 13.5M/18.5M [00:45<00:16, 306kB/s]
 73%|███████████████████████████▉          | 13.6M/18.5M [00:45<00:15, 322kB/s]
 74%|████████████████████████████          | 13.7M/18.5M [00:45<00:14, 336kB/s]
 74%|████████████████████████████▏         | 13.7M/18.5M [00:46<00:13, 356kB/s]
 75%|████████████████████████████▎         | 13.8M/18.5M [00:46<00:12, 374kB/s]
 75%|████████████████████████████▍         | 13.9M/18.5M [00:46<00:20, 231kB/s]
 75%|████████████████████████████▌         | 13.9M/18.5M [00:47<00:32, 140kB/s]
 75%|████████████████████████████▌         | 14.0M/18.5M [00:47<00:37, 121kB/s]
 75%|████████████████████████████▋         | 14.0M/18.5M [00:48<00:38, 119kB/s]
 75%|████████████████████████████▋         | 14.0M/18.5M [00:48<00:39, 115kB/s]
 76%|████████████████████████████▋         | 14.0M/18.5M [00:48<00:38, 118kB/s]
 76%|████████████████████████████▊         | 14.1M/18.5M [00:48<00:26, 167kB/s]
 76%|████████████████████████████▉         | 14.1M/18.5M [00:48<00:20, 216kB/s]
 77%|█████████████████████████████         | 14.2M/18.5M [00:48<00:16, 257kB/s]
 77%|█████████████████████████████▎        | 14.3M/18.5M [00:49<00:14, 300kB/s]
 77%|█████████████████████████████▍        | 14.3M/18.5M [00:49<00:12, 332kB/s]
 78%|█████████████████████████████▌        | 14.4M/18.5M [00:49<00:11, 357kB/s]
 78%|█████████████████████████████▋        | 14.5M/18.5M [00:49<00:10, 374kB/s]
 79%|█████████████████████████████▊        | 14.6M/18.5M [00:49<00:09, 399kB/s]
 79%|██████████████████████████████        | 14.6M/18.5M [00:49<00:09, 404kB/s]
 79%|██████████████████████████████▏       | 14.7M/18.5M [00:50<00:09, 421kB/s]
 80%|██████████████████████████████▎       | 14.8M/18.5M [00:50<00:08, 434kB/s]
 80%|██████████████████████████████▍       | 14.9M/18.5M [00:50<00:14, 251kB/s]
 80%|██████████████████████████████▌       | 14.9M/18.5M [00:51<00:25, 141kB/s]
 81%|██████████████████████████████▌       | 14.9M/18.5M [00:51<00:26, 137kB/s]
 81%|██████████████████████████████▋       | 15.0M/18.5M [00:52<00:26, 135kB/s]
 81%|██████████████████████████████▋       | 15.0M/18.5M [00:52<00:25, 138kB/s]
 81%|██████████████████████████████▊       | 15.0M/18.5M [00:52<00:20, 172kB/s]
 81%|██████████████████████████████▉       | 15.1M/18.5M [00:52<00:15, 216kB/s]
 82%|███████████████████████████████       | 15.2M/18.5M [00:52<00:13, 252kB/s]
 82%|███████████████████████████████▏      | 15.2M/18.5M [00:52<00:11, 284kB/s]
 82%|███████████████████████████████▎      | 15.3M/18.5M [00:53<00:10, 321kB/s]
 83%|███████████████████████████████▍      | 15.4M/18.5M [00:53<00:09, 349kB/s]
 83%|███████████████████████████████▋      | 15.4M/18.5M [00:53<00:08, 383kB/s]
 84%|███████████████████████████████▊      | 15.5M/18.5M [00:53<00:07, 394kB/s]
 84%|███████████████████████████████▉      | 15.6M/18.5M [00:53<00:07, 414kB/s]
 85%|████████████████████████████████▏     | 15.7M/18.5M [00:53<00:06, 430kB/s]
 85%|████████████████████████████████▎     | 15.8M/18.5M [00:54<00:06, 440kB/s]
 85%|████████████████████████████████▍     | 15.8M/18.5M [00:54<00:06, 448kB/s]
 86%|████████████████████████████████▌     | 15.9M/18.5M [00:54<00:08, 306kB/s]
 86%|████████████████████████████████▊     | 16.0M/18.5M [00:54<00:06, 393kB/s]
 87%|████████████████████████████████▉     | 16.0M/18.5M [00:54<00:06, 406kB/s]
 87%|█████████████████████████████████     | 16.1M/18.5M [00:55<00:06, 398kB/s]
 87%|█████████████████████████████████▏    | 16.2M/18.5M [00:55<00:05, 428kB/s]
 88%|█████████████████████████████████▎    | 16.2M/18.5M [00:55<00:06, 381kB/s]
 88%|█████████████████████████████████▎    | 16.3M/18.5M [00:55<00:06, 369kB/s]
 88%|█████████████████████████████████▍    | 16.3M/18.5M [00:55<00:05, 369kB/s]
 88%|█████████████████████████████████▌    | 16.4M/18.5M [00:55<00:05, 385kB/s]
 89%|█████████████████████████████████▊    | 16.5M/18.5M [00:56<00:05, 397kB/s]
 89%|█████████████████████████████████▉    | 16.5M/18.5M [00:56<00:04, 448kB/s]
 89%|██████████████████████████████████    | 16.6M/18.5M [00:56<00:04, 440kB/s]
 90%|██████████████████████████████████    | 16.6M/18.5M [00:56<00:04, 429kB/s]
 90%|██████████████████████████████████▏   | 16.7M/18.5M [00:56<00:06, 290kB/s]
 90%|██████████████████████████████████▎   | 16.8M/18.5M [00:56<00:05, 340kB/s]
 91%|██████████████████████████████████▌   | 16.8M/18.5M [00:56<00:03, 441kB/s]
 91%|██████████████████████████████████▋   | 16.9M/18.5M [00:57<00:04, 402kB/s]
 91%|██████████████████████████████████▋   | 16.9M/18.5M [00:57<00:04, 363kB/s]
 92%|██████████████████████████████████▊   | 17.0M/18.5M [00:57<00:04, 362kB/s]
 92%|██████████████████████████████████▉   | 17.0M/18.5M [00:57<00:04, 344kB/s]
 92%|███████████████████████████████████   | 17.1M/18.5M [00:57<00:04, 335kB/s]
 92%|███████████████████████████████████▏  | 17.1M/18.5M [00:57<00:03, 383kB/s]
 93%|███████████████████████████████████▏  | 17.2M/18.5M [00:57<00:03, 347kB/s]
 93%|███████████████████████████████████▎  | 17.2M/18.5M [00:58<00:05, 228kB/s]
 93%|███████████████████████████████████▍  | 17.3M/18.5M [00:58<00:03, 308kB/s]
 94%|███████████████████████████████████▌  | 17.4M/18.5M [00:58<00:04, 292kB/s]
 94%|███████████████████████████████████▋  | 17.4M/18.5M [00:58<00:04, 239kB/s]
 94%|███████████████████████████████████▊  | 17.4M/18.5M [00:59<00:03, 280kB/s]
 94%|███████████████████████████████████▊  | 17.5M/18.5M [00:59<00:04, 236kB/s]
 94%|███████████████████████████████████▉  | 17.5M/18.5M [00:59<00:04, 210kB/s]
 95%|███████████████████████████████████▉  | 17.5M/18.5M [00:59<00:04, 205kB/s]
 95%|███████████████████████████████████▉  | 17.5M/18.5M [00:59<00:05, 181kB/s]
 95%|████████████████████████████████████  | 17.6M/18.5M [00:59<00:06, 150kB/s]
 95%|████████████████████████████████████  | 17.6M/18.5M [01:00<00:07, 127kB/s]
 95%|████████████████████████████████████  | 17.6M/18.5M [01:00<00:08, 115kB/s]
 95%|████████████████████████████████████  | 17.6M/18.5M [01:00<00:07, 122kB/s]
 95%|████████████████████████████████████▏ | 17.6M/18.5M [01:00<00:08, 108kB/s]
 95%|███████████████████████████████████▏ | 17.6M/18.5M [01:00<00:09, 95.6kB/s]
 95%|███████████████████████████████████▎ | 17.7M/18.5M [01:00<00:09, 93.5kB/s]
 95%|███████████████████████████████████▎ | 17.7M/18.5M [01:01<00:09, 86.2kB/s]
 95%|███████████████████████████████████▎ | 17.7M/18.5M [01:01<00:09, 88.8kB/s]
 96%|███████████████████████████████████▎ | 17.7M/18.5M [01:01<00:09, 88.8kB/s]
 96%|███████████████████████████████████▍ | 17.7M/18.5M [01:01<00:08, 90.7kB/s]
 96%|███████████████████████████████████▍ | 17.7M/18.5M [01:01<00:08, 91.8kB/s]
 96%|███████████████████████████████████▍ | 17.8M/18.5M [01:02<00:08, 91.1kB/s]
 96%|███████████████████████████████████▍ | 17.8M/18.5M [01:02<00:07, 99.0kB/s]
 96%|███████████████████████████████████▌ | 17.8M/18.5M [01:02<00:07, 97.4kB/s]
 96%|████████████████████████████████████▌ | 17.8M/18.5M [01:02<00:07, 103kB/s]
 96%|███████████████████████████████████▌ | 17.8M/18.5M [01:03<00:11, 63.6kB/s]
 96%|███████████████████████████████████▋ | 17.9M/18.5M [01:03<00:07, 88.8kB/s]
 96%|███████████████████████████████████▋ | 17.9M/18.5M [01:03<00:07, 83.4kB/s]
 96%|███████████████████████████████████▋ | 17.9M/18.5M [01:03<00:08, 80.4kB/s]
 97%|███████████████████████████████████▋ | 17.9M/18.5M [01:03<00:07, 83.9kB/s]
 97%|███████████████████████████████████▊ | 17.9M/18.5M [01:03<00:06, 98.2kB/s]
 97%|███████████████████████████████████▊ | 17.9M/18.5M [01:04<00:06, 97.6kB/s]
 97%|████████████████████████████████████▊ | 18.0M/18.5M [01:04<00:05, 109kB/s]
 97%|████████████████████████████████████▊ | 18.0M/18.5M [01:04<00:05, 105kB/s]
 97%|████████████████████████████████████▉ | 18.0M/18.5M [01:04<00:04, 116kB/s]
 97%|████████████████████████████████████▉ | 18.0M/18.5M [01:04<00:04, 122kB/s]
 97%|████████████████████████████████████▉ | 18.0M/18.5M [01:04<00:04, 114kB/s]
 97%|█████████████████████████████████████ | 18.1M/18.5M [01:05<00:03, 121kB/s]
 98%|█████████████████████████████████████ | 18.1M/18.5M [01:05<00:03, 114kB/s]
 98%|█████████████████████████████████████ | 18.1M/18.5M [01:05<00:03, 120kB/s]
 98%|█████████████████████████████████████▏| 18.1M/18.5M [01:05<00:03, 127kB/s]
 98%|█████████████████████████████████████▏| 18.1M/18.5M [01:05<00:03, 117kB/s]
 98%|█████████████████████████████████████▎| 18.2M/18.5M [01:05<00:02, 125kB/s]
 98%|█████████████████████████████████████▎| 18.2M/18.5M [01:06<00:02, 129kB/s]
 98%|█████████████████████████████████████▎| 18.2M/18.5M [01:06<00:02, 131kB/s]
 98%|█████████████████████████████████████▍| 18.2M/18.5M [01:06<00:02, 135kB/s]
 99%|█████████████████████████████████████▍| 18.3M/18.5M [01:06<00:01, 137kB/s]
 99%|█████████████████████████████████████▌| 18.3M/18.5M [01:06<00:01, 139kB/s]
 99%|█████████████████████████████████████▌| 18.3M/18.5M [01:07<00:01, 138kB/s]
 99%|█████████████████████████████████████▌| 18.3M/18.5M [01:07<00:01, 152kB/s]
 99%|█████████████████████████████████████▋| 18.4M/18.5M [01:07<00:01, 150kB/s]
 99%|█████████████████████████████████████▋| 18.4M/18.5M [01:07<00:00, 159kB/s]
 99%|█████████████████████████████████████▊| 18.4M/18.5M [01:07<00:00, 153kB/s]
100%|█████████████████████████████████████▊| 18.5M/18.5M [01:07<00:00, 163kB/s]
100%|█████████████████████████████████████▉| 18.5M/18.5M [01:08<00:00, 169kB/s]
100%|█████████████████████████████████████▉| 18.5M/18.5M [01:08<00:00, 174kB/s]
  0%|                                              | 0.00/18.5M [00:00<?, ?B/s]
100%|██████████████████████████████████████| 18.5M/18.5M [00:00<00:00, 140GB/s]
SHA256 hash of downloaded file: fb8045eae01d52bff6c0d9eff3233992e579fd12d4253ea3bbb5a1e64ea19081
Use this value as the 'known_hash' argument of 'pooch.retrieve' to ensure that the file hasn't changed if it is downloaded again in the future.
Downloading data from 'https://lampx.tugraz.at/~bci/database/009-2014/A07S.mat' to file '/Users/lunawang/mne_data/MNE-bnci-data/~bci/database/009-2014/A07S.mat'.

  0%|                                              | 0.00/18.5M [00:00<?, ?B/s]
  0%|                                     | 8.19k/18.5M [00:00<06:21, 48.5kB/s]
  0%|                                     | 32.8k/18.5M [00:00<04:42, 65.6kB/s]
  0%|▏                                     | 64.5k/18.5M [00:00<02:52, 107kB/s]
  0%|▏                                    | 80.9k/18.5M [00:01<03:58, 77.5kB/s]
  1%|▏                                      | 113k/18.5M [00:01<02:54, 106kB/s]
  1%|▎                                      | 128k/18.5M [00:01<03:00, 102kB/s]
  1%|▎                                     | 144k/18.5M [00:01<03:05, 99.1kB/s]
  1%|▎                                     | 161k/18.5M [00:01<03:09, 96.7kB/s]
  1%|▎                                     | 176k/18.5M [00:01<03:13, 94.7kB/s]
  1%|▍                                     | 193k/18.5M [00:02<03:13, 94.7kB/s]
  1%|▍                                     | 209k/18.5M [00:02<03:13, 94.9kB/s]
  1%|▍                                     | 224k/18.5M [00:02<03:16, 93.1kB/s]
  1%|▌                                      | 241k/18.5M [00:02<02:54, 105kB/s]
  1%|▌                                      | 252k/18.5M [00:02<02:54, 105kB/s]
  1%|▌                                      | 264k/18.5M [00:02<02:56, 103kB/s]
  2%|▌                                     | 281k/18.5M [00:02<03:03, 99.7kB/s]
  2%|▌                                      | 296k/18.5M [00:03<02:48, 108kB/s]
  2%|▋                                      | 312k/18.5M [00:03<02:29, 122kB/s]
  2%|▋                                      | 329k/18.5M [00:03<02:45, 110kB/s]
  2%|▋                                      | 344k/18.5M [00:03<02:40, 114kB/s]
  2%|▊                                      | 360k/18.5M [00:03<02:27, 123kB/s]
  2%|▊                                      | 377k/18.5M [00:03<02:20, 129kB/s]
  2%|▊                                      | 392k/18.5M [00:03<02:20, 129kB/s]
  2%|▊                                      | 409k/18.5M [00:03<02:14, 135kB/s]
  2%|▉                                      | 424k/18.5M [00:04<02:20, 129kB/s]
  2%|▉                                      | 440k/18.5M [00:04<02:12, 137kB/s]
  2%|▉                                      | 457k/18.5M [00:04<02:08, 141kB/s]
  3%|▉                                      | 472k/18.5M [00:04<02:17, 132kB/s]
  3%|█                                      | 492k/18.5M [00:04<02:01, 148kB/s]
  3%|█                                      | 507k/18.5M [00:04<02:03, 147kB/s]
  3%|█                                      | 522k/18.5M [00:04<02:13, 135kB/s]
  3%|█▏                                     | 552k/18.5M [00:04<02:00, 150kB/s]
  3%|█▏                                     | 577k/18.5M [00:05<02:01, 147kB/s]
  3%|█▎                                     | 608k/18.5M [00:05<01:52, 160kB/s]
  3%|█▎                                     | 625k/18.5M [00:05<01:52, 160kB/s]
  3%|█▎                                     | 648k/18.5M [00:05<01:59, 150kB/s]
  4%|█▍                                     | 680k/18.5M [00:05<01:50, 162kB/s]
  4%|█▍                                     | 713k/18.5M [00:06<02:51, 104kB/s]
  4%|█▌                                     | 736k/18.5M [00:06<02:40, 111kB/s]
  4%|█▌                                     | 761k/18.5M [00:06<02:29, 119kB/s]
  4%|█▋                                     | 783k/18.5M [00:24<02:29, 119kB/s]Error executing job with overrides: ['fold=0']
Traceback (most recent call last):
  File "/Users/lunawang/miniconda3/envs/als-decode/lib/python3.11/site-packages/urllib3/response.py", line 905, in _error_catcher
    yield
  File "/Users/lunawang/miniconda3/envs/als-decode/lib/python3.11/site-packages/urllib3/response.py", line 1022, in _raw_read
    data = self._fp_read(amt, read1=read1) if not fp_closed else b""
           ^^^^^^^^^^^^^^^^^^^^^^^^^^^^^^^
  File "/Users/lunawang/miniconda3/envs/als-decode/lib/python3.11/site-packages/urllib3/response.py", line 1005, in _fp_read
    return self._fp.read(amt) if amt is not None else self._fp.read()
           ^^^^^^^^^^^^^^^^^^
  File "/Users/lunawang/miniconda3/envs/als-decode/lib/python3.11/http/client.py", line 478, in read
    s = self.fp.read(amt)
        ^^^^^^^^^^^^^^^^^
  File "/Users/lunawang/miniconda3/envs/als-decode/lib/python3.11/socket.py", line 718, in readinto
    return self._sock.recv_into(b)
           ^^^^^^^^^^^^^^^^^^^^^^^
  File "/Users/lunawang/miniconda3/envs/als-decode/lib/python3.11/ssl.py", line 1314, in recv_into
    return self.read(nbytes, buffer)
           ^^^^^^^^^^^^^^^^^^^^^^^^^
  File "/Users/lunawang/miniconda3/envs/als-decode/lib/python3.11/ssl.py", line 1166, in read
    return self._sslobj.read(len, buffer)
           ^^^^^^^^^^^^^^^^^^^^^^^^^^^^^^
TimeoutError: The read operation timed out

The above exception was the direct cause of the following exception:

Traceback (most recent call last):
  File "/Users/lunawang/miniconda3/envs/als-decode/lib/python3.11/site-packages/requests/models.py", line 937, in generate
    yield from self.raw.stream(chunk_size, decode_content=True)
  File "/Users/lunawang/miniconda3/envs/als-decode/lib/python3.11/site-packages/urllib3/response.py", line 1267, in stream
    data = self.read(amt=amt, decode_content=decode_content)
           ^^^^^^^^^^^^^^^^^^^^^^^^^^^^^^^^^^^^^^^^^^^^^^^^^
  File "/Users/lunawang/miniconda3/envs/als-decode/lib/python3.11/site-packages/urllib3/response.py", line 1110, in read
    data = self._raw_read(amt)
           ^^^^^^^^^^^^^^^^^^^
  File "/Users/lunawang/miniconda3/envs/als-decode/lib/python3.11/site-packages/urllib3/response.py", line 1021, in _raw_read
    with self._error_catcher():
  File "/Users/lunawang/miniconda3/envs/als-decode/lib/python3.11/contextlib.py", line 158, in __exit__
    self.gen.throw(typ, value, traceback)
  File "/Users/lunawang/miniconda3/envs/als-decode/lib/python3.11/site-packages/urllib3/response.py", line 910, in _error_catcher
    raise ReadTimeoutError(self._pool, None, "Read timed out.") from e  # type: ignore[arg-type]
    ^^^^^^^^^^^^^^^^^^^^^^^^^^^^^^^^^^^^^^^^^^^^^^^^^^^^^^^^^^^^^^^^^^
urllib3.exceptions.ReadTimeoutError: HTTPSConnectionPool(host='lampx.tugraz.at', port=443): Read timed out.

During handling of the above exception, another exception occurred:

Traceback (most recent call last):
  File "/Users/lunawang/Documents/GitHub/als-decode-2026/src/train.py", line 75, in main
    dm.setup()
  File "/Users/lunawang/Documents/GitHub/als-decode-2026/src/training/datamodule.py", line 63, in setup
    X_tr, y_tr, _ = self.wrapper.load_epochs(self.train_subjects)
                    ^^^^^^^^^^^^^^^^^^^^^^^^^^^^^^^^^^^^^^^^^^^^^
  File "/Users/lunawang/Documents/GitHub/als-decode-2026/src/datasets/wrapper.py", line 236, in load_epochs
    X, y_str, meta_df = paradigm.get_data(
                        ^^^^^^^^^^^^^^^^^^
  File "/Users/lunawang/miniconda3/envs/als-decode/lib/python3.11/site-packages/moabb/paradigms/base.py", line 503, in get_data
    data = [
           ^
  File "/Users/lunawang/miniconda3/envs/als-decode/lib/python3.11/site-packages/moabb/paradigms/base.py", line 504, in <listcomp>
    dataset.get_data(
  File "/Users/lunawang/miniconda3/envs/als-decode/lib/python3.11/site-packages/moabb/datasets/base.py", line 882, in get_data
    subject_data = self._get_single_subject_data_using_cache(
                   ^^^^^^^^^^^^^^^^^^^^^^^^^^^^^^^^^^^^^^^^^^
  File "/Users/lunawang/miniconda3/envs/als-decode/lib/python3.11/site-packages/moabb/datasets/base.py", line 1103, in _get_single_subject_data_using_cache
    sessions_data = self._get_single_subject_data(subject)
                    ^^^^^^^^^^^^^^^^^^^^^^^^^^^^^^^^^^^^^^
  File "/Users/lunawang/miniconda3/envs/als-decode/lib/python3.11/site-packages/moabb/datasets/bnci/base.py", line 667, in _get_single_subject_data
    sessions = load_data(subject=subject, dataset=self.code, verbose=False)
               ^^^^^^^^^^^^^^^^^^^^^^^^^^^^^^^^^^^^^^^^^^^^^^^^^^^^^^^^^^^^
  File "<decorator-gen-489>", line 10, in load_data
  File "/Users/lunawang/miniconda3/envs/als-decode/lib/python3.11/site-packages/moabb/datasets/bnci/base.py", line 143, in load_data
    return dataset_list[dataset](
           ^^^^^^^^^^^^^^^^^^^^^^
  File "<decorator-gen-501>", line 10, in _load_data_009_2014
  File "/Users/lunawang/miniconda3/envs/als-decode/lib/python3.11/site-packages/moabb/datasets/bnci/bnci_2014.py", line 195, in _load_data_009_2014
    filename = data_path(url, path, force_update, update_path)[0]
               ^^^^^^^^^^^^^^^^^^^^^^^^^^^^^^^^^^^^^^^^^^^^^^^
  File "/Users/lunawang/miniconda3/envs/als-decode/lib/python3.11/site-packages/moabb/datasets/bnci/base.py", line 26, in data_path
    return [dl.data_dl(url, "BNCI", path, force_update, verbose)]
            ^^^^^^^^^^^^^^^^^^^^^^^^^^^^^^^^^^^^^^^^^^^^^^^^^^^^
  File "<decorator-gen-488>", line 12, in data_dl
  File "/Users/lunawang/miniconda3/envs/als-decode/lib/python3.11/site-packages/moabb/datasets/download.py", line 203, in data_dl
    dlpath = retrieve(
             ^^^^^^^^^
  File "/Users/lunawang/miniconda3/envs/als-decode/lib/python3.11/site-packages/pooch/core.py", line 242, in retrieve
    stream_download(url, full_path, known_hash, downloader, pooch=None)
  File "/Users/lunawang/miniconda3/envs/als-decode/lib/python3.11/site-packages/pooch/core.py", line 823, in stream_download
    downloader(url, tmp, pooch)
  File "/Users/lunawang/miniconda3/envs/als-decode/lib/python3.11/site-packages/pooch/downloaders.py", line 250, in __call__
    for chunk in content:
  File "/Users/lunawang/miniconda3/envs/als-decode/lib/python3.11/site-packages/requests/models.py", line 943, in generate
    raise ConnectionError(e)
requests.exceptions.ConnectionError: HTTPSConnectionPool(host='lampx.tugraz.at', port=443): Read timed out.

Set the environment variable HYDRA_FULL_ERROR=1 for a complete stack trace.

  4%|█▌                                    | 783k/18.5M [00:37<13:58, 21.2kB/s]
ERROR conda.cli.main_run:execute(148): `conda run caffeinate -i python -m src.train --config-name config_stage2 fold=0` failed. (See above for error)
[2026-07-14 12:16:19,460][__main__][INFO] - Config:
stage:
  stage: 2
  task: p300_target_detection
  positive_class: target
  negative_class: non_target
  self_paced: false
dataset:
  moabb_name: BNCI2014_009
  paradigm: p300
  sfreq_target: 128.0
  exclude_subjects: []
  channel_config: default
  channels:
    default:
    - Fz
    - Cz
    - Pz
    - Oz
    - P3
    - P4
    - PO7
    - PO8
  epoch_window:
  - 0.0
  - 0.8
  band:
  - 1.0
  - 24.0
preprocessing:
  bandpass:
    low: 1.0
    high: 24.0
    method: fir
    phase: zero
    fir_window: hamming
  keep_sfreq: 128.0
  window_len_s: 0.8
  window_stride_s: 0.8
  robust_scale: true
  amplitude_reject_uv: 100.0
  euclidean_alignment: false
model:
  name: eegnet
  F1: 8
  D: 2
  F2: 16
  kernel_length: 64
  pool_mode: mean
  pool_size_1: 4
  pool_size_2: 8
  dropout: 0.25
  max_norm_spatial: 1.0
  max_norm_dense: 0.25
  activation: elu
  stage: stage1
  insert_adapters: false
  adapter_reduction: 8
training:
  optimizer: adamw
  lr: 0.0005
  weight_decay: 0.01
  scheduler: cosine
  warmup_epochs: 10
  batch_size: 64
  max_epochs: 200
  early_stop:
    monitor: val/roc_auc
    patience: 20
    mode: max
    min_delta: 0.001
  loss: weighted_bce
  focal_gamma: 2.0
  mixed_precision: true
evaluation:
  protocol: loso
  held_out_n_subjects: 2
  n_splits: 4
  max_subjects: null
seed: 42
output_dir: results/stage2/
fold: 0

[2026-07-14 12:16:21,336][__main__][INFO] - Dataset: 10 total subjects | 8 dev | 2 held-out test
[2026-07-14 12:16:21,336][__main__][INFO] - Fold 0/3 — train 6 subj, val 2 subj, test 2 subj
[2026-07-14 12:16:21,337][src.training.datamodule][INFO] - Loading train epochs (6 subjects)…
